Date,Open,High,Low,Close,Volume
2016-08-17,11.108211258185314,11.235891777540061,10.980530738830566,10.980530738830566,271519
2016-08-18,11.235890171837733,11.235890171837733,10.852848668513314,10.916688919067383,1767366
2016-08-19,10.903921571912896,11.108210563659668,10.891153347223671,11.108210563659668,4735900
2016-08-22,10.980530651751389,11.644469694234955,10.878385716421436,11.146515846252441,2245909
2016-08-23,11.172049827640572,11.721076498459807,11.108209577621606,11.491251945495605,1483020
2016-08-24,12.76805830144996,12.76805830144996,11.516788747575758,11.644469261169434,2525979
2016-08-25,11.810454586157693,11.810454586157693,11.516789727021614,11.595952033996582,371646
2016-08-26,11.733846582098387,11.733846582098387,11.616380460044974,11.682774543762207,223415
2016-08-29,11.69554156731091,12.001974610833363,11.69554156731091,11.823221206665039,1390019
2016-08-30,11.810454732467322,11.938135258501319,11.376341117503808,11.529557228088379,4805026
2016-08-31,11.427412310009332,11.516789018733357,11.235891535109548,11.409537315368652,9033877
2016-09-01,12.142422879322478,12.142422879322478,11.108210563659668,11.108210563659668,9048130
2016-09-02,11.212908011094466,11.212908011094466,10.90392115079778,10.975422859191895,8127033
2016-09-06,11.044369921739811,11.810452963179216,10.730276291274572,11.60616397857666,56316264
2016-09-07,11.509128506622595,12.609734948787317,11.49636028132633,12.257336616516113,147907159
2016-09-08,12.37224919726724,12.995330622864575,12.362033922583686,12.847220420837402,41159318
2016-09-09,12.72464858106254,12.811471480908741,12.290534081831533,12.533127784729004,26618101
2016-09-12,12.272657626152036,12.691450030073527,12.183281785811435,12.614842414855957,13989272
2016-09-13,12.290532014834312,12.676127361533004,12.259888796705711,12.385015487670898,18045663
2016-09-14,12.356926518107862,12.415659133834147,12.25733541189693,12.346712112426758,17208658
2016-09-15,12.287978268648523,12.520357509660514,12.262441821314395,12.48460578918457,17208302
2016-09-16,12.418215983367988,12.510145656937114,12.287981628324728,12.377357482910156,17786615
2016-09-19,12.318621205197541,12.48460550582141,12.298192394897994,12.451409339904785,16264400
2016-09-20,12.433535889139716,12.497376146179722,12.30074773797156,12.44374942779541,12000986
2016-09-21,12.354373462698097,12.512698073293542,12.32628406030747,12.364588737487793,14885427
2016-09-22,12.382463595716597,12.448857674552249,12.23435426155112,12.264997482299805,17054370
2016-09-23,12.224139613041054,12.377355713756366,12.21137138770803,12.259889602661133,7449305
2016-09-26,12.185834780521885,12.272657670358864,12.175621241699037,12.229247093200684,10128504
2016-09-27,12.201155698091723,12.252227726293476,12.167958662820526,12.20370864868164,9831330
2016-09-28,12.226691174879315,12.28542465763464,12.137315343222388,12.221585273742676,8013722
2016-09-29,12.157744007481346,12.239460118686074,12.13220756002483,12.147529602050781,5912124
2016-09-30,12.201155905388225,12.282871151899366,12.144976239531694,12.206263542175293,6165827
2016-10-03,12.162851597586961,12.270104163490206,12.152638059226959,12.239460945129395,5345926
2016-10-04,12.213923818757054,12.257335259301358,12.16029797265881,12.221585273742676,5993010
2016-10-05,12.190944316788205,12.476948613430375,12.12965786774212,12.377357482910156,6621209
2016-10-06,12.377354862292894,12.402891311202234,12.24967435326671,12.356926918029785,5139258
2016-10-07,12.356926493601195,12.377354437162657,12.242013345216394,12.2752103805542,3515134
2016-10-10,12.27521159241353,12.359480664374955,12.091351404606645,12.134763717651367,5420398
2016-10-11,12.042834039857999,12.188389562108341,11.991761135146659,12.037726402282715,6247425
2016-10-12,11.991761809485826,12.116889391752526,11.940690637423327,12.03006649017334,5851549
2016-10-13,11.976438024954705,12.116886754721834,11.91004395375421,12.035171508789062,4783291
2016-10-14,12.060707127806795,12.157744416542194,11.999420693161357,12.063260078430176,5453179
2016-10-17,12.068368323642929,12.170513254295361,12.009635704420013,12.10156536102295,4813222
2016-10-18,12.142421225040938,12.206262339789358,12.001973375874883,12.175619125366211,5366949
2016-10-19,12.142423404174865,12.267550102465226,12.134763683894626,12.183281898498535,4452266
2016-10-20,12.119440570568093,12.216477858973127,12.111779983203554,12.180727005004883,3849010
2016-10-21,12.119440611828853,12.160298234925813,12.022402455333216,12.063260078430176,3461329
2016-10-24,12.155191045120667,12.282871555873761,12.12199400819363,12.242013931274414,3621319
2016-10-25,12.188388067110473,12.242013916271464,11.958563495140666,11.999421119689941,5398662
2016-10-26,11.96367132112982,12.091351843004988,11.910045467231836,11.930474281311035,5900722
2016-10-27,12.619947866819844,12.704216928970348,12.267548708357422,12.341604232788086,25078425
2016-10-28,12.285425234496666,12.556108296026348,12.25478201639599,12.479499816894531,13622259
2016-10-31,12.512695282221438,12.637822825120555,12.466730026962164,12.535677909851074,12164182
2016-11-01,12.545896519427552,12.635272374012981,12.321178671831467,12.377357482910156,7967400
2016-11-02,12.318621692885122,12.538232713939818,12.305853469002372,12.512696266174316,6557427
2016-11-03,12.50248436326876,12.622505179465591,12.37991233133624,12.45396614074707,4763693
2016-11-04,12.415658950805664,12.568875901523759,12.38501486645387,12.415658950805664,6307644
2016-11-07,12.484608394748651,12.768059721825582,12.484608394748651,12.645486831665039,4566646
2016-11-08,12.645485567086544,12.752736401371488,12.63527029283433,12.6863431930542,3322719
2016-11-09,12.413105069862487,12.737413962400998,12.374801266256304,12.607179641723633,5840503
2016-11-10,12.604626653581732,12.780826244399574,12.407998250460412,12.57909107208252,5971274
2016-11-11,12.563768905511097,12.62760916027218,12.469285432595926,12.55100154876709,3162017
2016-11-14,12.548448999653916,12.653147764211738,12.35182143273789,12.51014518737793,3504801
2016-11-15,12.520358109656426,12.852326734347335,12.466731394132836,12.78848648071289,6991429
2016-11-16,12.734862506605573,12.980009151340205,12.696558695893438,12.934043884277344,4996372
2016-11-17,12.913615157916224,13.317085526476326,12.895740163030753,13.22770881652832,5726123
2016-11-18,13.222600280842167,13.36560283349041,13.202172336475575,13.276226997375488,4201058
2016-11-21,13.253246005023612,13.46008797031577,13.253246005023612,13.391140937805176,3149190
2016-11-22,13.431996909022189,13.495837163869318,13.163867665112194,13.301762580871582,2856648
2016-11-23,13.227708084750734,13.365603002228024,13.12045638585059,13.161314010620117,2990982
2016-11-25,13.128116812184427,13.386031650072127,13.112795636964318,13.327298164367676,905062
2016-11-28,13.278781420900792,13.380926360624837,13.227709384918949,13.314532279968262,2637865
2016-11-29,13.283888047289285,13.656715183219912,13.283888047289285,13.603089332580566,4771176
2016-11-30,13.674590146307153,13.7128939509199,13.580106676203501,13.677143096923828,5082603
2016-12-01,13.674588384385308,13.700123961583559,13.089810910471497,13.24813461303711,8015860
2016-12-02,13.19961949934203,13.531589022723997,13.028526666479308,13.47030258178711,4767969
2016-12-05,13.488177783891132,13.643947707270907,13.414123116348572,13.549464225769043,6389955
2016-12-06,13.488177129771678,13.661822907765016,13.46008686111964,13.628625869750977,5912124
2016-12-07,13.590318904285711,13.830358717854052,13.500943079550389,13.763964653015137,9804606
2016-12-08,13.730769765338277,14.01932869742333,13.610750707567314,13.769074440002441,8274908
2016-12-09,13.748644241721617,13.917183241927875,13.682251036772765,13.781841278076172,5978401
2016-12-12,13.789500231042306,13.848233709249087,13.55456805373549,13.763964653015137,5849055
2016-12-13,13.751198836982205,13.917183149897108,13.710340345597379,13.730769157409668,4376369
2016-12-14,13.702679466411537,13.906968460883025,13.66948329664118,13.843128204345703,6546737
2016-12-15,13.917181928800726,14.555584411321789,13.883984027818235,14.494297981262207,12845829
2016-12-16,14.463655467639777,14.51472836599052,14.24149235151128,14.41258430480957,21293198
2016-12-19,14.33852920675047,14.48153263222283,14.256813955349458,14.399816513061523,4347863
2016-12-20,14.450890305981167,14.6168755153146,14.4279076717842,14.568355560302734,5251500
2016-12-21,14.501961100015645,14.721573015472206,14.417692027030917,14.629642486572266,3799124
2016-12-22,14.568352983430941,14.568352983430941,14.164882650202872,14.259366989135742,5606755
2016-12-23,14.187864857286977,14.351296213981772,14.17254368282947,14.323205947875977,2123334
2016-12-27,14.323205633521297,14.41258319877619,14.277242111157552,14.312992095947266,3583905
2016-12-28,14.310441640894645,14.353853090707686,14.062741168625005,14.131689071655273,4705612
2016-12-29,14.062738389215337,14.192972712914488,13.95293287694818,14.11125659942627,2970315
2016-12-30,14.095937366448995,14.121473818136755,13.981025069374779,14.03720474243164,2866981
2017-01-03,14.065290998909068,14.111255386801076,13.825251183570149,13.935056686401367,5804515
2017-01-04,13.97336475694198,14.152117319005548,13.97336475694198,14.044865608215332,7486007
2017-01-05,13.993790705413153,14.190419103035332,13.993790705413153,14.113811492919922,2956062
2017-01-06,14.182756731884876,14.545370286113227,14.136793210096277,14.501958847045898,4745520
2017-01-09,14.407476149759509,14.463654947508637,14.21084775435685,14.4253511428833,5008487
2017-01-10,14.402369735703946,14.726677777103557,14.384493874379375,14.553032875061035,5933148
2017-01-11,14.614318507591983,14.72157194049061,14.56324560959459,14.703694343566895,3199788
2017-01-12,14.606657696247796,14.749659378721221,14.499406868272851,14.719017028808594,3034453
2017-01-13,14.685818650074689,14.879893212019928,14.68326569965554,14.85435676574707,5908561
2017-01-17,14.833928449982169,15.06120005254895,14.724123809975469,14.795623779296875,4932234
2017-01-18,14.762430377442739,14.964167318043849,14.719019795067863,14.956506729125977,2487496
2017-01-19,14.90543128797133,15.165898208975555,14.833929577693791,15.017788887023926,4574485
2017-01-20,15.012681013681357,15.18632676188914,15.005020427072234,15.13270092010498,3960183
2017-01-23,15.076522784880389,15.127595684406195,14.719017694761478,14.882448196411133,3911010
2017-01-24,14.96416499311995,15.30124126626098,14.907984457249407,15.26293659210205,7179925
2017-01-25,15.32167013460838,15.405938335440808,15.204203160967312,15.336991310119629,5854400
2017-01-26,15.382956829155928,15.382956829155928,15.193989876291848,15.222079277038574,5667330
2017-01-27,15.697050482886386,16.08775259212331,15.628101724681844,15.972840309143066,10710024
2017-01-30,15.857930748170322,15.975396001960801,15.748126083157395,15.944753646850586,5309581
2017-01-31,15.85793133619695,16.087755950128845,15.806858428425038,16.085201263427734,4879854
2017-02-01,16.041787171258306,16.16436177599476,15.883464315734455,16.11328887939453,5165626
2017-02-02,16.034127659754535,16.368650989683243,15.970288270241133,16.332901000976562,3918137
2017-02-03,16.228205215272393,16.506548058924597,16.228205215272393,16.4324951171875,2343542
2017-02-06,16.350771336950682,16.57804291255011,16.343110750826682,16.50398826599121,5024522
2017-02-07,16.562719345092773,16.634219295590285,16.45802063365864,16.562719345092773,3279248
2017-02-08,16.53208073865152,16.62401126029785,16.47079430272747,16.5576171875,4484691
2017-02-09,16.567832152931942,16.797656717250383,16.498883395220023,16.598474502563477,3731423
2017-02-10,16.64699481918216,16.71849653656894,16.5039931199293,16.529529571533203,3691158
2017-02-13,16.562721926542167,16.756796474106423,16.542293118141732,16.55506134033203,4565221
2017-02-14,16.53463848843665,16.672532560935064,16.4886732190969,16.5601749420166,3974436
2017-02-15,16.54229508578906,16.677636174480323,16.51675863837099,16.629117965698242,2360289
2017-02-16,16.649546776528613,16.79765608892891,16.521866274958686,16.629117965698242,4624370
2017-02-17,16.601029928289165,16.667424002809327,16.48867059175347,16.493778228759766,4980694
2017-02-21,16.483563254068347,16.67253020704764,16.483563254068347,16.624011993408203,3629514
2017-02-22,16.560172063843066,16.66742376182176,16.509099165559675,16.53974151611328,3822285
2017-02-23,16.57038778372938,16.598477187275087,16.317579680776497,16.373760223388672,3651963
2017-02-24,16.266503936571763,16.424826773630997,16.21543104592798,16.40439796447754,3058683
2017-02-27,16.338007530073114,16.389078691116175,16.279274046129142,16.353328704833984,6360736
2017-02-28,16.25118193960024,16.332897172070854,16.16435907122017,16.21287727355957,4299403
2017-03-01,16.21287650626801,16.468237463413544,16.207768870600276,16.36353874206543,4997441
2017-03-02,16.292043145370325,16.468241871145988,16.18989734675666,16.207773208618164,2517784
2017-03-03,16.128609682670856,16.200111389160156,16.023912676780572,16.200111389160156,3103580
2017-03-06,16.12095027772009,16.17202317688946,15.949857453919142,16.01369857788086,4740888
2017-03-07,16.01370009946979,16.20522175403237,16.006039510970602,16.100522994995117,3097523
2017-03-08,16.1235028413782,16.332900334528976,16.10307402930502,16.22054100036621,4431955
2017-03-09,16.16947082610762,16.20266786825852,16.00859325311191,16.120952606201172,3310961
2017-03-10,16.18989452468258,16.299700891947715,16.06476872002453,16.210323333740234,2885154
2017-03-13,16.164367663093447,16.302261757302638,16.120955338068292,16.215438842773438,5339512
2017-03-14,16.217983173948845,16.253734889794877,16.04689212290352,16.21287727355957,3095029
2017-03-15,16.230749994279414,16.37119868877924,16.1618029897766,16.27416229248047,3156316
2017-03-16,16.292041786031536,16.40184642775491,16.179682458243633,16.34311294555664,4127299
2017-03-17,16.427385886548265,16.534637597387626,16.338010039355712,16.39163589477539,3320225
2017-03-20,16.358433930908337,16.41461446191357,16.256289877517556,16.36098861694336,2417657
2017-03-21,16.406955808755747,16.44270753707872,15.893680740972504,15.944753646850586,4250943
2017-03-22,15.949862943181712,16.138831693831037,15.919220581550746,16.082651138305664,2596888
2017-03-23,16.08009350528005,16.253739289039245,15.967734162461635,16.108182907104492,2846671
2017-03-24,16.20011539739599,16.36865356426583,16.064774273661182,16.182239532470703,2713049
2017-03-27,16.029022543810612,16.258848894561183,15.916664922911295,16.182239532470703,2968534
2017-03-28,16.141382065569633,16.37120668315347,16.141382065569633,16.233312606811523,5148166
2017-03-29,16.205217869628413,16.345666586503103,16.1566996637496,16.317575454711914,4949338
2017-03-30,16.317577414815982,16.669976592284282,16.26650625242151,16.340560913085938,9212396
2017-03-31,16.332896399099226,16.445253970668784,16.274162927720525,16.36353874206543,6281632
2017-04-03,16.340557470832586,16.578042577964247,16.225643474731296,16.304805755615234,6089574
2017-04-04,16.27672260145251,16.49633367068198,16.26395437476887,16.389081954956055,5680158
2017-04-05,16.455472517968968,16.58060007137838,16.30225556607511,16.348220825195312,7759307
2017-04-06,16.373757208759915,16.46824067721112,16.304808452590308,16.39418601989746,6751980
2017-04-07,16.424832154544312,16.588264416834043,16.394189798535567,16.56528091430664,5746434
2017-04-10,16.567832271424045,16.66486869331188,16.50909878684957,16.57549285888672,7153200
2017-04-11,16.58060430523962,16.649551343765342,16.429940265455723,16.626567840576172,5299604
2017-04-12,16.49888179080248,16.578044078853356,16.271610199213974,16.317575454711914,4598359
2017-04-13,16.29970347868229,16.46313397707968,16.26905939247251,16.32268524169922,3780952
2017-04-17,16.33290278270933,16.429939220721852,16.33290278270933,16.40695571899414,2295082
2017-04-18,16.348219784263843,16.50909731318086,16.2818257181533,16.442703247070312,2970672
2017-04-19,16.521865159106273,16.521865159106273,16.447810507907622,16.47845458984375,2495336
2017-04-20,16.486116040471718,16.60613421758417,16.37630966533934,16.572938919067383,3361915
2017-04-21,16.606133045348848,16.606133045348848,16.39929026872148,16.450363159179688,5961653
2017-04-24,16.598474973071433,16.91512242952253,16.57804616089783,16.89980125427246,8070021
2017-04-25,17.019822032125514,17.096429647747122,16.920230916952992,16.943214416503906,7657755
2017-04-26,16.943212995377355,17.24709221706645,16.943212995377355,17.12451934814453,5431444
2017-04-27,17.236877803610824,17.25986130238076,17.124520202586464,17.219003677368164,3114270
2017-04-28,17.226661053657143,17.30071570212699,17.014710644836423,17.137285232543945,3107144
2017-05-01,17.221557980272312,17.290505010954416,17.119413909720915,17.2547550201416,6160839
2017-05-02,17.254754359160735,17.31348784829813,17.030037412555934,17.091323852539062,4057459
2017-05-03,17.06578543889972,17.06578543889972,16.853835006425125,16.897247314453125,3095741
2017-05-04,16.899800874904255,16.989178444737874,16.823191529332583,16.9355525970459,3128167
2017-05-05,16.940659384986443,17.20623392397413,16.922781789290948,17.183250427246094,5035924
2017-05-08,17.208790307409092,17.362007285919194,17.124522097317026,17.270076751708984,7401202
2017-05-09,17.26240949130904,17.42839463183626,17.121962528770712,17.170480728149414,4447990
2017-05-10,17.1475020484238,17.216450809545123,16.99939272315965,17.104089736938477,3982987
2017-05-11,16.97896274851849,17.012159783669183,16.828298747289814,16.879371643066406,4992096
2017-05-12,16.87937628596388,16.95087801261452,16.585710525512695,16.585710525512695,21295692
2017-05-15,16.606134472954242,16.99683830040319,16.562723900749035,16.920228958129883,5009200
2017-05-16,16.958530799970276,17.09897950185233,16.95087021412509,16.991727828979492,4190368
2017-05-17,16.789999869136224,16.889590998659575,16.56272820483134,16.570388793945312,4093804
2017-05-18,16.47845859530058,16.560173852965903,16.33290220788377,16.511653900146484,5006706
2017-05-19,16.549957397826734,16.76446080166242,16.544849760706693,16.578046798706055,2515646
2017-05-22,16.705729215205455,17.23688014813583,16.667426271246608,17.20623779296875,8428127
2017-05-23,17.328810684678654,17.359454775366526,17.10919961872448,17.20623779296875,5048039
2017-05-24,17.259860071326752,17.395201161467888,17.20367953930107,17.38243293762207,4219943
2017-05-25,17.436060059599473,17.64034992056277,17.410523610038993,17.533098220825195,6005125
2017-05-26,17.499904432748856,17.640353195888398,17.44372388618051,17.568851470947266,3119259
2017-05-30,17.568846180459385,17.706740215332324,17.507559749902487,17.55607795715332,8069309
2017-05-31,17.632682456722904,17.719505310058594,17.308372797710227,17.719505310058594,33497644
2017-06-01,17.74760222415945,17.803782767701996,17.548421709478177,17.691423416137695,8742048
2017-06-02,17.46925575427253,17.630133291514174,17.02237312787227,17.42839813232422,7983078
2017-06-05,17.400311200544397,17.415632377066572,16.9610890990628,17.009607315063477,9112269
2017-06-06,17.03514884202321,17.18836410832851,16.920234789012717,17.142398834228516,5250431
2017-06-07,17.14239828111519,17.331365274246103,17.109201236198604,17.321151733398438,5694767
2017-06-08,17.02492939855219,17.231772213617838,16.2665069003252,16.624011993408203,12860082
2017-06-09,16.598475648907925,16.64954854918172,15.796642569045325,15.975394248962402,13264510
2017-06-12,15.911552617494067,15.993267858003474,15.722583954415617,15.8936767578125,9134004
2017-06-13,15.926873919019112,16.133716707918637,15.81451459465684,16.041786193847656,6109528
2017-06-14,16.151592804509797,16.16691397857276,15.750675444205797,15.875802993774414,4065655
2017-06-15,15.771104694563547,15.811962316884344,15.518296637873227,15.794086456298828,7071602
2017-06-16,15.79408437568546,15.9141042762623,15.79408437568546,15.863031387329102,6409553
2017-06-19,15.960072244042236,16.131163327135035,15.908999346421423,16.003482818603516,2799636
2017-06-20,16.01880811390392,16.05455810624824,15.863036447179097,15.891127586364746,3163443
2017-06-21,16.018807545145883,16.228203325192073,16.006039319293233,16.169469833374023,3823711
2017-06-22,16.228201901556634,16.37120358883236,16.16946841489104,16.230754852294922,3034097
2017-06-23,16.195007491344864,16.429939740595,16.17202572441075,16.24608039855957,23029564
2017-06-26,16.289490132758026,16.432493571301837,16.164364293433128,16.202667236328125,3548985
2017-06-27,16.177129317960798,16.189897542942226,15.817071274254456,15.827284812927246,5902860
2017-06-28,15.908998846032711,16.06221579855547,15.814515376822424,16.011144638061523,5792756
2017-06-29,15.906444687939876,15.947302307441609,15.390615072330101,15.525956153869629,6447679
2017-06-30,15.531068843515436,15.68428583425915,15.523408254306384,15.605123519897461,2801061
2017-07-03,15.610226530767466,15.824729907122409,15.413599014282227,15.413599014282227,2397703
2017-07-05,15.393168022728837,15.577029046006958,15.303792197008839,15.525956153869629,3322363
2017-07-06,15.403382832323606,15.55404681828742,15.365078164372086,15.536170959472656,4698486
2017-07-07,15.564266044995387,15.766001259790219,15.54128427713509,15.707267761230469,1986862
2017-07-10,15.720032135206143,15.75833680777152,15.589798678212532,15.704710960388184,2479301
2017-07-11,15.691939168425968,15.829834916996584,15.60767099056622,15.70981502532959,3818010
2017-07-12,15.814515486579733,15.814515486579733,15.653637945642364,15.727692604064941,3663721
2017-07-13,15.727694460559974,15.763444450925824,15.602568626519163,15.653639793395996,2745475
2017-07-14,15.658746389055336,15.704711651051158,15.602567588571866,15.62810230255127,1488721
2017-07-17,15.653637116139157,16.090304456183897,15.571921874695525,16.064769744873047,4002585
2017-07-18,16.0085873710581,16.06476789472066,15.929426824726603,16.018802642822266,2908315
2017-07-19,16.04689723577144,16.263953608120104,16.011147244054918,16.248632431030273,6733095
2017-07-20,16.332902666314148,16.350776794729676,16.220543316110273,16.327795028686523,2800349
2017-07-21,16.33034768953703,16.35333119069252,16.18223834961335,16.248632431030273,2195667
2017-07-24,16.24096851565345,16.304807897464592,16.19245030779372,16.25884437561035,2049218
2017-07-25,16.27416777207583,16.391634749799795,16.164363117894375,16.269060134887695,2188541
2017-07-26,16.358434363043997,16.394186084315514,16.2690585309061,16.348220825195312,3224374
2017-07-27,16.394189697774536,16.394189697774536,16.090308677590173,16.22309684753418,2235576
2017-07-28,16.16691136612191,16.302252431355612,16.09796435845948,16.271608352661133,1592411
2017-07-31,16.343116563474705,16.481012369311728,16.31758011029887,16.412063598632812,2475381
2017-08-01,16.481006809224322,16.503988568016883,16.332897513396098,16.463130950927734,2052781
2017-08-02,16.468237953202756,16.468237953202756,16.197555816523643,16.304805755615234,2658888
2017-08-03,16.263949909929753,16.373756282160453,16.205218165933246,16.345666885375977,1309134
2017-08-04,16.396737990876833,16.481007916484938,16.358433321462208,16.442703247070312,1564261
2017-08-07,16.396740447054626,16.51931506043863,16.332901057320996,16.458026885986328,1465916
2017-08-08,16.399293397856557,16.54484977501972,16.32523873387401,16.458026885986328,1850746
2017-08-09,16.30481145452467,16.427386079438026,16.24097205878632,16.373760223388672,1875688
2017-08-10,16.317574699832782,16.34311114454142,16.115839563466892,16.131160736083984,1715699
2017-08-11,16.067324967540635,16.172023720146708,16.01880675301223,16.09796905517578,2807119
2017-08-14,16.572942642643714,17.402865208997735,16.572942642643714,17.298168182373047,10181240
2017-08-15,17.30327285701212,17.3441304843361,16.899802485547305,16.90746307373047,2929338
2017-08-16,16.91001941438894,17.257311016137816,16.89725118766104,17.165380477905273,2090908
2017-08-17,17.065782847115553,17.272625611552346,16.95087058587737,16.955976486206055,1649779
2017-08-18,16.917676799513487,17.106643742467202,16.83596155234653,17.060678482055664,1365789
2017-08-21,17.047912886592222,17.160272236533235,16.874267091825413,17.1270751953125,2904752
2017-08-22,17.374773193157033,17.612258350063144,17.32114734461173,17.545866012573242,3897113
2017-08-23,17.400311581352774,17.678656128881098,17.400311581352774,17.67099380493164,3052626
2017-08-24,17.67865395760893,17.903370887495157,17.67865395760893,17.8548526763916,3006304
2017-08-25,18.13575127790055,18.53922163805221,18.09233896538567,18.319610595703125,8583128
2017-08-28,18.30939638632296,18.682224416285866,18.255770531904773,18.590293884277344,3551479
2017-08-29,18.48303783861692,18.712862379191936,18.230231538192523,18.626039505004883,2672428
2017-08-30,18.664344970402798,18.973333547259674,18.638810259097937,18.95545768737793,3611698
2017-08-31,19.014196193382617,19.152090265851413,18.970783875201853,19.134214401245117,4385990
2017-09-01,19.14698004086989,19.169963540189688,19.011638937837656,19.090801239013672,4858475
2017-09-05,18.99120491792243,19.177618870092463,18.87373970928715,19.101011276245117,5303880
2017-09-06,19.15208687636751,19.18783686373233,19.065263990892493,19.070371627807617,7478880
2017-09-07,19.02440710890742,19.238910512506898,18.96822830721064,19.016746520996094,7320316
2017-09-08,18.993761856601534,19.21848052064486,18.94779659643265,18.963119506835938,4231701
2017-09-11,19.182729344825827,19.307856904653253,19.116337006602876,19.26955223083496,5352340
2017-09-12,19.27977082913261,19.476400133554794,19.22359028407448,19.47129249572754,4059953
2017-09-13,19.473838816162207,19.644929873192698,19.44319473515363,19.59385871887207,4696704
2017-09-14,19.591305634466256,19.83900778202555,19.555555649967577,19.754737854003906,5563996
2017-09-15,19.729203375790608,19.77006100087214,19.62195167607144,19.657703399658203,12313125
2017-09-18,19.619398359783933,19.77261358322476,19.558111923303493,19.6245059967041,3515847
2017-09-19,19.65770371032196,19.724096050488274,19.507039696872273,19.616846084594727,3352294
2017-09-20,19.60917903064041,19.701109534109516,19.542784970970516,19.619394302368164,5695123
2017-09-21,19.55555940047865,19.69345519945519,19.330842441857023,19.560667037963867,2662808
2017-09-22,19.570883636441994,19.665367126464844,19.519810729177387,19.665367126464844,3148477
2017-09-25,19.59130941620138,19.650042908552628,19.300198376472004,19.389575958251953,5187718
2017-09-26,19.53512961521789,19.555558428622785,19.389574970528262,19.438093185424805,8079642
2017-09-27,19.53768119137032,19.80070453179246,19.53768119137032,19.693452835083008,4617956
2017-09-28,19.688340710985415,19.74962713291992,19.552999645606697,19.701108932495117,3929539
2017-09-29,19.741969017626168,19.81602367033757,19.67812790208858,19.716432571411133,4027884
2017-10-02,19.724097675809453,20.027978678537213,19.721544724811352,19.902851104736328,5107902
2017-10-03,19.915617960925776,20.091816691214458,19.892636196961405,19.987119674682617,4300828
2017-10-04,19.989671150431608,20.030528773700386,19.846669468990886,19.974349975585938,4130149
2017-10-05,20.04585244787385,20.219498236176648,19.982013054377035,20.183748245239258,4806095
2017-10-06,20.084157125284356,20.1888541471441,20.004994819510916,20.183748245239258,4832820
2017-10-09,20.206730251489027,20.306321372632297,20.17353494662866,20.239927291870117,2616842
2017-10-10,20.311425245283168,20.380372264248514,20.140332437604233,20.193958282470703,3383651
2017-10-11,20.196519648294593,20.30121842214591,20.140339098816895,20.265466690063477,4204977
2017-10-12,20.296107667440225,20.546361075985885,20.285892392550668,20.502948760986328,4101287
2017-10-13,20.561677628474804,20.674036949386768,20.505498835778983,20.602535247802734,3269627
2017-10-16,20.62551727836752,20.809376552283883,20.605086734634398,20.70978546142578,4104850
2017-10-17,20.722563109864865,20.799172477151885,20.635740201585502,20.681705474853516,3295639
2017-10-18,20.7200023920712,20.86300406100997,20.709787119386835,20.77362823486328,7860859
2017-10-19,20.753203287504427,20.875776169407494,20.663825709202865,20.847686767578125,5617088
2017-10-20,20.939617641292056,21.067296427067998,20.893652375941958,21.000904083251953,4080620
2017-10-23,21.046867427740082,21.238387324445444,21.041759790829406,21.120922088623047,4089172
2017-10-24,21.1107102343214,21.258819580078125,21.07496024119692,21.258819580078125,3689020
2017-10-25,21.151566227773962,21.284354385557904,20.967706903125894,21.09283447265625,4773314
2017-10-26,21.131136357612213,21.246048646713056,21.09793931982569,21.18731689453125,2828142
2017-10-27,21.261370138195094,21.445229441374675,21.159224345352634,21.419692993164062,3460973
2017-10-30,21.401818305921143,21.419692430782906,21.171992013580244,21.233280181884766,2744762
2017-10-31,21.248597587083953,21.276688718001907,21.046864183176783,21.136240005493164,7310339
2017-11-01,21.276697480716937,21.276697480716937,20.949834667013345,21.041765213012695,3965171
2017-11-02,20.990682961300937,20.998345282992094,20.740429625795464,20.903860092163086,3752446
2017-11-03,20.857902762598417,20.901313342284915,20.54636117426661,20.651058197021484,3463467
2017-11-06,20.68425515503787,20.99834966674068,20.658718705456728,20.81704330444336,4700267
2017-11-07,20.878326162496244,21.113258353955004,20.870665575402644,21.06218719482422,3366904
2017-11-08,20.96259714142784,21.151564084268564,20.906418342914275,21.018775939941406,3046212
2017-11-09,20.794059500590063,20.98813408483113,20.597431965636552,20.908971786499023,4332897
2017-11-10,20.855345433235367,21.0928323224909,20.84257720894074,21.087724685668945,2737992
2017-11-13,20.911530481507818,21.04431691890032,20.7966164380491,20.89109992980957,3760998
2017-11-14,20.83746706614997,20.921736989255905,20.760859465115715,20.809377670288086,4054965
2017-11-15,20.663826253155783,20.717453842860806,20.347178765477125,20.49784278869629,5543329
2017-11-16,20.622967790021654,20.939617000403977,20.602538976660274,20.768524169921875,4502864
2017-11-17,20.73021538338984,20.911523452360807,20.65616073269929,20.809377670288086,3988332
2017-11-20,20.806829037436877,20.99835068304438,20.737880273126613,20.750648498535156,4439438
2017-11-21,20.750647965288803,21.164333598436972,20.681700938270975,20.998350143432617,6649358
2017-11-22,20.97025586098913,21.041757563608734,20.60253554619172,20.630626678466797,5280006
2017-11-24,20.63318122841463,20.78384349660801,20.405909615292707,20.671485900878906,2993120
2017-11-27,20.71489653322495,20.97791813341243,20.671485959392278,20.9166316986084,5748216
2017-11-28,20.977916164351843,21.164330137416936,20.934505594593837,21.08261489868164,8104585
2017-11-29,21.05453207175066,21.05453207175066,19.621955054418045,19.915620803833008,8493334
2017-11-30,20.05861458675829,20.137776868509413,19.56066087361182,19.979454040527344,30164591
2017-12-01,19.816025726765183,20.92173973135603,19.73941811569038,20.418678283691406,13801490
2017-12-04,20.47741112682265,20.492732301453046,19.06526325117533,19.12399673461914,8513645
2017-12-05,19.042282971047573,19.361483390129287,18.78436725525646,19.016746520996094,6129126
2017-12-06,18.896725795644024,19.274659686769514,18.832886408733607,19.167407989501953,7828790
2017-12-07,19.361482430371936,19.655148120365624,19.29509009325802,19.379358291625977,7163534
2017-12-08,19.619396642356094,19.83900765549392,19.39212504226887,19.726648330688477,10242171
2017-12-11,19.7802737121374,20.26035334792634,19.68834319985434,20.247583389282227,4331828
2017-12-12,20.183745597570265,20.42889133559004,20.012652782663544,20.23737144470215,7608938
2017-12-13,20.316533728835076,20.625520587326612,20.224603209368354,20.4774112701416,5821618
2017-12-14,20.63573251661026,20.725110078493255,20.35738976481324,20.367603302001953,3869676
2017-12-15,20.485077889421273,20.71234956887252,20.26802148648336,20.681705474853516,5660560
2017-12-18,20.80682548548175,21.646963119506836,20.727663195670917,21.646963119506836,7497765
2017-12-19,21.5729064517927,21.5729064517927,21.151560331142967,21.281795501708984,8377173
2017-12-20,21.42480391474563,21.48609035853522,21.118369960276958,21.28435516357422,5652364
2017-12-21,21.279244088765918,21.35585343276859,21.04175894050263,21.0775089263916,3014143
2017-12-22,21.03409952284811,21.194977071575085,20.885988463311026,20.960044860839844,3661940
2017-12-26,20.88854174626741,20.9115252434104,20.714895984495556,20.78129005432129,5351983
2017-12-27,20.74298791039416,20.89365192890258,20.656165018928455,20.750648498535156,4109839
2017-12-28,20.771077810695584,20.855346010749052,20.58211086273509,20.69191551208496,4981050
2017-12-29,20.776183282735982,20.814487955888904,20.617860424307498,20.755754470825195,3143132
2018-01-02,20.819594843470824,21.072401164828527,20.811934256220038,21.049419403076172,2371691
2018-01-03,21.085171459492717,21.457999469462365,21.057082058307742,21.27158546447754,5699043
2018-01-04,21.29967275537588,21.69292953956507,21.263922769729753,21.649518966674805,4941498
2018-01-05,21.705698196810218,21.874236326107287,21.654625300135752,21.807842254638672,2475025
2018-01-08,21.72868351869958,21.825721691174234,21.641862356962292,21.802738189697266,3702204
2018-01-09,21.83338071635205,21.83338071635205,21.509072652020297,21.521839141845703,2768992
2018-01-10,21.399264904032684,21.60866066249104,21.29456615704324,21.606107711791992,2417657
2018-01-11,21.835933584042607,22.175564558808386,21.78230946752236,22.173009872436523,3255018
2018-01-12,22.183228339984378,22.30069533542077,22.007029582350672,22.152585983276367,5480973
2018-01-16,22.27515588401996,22.405389353547807,21.945738445085905,21.98404312133789,2471818
2018-01-17,22.170456513387144,22.584142145948835,21.9840425101019,22.4998722076416,2734785
2018-01-18,22.48965773724259,22.604570022522545,22.3772984026611,22.571372985839844,3423559
2018-01-19,22.540728036436914,22.714373800814872,22.497317463102657,22.596908569335938,3065097
2018-01-22,22.614786997058832,22.839503947600683,22.405389487380372,22.709270477294922,4748371
2018-01-23,22.642874431380662,22.854823138011604,22.60712270889698,22.755233764648438,2962120
2018-01-24,22.72714457191317,22.951863257652786,22.41049709248067,22.566267013549805,2822441
2018-01-25,22.673516612088342,22.778215357047536,22.41304796053562,22.58414077758789,2761866
2018-01-26,23.34767054110089,23.59537096486347,19.542788351425116,21.128582000732422,127220424
2018-01-29,21.450332804152005,21.971269995978364,18.442178332869386,19.101011276245117,65799822
2018-01-30,18.74351426326798,18.77926599638705,17.70674697771438,17.895715713500977,21560797
2018-01-31,18.09744800844894,18.7358506364811,17.97232043385675,18.309396743774414,21323841
2018-02-01,18.189374431618244,18.485591309720434,17.829314701859634,17.939119338989258,16692701
2018-02-02,18.12042943795111,18.475381604945298,17.545867951142373,18.1051082611084,19484498
2018-02-05,17.91613441541753,18.245550004168777,17.221551524982626,17.25730323791504,11756191
2018-02-06,16.853836095369978,17.48202511068471,16.677637372362383,17.167930603027344,11118372
2018-02-07,17.137283505698427,17.612253693943643,17.050458908081055,17.050458908081055,7185626
2018-02-08,17.047910707467867,17.29561114167733,16.692958574642358,16.756799697875977,12260033
2018-02-09,16.994280870476743,17.34667996989119,16.588257669857633,17.185802459716797,9210614
2018-02-12,17.257308532720156,17.556080135699872,17.116859794445404,17.37221908569336,8159815
2018-02-13,17.23687608387092,17.55863115038372,17.13473203153044,17.441165924072266,6382472
2018-02-14,17.34157637993619,17.88804841068518,17.300718755329942,17.842084884643555,6240299
2018-02-15,17.977427066523994,18.000410566450476,17.464150306253842,17.627582550048828,4498944
2018-02-16,17.61992199592534,18.04382117922065,17.561188506080633,17.821657180786133,4259495
2018-02-20,17.681207766221743,17.90081880545272,17.57650901592589,17.829317092895508,5299960
2018-02-21,17.87528148819944,18.156177216677097,17.816548003431716,17.8548526763916,4621876
2018-02-22,17.956993604558885,18.181712230785045,17.824205483199812,18.018280029296875,5628134
2018-02-23,18.163835643865205,18.42175131472476,18.074459819775807,18.329822540283203,4686371
2018-02-26,18.41919955529624,18.613274124697085,18.294072005064525,18.485591888427734,2943947
2018-02-27,18.551990388154532,18.69243913293724,18.431970457039093,18.57497215270996,3983700
2018-02-28,18.86352772754275,19.259337458408382,18.837991279966822,18.970779418945312,6955441
2018-03-01,18.917156777335695,19.77006281639781,18.324719423728155,19.246572494506836,20337537
2018-03-02,18.600506441532833,18.919708570440243,17.954443331943803,18.80990219116211,8609139
2018-03-05,18.70775965458731,18.96056773345272,18.4549515757219,18.896726608276367,6716704
2018-03-06,18.978442723331852,19.35637664790052,18.978442723331852,19.30530548095703,6174022
2018-03-07,19.187832929366454,19.798147688767514,19.180172343324795,19.73941421508789,7766434
2018-03-08,19.795597943111584,20.388035257059276,19.66791742767387,19.770061492919922,7081579
2018-03-09,19.7981500993677,20.081600495022588,19.604073796920993,20.040742874145508,4560232
2018-03-12,20.09692216861986,20.239923845244938,19.767506507408246,19.861989974975586,4801463
2018-03-13,19.89518825350739,19.91817001643874,19.583646697696746,19.749631881713867,5062292
2018-03-14,19.790490481332014,19.943707448319042,19.616846436635377,19.87220573425293,3280673
2018-03-15,19.918170996215967,19.948815083819028,19.68068582549457,19.821134567260742,4101643
2018-03-16,19.892635901277853,20.045851129804166,19.81091891440441,19.907957077026367,4376725
2018-03-19,19.805813996669354,19.943708056296902,19.573434720510946,19.910511016845703,4104494
2018-03-20,19.793040082989588,20.188848020704842,19.793040082989588,19.979454040527344,3084695
2018-03-21,19.966690025831713,19.966690025831713,19.381915006352425,19.40744972229004,4168988
2018-03-22,19.26444789297104,19.32317964830129,18.98610335079969,19.01419448852539,5233684
2018-03-23,19.00397915126746,19.471290654575554,18.638813452762474,18.67711639404297,7074809
2018-03-26,18.988654394165078,19.25167773335112,18.784366275450246,19.185283660888672,3974792
2018-03-27,19.310411142492075,19.453414573403965,18.697544998151834,18.815011978149414,4270184
2018-03-28,18.809901756519732,18.85841996527849,18.30939328813562,18.41153907775879,5426455
2018-03-29,18.429413872242566,18.799687166520858,18.324716863802763,18.694990158081055,5134982
2018-04-02,18.71797199222275,18.858420723077927,18.092337683242675,18.52900505065918,4099505
2018-04-03,18.57752780588532,18.68988716515941,18.276203194342624,18.59540367126465,3132443
2018-04-04,18.309391596312917,18.700095387374848,18.19703401494215,18.63370132446289,2429416
2018-04-05,18.776709071419308,18.881407835827236,18.42431156925561,18.592849731445312,2737992
2018-04-06,18.483039425327757,18.618380516717867,18.059140290504228,18.204696655273438,2893349
2018-04-09,18.258321950313984,18.730739280620163,18.22767786662259,18.36046600341797,2571233
2018-04-10,18.654135935369066,18.753727060712706,18.401327827613734,18.58774185180664,2600807
2018-04-11,18.52900536812903,18.646472338720397,18.31960961133629,18.368127822875977,1615572
2018-04-12,18.431966117207278,18.66179065073169,18.386000863398344,18.559646606445312,2214196
2018-04-13,18.64647164503225,18.738402163334133,18.393663587462296,18.615827560424805,2908315
2018-04-16,19.20315922575819,19.330839731864753,18.5034685250362,18.986101150512695,8523622
2018-04-17,19.075477850860644,19.34616002553263,18.940135028004253,19.251676559448242,8506518
2018-04-18,19.578541384865726,19.637273137073894,19.241465105282547,19.353822708129883,6295529
2018-04-19,19.22103360464595,19.320624713116107,18.776705645798017,18.87118911743164,3905665
2018-04-20,18.743508739705515,18.91460155851289,18.355359576804524,18.557096481323242,6829658
2018-04-23,18.60561494444601,18.71541959331579,18.47027211087094,18.66434669494629,3955194
2018-04-24,18.74095898331553,18.896728918057036,18.39622033626639,18.495811462402344,4319357
2018-04-25,18.39621486912199,18.567307666244307,18.107656851955348,18.329822540283203,2386300
2018-04-26,18.403875054567564,18.705201287967878,18.342588627768894,18.63370132446289,2144000
2018-04-27,18.71797255415216,18.858421289223728,18.526452656203997,18.544326782226562,2511014
2018-04-30,18.55454019874765,18.654131299340353,18.13319403571099,18.327268600463867,3834757
2018-05-01,18.24811042378422,18.406435040241508,18.046375226665212,18.23534393310547,3664078
2018-05-02,18.202148368892626,18.258328921189374,17.972323727783458,18.054039001464844,4113758
2018-05-03,18.074459686403785,18.212355450329024,17.653113543628105,18.181713104248047,5001005
2018-05-04,18.097450095852583,18.781818069723037,18.023393681648678,18.62860107421875,2996327
2018-05-07,18.64136474643824,18.922262213633392,18.465166025650184,18.511131286621094,2057770
2018-05-08,18.51879455562574,18.51879455562574,18.140858874875338,18.388559341430664,5340225
2018-05-09,18.457504771319794,18.807347514052882,18.40387718919053,18.569862365722656,5428237
2018-05-10,18.61838416643225,19.25678854767755,18.60561767548647,19.072927474975586,4681738
2018-05-11,19.062715005407195,19.070375594613086,18.858425105992847,18.978445053100586,3411800
2018-05-14,19.07292378737452,19.164854305951454,18.64391701470944,18.80990219116211,3034810
2018-05-15,18.618379410705955,18.963117966204553,18.521342996971164,18.87629508972168,3116764
2018-05-16,18.89672685244262,19.10356967095781,18.66434758352693,18.952905654907227,2960694
2018-05-17,18.8047992460307,19.272110807278214,18.8047992460307,18.978445053100586,3250029
2018-05-18,19.440641835788213,20.592320926346368,19.387015995522937,20.125009536743164,23393726
2018-05-21,20.20417331475271,20.661269465924793,20.045848732549917,20.54891014099121,13764788
2018-05-22,20.490175822667506,20.66892745729761,20.091811466707515,20.625516891479492,6473691
2018-05-23,20.541250697080937,20.939615125234734,20.380373155446627,20.91152572631836,8038665
2018-05-24,20.929398084142804,21.166883215085313,20.755752333025995,21.11070442199707,4948981
2018-05-25,21.095385226958328,21.177100473848668,20.9140788721002,20.944721221923828,3519410
2018-05-29,20.888543816456888,20.888543816456888,20.5361463568636,20.5693416595459,4892326
2018-05-30,20.732772216800615,20.837469224541504,20.408462449063517,20.694467544555664,6896647
2018-05-31,20.702130107944306,20.758310646370166,20.43144789682547,20.59743309020996,13683190
2018-06-01,21.069851554396834,21.930418181811966,21.069851554396834,21.667396545410156,13488637
2018-06-04,21.856357680808756,22.083629265224438,21.179652299202832,21.713356018066406,7577938
2018-06-05,21.766984747678737,22.157686855658067,21.58057075644661,22.127042770385742,7295730
2018-06-06,22.14747471034903,22.33899461490341,22.08618653595021,22.305797576904297,7572593
2018-06-07,22.313456741704524,22.492210145339165,22.13981271038461,22.487102508544922,5152798
2018-06-08,22.47178322175743,22.645429003187513,22.195993373462777,22.556053161621094,4860613
2018-06-11,22.548388687534235,22.548388687534235,22.244509466773565,22.379852294921875,2595106
2018-06-12,22.379851377488823,22.46411957034054,22.022344588933656,22.142364501953125,3344455
2018-06-13,22.216421604217985,22.586694921592155,22.022347014504522,22.44879913330078,6625485
2018-06-14,22.510087307332896,22.80885891201666,22.25472627910791,22.44879913330078,4414496
2018-06-15,22.379853088880097,22.688838221818262,22.25472552976522,22.571372985839844,5355903
2018-06-18,22.34154887521167,22.882915011594044,22.216421313520872,22.872699737548828,4744095
2018-06-19,22.579034910599233,22.752680691912065,22.313458601410048,22.727144241333008,3049775
2018-06-20,22.752675149269653,23.20211066920663,22.752675149269653,22.77821159362793,4345725
2018-06-21,22.813965270728485,22.89312756685691,22.502425458538507,22.750125885009766,6051447
2018-06-22,22.665855650618212,23.01314718029131,22.170454804264615,22.670963287353516,11507477
2018-06-25,22.6071221990796,22.668408633428896,21.73378747244135,21.950843811035156,3139925
2018-06-26,21.99425734212064,22.1755637046313,21.851253918506202,22.07852554321289,3782377
2018-06-27,22.160242641740933,22.19854731635247,21.43246250172463,21.45033836364746,2910096
2018-06-28,21.437572354419995,21.841042748362312,21.32521300525913,21.774648666381836,3891056
2018-06-29,21.8308232080425,22.121934172805727,21.59844398498535,21.59844398498535,2902970
2018-07-02,24.180145793129647,24.190359330321453,22.997822562556998,23.544296264648438,57614352
2018-07-03,23.779231134158444,24.305274350286197,23.72815997138596,24.215898513793945,16730471
2018-07-05,24.259308596247973,24.259308596247973,23.871159464329725,23.96564292907715,12780266
2018-07-06,23.957985686428252,24.00139626363333,23.687301742281424,23.835411071777344,4826762
2018-07-09,24.108644347249292,24.113751983659718,23.697513458857042,23.90946388244629,8951210
2018-07-10,24.15461325067746,24.55297771146779,23.881376355471883,24.098434448242188,10233976
2018-07-11,23.876265857427377,24.118860371517087,23.873712906902803,24.02692985534668,5040913
2018-07-12,24.090774637856263,24.3537962671888,24.049917010126197,24.289955139160156,3680112
2018-07-13,24.289952984445822,24.34357883302457,24.04225428912543,24.233774185180664,3623813
2018-07-16,24.318044745260202,24.427849395929194,24.172488370938535,24.2031307220459,4394185
2018-07-17,24.029487631665447,24.297616911409996,24.021827043032854,24.223562240600586,5000292
2018-07-18,24.22355785829562,24.29250487903645,24.141842613636793,24.277185440063477,5152442
2018-07-19,24.22100817967176,24.25931285660023,24.02948653055009,24.19291877746582,4024677
2018-07-20,24.203128067358694,24.231219200153394,24.078002254860277,24.085662841796875,4622232
2018-07-23,24.037147047534628,24.060128810651815,23.799660151054283,23.906911849975586,6138034
2018-07-24,23.975857398899958,24.047359105619382,23.65154937137197,23.77412223815918,3951987
2018-07-25,23.79710713370917,23.952877044677734,23.710284247419708,23.952877044677734,1860723
2018-07-26,23.733266360402,24.162273161211658,23.725605772604766,24.106094360351562,5619226
2018-07-27,24.011608248890433,24.08821585397304,23.863498939682447,23.919677734375,4565221
2018-07-30,23.845623006194252,23.894141213780877,23.511099718508977,23.674531936645508,6206804
2018-07-31,23.677085697449698,23.8328555984644,23.562173418487365,23.626012802124023,5433582
2018-08-01,23.62601298075302,23.84817695316264,23.600476532897112,23.677085876464844,5767813
2018-08-02,23.620906468569654,23.817533988036978,23.620906468569654,23.758800506591797,3224018
2018-08-03,23.789446240201123,23.84562677912978,23.592818692752434,23.77157211303711,3970160
2018-08-06,23.712839226667704,23.940110867999227,23.712839226667704,23.86094856262207,3299202
2018-08-07,24.01160948573298,24.149503529088694,23.812427272529753,23.927339553833008,3587112
2018-08-08,23.968193297611972,24.088213196231443,23.85838867082063,24.04224967956543,2842751
2018-08-09,24.126523540667623,24.302722269250946,24.03204006386088,24.19036293029785,2119058
2018-08-10,23.96053456197254,24.284842566998993,23.9247845788535,24.1392879486084,2462910
2018-08-13,24.126522993905642,24.27718700453484,23.932448407574142,24.003950119018555,3114983
2018-08-14,24.029487631665447,24.25165164409368,23.957987647414072,24.223562240600586,2663877
2018-08-15,24.116305064984175,24.27462964592408,24.0039474764672,24.177593231201172,4963947
2018-08-16,24.4201874287923,24.5223314859149,24.22355816637076,24.407419204711914,5335949
2018-08-17,24.328255869318184,24.484025766709316,24.231219453081216,24.26186180114746,2978154
2018-08-20,24.27207922510523,24.36656269921633,24.213345738746273,24.266971588134766,4022896
2018-08-21,24.323150025599393,24.420188184509197,24.238881826685624,24.28484535217285,4926889
2018-08-22,24.31038148490071,24.496795477193768,24.28484503628185,24.445722579956055,9033521
2018-08-23,24.471258601066246,24.5274373986299,24.307828109593462,24.338470458984375,7901124
2018-08-24,24.29250262247907,24.48147127759966,24.152055643468263,24.346128463745117,7384454
2018-08-27,24.51467195918374,24.5351007714921,24.310382100579584,24.3640079498291,4435162
2018-08-28,24.40486704971339,24.422742912384,24.113756022841525,24.325706481933594,4899096
2018-08-29,24.376773290013624,24.634688967348715,24.343576257000596,24.532543182373047,5012763
2018-08-30,24.43295780753169,24.754712940337615,24.409976041840157,24.675552368164062,3314168
2018-08-31,24.627031517999868,24.795571402350504,24.468708643896907,24.55808448791504,3288156
2018-09-04,24.532544154706578,24.64235053080347,24.287398426297568,24.552974700927734,5195557
2018-09-05,24.468705763701454,24.66533329160472,24.279738823181365,24.435508728027344,3957688
2018-09-06,24.435509650277172,24.71385243480029,24.376776164095407,24.484027862548828,4332185
2018-09-07,24.38698981060366,24.62958434407856,24.312936884269504,24.581066131591797,3987620
2018-09-10,24.667884576333083,24.77003036259859,24.54786640140776,24.731725692749023,5450685
2018-09-11,24.64490427928787,24.79046064494388,24.586170795801355,24.693424224853516,3643767
2018-09-12,24.642353769643538,24.91559066725902,24.537655016340974,24.828767776489258,5137833
2018-09-13,24.75982011909794,24.943679447785602,24.6806595483912,24.859411239624023,11293327
2018-09-14,24.884947506741245,25.285864936837992,24.872179280959248,25.191381454467773,4975349
2018-09-17,25.163287325409073,25.22457376056545,24.8108898893798,24.851747512817383,4512485
2018-09-18,24.80067847374981,25.09434420647046,24.609158551033392,24.611711502075195,6427725
2018-09-19,24.637242467794866,24.637242467794866,24.21334335145138,24.376773834228516,5717928
2018-09-20,24.473817027030154,24.560639922772562,24.310384775062882,24.504459381103516,4500370
2018-09-21,24.642353751806144,24.642353751806144,24.40742153027931,24.565744400024414,9117257
2018-09-24,24.489136783763318,24.586173213395416,24.06012996745165,24.565744400024414,11023589
2018-09-25,24.690867211695267,24.77002949908319,24.578507892032416,24.757261276245117,6052872
2018-09-26,24.800674129039486,24.841531751675227,24.563188980529194,24.670440673828125,4822130
2018-09-27,24.642351947044183,24.844087115128335,24.60915491080752,24.833871841430664,4451910
2018-09-28,24.78024926820193,24.864517471600205,24.655121702995277,24.800676345825195,4712739
2018-10-01,24.815996170435344,24.984534291787874,24.657671586623973,24.69597625732422,2540589
2018-10-02,24.70108329039517,24.838977324714605,24.59638455391383,24.708742141723633,6606243
2018-10-03,24.798121178444926,24.897712284439713,24.514670770589312,24.670440673828125,5113959
2018-10-04,24.82366226587519,24.82366226587519,24.494246537108307,24.690874099731445,7052717
2018-10-05,24.815999569254025,24.997305939005166,24.425295692745273,24.75981903076172,9323925
2018-10-08,24.596388747664207,24.795570981776,24.228668367581147,24.399761199951172,7358443
2018-10-09,24.33081123121036,24.537654043239,23.812428593523173,24.15205955505371,14442160
2018-10-10,24.18780815122164,24.18780815122164,23.52386917744105,23.613245010375977,9549122
2018-10-11,23.613240429613363,23.797101432066366,23.20721723098321,23.42682647705078,7159614
2018-10-12,23.82519791296224,24.15972125283827,23.64133685581355,24.13163185119629,6043964
2018-10-15,24.514674632839373,24.754712769761873,24.141846598149183,24.259313583374023,9367040
2018-10-16,24.364005791062,24.581063855066564,24.205681208060103,24.427846908569336,5456743
2018-10-17,24.496795795841763,24.514671657211586,24.06778900713015,24.28484535217285,4550611
2018-10-18,24.254207399963214,24.32826207403752,24.014167513128957,24.129079818725586,6164758
2018-10-19,24.177595470841357,24.323150106408864,23.835409830593555,23.947769165039062,6891302
2018-10-22,24.06268234518064,24.3614556860761,23.90435947920645,24.185256958007812,5229408
2018-10-23,23.8788254936976,23.96820134235118,23.44471100569879,23.715394973754883,4885556
2018-10-24,23.641334801029107,23.710283559227513,22.94420051574707,22.94420051574707,8437035
2018-10-25,23.17147457793572,23.398746217228375,22.944202938643063,23.19956398010254,4320426
2018-10-26,22.739910004394083,23.02080745930748,22.4717807733877,22.591800689697266,5816630
2018-10-29,22.956963286639237,23.235307753961326,21.897214727460675,22.15513038635254,4351783
2018-10-30,22.21642465455044,22.681181512048102,22.157691158759185,22.645431518554688,3753159
2018-10-31,22.933981085664886,23.288933143874583,22.933981085664886,23.082090377807617,4539565
2018-11-01,23.20977573839318,23.605585495836767,23.110184627471934,23.278722763061523,6915532
2018-11-02,23.40384865002043,23.454921544950302,22.85737665766472,23.283828735351562,2761509
2018-11-05,23.406403891123887,23.45747505174441,22.87269837432427,23.419170379638672,3831193
2018-11-06,23.39363866112271,23.679642056659063,23.265958139949525,23.51876449584961,1757033
2018-11-07,24.25930802815085,25.178607942816576,24.116304623622174,24.989639282226562,9221304
2018-11-08,24.999859612815392,25.38290117679528,24.861965552253388,25.26032829284668,3516916
2018-11-09,25.10966394229741,25.245005040804152,24.713852449652354,25.038162231445312,4799682
2018-11-12,25.03305813907634,25.28331329473362,24.550425427406875,25.153078079223633,4936866
2018-11-13,25.224573768798408,26.45541531569891,25.063697961160727,25.93703269958496,15506143
2018-11-14,26.35327090667702,27.08105100270094,25.804244212514522,26.989120483398438,21665200
2018-11-15,27.229162573390028,27.37982485339239,26.68524173543009,26.828245162963867,50323254
2018-11-16,26.88186973702117,26.9252803120707,26.659705753808833,26.677579879760742,15978628
2018-11-19,26.67502762725612,26.784832278625295,26.22559201214421,26.378808975219727,16403010
2018-11-20,26.080036630765633,26.360934117855233,25.957463749842383,26.21027183532715,10983681
2018-11-21,26.33284150502334,26.41200379845286,25.998318206384052,26.299644470214844,6005838
2018-11-23,26.123446656887076,26.708223344219,26.120891970724447,26.537132263183594,6246713
2018-11-26,26.795052761805945,26.989127388027743,26.789945123755682,26.973804473876953,13889502
2018-11-27,26.889527587690708,26.932938158321683,26.67502421393682,26.726097106933594,6362161
2018-11-28,26.90485120818411,27.28789273393373,26.733760125022048,27.221500396728516,13814674
2018-11-29,26.968690066567824,27.282786298287185,26.812921897061038,27.068281173706055,11596914
2018-11-30,27.32364454039672,27.34407161689143,26.70311612133327,26.935495376586914,21957029
2018-12-03,27.155102313859267,27.24703282770526,26.743971423053047,26.948261260986328,12675863
2018-12-04,26.812923635851636,26.907407112348796,26.40689859357632,26.67502784729004,12579655
2018-12-06,26.519257004613387,26.989121419875595,26.417111208279447,26.968690872192383,17103542
2018-12-07,26.902298558942732,27.022318481328607,26.429879457027187,26.557559967041016,12979807
2018-12-10,26.618848434808683,26.76695775864922,26.253681026669014,26.585651397705078,12304573
2018-12-11,26.889529143365902,27.068280808155464,26.539684665554972,26.743972778320312,14477080
2018-12-12,27.119350835586037,27.12956610790402,26.749077585663837,26.815471649169922,14229791
2018-12-13,26.863995810762617,27.063178045447994,26.72865470342024,26.94060516357422,13518212
2018-12-14,26.787384447444197,27.045300152823337,26.787384447444197,27.01465606689453,13998537
2018-12-17,26.96613545522983,26.999332488898126,26.764400302753394,26.83334732055664,16345285
2018-12-18,26.94060485304449,27.19341120205511,26.787386149187355,27.032533645629883,20432676
2018-12-19,27.068285964603433,27.298112304646413,26.71333551799644,26.774621963500977,21565429
2018-12-20,26.835901426262186,26.976350144818728,26.123444296313362,26.40689468383789,21679096
2018-12-21,26.42476954507834,26.53713060568314,25.615275979622922,26.23324966430664,29978590
2018-12-24,20.81193664002252,21.07751121572397,19.177624616700246,20.55657386779785,7411179
2018-12-26,20.232267511147366,20.730221401223144,20.137784023718456,20.71745491027832,5595709
2018-12-27,20.569340871014337,20.837470117174163,20.23737223723198,20.428892135620117,6841061
2018-12-28,21.214383566158403,21.444975238943773,20.647130411414327,20.951509475708008,8881065
2018-12-31,20.98379600434186,22.537979125976562,20.98379600434186,22.537979125976562,11479901
2019-01-02,22.242818274537047,22.64404629502242,21.24205299442223,21.730907440185547,12052465
2019-01-03,21.47264701257399,21.67556581625481,20.651742299317732,20.813156127929688,13618830
2019-01-04,21.05758102136023,21.65711654438418,20.688635416606875,21.22360610961914,17573116
2019-01-07,21.182098805568888,21.850813888472537,20.997625140640874,21.36195945739746,9718603
2019-01-08,21.740130242152564,22.053733576436642,21.394244492438133,21.615610122680664,14375870
2019-01-09,21.707845545080264,21.85542377341076,21.574102884125768,21.647891998291016,6509914
2019-01-10,21.647895129827184,21.855426934968015,20.707083354244485,20.8408260345459,7030785
2019-01-11,20.7301392470409,21.085249263617794,20.476489483131733,20.508771896362305,5326903
2019-01-14,20.324303670690576,20.407317100211326,19.72015674164348,19.738603591918945,7232426
2019-01-15,19.853895893899438,20.15366366548733,19.591021816266768,19.835447311401367,5581222
2019-01-16,19.738597740237847,19.927682672187597,19.378874721145078,19.65558433532715,4849239
2019-01-17,19.697092137852767,20.162886709998926,19.632527309663157,20.158273696899414,6989155
2019-01-18,20.190557767569558,20.195169045130683,19.88156572504678,19.99224853515625,6425075
2019-01-22,20.2366771176837,20.591787166383217,19.97380303956369,20.31968879699707,6256186
2019-01-23,20.83621249391814,21.163651401698775,20.48571546143883,20.577951431274414,6218107
2019-01-24,20.71169470149824,20.817766243399724,20.38886706230554,20.73475456237793,7007899
2019-01-25,20.85927113032936,21.214381155330553,20.85465985276426,21.172874450683594,5165709
2019-01-28,21.168266311007255,21.855428339525595,21.03913490035941,21.62944793701172,11741718
2019-01-29,21.7216839232536,21.827755463181813,21.44497427544749,21.606388092041016,7021315
2019-01-30,21.836977854233776,22.136747360229492,21.749353162014785,22.136747360229492,7855697
2019-01-31,22.05834712990131,22.828520783401853,22.00300485322522,22.408845901489258,7381190
2019-02-01,22.588701783449793,22.943813520552524,22.36733617763859,22.897695541381836,3583363
2019-02-04,23.063720853686508,23.893847958444294,23.063720853686508,23.441890716552734,6294659
2019-02-05,23.644813949148052,23.797005219835,23.354270448877767,23.55257797241211,5435023
2019-02-06,23.589471357521685,23.93997012132962,23.44650439112204,23.49262237548828,5595823
2019-02-07,23.335822593319914,23.432671586779282,22.95765438269338,23.262033462524414,3516675
2019-02-08,23.082169230268356,23.79239102348302,22.897697299422216,23.746273040771484,3539167
2019-02-11,23.921520020799115,24.013755983677115,23.543351878791203,23.990697860717773,5366757
2019-02-12,24.17517672081363,24.806994764367303,24.078327724100344,24.719371795654297,6666767
2019-02-13,24.85772131440051,25.18977148686177,24.61790710812067,24.880781173706055,3504245
2019-02-14,24.756262482666937,25.175939103338774,24.68247335836952,25.079090118408203,5128024
2019-02-15,25.268173508546248,25.775473055825124,24.903839187561385,25.365020751953125,4529613
2019-02-19,25.40653247821587,25.586394903197796,25.157493932992374,25.383474349975586,2480850
2019-02-20,25.4895429651017,25.7339684680679,25.19438646192103,25.61406135559082,2726883
2019-02-21,25.623285647135408,25.863099872089574,25.494154243113737,25.61406135559082,3834131
2019-02-22,25.747807644463613,25.90921974182129,25.61867623105683,25.90921974182129,3644723
2019-02-25,26.038351170085424,26.24588299311587,25.969175052755702,26.12136459350586,4612085
2019-02-26,25.96456666888464,26.33812364487871,25.650961524683336,26.162874221801758,4619188
2019-02-27,26.0752462146162,26.195153334088367,25.913832384052757,25.941503524780273,3335948
2019-02-28,25.918442062841617,26.056797757940927,25.4434248925485,25.743192672729492,8152633
2019-03-01,26.600995517268842,27.205144153411066,25.913833455511707,26.1259765625,6934700
2019-03-04,26.319672584330448,26.351956739905308,25.134435186062323,25.521827697753906,5875989
2019-03-05,25.480320018462486,25.752418410424387,25.11598738378895,25.420368194580078,5502302
2019-03-06,25.282009957690182,25.282009957690182,24.373480630154923,24.779321670532227,4962687
2019-03-07,24.728591721889885,25.09292607102441,24.359646094766475,24.502613067626953,3652220
2019-03-08,24.24895654927167,24.345803773302023,23.78777334162991,24.14288330078125,3776717
2019-03-11,24.165947708962477,25.009910430563608,24.101381145255935,24.9730167388916,3516872
2019-03-12,25.01452243942796,25.57255295384707,24.98685130402467,25.226665496826172,4896000
2019-03-13,25.434202609363968,25.6232875839165,25.254341927053257,25.34196662902832,4083913
2019-03-14,25.826206358932286,26.748571305631426,25.683239384346592,26.37040138244629,7633537
2019-03-15,26.71628913896772,27.795454904512365,26.702451833663236,27.777008056640625,11238800
2019-03-18,27.8323450584782,28.205903659587218,27.55102415603135,27.89691162109375,5256664
2019-03-19,28.132114555670377,28.215126228330334,27.818511239523183,27.873851776123047,3981711
2019-03-20,27.846181377913677,28.021432489444745,27.32504626302739,27.500295639038086,5130984
2019-03-21,27.435734773138748,28.104448223834336,27.394228061953374,27.998374938964844,3257028
2019-03-22,27.624815611351348,28.210517324354676,27.444954947348258,27.463401794433594,2970352
2019-03-25,27.440343106153648,27.440343106153648,26.342728826540963,26.42112922668457,3709832
2019-03-26,26.71167722634093,27.200529995974723,26.462638695485865,27.15902328491211,3527921
2019-03-27,27.214370120478048,27.620211271422125,26.485702990127795,26.53643226623535,3628742
2019-03-28,26.499536369914857,26.697843914406167,26.13059068846064,26.250497817993164,3301224
2019-03-29,26.38884810900007,27.11290379917309,26.35656569179551,27.06678581237793,3746924
2019-04-01,27.569473953282355,27.873852992181956,27.44956511328388,27.86924171447754,3523383
2019-04-02,27.767784805439607,28.275086157325763,27.551028694382765,28.256637573242188,4647599
2019-04-03,28.252025326420743,28.4318859986649,27.970704387277706,28.40421485900879,4143695
2019-04-04,28.371930901704783,28.40421331771165,27.31121203820762,27.827735900878906,4261680
2019-04-05,27.87385520859524,28.773162034730735,27.87385520859524,28.685537338256836,4349676
2019-04-08,28.667089354136696,28.89768103083957,28.3442617009609,28.81928062438965,2637506
2019-04-09,28.72704351154147,28.77777451452405,28.27508617608557,28.468782424926758,2530570
2019-04-10,28.49184021346929,29.34502907783005,28.473393365113107,29.18822479248047,3311089
2019-04-11,29.27123888704637,29.45571084589498,28.943799945225642,29.451101303100586,3843207
2019-04-12,29.53411344696549,29.783150233522836,29.132885391875753,29.28968620300293,2378452
2019-04-15,29.33118796209478,29.50182431428859,29.08676075938656,29.460317611694336,2291048
2019-04-16,29.681691405064303,29.723198114249005,28.906904706844802,28.95763397216797,2220809
2019-04-17,29.105213109802136,29.28507378621279,28.82850344235158,28.93918800354004,2039687
2019-04-18,28.93457288009823,29.049868711089424,28.556404706492486,28.98530387878418,2066915
2019-04-22,28.953022721584787,29.16977882385254,28.83311387198608,29.16977882385254,2132221
2019-04-23,29.155942042798838,30.087527777237806,29.095986752730113,29.97684669494629,3039407
2019-04-24,29.967624047029055,30.645563541587926,29.86616550906202,30.553327560424805,3057953
2019-04-25,30.530258851728533,30.996055134029824,30.26277352733715,30.899206161499023,3190736
2019-04-26,30.465695653637137,30.73779400540433,29.875382703319595,30.142868041992188,3018098
2019-04-29,30.161319512387717,30.336568903239872,29.986070121535565,30.230497360229492,2449085
2019-04-30,30.27660545229739,31.1297940510352,30.27660545229739,31.088287353515625,2385752
2019-05-01,31.31428066903241,31.91381635220084,31.088301968108993,31.627885818481445,4112718
2019-05-02,31.5633167952222,31.798518022909253,30.64095005571517,31.42496109008789,3875958
2019-05-03,31.697061202976528,31.959933585925608,31.475692062773966,31.683225631713867,1860144
2019-05-06,31.009891616485252,31.59559153971847,30.94071377692215,31.448013305664062,1331183
2019-05-07,31.152863784207433,31.489527031125295,30.53949258837579,31.125192642211914,2800279
2019-05-08,30.917660433383638,31.037567550148246,30.673233186156928,30.945331573486328,2022128
2019-05-09,30.461087365675642,31.03295175819933,30.276611957825974,30.940715789794922,2736354
2019-05-10,30.793135284052948,31.079069194830296,30.23049348838953,30.972997665405273,1412076
2019-05-13,30.018350518872726,30.391907379444813,29.37730485642864,29.534109115600586,5181295
2019-05-14,29.635570150055226,30.7746894093416,29.56178276268036,30.507204055786133,1958400
2019-05-15,30.281227934881155,31.484915597315467,30.20743707031085,31.31427574157715,2051328
2019-05-16,31.383448417291092,32.38882491786712,31.318883590839533,32.19051742553711,2041858
2019-05-17,31.81695789913955,32.53640042684776,31.59558883151221,32.01987838745117,2938389
2019-05-20,31.63249227367849,31.803132139608564,30.936107652089163,31.360397338867188,2650134
2019-05-21,31.784674737211567,32.3519295195296,31.55408310830697,32.121337890625,2322024
2019-05-22,32.40266563732548,32.462620931374374,31.669387364900636,31.821575164794922,3092283
2019-05-23,31.194369011282138,31.194369011282138,29.769315679518442,30.2996768951416,6202520
2019-05-24,30.447257613358,30.986841429092067,30.11520389841919,30.49337387084961,3735678
2019-05-28,30.521043696730434,31.300441736704837,30.43803027157789,30.62711524963379,3530881
2019-05-29,30.336567499455228,30.539488020054208,29.838490489083338,30.530261993408203,4759665
2019-05-30,30.677847990143473,31.04217890435515,30.21666460887913,30.62711524963379,4113113
2019-05-31,27.9753143835751,28.6670876367197,26.33811808942099,27.463401794433594,15620241
2019-06-03,27.394229613871648,27.454181441619372,25.5725593809718,25.76164436340332,6365687
2019-06-04,26.282777730937568,26.637887806970845,25.793924966613336,26.600994110107422,5077516
2019-06-05,26.65172706663786,26.771634201323913,24.79316300796235,25.134437561035156,7388293
2019-06-06,25.341960437867936,25.378855862300856,24.036814519337153,24.54872703552246,7644388
2019-06-07,24.62713266906056,25.434200018052035,24.44727026955412,25.04219627380371,4520538
2019-06-10,25.277399613015067,25.609451566154437,24.917678254674644,24.99608039855957,3659520
2019-06-11,25.120601530727036,25.314297801342406,24.714760403326604,25.06064796447754,3505429
2019-06-12,25.000692256307524,25.328131203235614,24.419601758725218,24.456497192382812,2527018
2019-06-13,24.438043385006722,24.91306222952566,24.221289049854498,24.825437545776367,4077796
2019-06-14,24.419598256020112,24.677861048016513,23.409610418743735,23.667871475219727,3634463
2019-06-17,23.746275570431077,23.82928725394682,23.321987654557606,23.34965705871582,3298461
2019-06-18,23.61253380090733,24.281249035333413,23.478791101126262,23.75550079345703,4490943
2019-06-19,23.98608420744728,24.696304175198296,23.7739394312161,24.636350631713867,4167568
2019-06-20,25.36502652167125,26.407298725668742,24.59024145609637,25.09292984008789,4939406
2019-06-21,24.936124653647763,25.18516318013128,24.673252292573494,24.89923095703125,4973933
2019-06-24,24.89923101090747,25.042197990527125,24.470331807569092,24.58101463317871,3584744
2019-06-25,24.581011430993797,24.84388549391267,24.073711886621503,24.124441146850586,4532178
2019-06-26,24.424208666041825,24.78854122001567,24.34119526270792,24.54872703552246,1905523
2019-06-27,24.1890100086008,24.37809671926691,23.32198901389391,24.078327178955078,9568655
2019-06-28,24.285858968344662,24.33197869411171,23.358882678486285,23.42806053161621,13893669
2019-07-01,24.078322664975346,24.09215823302738,23.630976680840362,23.778554916381836,6958376
2019-07-02,23.621752744021276,24.06909873485501,23.33581882367777,24.06448745727539,4973933
2019-07-03,23.921522174119186,24.424212208751154,23.62636567792453,24.405763626098633,5140454
2019-07-05,24.041430146520707,24.28124435709295,23.8846276127894,24.15211296081543,4130870
2019-07-08,23.88924620245867,24.018377638260272,23.5110761888686,23.654043197631836,5919197
2019-07-09,23.501845237614276,23.672481595842314,23.34965398938672,23.566410064697266,5298492
2019-07-10,23.76471862250772,24.442658014820502,23.584857965709823,24.115219116210938,9092176
2019-07-11,24.101380810911465,24.664024353027344,24.05987584223632,24.664024353027344,5895324
2019-07-12,24.834663759025048,25.056029388718862,24.54872982758973,24.802379608154297,7217037
2019-07-15,24.903842349269542,25.494155382001647,24.88078422265878,25.46648597717285,7950993
2019-07-16,25.604837623899357,26.28277529448442,25.424976963442184,25.8308162689209,7118387
2019-07-17,25.82620725636876,26.066021491346056,25.535662019056677,26.056798934936523,3554359
2019-07-18,25.936893363754635,26.651726616451082,25.715527684627908,26.467254638671875,4343560
2019-07-19,26.72551368845661,27.288155606913197,26.102918208304846,26.195154190063477,5908543
2019-07-22,26.315059694873135,26.462637950818003,26.006067613018534,26.0199031829834,3269853
2019-07-23,26.149037566425186,26.149037566425186,25.19900135097109,25.577171325683594,4539084
2019-07-24,25.443424260668635,25.978394973712113,25.443424260668635,25.92766571044922,2860850
2019-07-25,25.97377996530855,26.13058248149914,25.25894695577172,25.397302627563477,3693851
2019-07-26,25.424975962728197,25.591001047729353,25.26817343296466,25.494152069091797,3268669
2019-07-29,25.743190551095996,25.936886772750984,25.111370890268784,25.812368392944336,3832947
2019-07-30,25.701688073536133,26.467252266367627,25.58639396551854,26.393463134765625,4031431
2019-07-31,26.416511626653424,26.743950453292815,26.08907280001403,26.6286563873291,5389447
2019-08-01,26.72090192195425,27.2789325517864,26.425745397301277,26.605606079101562,4970579
2019-08-02,25.295850279548624,25.59561810284274,23.7278298345376,24.170564651489258,20770166
2019-08-05,23.52490616889028,23.561801599856565,22.26587974183509,23.252809524536133,11192632
2019-08-06,23.478787550338957,23.76010847874842,22.805461139118673,23.414222717285156,7244461
2019-08-07,23.00838315455079,23.326599533532956,22.722450929705825,23.234363555908203,3653601
2019-08-08,23.345042653725294,23.999922155525493,23.345042653725294,23.672481536865234,4783539
2019-08-09,23.65404021659323,23.65404021659323,22.966878140821972,23.257423400878906,2521691
2019-08-12,23.082170485995963,23.169795178570993,22.680942452609475,22.810073852539062,2621131
2019-08-13,22.713227266813817,23.478789720448024,22.468800010265774,22.837745666503906,7019934
2019-08-14,22.454966490151097,22.593320462360648,21.65711987029528,22.41345977783203,8122644
2019-08-15,22.20131412514879,22.307387409032746,21.32506886218825,21.62944793701172,5727422
2019-08-16,21.855429707734537,22.685557033614906,21.79086313060827,22.335058212280273,4909219
2019-08-19,22.740895954224506,22.888474200796036,22.49646872405021,22.620988845825195,3959219
2019-08-20,22.46880019667726,22.73628731824967,22.224374673621995,22.353506088256836,3635647
2019-08-21,22.445745513168273,22.939211384426176,22.390403221901792,22.58871078491211,2741484
2019-08-22,22.796239456450774,22.856193013874467,22.330444831370787,22.616378784179688,3195865
2019-08-23,22.02145237903809,22.10907707463591,21.08986488019854,21.126758575439453,7242291
2019-08-26,21.21438411735894,21.712461171625073,21.191325990793626,21.40346908569336,4026696
2019-08-27,21.652506458130038,21.753966721960232,20.877719777754223,21.029911041259766,3852085
2019-08-28,20.99301605209487,21.039134039255707,20.453432304824048,20.891555786132812,3722656
2019-08-29,21.099093799278965,21.64328893984067,21.052974066831936,21.56949806213379,6461575
2019-08-30,23.451117409844656,24.534894381502916,22.897698126280982,23.764719009399414,31586941
2019-09-03,23.534131124169036,23.926136628577673,23.335821865114116,23.55257797241211,8237867
2019-09-04,23.75088928190482,23.926138694144917,23.18363433141386,23.612533569335938,5511378
2019-09-05,23.778556939445224,24.673250719355455,23.571025136528387,24.405763626098633,8994907
2019-09-06,24.442663230904266,24.80699589995543,24.1013869553058,24.608688354492188,6831315
2019-09-09,24.903841620713848,25.1113734317424,24.507224846509818,25.03758430480957,7168304
2019-09-10,24.848498470009247,25.757027822790963,24.55795325055268,25.58639144897461,6298408
2019-09-11,25.420368135768623,25.595615799796192,25.226670152200196,25.503379821777344,5916238
2019-09-12,25.618671962834902,25.793921337077816,24.926898756541416,24.9730167388916,5659748
2019-09-13,24.926902606276062,25.203612278632836,24.64557992010759,24.67786407470703,2785284
2019-09-16,24.442657352264572,25.157488682373064,24.38731507920523,24.9499568939209,3021058
2019-09-17,24.903839498547633,24.949957482010667,24.493387189550116,24.83466339111328,2821587
2019-09-18,24.871556851019182,24.871556851019182,23.98608741156294,24.350419998168945,3759551
2019-09-19,24.331979478731327,24.742430125816043,24.239741759743538,24.461109161376953,4931908
2019-09-20,24.530282296772683,24.5994584033022,23.847731638094626,23.91229820251465,6002458
2019-09-23,23.893852556501237,24.44266061165512,23.529519926491567,24.414989471435547,4902708
2019-09-24,24.470331997894675,24.742428653588437,23.824676681001584,24.073715209960938,6605999
2019-09-25,24.069100521136814,24.91306504102236,24.00453568814906,24.783933639526367,6056124
2019-09-26,24.442660874962932,24.442660874962932,23.66787414703029,24.050655364990234,6061253
2019-09-27,24.175177869162074,24.387320986583486,23.2389772200389,23.49724006652832,4381441
2019-09-30,23.49723717436881,23.995314220206275,23.460341742759837,23.916912078857422,2619552
2019-10-01,24.04142912878577,24.391926138815307,23.70476595137709,23.815448760986328,3819136
2019-10-02,23.750886623761414,23.75549790182405,23.132900735985146,23.418834686279297,3143581
2019-10-03,23.432673964139816,23.690936815886417,22.777796012709405,23.547969818115234,2660788
2019-10-04,23.626364715888403,23.750884833880487,23.151347574577322,23.183629989624023,3822885
2019-10-07,23.105231068937286,23.552577101534112,23.054500068743934,23.298927307128906,3134900
2019-10-08,23.146736181734344,23.229747857795775,22.50108094193007,22.510303497314453,3017112
2019-10-09,22.66249560562538,22.93459223908228,22.482634942609415,22.810073852539062,2605938
2019-10-10,22.787015878120858,22.87002929970053,22.54720164091817,22.597930908203125,4467661
2019-10-11,22.99915649915521,23.69554095649637,22.953038518562053,23.197463989257812,3014744
2019-10-14,23.17440953913521,23.405001231431697,23.109844698342123,23.372718811035156,1551173
2019-10-15,23.289702658436195,23.86156880822115,23.220524811742717,23.58024787902832,2061193
2019-10-16,23.483404303348944,23.48801558200982,23.137516751285094,23.30815315246582,1980103
2019-10-17,23.446503855757218,23.635588802205636,23.202078370645186,23.229747772216797,1985824
2019-10-18,23.22513558191535,23.262029272908027,22.828518858382267,22.999156951904297,3410133
2019-10-21,23.012995774175923,23.29431847271439,22.870030521180464,23.054502487182617,2371743
2019-10-22,23.20207795476933,23.349654457414186,22.95765073851804,23.04988670349121,2048763
2019-10-23,23.00837905396167,23.248194982774486,22.717833867152464,23.197463989257812,2469210
2019-10-24,23.3634921772814,23.635588799453753,23.026828990061766,23.524904251098633,3018493
2019-10-25,23.571028074580983,24.129058720165812,23.49723894133474,23.833900451660156,3189946
2019-10-28,23.949197375916874,24.189011635882988,23.737054259103893,23.792396545410156,3117143
2019-10-29,23.82006523408189,24.567179080148815,23.778558523629155,24.557954788208008,5226082
2019-10-30,24.53950882547036,24.97301929230345,24.318139710722615,24.788545608520508,3210860
2019-10-31,24.742428422130352,24.811606272727648,24.03220827440009,24.391929626464844,3032698
2019-11-01,24.525671679690543,24.62252066802218,24.34581100830947,24.553342819213867,2398971
2019-11-04,24.83467015863268,24.96379985330923,24.664032011351708,24.83005714416504,1979905
2019-11-05,24.862335726861698,25.295847946511145,24.691699341463142,25.102149963378906,4079177
2019-11-06,25.365022340096118,25.365022340096118,24.76548678950513,25.0560302734375,2791006
2019-11-07,25.258955175920995,25.341968606011527,24.963798627404582,25.046812057495117,2908202
2019-11-08,25.06987018661752,25.175943481351243,24.696313222251685,25.046812057495117,1962346
2019-11-11,24.820830013495307,25.305071519741603,24.742429602757756,25.143657684326172,1830944
2019-11-12,25.26817322111873,25.72474350268434,25.203608392915243,25.563329696655273,5463434
2019-11-13,25.365025510900168,25.54949921257976,25.152882402713303,25.263566970825195,2171878
2019-11-14,25.08831661022084,25.913832619172897,24.982243324629394,25.388084411621094,3357060
2019-11-15,25.66479423122986,25.757030211333724,25.43881382379855,25.66018295288086,2799292
2019-11-18,25.664794775886755,25.775477607256168,25.397309386596596,25.627901077270508,1931764
2019-11-19,25.66940411402722,26.13981001671159,25.49415472004516,25.92305564880371,2811525
2019-11-20,25.743195645085144,25.955340490225215,25.337356275482744,25.489545822143555,2832242
2019-11-21,25.475704588267632,25.641729669131614,24.760871534667185,24.770095825195312,3173373
2019-11-22,24.7654904786848,24.9038444566186,24.442662794651863,24.723983764648438,2850788
2019-11-25,24.90383798102508,25.64634215544029,24.90383798102508,25.392690658569336,3744557
2019-11-26,25.674017224906272,25.798535618196528,24.5118362980876,24.530284881591797,8725790
2019-11-27,23.54335689459357,24.055267812490907,22.94381953711731,23.206693649291992,25892863
2019-11-29,23.19746661240867,23.2712557368058,22.339668258232173,22.362728118896484,6382852
2019-12-02,22.298165124016833,22.44574339646306,21.827759163654388,22.007619857788086,7351990
2019-12-03,21.58332721520013,21.90154355551996,21.41268911535782,21.860036849975586,7722322
2019-12-04,22.090630340175917,22.1828663142712,21.924603504179768,21.98917007446289,4132843
2019-12-05,21.95688898523725,22.01222953172961,21.500316894150664,21.832368850708008,4072469
2019-12-06,21.906155084180217,22.45957436007207,21.689400734165595,21.730907440185547,5935771
2019-12-09,21.59255297178805,22.122912417975847,21.42191486036255,21.97533416748047,7451034
2019-12-10,21.864649006118483,22.127523082940904,21.735519342152763,21.841590881347656,6115511
2019-12-11,21.82314341678874,22.02145092049535,21.629445455281285,22.00300407409668,4372957
2019-12-12,21.82314691638729,22.902312768812298,21.712462349204888,22.828523635864258,5211877
2019-12-13,22.796235711581044,23.096003449454937,22.611763791511038,22.759340286254883,5212666
2019-12-16,23.05450161565584,23.1282907463714,22.722451395196146,22.823911666870117,6638750
2019-12-17,22.929983585654306,23.155962259754997,22.85619445375197,23.026832580566406,4669302
2019-12-18,23.05911636352539,23.331213044210212,22.883865212436465,23.05911636352539,4543424
2019-12-19,23.086783203452665,23.211303333280878,22.95765353099158,23.00838279724121,2995014
2019-12-20,23.197466622208673,23.312762454537975,22.833132277993805,22.883861541748047,5335979
2019-12-23,22.902313629259716,23.603311286363155,22.88386504368907,23.271259307861328,3213228
2019-12-24,23.266641352566936,23.672480614807537,23.17440365774476,23.441890716552734,1891910
2019-12-26,23.640204077154486,24.11061001621771,23.57102795824802,23.98609161376953,3034474
2019-12-27,24.073713850614997,24.073713850614997,23.38194058379414,23.511070251464844,3107672
2019-12-30,23.464952806067863,23.778557897551085,23.28970341245093,23.478788375854492,2622512
2019-12-31,23.42805861730187,23.93535820408129,23.312762783346404,23.70015525817871,3263145
2020-01-02,24.00914584479847,24.267408635729094,23.773942913441097,24.115219116210938,4278253
2020-01-03,23.70476641155441,23.972251753449758,23.25280740270205,23.321985244750977,4447142
2020-01-06,23.100615846234415,23.654035104303134,23.100615846234415,23.557186126708984,4983403
2020-01-07,23.538739272609178,23.66325938661487,22.860801636250322,22.966873168945312,6135833
2020-01-08,22.8285246618787,23.07756321371131,22.667110817830167,23.05911636352539,6934306
2020-01-09,23.151348636381048,23.179019774981718,22.6071536267823,22.883861541748047,7158833
2020-01-10,22.8838629644178,23.031442957969798,22.787015708815026,22.833133697509766,4865615
2020-01-13,22.916148050929344,23.054502022643177,22.450353395774307,22.980712890625,6736414
2020-01-14,22.980713387826185,23.76472271554174,22.97149083082479,23.455732345581055,6555490
2020-01-15,23.386546417766354,23.58485388661252,23.243579478387893,23.3358154296875,3906145
2020-01-16,23.524904159810298,23.85695606806674,23.37732591958974,23.677095413208008,4445958
2020-01-17,23.750886233314052,23.750886233314052,23.082171091280372,23.215913772583008,6502416
2020-01-21,23.128287286674325,23.137511577454173,22.55180989766274,22.731672286987305,5397142
2020-01-22,22.828522106320598,23.114456062036698,22.828522106320598,23.031442642211914,2705180
2020-01-23,23.06833396286038,23.27586749105039,22.768566203564344,23.229747772216797,2187860
2020-01-24,23.31276076563306,23.53873940047343,22.842354914541403,23.04988670349121,3948170
2020-01-27,22.44112792401966,22.54719946210768,22.12291157423516,22.20592498779297,6143133
2020-01-28,22.371953211225872,22.690169605557315,22.298164078462708,22.450353622436523,4225377
2020-01-29,22.574872970581055,22.69016881190081,22.385787999079135,22.574872970581055,2788836
2020-01-30,22.321224549503363,22.814688629002752,22.21053997958456,22.773181915283203,4742697
2020-01-31,22.65788435832876,22.713224899355712,22.205925325725666,22.491857528686523,4627869
2020-02-03,22.5010799795046,22.782400881583047,22.418066571473453,22.680940628051758,3265118
2020-02-04,23.05910919021603,23.74165805445228,22.800846425871374,23.53412628173828,5845604
2020-02-05,23.741663032433678,24.161339678608478,23.335821956375437,23.423446655273438,7337587
2020-02-06,23.594085631379215,24.4103790913273,23.547967641156717,24.373483657836914,6581533
2020-02-07,24.21206584712394,24.21206584712394,23.520292636378706,23.806224822998047,9318084
2020-02-10,23.520298615804464,24.05988244743786,23.31737805215423,24.032211303710938,5327100
2020-02-11,24.02759772107477,24.488779356088475,23.981477995604823,24.10138511657715,8685935
2020-02-12,24.318140536015054,24.682474902374537,24.248964420829264,24.58101463317871,6874129
2020-02-13,23.958420626090994,24.3642617273129,23.718604641041367,24.235130310058594,6760485
2020-02-14,24.419600074994815,24.69630973402533,24.272021821581276,24.387317657470703,4158295
2020-02-18,24.119833698524115,24.41960150092449,23.92613744654844,24.336589813232422,5139862
2020-02-19,24.396540070671783,24.71475643702056,24.327363957959854,24.59946060180664,5512759
2020-02-20,24.59946020002728,24.627133074388816,24.115220476870675,24.419599533081055,5310724
2020-02-21,24.304301608573013,24.35503260392344,23.617141416720077,23.85234260559082,4403144
2020-02-24,22.953040991704842,22.99915897726712,21.869262256669725,22.279714584350586,7265770
2020-02-25,22.62098770322837,22.690165545164714,21.29278181565245,21.315841674804688,6799550
2020-02-26,21.546438518723477,21.832370775126453,20.89155884006001,21.182104110717773,6851242
2020-02-27,20.536443976058948,21.002238557144725,19.784717204691056,20.08909797668457,11049984
2020-02-28,19.00070959304288,19.88156783177821,18.078344645298152,18.659433364868164,16947084
2020-03-02,18.779341230126274,19.59563466676186,18.170581346845953,19.549516677856445,7908770
2020-03-03,19.67864652340732,20.158274958303704,19.097556091257673,19.2681941986084,9216475
2020-03-04,19.595634005894922,20.006086349487305,18.99609669930285,20.006086349487305,6008377
2020-03-05,19.38348745665975,19.62791291953262,18.673267454319365,18.839292526245117,7139103
2020-03-06,17.9861109775098,18.853132022231506,17.810859827379982,18.272043228149414,8400837
2020-03-09,16.823928727954126,16.971505238489392,16.353522851711467,16.71785545349121,10960804
2020-03-10,17.386574103754878,18.161360920597318,16.371973022267248,18.050676345825195,9943920
2020-03-11,17.358901350482938,17.778576274698278,16.865437295101778,17.036073684692383,9386942
2020-03-12,15.670974934501912,16.10448719368591,14.900801152053033,15.099108695983887,13329588
2020-03-13,16.224392046608557,16.57950210571289,15.283580259674268,16.57950210571289,9643038
2020-03-16,13.457298042025116,15.823163937137199,13.457298042025116,14.854681015014648,10100379
2020-03-17,15.131388312537696,15.431157815470995,13.946150208526223,14.44422721862793,9976277
2020-03-18,13.374282604420422,13.904641937395704,11.764756894240449,13.31432819366455,9067711
2020-03-19,13.374286742699576,15.08527235703114,12.996116788696995,14.739386558532715,8396299
2020-03-20,15.14522634395288,17.013014567761715,14.76705811484958,14.983814239501953,13518799
2020-03-23,15.219013703058794,16.4780418550764,14.541076001363319,15.652525901794434,7340349
2020-03-24,16.814701934118762,17.92153861479926,15.924619576901398,17.916927337646484,7084254
2020-03-25,18.15674175612488,19.554123626167296,17.60332254076384,18.142906188964844,7389280
2020-03-26,18.419617874686757,19.784717487201927,18.21669735712686,19.61869239807129,6317941
2020-03-27,18.55336237545389,18.90386117020101,17.649445983940257,17.870813369750977,6310246
2020-03-30,18.31354607061345,18.986870708286176,17.884646917571924,18.355051040649414,6928979
2020-03-31,18.198252733956785,18.90847289666375,17.935378631664317,18.23975944519043,3495761
2020-04-01,17.409633254950727,17.921544185723178,16.83776528943336,17.017627716064453,4866207
2020-04-02,16.870046286224035,17.54798394536591,16.680961337837456,17.128307342529297,3894307
2020-04-03,17.049910133243774,17.377349094243513,16.385806183032585,16.805482864379883,4084899
2020-04-06,17.741682423476917,18.050674516032224,17.483419598869215,17.944602966308594,6457629
2020-04-07,18.410393721701933,18.807010468807306,17.594102103130414,17.6955623626709,7205396
2020-04-08,17.893870818212203,18.765506493866273,17.801634844832694,18.622539520263672,6720038
2020-04-09,19.217463783671924,19.71553903570664,18.97303656748571,19.166732788085938,8348158
2020-04-13,18.75167107450701,19.056050136201552,18.410394846332295,18.659433364868164,3434006
2020-04-14,18.996095440710125,19.531066141150994,18.816234781305397,19.06527328491211,5004120
2020-04-15,18.461123275647246,18.84390442399605,18.262814049841325,18.65481948852539,4119427
2020-04-16,18.788564743466914,18.996096552700905,18.387336694649232,18.95458984375,3042169
2020-04-17,19.438831356339406,19.494173635071203,18.908471901374263,19.143674850463867,6397453
2020-04-20,18.60409024855903,19.258969800563055,18.516467291956136,18.890024185180664,4069510
2020-04-21,18.415004992723087,18.516465242664285,17.155977026402066,17.248214721679688,7012437
2020-04-22,17.663281554023463,18.078345185478494,17.474194851046114,17.870813369750977,7617950
2020-04-23,18.08295693522803,18.345831038143523,17.847753973200547,17.944602966308594,2845855
2020-04-24,18.13829809685672,18.438065878763375,17.755516897412594,18.304323196411133,3493788
2020-04-27,18.521078447767923,18.72861024658312,18.45190060298938,18.534914016723633,3014349
2020-04-28,18.90385648316638,19.07449456004428,18.539522208669332,18.834678649902344,5056996
2020-04-29,19.157507696695884,20.139826062455757,19.09294287103441,20.010696411132812,6579363
2020-04-30,19.830833159213075,20.029140640400303,19.52645241835804,19.6878662109375,3432231
2020-05-01,19.180566445832323,19.36503835735457,18.345826360289653,18.44728660583496,3702926
2020-05-04,18.29510360237813,18.710167286224053,17.889262476071398,18.700942993164062,2514589
2020-05-05,18.908470907486898,19.212851688992057,18.51646716995617,18.534914016723633,2149781
2020-05-06,18.724000445691303,18.96842769284191,18.544139770600395,18.67327117919922,2265201
2020-05-07,18.936143818713692,19.29125389596453,18.84390784071829,19.25436019897461,2209365
2020-05-08,19.554126539281878,20.199781808217452,19.489561706596508,20.130605697631836,4143695
2020-05-11,19.950745283807017,20.185948248461166,19.614082046603958,20.001476287841797,3142200
2020-05-12,20.07987709578074,20.19517294121474,19.48495101928711,19.48495101928711,4281805
2020-05-13,19.531069989686543,19.692485569804408,18.608706651006642,18.922311782836914,4291472
2020-05-14,18.52108064688939,19.323536799519296,18.124463848933722,19.305089950561523,3262750
2020-05-15,18.982258476547717,19.489559737538208,18.710161868554863,19.411157608032227,3069593
2020-05-18,19.770884633091896,20.46726923592621,19.623306370152676,20.190561294555664,3665439
2020-05-19,20.10293684728718,20.725532326543807,20.10293684728718,20.310468673706055,4253591
2020-05-20,20.485720279219514,20.734758844760222,20.181339424554018,20.596403121948242,4144484
2020-05-21,20.610233914310562,20.771647729808926,20.079874482747428,20.471879959106445,3477018
2020-05-22,20.01531231275301,20.199784277559573,19.31892595970239,19.863121032714844,5418450
2020-05-26,20.651740077253294,20.79931831978979,20.471879419572016,20.504161834716797,3831961
2020-05-27,20.753201055237984,21.016075134277344,20.1444394820351,21.016075134277344,5659748
2020-05-28,20.877716340055994,21.302004172886708,20.863880772924546,21.02068328857422,8541906
2020-05-29,22.597928986579277,23.05911230877751,22.136747399901502,22.893085479736328,23420102
2020-06-01,22.708614482248365,22.96687555672484,22.265879724128233,22.76856803894043,7528179
2020-06-02,22.782400540881618,22.893083347747606,22.422677513646487,22.667104721069336,5828439
2020-06-03,22.828519839524397,22.85619097671834,22.464185513831346,22.510303497314453,5198658
2020-06-04,22.3396695851521,22.70861522905216,22.20592689770837,22.690168380737305,5245812
2020-06-05,22.80085027433873,23.681708505502034,22.80085027433873,23.298927307128906,8202353
2020-06-08,23.520297588835366,23.99992783329189,23.428061604120135,23.824678421020508,7115624
2020-06-09,23.658652134706507,23.658652134706507,23.008383788626023,23.07295036315918,4731057
2020-06-10,23.091395325181633,23.16518445038941,22.57948272670253,22.77779197692871,2883540
2020-06-11,22.132136200292386,22.252045054044576,21.421916047369525,21.486482620239258,6145698
2020-06-12,22.307387409032746,22.45035265442656,21.25589101085537,21.62944793701172,3785003
2020-06-15,21.122145063870537,21.864647523403665,21.039131655075888,21.70323371887207,4336259
2020-06-16,22.376562554079516,22.45957597207759,21.73552027794059,21.98917007446289,3159957
2020-06-17,22.030676310811064,22.42268006006616,21.892320617115917,21.915380477905273,4104235
2020-06-18,21.78624927832308,21.92460323778494,21.551046332373563,21.8692626953125,4487391
2020-06-19,22.29354618262892,22.83774113452892,22.16441653021085,22.561033248901367,6059478
2020-06-22,22.418068896711176,22.717836675382163,22.062958840279236,22.270490646362305,3595003
2020-06-23,22.519525658767936,22.837740235367047,22.293545304892955,22.6025390625,10216983
2020-06-24,25.29584822141296,25.31890634835603,23.84773502354182,24.488779067993164,31476453
2020-06-25,24.1797839658386,24.23051322721242,23.41883289658844,23.7970027923584,7400723
2020-06-26,23.61714841620923,24.405769096968683,23.42806341803858,24.096776962280273,10050659
2020-06-29,24.290469283501977,24.86694670081486,23.8984638066794,24.79315757751465,7782696
2020-06-30,24.820829018984202,25.47109734853157,24.636357063341155,25.33735466003418,6045272
2020-07-01,25.392689799350364,25.627894443105568,24.93611955016014,25.032968521118164,5496778
2020-07-02,25.43881217653041,25.706299278343756,24.774710038848774,24.788545608520508,3671556
2020-07-06,25.134433366176193,25.21283377141979,24.793158870061042,24.9315128326416,3368306
2020-07-07,24.723980324811937,24.8807828664043,24.387317116273348,24.419599533081055,3580008
2020-07-08,24.5302820257054,24.9730167388916,24.396537620713403,24.9730167388916,4085294
2020-07-09,25.088318309328336,25.088318309328336,24.442662937489395,24.76087760925293,2747008
2020-07-10,24.673252476935318,24.760875440934417,24.40576536462426,24.640968322753906,2285129
2020-07-13,24.67325286548369,24.760875830862652,23.86618370865081,23.87540626525879,4150008
2020-07-14,23.681709094643224,24.23973969752938,23.557188965587674,24.212068557739258,2630404
2020-07-15,24.29968764729989,24.622515222987722,24.055260459243623,24.295076370239258,3846166
2020-07-16,27.03450154893171,28.422659278091846,27.00221913393178,27.255868911743164,50015945
2020-07-17,27.099071145091806,27.96609211142681,26.72090120717591,27.84157371520996,11194999
2020-07-20,27.80929162696867,28.524124800713395,27.753949345539013,28.339651107788086,6124389
2020-07-21,28.454946555242916,28.823892200468435,28.155177025326772,28.1597900390625,5450018
2020-07-22,28.28891845088025,28.828502192234332,28.219742338657802,28.482616424560547,5695459
2020-07-23,28.48262137371706,29.00375662254543,28.09522709456313,28.371936798095703,4228534
2020-07-24,27.970706540965967,28.228969373961668,27.777010283979536,28.03988265991211,2538265
2020-07-27,28.062939349742113,28.288918001418025,27.878465670532016,28.113670349121094,2799687
2020-07-28,27.966092093990238,28.099836517613195,27.31582550188412,27.38039207458496,3281099
2020-07-29,27.40805861210879,27.76778166375038,27.297375797733203,27.52796745300293,3532459
2020-07-30,27.251256404815607,27.4403413440981,26.799297408641863,27.283538818359375,3671161
2020-07-31,27.504910320073023,27.634041729246825,26.979162126985774,27.5925350189209,3420985
2020-08-03,27.62943126981196,28.058330484848565,27.380392735997056,27.892305374145508,3327070
2020-08-04,27.878467601471,27.975316593480414,27.583311082707894,27.81851577758789,3335159
2020-08-05,28.016823730534067,28.210519981978795,27.8415743279125,27.95225715637207,2275856
2020-08-06,27.790843895017588,28.242802981351392,27.62943179509909,28.109060287475586,3726208
2020-08-07,28.02604882453943,28.090613665028012,27.693996858619343,28.03988265991211,2072834
2020-08-10,28.21051751140255,28.620969841015473,28.11367026192204,28.5148983001709,3092086
2020-08-11,28.70398457215704,29.142108060419698,28.30736779365409,28.38115692138672,4107589
2020-08-12,28.639416688223122,28.72704138186005,28.270471066467763,28.5148983001709,1955046
2020-08-13,28.228964833609258,28.418048046205264,27.440342626091635,27.468013763427734,5350381
2020-08-14,27.569477211549447,27.83234957561535,27.477239497917274,27.629430770874023,2139719
2020-08-17,27.763170386011517,27.989149028021966,27.50490759326779,27.52796745300293,1871588
2020-08-18,27.495688722126875,27.836964994563825,27.495688722126875,27.68016242980957,1631276
2020-08-19,27.818515062151494,27.984540165805758,27.54180366352678,27.60175895690918,3573103
2020-08-20,27.560251439949067,27.652487413108915,27.357330910580988,27.51413345336914,1906510
2020-08-21,27.371163174512578,27.98453596654209,27.352716329212523,27.883075714111328,4371182
2020-08-24,28.54718149637533,28.68553719301281,28.205907003870436,28.390378952026367,2523467
2020-08-25,28.39037906822988,28.547181613220644,27.87846645961698,27.96609115600586,2681110
2020-08-26,28.5102846802103,28.717818215083142,28.058327387875078,28.65325164794922,4099499
2020-08-27,28.87000730249723,29.137492651600052,28.348872173074167,28.791606903076172,7382966
2020-08-28,30.22127425990436,31.18514415671112,29.884611053831804,30.534875869750977,17972452
2020-08-31,30.239719408809343,31.06984662689823,30.175154575587495,30.474924087524414,5917619
2020-09-01,30.631717864185315,30.825412319407626,30.30427728870735,30.608659744262695,4548357
2020-09-02,30.8669248868574,31.641713268183643,30.59482999533056,31.5771484375,4577755
2020-09-03,30.954554118961912,31.20820392245333,29.700137200510156,30.22588539123535,4005387
2020-09-04,30.133648128645333,30.530263158330666,29.114435944478906,29.815433502197266,4566114
2020-09-08,29.07754134650777,30.244333550114586,28.92073880002387,29.584842681884766,5832188
2020-09-09,30.02756985620073,31.074452944633812,29.884604651226073,30.82541275024414,6426653
2020-09-10,30.936105922231377,31.046790483987905,29.995294089383258,30.17976951599121,3963757
2020-09-11,30.308904888065054,30.78392390753548,30.105984310380688,30.617897033691406,3386852
2020-09-14,30.89921593007081,31.2589373278681,30.659401664872615,30.83003807067871,4197755
2020-09-15,31.12980352681016,31.42034702684725,30.774691719172687,30.945331573486328,2875450
2020-09-16,31.208202802433025,31.618653404359957,31.05140199489436,31.069847106933594,4367433
2020-09-17,30.59021562280411,31.198977151573345,30.20282318487484,30.696287155151367,4471213
2020-09-18,30.72856682731656,30.972994005824884,30.355010011993365,30.608659744262695,21878202
2020-09-21,29.870772397509246,30.216661634935537,29.38653440719448,30.207435607910156,4275294
2020-09-22,30.493369130414134,30.590218115548684,29.963011425459904,30.580995559692383,2148794
2020-09-23,31.000668037673698,31.056010313692834,30.138260159151205,30.258167266845703,4193414
2020-09-24,30.03680307025866,30.4241955946449,29.677081688402968,30.14748764038086,3206322
2020-09-25,29.97684682800235,30.37346185114948,29.81081999726674,30.308897018432617,2413768
2020-09-28,30.81158710020412,31.194366554709443,30.65478282503339,31.04217529296875,3783622
2020-09-29,31.125193689560568,31.58637709097687,30.848485731335693,31.544870376586914,2713467
2020-09-30,31.540255878997137,31.766238025949985,30.977613960673366,31.21742820739746,3286229
2020-10-01,31.443416706175658,31.59560454481604,30.95456208607223,31.14826011657715,2183716
2020-10-02,30.38729427605424,31.189750266160367,30.308893882221884,30.972997665405273,1975565
2020-10-05,31.309668169352395,31.50336269283737,31.037569762626763,31.457242965698242,4981036
2020-10-06,31.401897418269897,31.766231730098774,30.99144338919253,31.120573043823242,3792698
2020-10-07,31.503350857671283,31.52640897705768,30.93148658802396,31.088287353515625,4220050
2020-10-08,31.12980132427847,31.923034832696555,31.1021301861336,31.664772033691406,4895013
2020-10-09,31.86307647071797,32.02449027065215,31.51719074829918,31.54024887084961,2297559
2020-10-12,31.660164864470207,32.05678342741153,31.590987006338494,31.93687629699707,1562221
2020-10-13,32.28275871654809,32.76238718769076,32.07522863505186,32.51796340942383,3167454
2020-10-14,32.62864723240714,32.951474916030485,32.41189110528387,32.5825309753418,2077372
2020-10-15,32.06599622067155,32.467224204619434,31.752391182981494,32.30120086669922,2558192
2020-10-16,32.66093227571181,32.840791236814994,32.33810458332585,32.3519401550293,2992055
2020-10-19,32.467233469610335,32.70243818275704,31.927649657550546,32.05216979980469,2087631
2020-10-20,32.34271578109072,32.46262290543895,31.992216964983154,32.01066207885742,1474620
2020-10-21,32.15363169079568,32.541024216400174,31.987604835090256,32.20436096191406,3767641
2020-10-22,32.47645355559394,32.47645355559394,31.25893044063143,31.72011375427246,2001214
2020-10-23,31.701668315108478,31.757010595915396,31.28660468009779,31.443408966064453,2602979
2020-10-26,31.060625393519757,31.12519022949065,29.487993848817673,29.85694122314453,3910486
2020-10-27,29.88460709074157,29.972230037449066,29.280455134269815,29.317352294921875,1867642
2020-10-28,28.611752772080617,28.796224750574456,27.979932948249665,27.99376678466797,3457485
2020-10-29,27.89691195988484,28.1459504518085,27.58791991763885,27.910747528076172,3550216
2020-10-30,27.873857388518065,28.072166658371493,27.154412912656603,27.790843963623047,3561265
2020-11-02,28.21974156732867,28.344259954342032,27.69860468777675,27.804677963256836,2206603
2020-11-03,28.164401093496608,28.99452835477808,28.13672995338448,28.478004455566406,1673893
2020-11-04,28.810055896399014,29.077541265433556,28.28891899262293,28.699371337890625,3366135
2020-11-05,29.146717349748393,29.792372645678313,29.054481374764272,29.750865936279297,3003301
2020-11-06,29.847713507155987,29.921504366262983,29.238951935926742,29.787761688232422,1501650
2020-11-09,30.405750370233548,30.46109265509428,29.603290710794393,29.626352310180664,2973508
2020-11-10,29.580229523280106,30.064470994690094,29.179001470576015,29.796985626220703,3444266
2020-11-11,30.101367743459683,30.101367743459683,29.547951838039104,29.9215087890625,1970830
2020-11-12,29.90766954533908,30.17515490809205,29.487992918211106,29.709362030029297,2410809
2020-11-13,29.958398473762152,30.525653345392765,29.87077204430329,30.48875617980957,2973903
2020-11-16,30.682458917812063,31.13441976258199,30.258172687050006,31.06062889099121,2832636
2020-11-17,30.825416304289654,31.452626404003453,30.69628665078185,31.295822143554688,1966094
2020-11-18,31.567920205437055,31.715498438563692,31.102127383361278,31.175914764404297,2527413
2020-11-19,31.111355863238085,31.692446351540266,30.765470072765392,31.590984344482422,4564141
2020-11-20,31.678608568342877,31.909200236231698,31.49874616491893,31.517194747924805,2840331
2020-11-23,31.637101030797503,32.208965436501394,31.609429892534337,31.996822357177734,2931286
2020-11-24,32.282752908352954,32.5133445460047,32.00604502579519,32.43494415283203,5787006
2020-11-25,32.2043574745125,32.27353532356517,31.01450888392982,31.982988357543945,8768407
2020-11-27,31.987598294197806,32.38421329589366,31.835407040921567,32.19974136352539,2779365
2020-11-30,32.39343760140617,32.4764510078742,31.364999517453167,31.835405349731445,4739935
2020-12-01,32.21358326894893,32.63787296210965,31.84924887467451,32.52257537841797,6792842
2020-12-02,32.55946907794107,32.79006077428298,32.130569841740865,32.52257537841797,4693964
2020-12-03,32.66092783033395,32.97914246516035,32.32426461206674,32.70243453979492,4426623
2020-12-04,32.76238906468532,33.334257017079494,32.582530113223086,33.251243591308594,5061337
2020-12-07,33.311200585228384,33.500285574320195,32.26431362386951,32.458011627197266,6222645
2020-12-08,32.43033144755697,33.16822261241783,32.34731804069002,33.145164489746094,3625585
2020-12-09,33.26969377847829,33.652473298800665,32.74855507083325,32.988372802734375,4662396
2020-12-10,32.72087926184096,33.315805285976545,32.4257227565559,33.27891159057617,4902116
2020-12-11,33.07136987674209,33.4541527189725,32.813110601691434,33.03908920288086,2887091
2020-12-14,33.20512721769618,33.65247155880604,33.168230047901275,33.40343475341797,4259312
2020-12-15,33.81388183110802,34.07214463723939,33.38036963557048,34.0075798034668,3963362
2020-12-16,34.10442146168793,34.26122572144929,33.9660692538334,34.067527770996094,3201982
2020-12-17,34.2058853016164,34.505654798436936,34.18743671975147,34.454925537109375,3632490
2020-12-18,34.58867407457454,34.76853302632825,33.38037332702004,33.62941360473633,9961677
2020-12-21,33.35270110639678,33.823110504647445,32.75777851539761,33.69397735595703,3446042
2020-12-22,33.98912626421253,34.067526656006955,33.45876863087347,33.541778564453125,2565492
2020-12-23,33.62018846837221,34.05831022120459,33.3849837796854,33.85077667236328,3252096
2020-12-24,34.01680188936072,34.07675717984742,33.55100901889396,33.66169357299805,3294318
2020-12-28,33.91995364961435,34.01218962304685,33.40804104667909,33.59712600708008,6292884
2020-12-29,33.63863349353978,33.99835831059708,32.90535523162059,32.97453308105469,8200972
2020-12-30,33.05754100064448,33.6893606919806,32.98375361313707,33.43571090698242,8683962
2020-12-31,33.532563445727405,33.83694252579057,33.19129066799868,33.800048828125,2456188
2021-01-04,34.07675415149575,34.07675415149575,33.062151614109446,33.43109893798828,6927203
2021-01-05,33.15900204442322,34.11826235174088,32.97453010991471,33.87844467163086,4051555
2021-01-06,33.81387761400489,34.69473746467759,33.62479267872627,34.15976333618164,5155844
2021-01-07,34.588673215771124,35.211266952520674,34.3719170994137,35.20665740966797,4542635
2021-01-08,35.32656113662451,35.700118036983326,34.9345556535039,35.612491607666016,5304213
2021-01-11,35.17437560117506,35.43724798984504,34.87921905517578,34.87921905517578,2937402
2021-01-12,34.985289856247554,35.400353523135124,34.85615670076692,35.3957405090332,2739511
2021-01-13,34.4733785809426,34.57945014123333,32.36577600486718,32.85001754760742,15098974
2021-01-14,32.88229984021724,34.058316560460426,32.86385472424781,33.78160858154297,8655156
2021-01-15,33.735481955004516,34.542551067375015,33.606352285441666,34.24739456176758,6529052
2021-01-19,34.390366178782486,34.60250930571012,34.26584602865647,34.52410888671875,4898170
2021-01-20,35.02217182578808,35.59403959914636,34.55176603139866,35.53408432006836,6958771
2021-01-21,35.76929493129181,35.84308231829268,35.003732568193115,35.46491241455078,4772095
2021-01-22,34.96223063835013,35.13286703126494,34.602505796687815,35.02218246459961,2249417
2021-01-25,35.20664609765403,35.22509120522098,33.90150027600452,34.90226364135742,2686437
2021-01-26,35.049853569768885,35.275832245781054,34.56561206215367,35.068302154541016,2520508
2021-01-27,34.408813063852826,34.929948297590364,33.76315768614706,34.06292724609375,5637650
2021-01-28,34.05369807726423,34.67629526864785,33.61096329947001,34.09059524536133,5227858
2021-01-29,33.869215985457664,34.39496402757652,33.375752088002315,33.61556625366211,3720683
2021-02-01,33.966075105954815,34.459539150980476,33.527949870981104,34.104427337646484,3231379
2021-02-02,35.50182022456908,35.847706080813914,35.24355735054227,35.58944320678711,8058324
2021-02-03,35.39573877743737,36.124407533654725,35.39573877743737,35.8569221496582,2721754
2021-02-04,36.05061448107808,36.590198178279756,35.995272207412185,36.57636260986328,2943321
2021-02-05,36.663992409700015,36.93147780167919,36.52102715672399,36.7147216796875,3535616
2021-02-08,36.89458398370834,37.222024672646846,36.66399229145994,36.866912841796875,9876049
2021-02-09,36.571758851539315,36.86230239076927,36.34116714325828,36.705501556396484,8452332
2021-02-10,36.81618335366629,36.894583764936755,36.165914993644165,36.70088577270508,9603578
2021-02-11,36.82079083451152,36.949923979114544,35.903040607397315,36.66399002075195,3077091
2021-02-12,36.68243187912359,36.922246069508205,36.36421382519277,36.917633056640625,3497340
2021-02-16,37.249697108614455,37.314265428695236,36.18897796541445,36.63632583618164,6170952
2021-02-17,36.35961206331419,36.88074725827852,36.253540512987726,36.553306579589844,3593819
2021-02-18,36.304265865653946,37.13900607875402,36.05061608079031,36.75161361694336,3027174
2021-02-19,37.19895793201219,37.50334045096619,36.91302399546297,37.24968719482422,3269853
2021-02-22,37.20357094537361,37.80771949887929,36.68243580612812,37.24968719482422,5745968
2021-02-23,36.89458066441705,37.30042172857865,35.52486967615246,37.1528434753418,5043975
2021-02-24,37.25891329709179,37.780048437393916,37.08366391253415,37.67397689819336,3969676
2021-02-25,37.35577098733302,37.63247896221448,36.419568556681895,36.74700927734375,5594047
2021-02-26,37.208187321868714,38.36575527069704,36.894582218886974,37.38804626464844,6943776
2021-03-01,37.39266471099599,38.4810549664808,37.39266471099599,38.31964111328125,4621753
2021-03-02,38.27812515310246,38.54099749235945,37.88150666650876,38.14438247680664,2937205
2021-03-03,38.31501824758018,38.81770826468376,38.06598148118006,38.554832458496094,5848564
2021-03-04,38.47182029697493,38.92377755523236,37.55867975446744,38.18588638305664,5422791
2021-03-05,38.67935890750781,39.51871225412351,38.4487672143373,39.361907958984375,6930557
2021-03-08,39.624777590768296,39.979885896277764,39.17281683233689,39.251220703125,6884981
2021-03-09,39.70318139782397,40.51947308736509,39.66167468774142,39.88765335083008,4318897
2021-03-10,40.09057281723404,40.63476957642685,40.0075593992852,40.436458587646484,4408866
2021-03-11,40.58403416470151,41.26197003319142,40.58403416470151,40.869964599609375,7447286
2021-03-12,40.82385176335538,40.97143000599791,40.42723328379311,40.96220397949219,2858088
2021-03-15,40.925311874110854,41.192797232336325,40.6854976543943,41.18357467651367,5621472
2021-03-16,41.27580932198288,41.409551996799465,40.70394492957007,41.08211135864258,5880329
2021-03-17,40.94376662699188,42.20279320575865,40.64399707165065,42.09672164916992,6162468
2021-03-18,41.718542553388964,41.718542553388964,40.60709448837453,40.634765625,6201731
2021-03-19,40.454909268499634,40.93453774679631,40.37650886005205,40.41340255737305,7791772
2021-03-22,40.32115729967071,40.71316272273988,40.09056567015705,40.284263610839844,6212385
2021-03-23,40.159750218977685,40.56097826356133,39.11286689224812,39.54637908935547,5250745
2021-03-24,39.81386322920626,40.30732723164415,39.58788111056524,39.82308578491211,5446269
2021-03-25,39.274279608673424,40.076735675281405,39.15437250002077,39.65706253051758,3417039
2021-03-26,39.97065888506201,41.045213179434285,39.75851583385522,41.04060363769531,5169063
2021-03-29,40.893028399663734,41.335766623141296,40.477964786194526,40.680885314941406,4094567
2021-03-30,40.43645967843105,41.06827941514155,40.404178995718645,40.856136322021484,4601036
2021-03-31,40.88380132852724,41.045215130996745,40.55636071058947,40.6532096862793,3239271
2021-04-01,40.71316748509647,41.197408922406375,40.62554105895272,41.08211135864258,3805720
2021-04-05,41.15590421255364,41.42338957516321,41.02216153124885,41.211246490478516,5019707
2021-04-06,41.243524708592275,41.49256494438003,41.04521720523293,41.26658630371094,4943154
2021-04-07,41.331159070778206,42.61785678965005,41.331159070778206,42.20279312133789,5613974
2021-04-08,42.56711744650172,42.834602781210926,41.778493539371546,42.69624710083008,6963309
2021-04-09,42.567115409500055,43.35573580785103,42.49332455981457,43.29578399658203,4034193
2021-04-12,42.77465346566651,43.36957950329143,42.68241748955371,43.09748458862305,4027090
2021-04-13,43.203544890850885,43.203544890850885,42.60400941846037,42.673187255859375,3293332
2021-04-14,42.73775897374564,43.125151454623484,42.682416694900084,42.75159454345703,5620682
2021-04-15,45.223529214037086,46.685476114055724,43.96450283740487,45.620147705078125,26547702
2021-04-16,45.99370762810526,47.11899140102213,45.75850293761199,46.77310562133789,11333504
2021-04-19,46.763875628819235,47.870710642013144,46.514835407898204,47.69546127319336,7467805
2021-04-20,47.70930511452773,47.7415892687407,46.648586162792085,46.800777435302734,5472510
2021-04-21,46.703928814446506,47.1881703052377,46.59324425174195,46.76849365234375,4750787
2021-04-22,46.759267556659914,47.04520149832435,46.16895456163717,46.34420394897461,3146540
2021-04-23,46.570186124858914,46.94374305294555,46.34420745669794,46.76849365234375,5709862
2021-04-26,46.78693241913401,46.91606206783312,46.19200649047207,46.2934684753418,5005304
2021-04-27,46.247359733916916,46.73160123800153,46.21507557856141,46.4456672668457,3814598
2021-04-28,46.55635334219414,46.55635334219414,45.82768455548002,45.850746154785156,1792668
2021-04-29,46.18741058464894,46.459505529813,45.86919243969741,46.11823272705078,2896167
2021-04-30,45.94297902734196,45.989095280746085,45.265039557138756,45.348052978515625,2448888
2021-05-03,45.74928017322582,45.892245415514736,45.03444701969895,45.09440231323242,5167682
2021-05-04,44.73467475277818,44.83152025805064,44.208926638119095,44.5133056640625,4061618
2021-05-05,44.85919777106515,45.527914674260934,44.52253801918687,45.380332946777344,4055107
2021-05-06,45.458730218137866,46.03982060313625,45.08056034013956,46.01214599609375,3599936
2021-05-07,46.11822375733625,46.90223122520048,46.012148748955674,46.60707473754883,4147641
2021-05-10,46.60247332595751,46.69470931056081,45.92914682020784,45.97065353393555,3178306
2021-05-11,44.614776921864014,45.251206242054764,44.25966509195708,45.11285400390625,7071824
2021-05-12,44.73929244951554,44.960661578580755,43.337300692587206,43.392642974853516,4925595
2021-05-13,43.798478790386,44.71161946811384,43.63706496409995,44.457969665527344,2962854
2021-05-14,45.0206047059348,45.440281284680815,44.83613278138031,45.3941650390625,1881058
2021-05-17,45.195862376827584,45.587867891787134,45.03906155926026,45.37572479248047,2311567
2021-05-18,45.54636230977438,45.67088244677531,45.10824052986327,45.26504135131836,1869220
2021-05-19,44.46718761674682,44.99754525191097,43.99677832228046,44.64243698120117,3021847
2021-05-20,44.7808034436402,45.69855726058649,44.757745314171274,45.47718811035156,2802055
2021-05-21,45.85535149544917,45.97987162453622,45.33882933763808,45.41261672973633,2296769
2021-05-24,45.80000593280258,46.42260306256749,45.72160553267769,46.18278884887695,3656364
2021-05-25,46.44105604124825,46.551737131939646,45.85996556319335,45.89224624633789,4078783
2021-05-26,45.95681623836973,46.32576016293996,45.82307354505683,45.96142578125,3318586
2021-05-27,46.21506338222697,46.33036093146231,45.65242161623813,45.979862213134766,6532208
2021-05-28,45.50945733869283,45.99369872493079,43.922990519267934,45.49100875854492,6509124
2021-06-01,45.92914435644226,47.49254993882118,45.855353490093094,47.43259811401367,8253256
2021-06-02,47.478709770539766,47.65395915622667,46.48255920410156,46.48255920410156,4747433
2021-06-03,46.247348801569565,47.0221336365381,45.78616553401945,46.88378143310547,5104151
2021-06-04,47.06825735528355,47.764641857631176,46.93912769548533,47.74619674682617,4336851
2021-06-07,48.045962617457796,48.14742461072153,47.22967101334511,47.427978515625,2438431
2021-06-08,47.469486987175,48.041354862375954,47.42337073755484,47.92144775390625,2725305
2021-06-09,48.059797874234185,48.133588729860044,47.62628917995502,47.94450378417969,2267372
2021-06-10,47.91684102502299,48.24889125579341,47.72314303229945,47.866111755371094,3439925
2021-06-11,47.73236588807689,48.01368683049943,46.952967897079155,47.953731536865234,3788949
2021-06-14,47.96296463869401,48.064423186220104,47.15589538867592,47.381874084472656,3681223
2021-06-15,47.446424664856565,47.644732156969326,47.21583302403309,47.437198638916016,2075201
2021-06-16,47.36802568432734,47.690853296907044,47.04058505863969,47.386470794677734,3290767
2021-06-17,47.386480584421946,47.386480584421946,45.8691911860432,45.956817626953125,5055813
2021-06-18,45.306537547053296,45.587858440208834,44.89147399110317,45.4587287902832,5546695
2021-06-21,45.76773389591445,46.192020127794464,45.68933348098371,46.11823272705078,3652418
2021-06-22,46.11823003689203,46.11823003689203,45.6570466605003,46.007545471191406,2206998
2021-06-23,45.97986824762673,46.04443307873113,45.657040621063885,45.75849914550781,2387133
2021-06-24,46.11822502636198,46.11822502636198,45.472569757977524,45.69393539428711,7347452
2021-06-25,45.88763427734375,46.02598997219401,45.776949721463545,45.88763427734375,9249424
2021-06-28,45.88763178072769,46.210459403786814,45.80923138159176,46.002925872802734,7946652
2021-06-29,46.02598510086153,47.178939846477036,45.827674135551476,47.13282012939453,8192291
2021-06-30,46.71774911572993,46.88838544676849,45.93373834753747,45.96602249145508,5759582
2021-07-01,45.703165018003524,45.850743277504776,45.1497456771135,45.51408004760742,5603123
2021-07-02,45.72621634598151,45.979866116375064,45.14973896398876,45.827674865722656,4022750
2021-07-06,45.80000189421621,46.210455911910856,45.24658265778508,45.366493225097656,3589084
2021-07-07,45.63860265431486,46.1505153509938,45.352672125625574,45.88302993774414,3040985
2021-07-08,45.205089917122194,45.975261931336554,45.029840509430514,45.657047271728516,3542916
2021-07-09,45.79540632153699,46.5148491186241,45.75850914909025,46.23352813720703,5137100
2021-07-12,46.16895595974336,46.16895595974336,44.7854094018816,44.79463195800781,4087069
2021-07-13,44.61939331874312,44.633228891787375,43.22662386909442,43.24045944213867,6977514
2021-07-14,43.627847957592756,44.19510292859302,42.95452142680178,43.07442855834961,5163538
2021-07-15,42.86228431434223,43.222005699548994,42.53484361502753,43.18511199951172,5192147
2021-07-16,43.44798489635477,43.4894916110258,42.53023457251705,42.56251525878906,3884442
2021-07-19,41.88918885931165,43.014476230812,41.77389474336295,42.83461380004883,4358160
2021-07-20,43.079034039588066,44.245824464296334,43.05136290091255,43.98295211791992,4929541
2021-07-21,44.1351375882676,44.59632089457585,43.867652242500235,44.37034225463867,3306156
2021-07-22,44.4948520024283,44.55942029329154,43.909152140479534,44.24581527709961,2737538
2021-07-23,44.273495595287976,44.59632323241897,44.084410638051764,44.52714538574219,2062574
2021-07-26,44.6055562475624,44.77619613305768,44.39802612991064,44.48564910888672,2463488
2021-07-27,44.09824530556177,44.448744074195645,43.78925324408514,44.31961441040039,1734859
2021-07-28,44.388790239249374,44.550204059803455,44.18587318121889,44.2227668762207,1140591
2021-07-29,44.43030668293609,44.69318256114543,44.07058526800719,44.637840270996094,1576822
2021-07-30,44.444131601514776,44.85919520709572,44.29194034008675,44.55942916870117,1586884
2021-08-02,44.77157619551976,44.79463432257299,44.26888611688721,44.40724182128906,2405876
2021-08-03,44.62398972103857,45.569414408701455,44.32883325333512,45.3941650390625,3140424
2021-08-04,45.19125457118896,45.24198384105298,44.803858584122075,44.91454315185547,1653571
2021-08-05,45.19585686333266,45.47256823827306,45.002162371915205,45.3526611328125,1729137
2021-08-06,45.371113458660695,45.57403400887165,45.22814820623448,45.44490432739258,1464163
2021-08-09,45.131292334141904,45.54635592828251,45.01599824117429,45.426448822021484,2125710
2021-08-10,45.63398028479737,45.735438804323756,45.260419943077586,45.38955307006836,1717102
2021-08-11,45.38955528546278,46.33958958328414,45.38955528546278,46.28886032104492,2432906
2021-08-12,46.31653419143414,46.48717057041557,45.933751253319954,46.35342788696289,2042450
2021-08-13,46.353426642911174,46.50100489210651,45.956811616779156,46.13206100463867,2552076
2021-08-16,45.896862328326186,46.05366315390213,45.44490496575939,45.956817626953125,1763073
2021-08-17,45.7308382102326,45.77695446593498,44.78080030185051,45.11285400390625,2405087
2021-08-18,44.919152835256256,45.2419804865145,44.707009743524516,44.71623229980469,1565970
2021-08-19,44.27349188966218,44.71161358722369,44.04751325679276,44.37495040893555,2248431
2021-08-20,44.90531369045923,45.6293693413188,44.743899877680064,45.426448822021484,3037828
2021-08-23,45.63859418368122,46.33036918927229,45.389557403134695,46.17356491088867,3252885
2021-08-24,46.579402648152005,46.71314532041642,46.067493554031536,46.459495544433594,4843912
2021-08-25,46.31652586316224,47.23888891177551,46.18739621651014,47.06825256347656,3476426
2021-08-26,47.271179126911036,47.354192540860716,46.630136882034414,46.83305740356445,4156322
2021-08-27,45.50024048284074,46.791551007872826,43.816924481132354,44.71161651611328,10634075
2021-08-30,44.99294294970048,45.68471801755319,44.4579721743442,45.26504135131836,5722687
2021-08-31,45.25119450092314,45.403385741543616,44.82690839755032,44.946815490722656,4847858
2021-09-01,44.979109595819764,45.182026666849005,44.605549195232896,44.619384765625,3568170
2021-09-02,44.74851156102746,45.11745892405049,44.50408779455783,44.76696014404297,4295616
2021-09-03,44.766963586699624,45.19125326035677,44.68856317717638,44.79924774169922,5029966
2021-09-07,44.64244486488344,44.82691681655752,44.204319640856085,44.27811050415039,5111648
2021-09-08,44.204323859184726,44.37957327131114,43.42953881138452,43.76158905029297,3880891
2021-09-09,43.59554941600988,44.64243603883599,43.59554941600988,44.44873809814453,3654391
2021-09-10,44.702394469856266,44.81769203721436,43.82153799392029,43.922996520996094,4062407
2021-09-13,45.37572772900047,45.84152066906242,44.99294474587834,45.606319427490234,11731655
2021-09-14,45.57863370084835,45.61091784730259,44.81307145060564,44.937591552734375,5554982
2021-09-15,45.01599803879862,46.459496320734885,44.854584226745104,46.321144104003906,5807131
2021-09-16,46.21506814216486,46.85150082173879,46.06288035979777,46.763877868652344,5478035
2021-09-17,46.76849324765133,47.10515647560368,45.454124490031816,46.36265563964844,8707836
2021-09-20,45.587865709767364,47.08209683208608,45.564807583826706,46.51945495605469,8217150
2021-09-21,47.04058456795493,47.132820531866905,45.578637771420794,45.813838958740234,5475667
2021-09-22,45.99370972261799,46.072110132672314,45.16358242515609,45.78156661987305,5756425
2021-09-23,46.47795380961588,48.530214039993474,45.65704902325654,47.35881042480469,11649184
2021-09-24,47.33113443345126,48.009070372205336,47.317295393413715,47.90761184692383,6315968
2021-09-27,47.70008521109792,48.465647687905225,47.67702708311544,48.36418914794922,4292853
2021-09-28,48.0551862571934,48.737735154818196,47.97678239177597,48.5578727722168,4103643
2021-09-29,48.70083901247174,49.00522151247613,47.92144459432656,48.59938049316406,4778211
2021-09-30,48.72389990850828,48.81613587138628,47.36802465922452,47.98139572143555,4859104
2021-10-01,48.23505293291272,49.00061536112082,48.022909838441805,48.78385925292969,3768825
2021-10-04,48.908377464161276,49.14819168945748,48.15665063558083,48.534820556640625,4091805
2021-10-05,48.84380860317034,49.09284536397335,48.29961189205743,48.853031158447266,3353114
2021-10-06,48.2304345087075,48.74696008786273,47.935278026630456,48.65472412109375,3063674
2021-10-07,48.95448906491371,49.56786009597274,48.6916132865738,49.36955261230469,4105024
2021-10-08,49.56786234561142,49.76156029633707,48.082857450530305,48.45180130004883,5286654
2021-10-11,48.479478984936385,49.00984017906627,48.27194543826614,48.51637268066406,2772065
2021-10-12,48.48409281415111,48.66856476693382,47.67702368192532,47.847660064697266,3830579
2021-10-13,47.967567553036695,48.26272406819405,47.478713056226816,47.81537628173828,5377017
2021-10-14,48.07363664534929,49.08823928379207,48.04135596408309,48.885318756103516,3618679
2021-10-15,49.22659099228531,49.793845861186746,49.00522535505607,49.6739387512207,3345024
2021-10-18,50.015212610798336,50.5870769951263,49.89991504866458,50.10744857788086,5004909
2021-10-19,50.36110664922717,51.16817583291869,50.10745683021574,51.10361099243164,7436829
2021-10-20,51.274251241555994,51.63858565510716,51.06210811927197,51.48178482055664,7434461
2021-10-21,51.4218211315349,52.344184344224274,51.22351361352845,52.1043701171875,7329695
2021-10-22,52.03980343298931,52.92988593216189,51.95218047551103,52.823814392089844,5251140
2021-10-25,52.94372360268452,53.035959577232326,51.74464899148092,51.786155700683594,13385424
2021-10-26,51.93835614347781,52.04442770649903,50.79462360915298,50.826904296875,5858824
2021-10-27,50.63320802770641,50.82229301733914,49.77079650977783,49.987552642822266,7104576
2021-10-28,50.61937043133879,50.92836253971601,50.172022611436994,50.76694869995117,6544638
2021-10-29,50.370325362165936,51.5832355521299,50.370325362165936,50.72543716430664,8913619
2021-11-01,50.43027949985773,51.454104702272886,50.43027949985773,51.42643356323242,6635002
2021-11-02,51.55564679077765,52.17438762462297,48.23446447590323,49.69032669067383,18238300
2021-11-03,50.05429485080426,50.35456770041187,49.38096141338828,50.22718048095703,9923000
2021-11-04,50.06338818508288,50.454650853541864,48.916896445073476,49.653926849365234,5980600
2021-11-05,49.87231651561961,51.34637412301995,49.67213461016767,51.28268051147461,7625100
2021-11-08,51.29176961510892,51.610241091124465,50.290867195725035,50.527442932128906,4450600
2021-11-09,50.45464723748575,51.20987278386872,50.05428352857085,51.02789306640625,3980100
2021-11-10,50.9096054344311,52.02879740093524,50.88230569892756,51.51924514770508,5205200
2021-11-11,51.619340536970185,52.02880189447952,50.936906098134976,51.127986907958984,3695300
2021-11-12,51.28267775350417,51.48285964819038,50.8095227567267,50.955108642578125,3945600
2021-11-15,51.38276914922198,52.3563754201695,51.20988352192387,51.59204864501953,7123900
2021-11-16,51.63754358392485,51.974210297073846,51.41916301772143,51.59204864501953,6305700
2021-11-17,51.774031419893234,52.04700452198449,50.909613704069805,50.955108642578125,3566600
2021-11-18,50.87321808299083,51.573851267013765,50.53655136140939,50.86412048339844,5020300
2021-11-19,50.82771550388373,50.95510270528039,50.017893891255646,50.06338882446289,3828900
2021-11-22,50.345465880427454,50.66393390236732,49.426452209616215,50.163482666015625,6228400
2021-11-23,50.01789920828285,50.24537736954149,49.317266055081284,49.74492263793945,4646700
2021-11-24,50.36365885626616,52.77492853101332,49.863207641990606,52.13798904418945,13025100
2021-11-26,51.410060601945375,52.52925265516192,50.94600671492037,51.11888885498047,3858600
2021-11-29,51.910508253466816,52.656636237608154,51.37365973111724,52.383663177490234,5353600
2021-11-30,52.34726410603798,52.63843582330287,50.70032473107857,51.38275909423828,9760600
2021-12-01,51.85592081278517,52.09249656249211,50.572944180393385,50.682132720947266,6301600
2021-12-02,50.50015702668553,52.11070299162915,50.50015702668553,52.00151443481445,6671100
2021-12-03,52.319978805207846,53.35727869919665,52.25628519565004,53.211692810058594,8107200
2021-12-06,53.45736312866211,53.95781434459458,52.90231590932136,53.45736312866211,5165000
2021-12-07,53.912321472199885,54.13070202314283,52.956913937786844,53.60295104980469,4197500
2021-12-08,53.684843110781024,53.684843110781024,52.70213584197548,53.13889694213867,3505900
2021-12-09,53.093398904266444,53.30268185710854,52.401866854447604,52.45646286010742,4445000
2021-12-10,52.465560972014124,52.838625003402285,51.965109730548214,52.41096496582031,3037400
2021-12-13,52.00150797472531,52.31087840646888,50.6457366344558,50.70033264160156,3542400
2021-12-14,49.763115327306096,50.19077532981343,49.37185265927617,49.70852279663086,4771500
2021-12-15,50.08158454502788,51.01879330390491,49.5447360342737,50.99149703979492,3518100
2021-12-16,51.182582997411295,51.35546513929444,49.99969732901267,50.036094665527344,2863300
2021-12-17,49.97239605359793,50.07248699041326,49.18987416885464,49.726722717285156,5389000
2021-12-20,49.1443728872821,49.28995874929821,48.29815745065399,48.77130889892578,3697400
2021-12-21,49.42645621395789,50.481954777809605,49.08068842566675,50.45465850830078,3567200
2021-12-22,50.336363890672395,50.72762657964261,49.89960626669098,50.381858825683594,3787400
2021-12-23,50.591135065718866,51.18257959613498,50.436451602372365,50.84591293334961,2885900
2021-12-27,51.0005978324829,51.664833578749864,51.0005978324829,51.50104904174805,2009400
2021-12-28,51.45556022000888,52.174392054336096,51.45556022000888,51.81952667236328,2353700
2021-12-29,51.87412511734926,52.59295703352925,51.855929916596864,51.9105224609375,2207800
2021-12-30,51.874115230563724,51.97420617083401,51.3736640002534,51.419158935546875,1581300
2021-12-31,51.34635853271012,51.57383663945754,51.100681760898055,51.109779357910156,1252900
2022-01-03,51.10069651807626,51.95601319687567,51.0915989184369,51.846824645996094,2906500
2022-01-04,52.09249768290899,53.684844773652934,52.09249768290899,53.22079086303711,5745700
2022-01-05,53.11159446439366,54.139796615709514,52.656638190312066,52.75672912597656,6049000
2022-01-06,52.756736692342045,53.41187493171248,52.39277370350178,52.81133270263672,3751300
2022-01-07,52.86592610365652,53.20259629939961,52.156195313463506,52.765838623046875,3516200
2022-01-10,53.83952085905672,54.60384749648093,53.32997208146773,54.48556137084961,10511600
2022-01-11,54.59476075231782,55.21350165186073,54.349083912407416,54.82223892211914,7313500
2022-01-12,55.00422316315033,55.058815703439556,53.7940376114641,54.54926681518555,3098100
2022-01-13,55.04970822668622,55.258987692675994,54.476462359211105,54.74943542480469,4133000
2022-01-14,54.57655984951694,55.29539166973212,54.26718941240163,55.07701110839844,5790400
2022-01-18,54.84953435751797,55.33179043046997,54.04881371114583,54.121604919433594,5053900
2022-01-19,54.5947555414797,55.01331450091452,52.71123675298194,52.73853302001953,3957500
2022-01-20,52.984214358634524,53.73034247036613,52.183490237126925,52.22898864746094,2893700
2022-01-21,52.074297546686196,52.092496215164026,50.28176861859282,50.5638427734375,4212100
2022-01-24,49.84501695779911,50.582047499734614,48.616636192281454,50.42736053466797,5523700
2022-01-25,49.908700483971174,50.98239753848976,48.77130983054393,50.44554901123047,4421900
2022-01-26,51.12798900743747,51.61934265662522,49.9996992993484,50.35456466674805,3126700
2022-01-27,50.80952389608107,52.41096867635762,50.09069204998996,50.45465850830078,4359300
2022-01-28,50.45465679525812,51.30087583171466,49.78131991155673,51.17348861694336,3920500
2022-01-31,51.15528629678204,51.692134857177734,50.90960948395272,51.692134857177734,3319000
2022-02-01,51.755835512637105,53.339081671893545,51.40097011387416,53.29358673095703,3395200
2022-02-02,53.675745029717774,54.33087973199285,53.375472209934195,54.04880905151367,3886500
2022-02-03,53.60294582809873,54.68574046548143,53.53925223007862,53.8668212890625,2814900
2022-02-04,53.75763548361724,53.96691495500751,53.002406395910626,53.448265075683594,1952100
2022-02-07,53.75764096110545,54.25809222377352,53.53926039811944,53.6484489440918,2132500
2022-02-08,53.784940011763055,54.62205802591834,53.339081263499324,54.54926681518555,2933500
2022-02-09,54.85862965120742,55.50466674253794,54.64935017673589,55.295387268066406,3346900
2022-02-10,54.9951153047535,55.99602122936623,54.72214222387404,55.24989318847656,3676800
2022-02-11,55.27719616089267,55.77764744838793,54.003317000867035,54.148902893066406,2449800
2022-02-14,53.86682671888085,54.27628808388473,52.98421038443262,53.32087707519531,2902500
2022-02-15,53.593855102491716,54.98602031064707,53.55745776437285,54.430973052978516,3400900
2022-02-16,54.01241214379536,55.086109282569375,53.985115876704164,54.8586311340332,3001700
2022-02-17,54.79493981583333,54.93142462802369,53.90322585289966,53.92142105102539,2716100
2022-02-18,53.91231717788574,54.51285930634208,53.46645851278535,53.593849182128906,3198000
2022-02-22,53.09340177286104,53.712142652937985,51.783128805602324,51.98331069946289,3316400
2022-02-23,52.492861095613414,53.120703064318256,51.45556119902104,51.66484069824219,3477400
2022-02-24,50.127090021484385,50.918713086584965,49.471951776688634,50.80952453613281,6516000
2022-02-25,46.17806339617774,48.27086163421011,44.73130225635241,46.824100494384766,14711100
2022-02-28,46.23265583127619,47.324548065229685,45.777699576781984,46.369140625,6844300
2022-03-01,45.51382748241326,45.986982438607555,45.131662395431285,45.38644027709961,5359800
2022-03-02,45.92328525629563,48.998787025266,45.741302061015304,48.77130889892578,6072200
2022-03-03,48.571130447967874,49.089780297698695,47.743110207955446,47.852298736572266,4004200
2022-03-04,47.38824855718744,47.7613125739784,46.76950772869886,47.279056549072266,2984600
2022-03-07,46.787708117496294,47.07888336707279,44.5675224384058,44.88599395751953,4649800
2022-03-08,45.26815342918418,46.87869920389317,44.63121389275626,45.714012145996094,5920600
2022-03-09,46.81500767889114,47.82501130039961,46.5238359014705,47.29726028442383,4199800
2022-03-10,46.68762377864655,47.4974455590989,46.43284585201315,47.28816604614258,3590400
2022-03-11,47.3154568443013,47.97969264885981,46.89689786680545,47.324554443359375,2977400
2022-03-14,47.18806937057835,47.825008903403024,45.84139909974284,46.168968200683594,3406400
2022-03-15,46.168958024475145,47.497429333442334,46.005173510104896,47.388240814208984,2477400
2022-03-16,46.87870462034037,47.70672507205523,46.059781768735945,47.28816604614258,5130700
2022-03-17,46.796807719598284,46.824103988278985,45.05887470242093,45.959686279296875,5634300
2022-03-18,45.86870017551941,47.21537058750572,45.52293236928028,47.1607780456543,4907200
2022-03-21,47.087978497706295,48.19807301456899,47.02428489143134,47.60662841796875,3853500
2022-03-22,47.715811962293024,48.525637032020775,47.58842476308936,48.21626663208008,2764900
2022-03-23,47.8341081499405,48.580236251763594,47.77041454156838,47.86140441894531,2895900
2022-03-24,47.88869825166504,48.99878919710155,47.70671504831844,48.68941879272461,2806000
2022-03-25,48.680311490670036,49.93599152531129,48.55292431503285,49.85409927368164,3715400
2022-03-28,49.36275778098143,49.66303060040324,48.880505221227565,49.40825271606445,2892100
2022-03-29,49.85411360570751,50.31816751765463,49.41735596180399,50.07249069213867,3417800
2022-03-30,49.77222039998495,50.27267164066114,49.29906542684203,49.42645263671875,2829000
2022-03-31,46.67851004155418,47.015176690953865,45.65030795599005,45.66850662231445,6459300
2022-04-01,44.19444903050028,44.58571167595209,43.32093387969465,44.40372848510742,8086300
2022-04-04,44.531116684592995,45.35003932639611,44.358234558452665,44.931480407714844,3326400
2022-04-05,44.45832367214194,45.12255935621563,44.27634048461914,44.27634048461914,3335000
2022-04-06,43.89418470478276,44.07616444526967,42.53841342349253,42.87508010864258,6815300
2022-04-07,43.23905049048722,44.3218453181012,42.702201876400665,43.393733978271484,6182900
2022-04-08,43.16624917423584,43.766791305202695,42.87507744231498,43.12075424194336,3707700
2022-04-11,42.70220309347423,43.7031056704821,42.53841853053964,42.720401763916016,3663000
2022-04-12,42.79318658647095,43.4756210064774,42.77498791874587,42.85688018798828,3970200
2022-04-13,42.71129962988575,43.4210338752808,42.68400336042335,43.047969818115234,3200100
2022-04-14,42.91148179632328,43.393734405387264,42.66580495650538,42.711299896240234,3678200
2022-04-18,42.492918761600826,43.51201989325279,42.429225157812645,43.16625213623047,3565000
2022-04-19,43.202914335529925,44.11920093017229,43.129609730187674,43.97259521484375,4394000
2022-04-20,44.43988617099061,45.46612586263164,44.43988617099061,44.89802932739258,3039900
2022-04-21,45.044644324221984,45.34702054782531,43.89012486899934,44.174171447753906,3098800
2022-04-22,43.9909084020609,43.9909084020609,42.909693668834976,42.94634246826172,4111900
2022-04-25,42.64396992845898,43.33118472900002,42.094195990813006,43.31285858154297,6537200
2022-04-26,43.04713753637001,43.68853875840979,42.57983297902066,42.61648178100586,4114600
2022-04-27,42.616484907002075,43.35867825349217,41.901782533211716,42.65313720703125,3404400
2022-04-28,43.184576173859774,44.37574771653943,42.93717844266896,44.091697692871094,2604600
2022-04-29,43.743515271069846,45.09961875453898,43.00132201182401,43.074623107910156,4124000
2022-05-02,42.84555185174349,43.560257642699014,42.51569167363555,43.52360534667969,3573200
2022-05-03,43.66104864617875,44.219980417767694,43.26704521195104,43.844303131103516,2943600
2022-05-04,44.137515553039094,44.93468726194747,43.276207569163134,44.723941802978516,4166600
2022-05-05,44.577336768240855,44.769756082032245,42.982996822391954,43.30369567871094,3265300
2022-05-06,42.83639295112936,43.00132479720066,41.562755302855344,41.764339447021484,5542700
2022-05-09,41.20540558068833,41.98424771807749,40.939681653209895,41.406986236572266,4320500
2022-05-10,42.194981523601406,42.378239474453764,40.9854839414724,41.69102478027344,5163100
2022-05-11,41.571913940924304,42.35992082221942,40.62814004583402,40.69227981567383,4552400
2022-05-12,40.472365229287334,41.14125732132266,39.5560789058312,40.078365325927734,5832700
2022-05-13,40.54567643110157,41.791826593664624,40.48153665761866,41.31535720825195,4100500
2022-05-16,41.05879534294624,41.544426022353726,40.73809300182287,41.2603759765625,5127700
2022-05-17,42.14001044082604,42.81806037705898,41.65437630232947,42.708106994628906,4664700
2022-05-18,42.08503769774699,42.286621838947134,39.62022836050042,39.68436813354492,4560600
2022-05-19,38.95133413332553,38.987986428970416,37.457789787027,37.65937042236328,7072800
2022-05-20,37.89760981556998,38.00756321575721,35.12126286719235,36.69727325439453,9450800
2022-05-23,36.89885623332985,38.06254045917024,36.89885623332985,37.76932907104492,8961000
2022-05-24,37.3478372895952,37.98007723003332,36.55983381274761,37.457794189453125,6600600
2022-05-25,37.5127648985231,40.023391235447974,37.45778995017163,39.675201416015625,6045400
2022-05-26,38.84138599418279,40.646471602205395,38.484034801709555,40.25246810913086,6899900
2022-05-27,46.17166737820618,48.196659318479426,44.39407316523652,45.42947769165039,15886600
2022-05-31,45.29203766106554,46.23581154766778,44.3207728052397,45.759342193603516,13254200
2022-06-01,46.05254921701814,47.22539809139963,45.72268907568313,46.428226470947266,5584400
2022-06-02,45.81432555734157,47.042149622092545,45.75018578118974,46.9871711730957,3747400
2022-06-03,46.693957253428124,47.4178243971197,46.43739816264344,46.74893569946289,2721800
2022-06-06,46.831397367352395,46.996329195121234,45.759340486854946,45.85097122192383,2722900
2022-06-07,45.594408620369705,46.968838187039495,45.23705749229238,46.86804962158203,2451900
2022-06-08,46.89554131176285,47.005494708285205,46.11669921875,46.11669921875,2511100
2022-06-09,45.99758794654164,47.097132563879065,45.81432992775941,46.13502883911133,3142800
2022-06-10,45.44780434778835,46.089205531176965,44.92552137590104,45.044639587402344,2544600
2022-06-13,43.835149621047705,44.32078038432842,43.13877336624222,43.29454040527344,2612700
2022-06-14,43.61522958077779,43.91760575903234,43.08378530660249,43.38615798950195,2352400
2022-06-15,43.761851403273525,44.513209715563555,43.18459329696162,43.899295806884766,2515300
2022-06-16,42.96466429601748,43.14792225614742,41.59939965852691,42.048377990722656,2830700
2022-06-17,42.68979624308378,43.917620524953854,42.46072457478978,43.606082916259766,5094900
2022-06-21,44.74225608638781,45.31035254232596,44.28411299393832,45.108768463134766,5271400
2022-06-22,44.5956548754886,45.60357195541345,44.35742196298565,44.540679931640625,3735800
2022-06-23,44.54983887558294,45.420311558643384,44.27495368497303,44.9346809387207,3014000
2022-06-24,45.17291190617675,46.45571406795649,44.94384034124141,46.04338455200195,9204600
2022-06-27,46.1441864892962,46.24497855872592,45.73185688497258,46.03423309326172,3329700
2022-06-28,46.15334557330594,46.409908145393935,44.78808077742937,44.843055725097656,3149800
2022-06-29,44.88886985917707,44.92551865673559,43.29453007098766,43.42280960083008,3346400
2022-06-30,42.75392428476581,43.331185708975056,42.06670946868276,42.34159469604492,3976900
2022-07-01,41.96591275978558,42.55233544536871,38.859702694030936,39.162078857421875,6384400
2022-07-05,38.493190353875356,39.592734739454336,38.090025593817,39.528594970703125,3849800
2022-07-06,39.0887768149311,39.501106384832774,38.05337222725692,38.66728591918945,3685400
2022-07-07,39.13459525493205,39.83097494661592,39.070455480086906,39.345340728759766,2983500
2022-07-08,38.85970280706623,39.62938345797167,38.59397893459002,39.32700729370117,3315000
2022-07-11,38.85054990904986,39.436972723542496,38.7680839823021,38.923851013183594,2400000
2022-07-12,38.878036015323175,40.041720276018076,38.823057567644675,39.44613265991211,4518200
2022-07-13,38.94217223048907,39.93176322611672,38.85970631418677,39.528594970703125,3584700
2022-07-14,39.05211885389356,39.22621547778568,37.879273576683936,39.125423431396484,3574700
2022-07-15,39.4552953823774,39.830972683131236,39.06129193337272,39.821807861328125,2208800
2022-07-18,40.30744146270099,40.44488232954126,39.21705837751614,39.30868911743164,2183000
2022-07-19,39.71497930214324,40.75841038289099,39.71497930214324,40.666072845458984,2321500
2022-07-20,40.62913541009941,41.27550872338668,40.13974013348031,40.786109924316406,2559000
2022-07-21,40.72147636111748,41.31244861187837,40.389059093282036,41.22934341430664,2177600
2022-07-22,40.88768781321248,41.183172185005496,39.890428939023955,40.01970291137695,3365400
2022-07-25,40.30594841348165,40.89691706141025,39.927358903249214,40.490623474121094,2262200
2022-07-26,40.49062798883484,40.74917944297039,39.964296257934144,40.102806091308594,2309300
2022-07-27,40.25054969070522,41.08160167538728,40.04740286723816,40.89692306518555,1889000
2022-07-28,40.841512383373185,41.43248103063075,40.51832750517014,41.09082794189453,1625700
2022-07-29,41.10006222227452,41.63562978561564,40.64760337147366,41.60792922973633,2121300
2022-08-01,41.34014851475755,42.23583746077831,41.173938122249545,41.94034957885742,1807400
2022-08-02,41.55252280695192,41.77413781180077,40.7399391524408,40.86921310424805,2242000
2022-08-03,40.82304745382745,41.432484360599204,40.10280479740207,41.04466247558594,3057300
2022-08-04,41.08158834826408,41.08158834826408,40.21360021863212,40.813804626464844,3152100
2022-08-05,40.49985758930938,41.95881093548795,40.44445296004278,41.93111038208008,3221300
2022-08-08,42.1434908101143,42.88220161085999,41.737200750316916,41.968048095703125,2821200
2022-08-09,41.84801071779756,41.94034825630069,41.15546861167012,41.6356315612793,2767400
2022-08-10,42.4759143016903,43.62091875883177,42.37434089955059,43.6116828918457,1967200
2022-08-11,43.777899686270494,44.77516211978812,43.69479448347736,43.95334243774414,2342400
2022-08-12,44.230352625348225,44.59047391925886,43.99950528079516,44.52583694458008,1987300
2022-08-15,44.368861200702305,44.96906573639191,44.30422422269894,44.599708557128906,2258300
2022-08-16,44.608944761809674,45.46769721601658,44.470434937924246,44.86749267578125,2257200
2022-08-17,44.58124050369077,44.58124050369077,43.565513540799586,44.16571807861328,2086900
2022-08-18,44.74745113708906,45.28301869971532,44.14725011831438,45.190677642822266,2147200
2022-08-19,44.47966573914975,44.581239136814816,43.70402202414599,44.01797103881836,2123000
2022-08-22,43.38083416530594,43.602449174126946,42.983776436237825,43.25156021118164,2883200
2022-08-23,43.02994622466784,44.15648246157433,43.02994622466784,43.34389877319336,2737700
2022-08-24,43.22386239149692,43.61168427841383,42.65135838349869,43.04841613769531,1981400
2022-08-25,43.75942750977548,44.33192800915037,43.53781600402775,44.2303581237793,3798400
2022-08-26,42.34663453846612,42.34663453846612,38.02517226359526,38.256019592285156,12423800
2022-08-29,37.775857689028875,39.124005277561324,37.415736410683294,37.48037338256836,6315200
2022-08-30,37.711221685047946,38.172916366048796,36.649322509765625,36.649322509765625,4619700
2022-08-31,36.15992266852035,36.584680875541146,35.25500163173457,35.35657501220703,6819900
2022-09-01,35.0241653129895,35.11650285742622,34.25775030884893,34.76561737060547,4298400
2022-09-02,35.36581692371091,35.52279496940114,34.59016960767737,34.89488983154297,3422400
2022-09-06,34.91336000817883,34.95029291296181,33.9715022484072,34.433197021484375,3994600
2022-09-07,34.32238856963204,35.22731344650009,33.92533429584108,35.070335388183594,3571500
2022-09-08,34.72867161719365,35.55971986129419,34.57169360686706,35.55048751831055,3894700
2022-09-09,35.89214853757153,36.88017501138458,35.89214853757153,36.741668701171875,3104800
2022-09-12,36.935576955933996,37.637351368218255,36.935576955933996,37.21259307861328,2611400
2022-09-13,36.2615030767972,36.47388222146858,35.218072042149885,35.365814208984375,3918700
2022-09-14,35.52278811011293,35.68899846877218,34.90411543678111,35.20883560180664,3267800
2022-09-15,34.922591900638196,35.19960805639988,34.433196574710834,34.76561737060547,3472000
2022-09-16,34.35008641458969,35.20883883913826,34.100770853677105,35.05186080932617,5918500
2022-09-19,34.51629449244491,35.07956255306103,34.32238005411176,34.922584533691406,2780400
2022-09-20,34.52552988424708,34.59940272869644,33.906860663013646,34.119239807128906,2601800
2022-09-21,34.33161837105378,34.913354682682524,33.943792989150936,33.96226119995117,2533300
2022-09-22,33.74988012301738,34.05460030006129,33.42669525868369,33.50056457519531,2568400
2022-09-23,32.92806775255033,33.38976247904287,32.13395225939095,32.79879379272461,2881200
2022-09-26,32.3832637863839,32.9280636364415,31.9769737459404,32.04161071777344,3611400
2022-09-27,32.60487749588294,32.9465305510662,31.903099654346303,32.06007766723633,3306600
2022-09-28,31.866171905666185,32.687991566218805,31.866171905666185,32.58641815185547,2908400
2022-09-29,32.02314294980593,32.25399028737809,31.219795201341046,31.570680618286133,4703500
2022-09-30,31.69996701744314,32.28169993585982,31.478351961056912,31.552221298217773,3041500
2022-10-03,31.875400267916053,33.3712900043778,31.57991596250264,33.13121032714844,4119700
2022-10-04,33.77759154339666,34.617875895825115,33.72218690212772,34.590171813964844,2670300
2022-10-05,34.11924550427012,35.19960961635508,33.94379923063289,34.959529876708984,2512400
2022-10-06,35.00569268009199,35.384282200407505,34.5162974159515,34.60863494873047,2757500
2022-10-07,33.288189491141985,33.694483109895764,31.893872949608483,31.94927406311035,5615000
2022-10-10,32.23552823727474,32.35556986203617,31.10899188747867,31.838470458984375,3266600
2022-10-11,31.76459675991511,32.07854929672355,31.15515989698708,31.275197982788086,3090600
2022-10-12,31.173621647728098,31.506042363901315,31.007414812092172,31.182857513427734,2873300
2022-10-13,30.53649266733757,32.55871454889522,30.37951813188658,32.30940246582031,3036300
2022-10-14,32.383265425465645,32.54024345247047,31.413707276445006,31.635318756103516,2288100
2022-10-17,31.80153099847848,32.475604865987286,31.478346103936985,31.829235076904297,3412400
2022-10-18,32.491170909102046,32.81748323858518,31.708026297440963,32.220802307128906,2468800
2022-10-19,31.726680463676995,32.62170562731871,31.605482066136744,32.155548095703125,2225700
2022-10-20,32.18350872259727,33.311608826104134,32.18350872259727,32.50049591064453,2122100
2022-10-21,32.96665350072537,34.477002554377705,32.873419882290726,34.35580062866211,2964700
2022-10-24,34.52362745978953,34.971138286776146,34.16935027790423,34.75670623779297,2346600
2022-10-25,34.69144039338313,35.40000178700287,34.57956358889035,35.185569763183594,2434300
2022-10-26,34.79400370198489,35.633088822008766,34.672801727648036,35.23219299316406,2339600
2022-10-27,35.521195576114444,35.84750791866347,34.952486485641465,35.20420837402344,3395800
2022-10-28,35.4000030230235,36.723888665827836,35.4000030230235,36.509456634521484,3062300
2022-10-31,36.06194274021134,36.267053168370026,35.698340476838624,35.80089569091797,2578800
2022-11-01,36.304340868078256,36.59335976695952,35.49322790218451,36.50012969970703,2227300
2022-11-02,36.36960239116496,36.64929970411114,35.110978708903446,35.12030029296875,2865600
2022-11-03,34.644829487327264,35.26948246296727,34.514305940432315,34.82196807861328,2385300
2022-11-04,35.6703682729746,36.667948537282285,35.53984474956031,36.36028289794922,2816400
2022-11-07,36.44419359879582,37.28327852384848,36.30434492578722,37.1713981628418,2497900
2022-11-08,37.45109102438108,38.27152920227014,37.33921422264602,37.68416976928711,2523800
2022-11-09,37.190047655404285,37.572296692688596,36.56539826424446,36.66795349121094,2106400
2022-11-10,38.25287963489569,38.90550078346295,37.74943228622873,38.89617919921875,3582200
2022-11-11,38.886863357161445,40.154812507514826,38.74701822106364,39.79121017456055,2524200
2022-11-14,38.84956397808477,40.02428285869392,38.84956397808477,39.39030838012695,2918200
2022-11-15,40.27600558906829,40.49043759566539,39.32504393600774,39.48353576660156,2967200
2022-11-16,39.138585865691894,39.138585865691894,38.27153257373983,38.39273452758789,2679800
2022-11-17,37.91724821758661,39.07332034813692,37.618907710960606,38.9334716796875,2382100
2022-11-18,39.008055352651766,39.2877491098777,38.56986621388171,39.19451904296875,3992300
2022-11-21,38.747016162210635,38.88686129087766,37.199373265396865,38.29018020629883,7317500
2022-11-22,38.90550097495828,40.98456280856362,37.66552398742646,40.88200759887695,12566200
2022-11-23,40.88201097170292,42.261840289417144,40.59299560037719,41.590572357177734,4938500
2022-11-25,41.48802045764913,42.01943976101364,41.41343354521213,41.609222412109375,2034700
2022-11-28,41.2083253117371,41.301555392758154,40.61164425760329,40.63029098510742,2959900
2022-11-29,40.69554656711328,40.96591518357625,40.46246784349064,40.574344635009766,3448800
2022-11-30,40.509090013028946,41.7770390619389,39.85646876061945,41.758392333984375,6805600
2022-12-01,41.9541690901463,42.28980301190731,41.36680972706454,41.860939025878906,2331400
2022-12-02,41.28291041969886,41.702452915122585,40.95660156575806,41.52531433105469,2518000
2022-12-05,40.91929830961454,41.08711526759441,40.04292362855212,40.15480041503906,2304100
2022-12-06,40.09886439223319,40.22939147255455,39.22248962049976,39.59541702270508,2844600
2022-12-07,39.19451813235554,39.40895012646346,38.68174566327147,39.082637786865234,2906000
2022-12-08,39.20384515487532,39.57677257858023,38.896183053343336,39.37166213989258,3438600
2022-12-09,39.05467013769776,39.64202951368567,38.93346820628777,38.99873352050781,1835200
2022-12-12,38.82159854461907,39.97767078433335,38.57919819378367,39.968345642089844,3319500
2022-12-13,41.32019974984348,41.34816806124541,39.7072952565095,39.9496955871582,2816400
2022-12-14,39.70729706408853,39.9963160022299,38.69107354439738,38.858890533447266,3367900
2022-12-15,38.14101003565814,38.14101003565814,36.63066059177564,36.714569091796875,4463300
2022-12-16,36.32298871836993,36.779824597660934,36.0899099865172,36.593360900878906,4645900
2022-12-19,36.677270121883616,36.751853468192095,36.02464894831288,36.36028289794922,2648600
2022-12-20,36.12720359974219,36.49080585402875,36.05261669809406,36.31366729736328,1893400
2022-12-21,36.50012838902879,36.873052201146564,36.38824804454438,36.4721565246582,2863900
2022-12-22,35.856832128972094,36.500131720730884,35.446614831248546,36.490806579589844,2285900
2022-12-23,36.54674342098114,36.621326760805104,36.01532423242661,36.4721565246582,1466400
2022-12-27,36.565388472142466,36.91034396060641,36.29501632009019,36.74252700805664,1832500
2022-12-28,36.71456587869556,36.826442683432965,35.98735775665368,36.13652801513672,1822900
2022-12-29,36.462843520577216,37.21801646279487,36.36028829225141,37.124786376953125,1582800
2022-12-30,36.817117899464925,37.49770736694336,36.71456268882448,37.49770736694336,1582400
2023-01-03,37.81469233743977,38.20626287499438,37.26462642289951,38.13167953491211,2679200
2023-01-04,38.58852215911158,38.78430748030182,37.83334918980638,38.16897964477539,2790000
2023-01-05,37.99183337883529,38.31814218157529,37.55364422387081,38.10371017456055,2483700
2023-01-06,38.383411349972455,39.70730065480713,38.057102484256106,39.548805236816406,3179700
2023-01-09,39.80985189659892,40.18277576911886,39.33436924677411,39.418277740478516,2966400
2023-01-10,39.231814280788676,39.74458678516178,38.98941040537643,39.61406326293945,2780300
2023-01-11,39.23182064963195,39.34369746448456,36.99426301358076,38.0104866027832,5620300
2023-01-12,37.777398984780376,37.95453752986079,37.08748441565329,37.227333068847656,4410100
2023-01-13,36.6959169138118,37.48838319682835,36.35096137895158,37.46041488647461,3383600
2023-01-17,37.41379024536765,37.46972685171487,36.779815959111104,37.320556640625,2691600
2023-01-18,37.544327542118694,37.75875957713481,37.003583105252225,37.311248779296875,2757400
2023-01-19,36.751856783269304,37.16207767271598,36.38825449053218,36.78915023803711,3341700
2023-01-20,37.15274706878987,37.56296789792823,36.733208212078836,37.534996032714844,2907900
2023-01-23,38.00116021120513,38.80295173037796,37.842668358415004,38.262210845947266,2745200
2023-01-24,37.78287202154842,38.60056002349965,37.698283360289416,38.14942169189453,1903000
2023-01-25,37.59489930169011,38.32799869076779,37.38812620822554,38.08363342285156,2705600
2023-01-26,38.48778341669325,38.58176924190123,37.8016768537526,38.5253791809082,1645300
2023-01-27,38.252806828530396,38.694544411941536,37.87685643998652,37.88625717163086,2677300
2023-01-30,37.557300919462165,37.98024422413986,37.44451723332436,37.60429382324219,2444000
2023-01-31,37.54790332846181,38.177616119384766,37.1249600287896,38.177616119384766,2562500
2023-02-01,38.06483199741825,38.948310757998044,37.914452557631726,38.750938415527344,3476500
2023-02-02,39.00470389422875,40.48970398031615,38.9953067479434,39.869384765625,4623200
2023-02-03,39.437047658512775,40.20774279078973,39.19268239585402,39.70021438598633,2936700
2023-02-06,39.64382666109995,39.64382666109995,37.886265898280676,38.4971809387207,4299200
2023-02-07,38.40319488418504,39.66262430748352,38.34680123765069,39.46525192260742,3268800
2023-02-08,39.1738812735601,39.700211099608794,39.070494737610474,39.32426071166992,2643200
2023-02-09,40.03856381143645,40.386319189606965,39.39945027655883,39.512237548828125,2878400
2023-02-10,39.36185893285442,40.64948317639974,39.211479485325974,40.15135192871094,3964200
2023-02-13,40.23594141227892,41.18521102190486,40.0761612292752,40.79046630859375,3705100
2023-02-14,40.64948779952866,41.166416985115774,40.348728870266,40.44271469116211,2277200
2023-02-15,39.991575294833886,40.46151155819346,39.916387357067514,40.22654342651367,2139900
2023-02-16,39.9163838178647,41.0912243720959,39.79419939633258,40.15135192871094,2960900
2023-02-17,40.029175442314205,40.38632804549228,39.77540940205579,39.92578887939453,2728400
2023-02-21,39.39005566190232,39.88818693112811,39.183282568112446,39.37125778198242,3973200
2023-02-22,39.53103822138448,39.71900985112728,39.09869415112058,39.29607009887695,2240600
2023-02-23,39.662618316480255,39.87878855088215,38.948313242924634,39.502838134765625,3414200
2023-02-24,38.835533178546925,39.28667156881514,38.63816080505381,39.108097076416016,3712800
2023-02-27,39.596827852178045,39.653217905322045,38.412586541549324,38.53477096557617,5148200
2023-02-28,38.40319186457853,39.173887046635194,38.074234330321225,38.19641876220703,7672500
2023-03-01,38.38438464755388,38.48777117359268,37.5666967552998,38.0084342956543,7083400
2023-03-02,37.782867796938994,37.829860695644314,36.561034503959014,37.754669189453125,9033100
2023-03-03,36.71142307121094,38.525377378425155,36.48585208180437,37.39752960205078,7775700
2023-03-06,37.83926452820096,37.886261020539834,36.72081756591797,36.72081756591797,5330200
2023-03-07,36.767804942859684,37.15315245890892,35.70575177992424,35.71514892578125,4813000
2023-03-08,35.90313474124284,36.467056878171405,35.74335453173772,36.43886184692383,3009800
2023-03-09,36.260274917874774,36.57982805675153,35.451984169278006,35.52717208862305,2730900
2023-03-10,35.404991385161466,35.47078575128869,34.09856933026333,34.512115478515625,3661900
2023-03-13,33.99518529204756,34.60610382760167,33.797812935143824,34.37113571166992,5580600
2023-03-14,35.2358233817047,35.997117850534096,34.925663720085886,35.292213439941406,4433900
2023-03-15,34.70009462176299,35.83734319099832,34.63430382668278,35.25461959838867,5072600
2023-03-16,34.32414229527457,35.818539633797414,34.25835151061806,35.76214599609375,5951500
2023-03-17,35.583569611266604,35.89372563866571,34.66249509018905,34.982051849365234,13488400
2023-03-20,35.32981311142485,36.50465392573755,35.235827280411684,36.23208999633789,5994100
2023-03-21,36.65502675744509,36.98398069164954,36.41066148994021,36.7960090637207,3619400
2023-03-22,36.8617982462922,37.10616350316202,35.76214562705597,35.79034423828125,3286300
2023-03-23,36.01591094268634,36.28847480568504,35.132432156271555,35.54597473144531,3216000
2023-03-24,35.36740680878365,35.414399721540896,34.596711566510585,35.13243865966797,4260900
2023-03-27,35.517785722407396,35.86553757373914,35.367406252750754,35.70576095581055,3018900
2023-03-28,35.602366283396975,36.01590883436249,35.30160741263504,36.00651168823242,3981900
2023-03-29,36.561033725174,36.880590449022975,36.31666492058628,36.76780319213867,3746600
2023-03-30,37.09676817515276,37.54790653825929,37.068569562544916,37.46331787109375,4139600
2023-03-31,37.538504666603664,37.96144798959821,37.538504666603664,37.79227066040039,3915700
2023-04-03,37.72648439847031,38.675757702264804,37.651296457217,38.5065803527832,4756200
2023-04-04,38.76033775253341,38.863720700587045,38.05543348164976,38.41258239746094,3749300
2023-04-05,38.28099953750396,38.656949903309695,37.91444990277399,38.3467903137207,3046600
2023-04-06,38.14943185307746,38.337407104312724,37.81107711791992,37.81107711791992,2186500
2023-04-10,37.500911575038685,38.948312399486966,37.500911575038685,38.93891525268555,3470200
2023-04-11,38.92951651393758,39.427651367810995,38.91072221937239,39.09869384765625,2897800
2023-04-12,39.286675785026965,39.465253881920155,38.675760717890746,39.35246658325195,3519200
2023-04-13,39.43704933843087,40.1983473560587,39.24907412089361,40.08556365966797,4411800
2023-04-14,40.170148773036956,41.100620460235014,40.123152283815266,40.677677154541016,7116900
2023-04-17,40.17955103887761,41.354391712529,40.141955276841756,41.28860092163086,6329400
2023-04-18,41.579956834080086,42.905176783608056,41.54236107734755,42.76419448852539,9277600
2023-04-19,41.796132251560486,42.585625314415395,41.185213677384624,41.19461441040039,7267000
2023-04-20,40.79986404198185,40.950243494736924,40.17954835120102,40.339324951171875,4489200
2023-04-21,40.16074983513462,40.54609740079713,39.96337747876992,40.51790237426758,4904900
2023-04-24,40.47998585238954,40.641145649834115,40.167141140125494,40.46102523803711,2814400
2023-04-25,40.38517394996329,40.45153427750269,39.53196818887108,39.541446685791016,2396000
2023-04-26,39.579382507868324,39.99650523719651,39.31394109978384,39.5035400390625,2501400
2023-04-27,39.65522080866573,40.58426925568066,39.61729957824857,40.57478713989258,2988500
2023-04-28,40.66958690764766,41.371111531461345,40.59374445298278,41.228912353515625,3792400
2023-05-01,41.228907002900556,41.81667148480517,41.13410394687284,41.541748046875,4516200
2023-05-02,42.669874974872165,43.27660365141789,41.598627622653844,42.4328727722168,6777900
2023-05-03,42.707795023677114,43.37140189618161,42.47079282752311,42.812076568603516,5124900
2023-05-04,42.68883987591865,42.80260354841216,41.797712806254765,41.883033752441406,3549600
2023-05-05,42.4139247909822,43.41881202929579,42.290682606830906,43.030128479003906,3699600
2023-05-08,43.15336826204108,43.78853252892674,42.82156295646007,43.62737274169922,3888000
2023-05-09,43.693728574876864,43.81697073946497,42.91636159769061,43.589447021484375,3220600
2023-05-10,44.00656829126221,44.139292565628004,43.087002182397065,43.44724655151367,3062200
2023-05-11,43.24815813487782,43.33347906697814,42.16742873918463,42.37599182128906,3737500
2023-05-12,42.39495516823057,42.47079399256964,41.89250803947187,42.4328727722168,2397200
2023-05-15,42.470790140811275,42.660392609013485,42.13898853373213,42.594032287597656,2996400
2023-05-16,42.5087119261258,43.73164406519774,42.3570306728091,43.02063751220703,3910100
2023-05-17,43.41880968684855,43.76957198980602,42.88792698320852,43.466209411621094,2404600
2023-05-18,43.39036321152026,44.8502976315006,43.27660316809882,44.67017364501953,3923300
2023-05-19,44.89770642367767,45.68455200624519,44.89770642367767,45.26742935180664,5111000
2023-05-22,44.31941996622461,45.44754935438174,43.95917554001256,45.0683479309082,3805600
2023-05-23,44.87874657336545,45.12522732418883,43.93073756557688,43.940216064453125,4141100
2023-05-24,43.66529315033028,43.66529315033028,42.89740460577127,43.52309036254883,3230700
2023-05-25,44.366818742853035,45.80779280050326,44.139298616910324,45.58027267456055,4081700
2023-05-26,45.64663483651226,46.02583626702386,45.011466925445134,45.9879150390625,4296700
2023-05-30,46.25335355152567,46.54723398621907,44.71757658112076,44.859779357910156,5464400
2023-05-31,43.58945055185976,43.76957094825613,42.13899803340541,42.480281829833984,9937400
2023-06-01,42.66988039569023,45.030424225224564,42.385478439646434,43.09648513793945,14458300
2023-06-02,43.13440186281826,45.352742674703585,43.011159702056105,44.8123779296875,7914700
2023-06-05,44.80289886205806,45.10626503602727,42.94480229265247,43.11544418334961,5765700
2023-06-06,43.02064447752978,44.632260315179764,42.81208136431422,44.414215087890625,5466200
2023-06-07,44.42369583729255,45.295862254188926,44.338374895086005,45.18210220336914,4096000
2023-06-08,45.494949545953396,45.599227489139096,44.74602163313567,45.400146484375,3976100
2023-06-09,45.589752283881765,46.13959561528077,45.115747790855906,45.134708404541016,3293500
2023-06-12,45.238983868651516,45.6181852420956,45.144180813015396,45.57078552246094,3596800
2023-06-13,45.76987136386391,46.281797069434845,45.74143225234348,46.26283645629883,2805600
2023-06-14,46.101676390813736,47.1065635663845,46.101676390813736,46.81268310546875,4013600
2023-06-15,46.78424747110857,47.836538146963434,46.623087660541536,47.590057373046875,3216600
2023-06-16,47.590063309808976,47.68486278474883,46.95489525533381,47.087615966796875,9363300
2023-06-20,46.93592378410488,47.002287740859266,46.20596003984713,46.76528549194336,4212100
2023-06-21,47.28668689802803,47.95977237690558,46.84112153938399,47.45732879638672,5943300
2023-06-22,47.24877131220799,48.765584349370556,47.172928852166095,48.6139030456543,6326400
2023-06-23,47.959774554087126,48.974143875730356,47.88393209965494,48.225215911865234,18291800
2023-06-26,48.462214815140385,48.898301665315486,48.083013418233506,48.651817321777344,3404300
2023-06-27,48.65181746035326,48.88881969023275,48.20625211094236,48.718177795410156,3496000
2023-06-28,48.37690187009341,49.22062936700516,48.26314179384077,49.07843017578125,2946800
2023-06-29,49.296470664977186,50.38668252046119,49.106868131453766,50.33927917480469,4033400
2023-06-30,51.13560097330578,51.77076884425759,50.964959074624225,51.2967643737793,5182400
2023-07-03,51.19247742545868,51.931923164366836,50.94599671794487,51.7707633972168,1828600
2023-07-05,51.26832105241093,51.83712492372539,51.05975794529112,51.39155960083008,2639900
2023-07-06,50.86068092568041,51.50532729226491,50.56679685326577,51.00288009643555,3596100
2023-07-07,51.1166367924589,51.68544428714899,50.69003569189991,50.74691390991211,5404100
2023-07-10,50.50043718795765,52.02673217569841,50.45303746374282,52.017250061035156,3238500
2023-07-11,52.14048994426258,52.95577818382795,52.02672988787604,52.842018127441406,4597100
2023-07-12,52.61449511068045,52.79461550376182,51.334684513994496,51.353641510009766,5882000
2023-07-13,51.72336752681995,52.76617588319508,51.40104435217122,52.747215270996094,5375700
2023-07-14,52.69033923126167,53.18330070336758,51.98881101633575,52.53865432739258,4227900
2023-07-17,52.690335562310544,52.7661743925971,51.846604616941896,51.85608673095703,4146500
2023-07-18,52.12152278742904,52.18788311335249,50.358225861196885,51.031314849853516,5230700
2023-07-19,51.16404187572409,51.685446051379124,51.14508126361719,51.47688293457031,3292700
2023-07-20,51.05027660290169,51.41052098890671,50.471994225419344,50.81327438354492,3414800
2023-07-21,50.66160023703464,51.457927950789234,50.65212173812795,50.77536392211914,2875600
2023-07-24,51.329028976356994,51.768145698227606,51.147655628155626,51.29084396362305,2937600
2023-07-25,51.54858455925301,52.17862266931629,51.54858455925301,51.90178680419922,2395400
2023-07-26,51.77769785897119,52.073622627208394,51.31948495304375,51.47222137451172,1931200
2023-07-27,51.9590632003755,52.29317293278283,51.15719620107496,51.27174758911133,2957500
2023-07-28,51.68223725897863,51.94952509619667,50.145324911927524,50.22169494628906,4747700
2023-07-31,50.15486577082023,50.746718885873044,49.98303685975278,50.51761245727539,3865500
2023-08-01,50.38397310319585,51.24311773603932,50.38397310319585,50.94718933105469,3681300
2023-08-02,50.641712092355974,50.842177942091425,50.08804398715474,50.5462532043457,2788900
2023-08-03,50.116681726558696,51.51040190632219,49.68710944059784,51.08082962036133,2615500
2023-08-04,51.157199352599434,52.08316587020502,50.65126068620786,50.823089599609375,2533600
2023-08-07,51.099923894121005,52.159534355635344,51.099923894121005,52.09271240234375,2738300
2023-08-08,52.54138192948271,56.054323396028124,52.331367976545906,54.9660758972168,8258000
2023-08-09,54.861063384841124,55.242902593485894,53.982826286063876,54.00191879272461,2754100
2023-08-10,54.59377490079013,54.77515190316496,52.90412620546184,53.45779800415039,3189100
2023-08-11,53.52461373936821,54.96606695012714,53.219140934741766,54.25965881347656,3118100
2023-08-14,53.95418959099703,54.374213814864035,53.73463122568997,54.183292388916016,2253900
2023-08-15,53.99238071623771,54.116476561856324,53.161872965581765,53.20005798339844,2279300
2023-08-16,53.152320141176695,53.75372133151813,52.655925912492684,52.71320343017578,1834700
2023-08-17,52.78957687359553,53.29551924366537,52.14999422743514,52.36955261230469,3966900
2023-08-18,52.03543169816866,52.83729873013244,51.86360642987646,52.43636703491211,2324600
2023-08-21,52.57956079342243,53.88736652565364,52.57956079342243,53.505523681640625,4076000
2023-08-22,53.868265890648026,53.992365342454285,53.02821394549611,53.26686477661133,2188400
2023-08-23,53.6678095422362,54.336029074123616,53.180959721548696,54.250118255615234,2643700
2023-08-24,54.832423005550815,55.042436938067205,53.6678092271535,54.135562896728516,3925900
2023-08-25,54.20238788714872,54.29785042615306,53.09504792536291,53.65826416015625,2680900
2023-08-28,53.801453876280384,54.88970128431702,53.5246179871417,54.593772888183594,3252400
2023-08-29,54.584227399897465,54.67968629150182,53.76326782261619,53.935096740722656,4939400
2023-08-30,52.19770985359471,53.410056507550486,51.18582902296825,53.16185760498047,6340600
2023-08-31,53.44825402126926,54.221480561195875,53.0377742061008,53.68690490722656,7050300
2023-09-01,61.18052648467017,67.08952367527748,60.960971788085715,65.09440612792969,32070500
2023-09-05,64.96076571488902,66.65995863905019,64.47391593090647,65.00849151611328,9466400
2023-09-06,64.9130329154182,67.28045261452081,64.75075208106072,67.27090454101562,7585600
2023-09-07,66.31630253830184,67.41409795747,65.45715798055953,65.84854888916016,7649300
2023-09-08,66.22083847130672,67.6718323907554,65.95354340965562,67.2995376586914,5549400
2023-09-11,67.8914048867781,69.5142279557064,67.35682196371663,68.88419342041016,7449200
2023-09-12,68.39732968548616,68.98917908577332,67.38544520862438,67.51909637451172,4782500
2023-09-13,67.7004729401301,67.96776073300202,66.59313675779701,67.2518081665039,2801500
2023-09-14,67.27090957460382,67.9295883178711,66.93679980738372,67.9295883178711,5116800
2023-09-15,67.68136665245439,67.86273630347104,65.53350950590075,66.14445495605469,6093500
2023-09-18,65.8771898323545,66.29721042152835,65.29488111242934,66.01083374023438,3527400
2023-09-19,66.64086565328836,67.21363355951809,66.1349269814257,66.7267837524414,3844000
2023-09-20,66.73633027563368,67.25180972638812,65.74354181976337,65.81036376953125,3089800
2023-09-21,65.16123991850452,66.05856229692172,64.95122597364718,65.33306884765625,3924700
2023-09-22,65.60989601073493,67.38545166475596,65.50488905229201,66.8699722290039,4494700
2023-09-25,67.00361589645118,67.75775346677007,66.24947832613229,66.85087585449219,3643700
2023-09-26,66.63132706198445,66.86042986221138,65.80081939697266,65.80081939697266,3214200
2023-09-27,66.63131745290245,66.80314634905442,64.17798710859408,64.86529541015625,5517400
2023-09-28,65.11349921380034,66.1253765210064,64.97030724241078,65.39033508300781,3375100
2023-09-29,65.96311172827942,66.44041356029743,65.4380840828884,65.7721939086914,6379700
2023-10-02,65.49534828020057,66.1826639818857,64.28299772777072,64.62665557861328,3902500
2023-10-03,65.61943561625817,65.81036066590976,63.786598837878735,64.18753051757812,4329700
2023-10-04,64.25435235431654,64.78893520938084,63.44294092306125,64.14934539794922,6075300
2023-10-05,63.280658618463434,64.01570001285621,61.40008880395811,63.18519973754883,7329800
2023-10-06,63.691138798592064,64.02524852561085,62.89881624377194,63.39521408081055,8053800
2023-10-09,63.232927126963794,64.39754443933424,63.00382435039704,64.13025665283203,6012500
2023-10-10,64.28300601169994,65.43808283218908,64.28300601169994,64.89395904541016,8039300
2023-10-11,65.14214637406255,67.15636051403483,64.9894135881796,67.14681243896484,5088600
2023-10-12,66.85087437205735,67.55727884283785,65.53352431308087,65.91536712646484,4301700
2023-10-13,66.26856775070536,67.43318508983798,64.68392985872288,64.95121765136719,4633600
2023-10-16,64.79846954911115,65.49533316444709,64.20662016273468,64.68392181396484,5387500
2023-10-17,64.20663549988912,65.53353382462396,63.6720525703438,64.81758117675781,4220100
2023-10-18,64.19708189628723,65.22805536835203,63.83433520784057,63.853424072265625,3434600
2023-10-19,64.18752254713472,65.56215360174836,63.75795398409048,63.987056732177734,4750700
2023-10-20,63.78660067527643,64.1970804400439,62.38333247286095,62.91791534423828,4617000
2023-10-23,62.83150458349629,63.61869812033567,62.101915575609,62.91790771484375,2945000
2023-10-24,63.733906138304576,64.47310451875781,63.37870625069544,64.27149963378906,4078500
2023-10-25,64.1563071031136,64.83790096901696,63.43631265437821,63.68590545654297,4581200
2023-10-26,63.49390818183885,63.93550388644673,61.34352686943809,61.92912292480469,4406100
2023-10-27,62.399529050284954,63.51312416124235,62.399529050284954,63.32112121582031,5273200
2023-10-30,63.311504894455624,64.11790243421402,63.20590512943772,63.77230453491211,3741900
2023-10-31,63.388302814164774,64.28109612101899,63.10030946224623,64.23310089111328,3114100
2023-11-01,64.59790416857184,65.98989053553377,64.07950727575611,65.92269134521484,3407600
2023-11-02,66.60428630985938,67.13228518822153,65.57709448445146,65.90349578857422,3747200
2023-11-03,66.22989514723471,67.25708705606354,65.89389916288197,66.72909545898438,3924400
2023-11-06,66.9690923793183,69.40747470079991,66.9690923793183,69.0906753540039,6350300
2023-11-07,68.73546943426413,69.41706330869367,68.30347568928391,68.74507141113281,5657300
2023-11-08,68.79307519832467,69.59946548978068,68.18827515557017,69.58026885986328,3526300
2023-11-09,69.72425766105717,70.33865231938364,68.79307102127257,69.34986114501953,3555700
2023-11-10,69.80106838852909,70.83786226307727,69.51307497281886,70.55946350097656,2560000
2023-11-13,69.93546541183463,71.08746102461653,69.4554690708829,70.81865692138672,3234700
2023-11-14,71.46185201295965,71.48104864246933,70.39625963319482,70.93385314941406,5171800
2023-11-15,70.09866732769699,71.15466521120415,69.6090762989765,70.0218734741211,5267000
2023-11-16,69.88745562589402,70.1562523490137,68.93705779522767,69.63785552978516,4044300
2023-11-17,69.88747437515265,71.04906471121238,69.70507341088957,70.65546417236328,4052500
2023-11-20,70.93384367000456,71.05864005554591,70.18505070843378,70.425048828125,3241800
2023-11-21,70.87625730146794,71.0874568509529,69.99306584376951,70.6746597290039,3737300
2023-11-22,71.27945597043538,72.36424505422957,71.04905977968038,71.69225311279297,3521000
2023-11-24,71.64424428027174,72.04744673401446,71.20264856823182,71.43305206298828,1695900
2023-11-27,71.34664258998976,72.12423417434194,70.40584671362754,71.48104095458984,3686200
2023-11-28,71.03945395671145,71.91305075745278,70.89545359872346,71.06825256347656,3126700
2023-11-29,71.47145645585226,73.04584396115156,71.44265784556171,72.05705261230469,5427800
2023-11-30,72.10503653016423,72.94023263339784,71.65383888787117,72.83463287353516,10519900
2023-12-01,68.98505454801541,70.13704249998901,65.75947949349646,69.05225372314453,14361200
2023-12-04,68.03467566948503,68.21706927627412,65.92268763350155,66.54668426513672,7444100
2023-12-05,66.44107451997576,67.50666669227984,66.34507674279251,66.51787567138672,4977400
2023-12-06,66.70027775675325,67.02667166979155,64.80909148367533,64.92428588867188,5260000
2023-12-07,64.86670455701059,66.05709341957889,64.86670455701059,65.84589385986328,5460600
2023-12-08,65.69229751597783,66.53708841363918,65.69229751597783,65.95149230957031,3003400
2023-12-11,65.84589011362601,66.96908704237744,65.74989231671594,66.46988677978516,3945500
2023-12-12,66.33548000622488,67.49707004744099,66.18188501543476,67.18987274169922,3436300
2023-12-13,67.18989385009722,67.66029559429703,66.49869786399152,67.07469940185547,4234200
2023-12-14,68.15948246940421,69.56107094832619,68.05388268527912,69.53227233886719,7684300
2023-12-15,69.13866802280788,70.06986207315317,68.53387528482406,68.75467681884766,5539400
2023-12-18,68.75466731613837,70.73224957502664,68.20747186954492,70.43465423583984,4810300
2023-12-19,70.75145382506257,71.04905652047226,69.9450635323299,70.5882568359375,2684000
2023-12-20,70.59785360355836,71.30824604580698,69.41705953443089,69.52265930175781,4336900
2023-12-21,70.45385465795391,72.38344178897837,70.45385465795391,72.306640625,4381800
2023-12-22,72.65224692345159,73.10344465869409,72.04745416668824,72.68104553222656,4244000
2023-12-26,72.9498314431486,74.2074266575177,72.8346370252132,73.91942596435547,3001100
2023-12-27,73.938633347526,74.35143049488316,73.84263554389564,74.16903686523438,2050300
2023-12-28,73.91943337517826,74.09223234356726,73.58343741557815,73.61223602294922,1546500
2023-12-29,73.74663522183512,73.85223499947118,73.1514371409921,73.43943786621094,2293400
2024-01-02,72.4314352096566,72.95943404358415,71.34664626123318,71.79784393310547,2955000
2024-01-03,71.83624724701892,73.73702847314618,71.57704514626198,73.53543090820312,4194300
2024-01-04,73.60263308474242,74.0442288150456,72.80583744512121,72.9306411743164,3029400
2024-01-05,72.42184833538239,73.3914356448533,72.31624855725582,72.80583953857422,2951100
2024-01-08,74.87942980274515,76.4826158368766,74.26503506721977,76.18502044677734,6552400
2024-01-09,76.00259884463759,76.27139555288655,73.97701423355451,74.02501678466797,4849100
2024-01-10,74.71622776786258,75.60902120215452,74.57222740926791,75.11942291259766,3054700
2024-01-11,75.61860840079125,76.607406859449,74.43782168987028,76.52100372314453,4023900
2024-01-12,76.74182405581047,77.05861610221807,76.02182948132888,76.13702392578125,4843500
2024-01-16,75.83940728275246,76.38660271321851,75.35941103412745,76.3386001586914,4348300
2024-01-17,75.35941451129241,75.64741520342069,73.82342790965258,74.55302429199219,4928300
2024-01-18,75.56101124814961,75.83940996108338,74.59141674091983,75.27301788330078,3076500
2024-01-19,75.95463085344377,81.36898950844143,75.95463085344377,79.86180114746094,9448900
2024-01-22,80.74892876796056,80.7971457845306,78.10679958274339,78.2417984008789,4248200
2024-01-23,78.10680254510604,79.52429754617422,77.66323393199696,79.48572540283203,2673300
2024-01-24,80.51750299420245,81.88678092018827,80.03536225771022,80.72000122070312,3637800
2024-01-25,81.48177103933686,82.00248383176326,80.04499394129225,80.07392120361328,2723300
2024-01-26,79.56287145143493,81.36607321208874,79.18680224162561,81.2117919921875,2927500
2024-01-29,81.36606427395917,81.64570677100072,80.3728555798812,80.43071746826172,2710300
2024-01-30,82.65819415867027,83.36211538735255,81.30819886818276,81.77105712890625,3838900
2024-01-31,80.30534595161639,80.60427080214384,78.89749612829523,79.91963195800781,3587200
2024-02-01,80.61393052543983,82.90892516389843,80.0353631068873,82.716064453125,2729300
2024-02-02,82.57141410587398,83.7960556107342,82.17606255519165,83.23677062988281,3683900
2024-02-05,83.43927003991038,83.76712954807132,81.73249516467615,82.6485595703125,2204200
2024-02-06,82.66785277665835,82.91856065922272,79.2253682598235,79.72679138183594,5013800
2024-02-07,80.45965184483103,80.83572104656488,79.82322251458353,80.74893188476562,2964200
2024-02-08,80.6235600284595,82.09890923938677,80.52713336989947,81.77105712890625,2993800
2024-02-09,82.20499119521816,83.55498665689754,81.97356571395076,83.12105560302734,2315700
2024-02-12,83.4103455890131,83.7864147667019,82.76427878189479,83.52606201171875,2979100
2024-02-13,81.95426549415252,82.14712616796922,80.46927141173512,80.9803466796875,3144300
2024-02-14,82.02177496129504,83.14998981021665,81.69392281087711,82.9667739868164,2361300
2024-02-15,82.42677667463524,82.84141796771931,79.47607061066459,79.7653579711914,4418500
2024-02-16,80.32465605263579,82.27250154648254,79.8328704022395,81.2021484375,4841800
2024-02-20,80.88392634726463,80.98999789658704,78.3189414850917,79.5146484375,3111100
2024-02-21,78.38643008899956,78.88785314287054,77.61500208332436,78.48285675048828,3360500
2024-02-22,82.88963707159935,85.93677015078623,82.34964178440532,84.6542739868164,8284100
2024-02-23,85.87889417609068,89.36959529121638,84.85675830525264,87.12281799316406,6997300
2024-02-26,89.31174642614604,91.59708864878235,88.5210359679091,89.45638275146484,8175400
2024-02-27,89.6781640323201,90.14102230951532,87.48924864189296,88.28959655761719,5888100
2024-02-28,88.81031774903583,90.99924070309615,88.00996240083286,89.91924285888672,5909800
2024-02-29,87.74961127648002,91.41388370110845,87.74961127648002,91.27888488769531,14317000
2024-03-01,120.2169452933663,126.37870207793776,112.29055200248371,120.13980102539062,62169000
2024-03-04,119.5226644409523,124.44050496669144,116.48518422513783,117.43017578125,23836000
2024-03-05,116.43698027786935,117.17947372667058,109.82200921556147,113.54413604736328,15019200
2024-03-06,115.18341365721241,116.2537666310788,112.78235496089103,114.26734924316406,10569100
2024-03-07,115.71376689736775,117.66161206977817,115.04841038350527,116.19590759277344,9644300
2024-03-08,115.9934072870546,116.45625822642388,110.84414092761074,112.09770965576172,11015200
2024-03-11,111.35521726373553,112.65699565844874,109.57129082099482,111.72164154052734,5936800
2024-03-12,113.11021113283252,114.06484765865268,109.34951220245068,109.49415588378906,6570000
2024-03-13,109.44593824906782,110.24629357195967,105.4248866006351,106.07095336914062,7162000
2024-03-14,106.74594675527466,107.43059301510961,101.24954578403732,102.64775085449219,8069800
2024-03-15,103.21668798581231,105.08739636561107,101.8666924753457,103.17811584472656,9159700
2024-03-18,103.16846146096938,104.01703377287379,100.92169146566256,102.82131958007812,7403800
2024-03-19,103.19739420271048,104.99095823022503,101.29776598746088,103.67953491210938,7971700
2024-03-20,104.05560454137601,107.35344500957127,102.27167814925646,107.10272979736328,9600200
2024-03-21,109.13736175075374,111.63484687621164,108.24057981524743,109.96664428710938,11678000
2024-03-22,108.8770235736234,109.73523348757615,107.7970256860398,108.23094940185547,4711400
2024-03-25,107.29558094638601,110.70913775631976,106.36987174728439,108.96379089355469,6152300
2024-03-26,109.30129422471994,112.67627909403038,109.20486755697341,110.55486297607422,7389200
2024-03-27,109.93772594402421,111.11415044485678,106.96773742665728,107.69094848632812,4376000
2024-03-28,108.2405852095252,110.36200130874037,107.89344332319789,110.03414916992188,4153400
2024-04-01,110.1691541964157,115.43412996052561,110.1691541964157,115.36663055419922,8064100
2024-04-02,113.19698197115888,114.54697727151225,111.19127508817003,114.20948028564453,5503100
2024-04-03,113.58270745588928,125.12514968157102,113.45735352185179,123.9873046875,19390800
2024-04-04,125.21194606159946,131.29655936015882,122.15516842294258,122.61802673339844,19494800
2024-04-05,123.42800695981047,128.1722692116764,119.09838596310047,127.97941589355469,10813500
2024-04-08,128.20121096200555,128.6737141515026,121.07517190590657,122.60838317871094,11952300
2024-04-09,121.91410384352533,122.22267361280895,116.14769754373836,119.310546875,9985300
2024-04-10,116.86127549276698,121.5669664899377,116.77448633355858,118.96340942382812,5945000
2024-04-11,119.19482525363753,121.28731414022434,118.74161181545223,119.60946655273438,5058300
2024-04-12,117.15054510033578,117.97982769199638,113.40913592082937,113.55377960205078,7501700
2024-04-15,114.74948696999635,118.1244718808786,113.08127690558878,113.60198974609375,6764100
2024-04-16,112.49307352450762,117.39161752667138,111.54807449977673,116.75519561767578,7596700
2024-04-17,118.2401954587466,119.25268657920113,114.08413735696067,115.34735107421875,5346000
2024-04-18,115.33768981470753,115.37626195051436,111.3841378555411,114.14198303222656,5053700
2024-04-19,112.20377540326034,114.92304844155191,110.21735823083593,110.76699829101562,9440000
2024-04-22,111.32362136201397,114.5568429939257,110.59759774443562,111.84635925292969,5410000
2024-04-23,112.65950939643085,117.20926212347847,112.00124764545562,116.77364349365234,5086900
2024-04-24,121.98164378546862,121.98164378546862,115.49582870813272,116.35737609863281,5815900
2024-04-25,114.54717497534466,121.27499128726396,113.25969124254743,120.91682434082031,6823000
2024-04-26,121.60412202067604,122.50439162835951,119.10659893026457,121.06201934814453,5512200
2024-04-29,121.19754357107,123.6466695249566,119.3292424386393,123.61762237548828,4406300
2024-04-30,122.21397253466924,122.93031375129057,119.88101315748519,120.65544128417969,5054500
2024-05-01,118.9807631753015,120.19080263130859,113.67594695054879,114.9827880859375,7199800
2024-05-02,117.75135647929484,119.9487922211337,114.5762141950907,119.4454116821289,4856900
2024-05-03,121.47827021753247,123.51113487956415,120.72320683324878,121.10073852539062,3942800
2024-05-06,121.00395497943491,125.25361328747303,120.27793124955829,125.1955337524414,5025200
2024-05-07,124.12100673525615,125.55368929583285,122.21398339681093,123.47242736816406,3247100
2024-05-08,123.09488145443568,127.6639910328775,121.9719614390078,127.40261840820312,4921500
2024-05-09,126.97669193577983,128.18673132844106,125.13743796733024,127.47038269042969,6675400
2024-05-10,129.64841771496899,130.29701164839682,127.21866460453379,128.5255126953125,4536900
2024-05-13,129.03860837932012,130.5874499944475,126.50235567777949,126.82180786132812,4105800
2024-05-14,125.35042105927573,130.38418257999416,124.48887349960079,129.8323974609375,4175800
2024-05-15,135.42760489837863,145.4757768886713,134.22725525674076,144.39158630371094,16982500
2024-05-16,145.6887301485818,146.0178572895948,138.91251014167102,141.6230010986328,9411500
2024-05-17,143.8785342966916,145.4757804490539,141.21644752876165,144.74008178710938,9893500
2024-05-20,146.07593932613656,149.64797772604476,140.38392446663715,140.8001708984375,10586900
2024-05-21,140.4129827331942,145.10792700350726,139.3965466265113,142.53297424316406,6665700
2024-05-22,143.18154340240298,144.2270191999771,141.20675086110018,143.05569458007812,4708400
2024-05-23,153.90734330533166,157.5084218963732,145.33058307821503,148.66061401367188,16843100
2024-05-24,151.03226567179962,161.4386033945991,149.66733783009784,155.05926513671875,17563700
2024-05-28,163.04552538037711,164.2652544260002,155.8627339988806,160.77066040039062,18692600
2024-05-29,160.26728806457683,173.95525248129346,159.04757372799384,173.48092651367188,23215900
2024-05-30,173.08405576835898,173.12277053373495,159.83170059165678,164.48793029785156,43508200
2024-05-31,139.20293929806246,140.1709708442646,126.82180755038343,135.09848022460938,67192800
2024-06-03,136.0568370264512,136.24076538393064,124.48886298197648,127.8092041015625,41199200
2024-06-04,127.97377744129187,134.53703065508483,127.6640150032465,131.4199676513672,21568400
2024-06-05,131.6038609189191,134.9435661689311,128.69976682830236,133.2592010498047,19148600
2024-06-06,131.89429111617534,132.32990233447146,127.92535608061435,129.67750549316406,13929100
2024-06-07,127.29613514846824,129.77429328685986,123.51112864958701,125.81504821777344,19597600
2024-06-10,124.8760538155441,131.129543319805,124.29522905219315,128.21575927734375,13994500
2024-06-11,127.29614731802208,130.539058880527,125.86346477685967,127.43167114257812,9176400
2024-06-12,128.583633506772,128.69011756889643,125.94091149167022,127.59623718261719,11427900
2024-06-13,127.77046419098362,131.836192938191,127.58653586970513,130.70359802246094,16066800
2024-06-14,129.10635518379294,131.19730674867492,127.09284791068306,130.66488647460938,12995300
2024-06-17,132.74616861683427,140.11288916103047,132.64935955530655,137.48951721191406,26911400
2024-06-18,138.98995433573938,149.21236386169477,138.71890671732297,144.3818817138672,33500100
2024-06-20,151.62278535738366,156.35645901339313,140.38393854856514,143.7720489501953,39976400
2024-06-21,141.11962175602818,142.48454962773667,136.14394075885963,140.42263793945312,16745500
2024-06-24,138.7285799369345,138.97058779106243,133.1623992919922,133.1623992919922,14015000
2024-06-25,134.8661338540208,137.21844292843494,133.210793757555,135.8632049560547,8378100
2024-06-26,134.09171105720046,136.79251211146396,130.77135573883328,133.82066345214844,12714100
2024-06-27,133.42379926978398,137.29592572983668,133.20115613420822,134.97264099121094,9483000
2024-06-28,135.0694269241002,137.23782268784618,131.8555701936959,133.501220703125,20573600
2024-07-01,133.0849727804247,140.06448672486312,129.3580601916961,138.2542724609375,11565700
2024-07-02,135.73738143469825,138.95123841246345,135.44696902339092,138.88348388671875,7748200
2024-07-03,142.96857690987525,144.6916718260552,136.09554724035667,138.1090545654297,13173300
2024-07-05,137.65406680820092,138.19616204728274,133.8884251249495,134.5176544189453,8901200
2024-07-08,135.52440914921038,142.4167886592254,134.74998099987437,141.30355834960938,12355600
2024-07-09,141.3906644678951,145.4273536490007,139.23195857341616,141.08090209960938,11396900
2024-07-10,141.61333588832258,142.5232879532621,137.2959232355537,141.10997009277344,7387300
2024-07-11,140.90667432836446,141.76822184315577,134.96296102193023,136.22140502929688,8248900
2024-07-12,135.13719405820814,137.01516263203024,133.10432213896354,135.108154296875,7376400
2024-07-15,136.25041680334934,136.57954392767763,132.15564819977146,132.83326721191406,8064600
2024-07-16,133.23986213687877,133.32698143146277,128.15769649229492,129.96791076660156,10254500
2024-07-17,124.04354977480702,125.62144576963613,120.68447945180762,121.16849517822266,18887600
2024-07-18,122.58181499613117,122.88190975587258,118.12887197972454,121.33305358886719,9659400
2024-07-19,121.4008350726138,123.79186669571124,120.29727235784553,121.76868438720703,6932800
2024-07-22,124.07258937219284,125.7182398856243,123.01743863504424,124.62437438964844,6255200
2024-07-23,123.31785524472647,124.48351931337372,121.76363401615967,122.24932861328125,5944600
2024-07-24,119.99571231863776,119.99571231863776,112.57429907542425,112.79772186279297,15611400
2024-07-25,112.68114587850084,112.68114587850084,107.17337095776153,108.24189758300781,17363700
2024-07-26,110.98122747998325,111.43778163657602,108.35847933549199,110.31096649169922,8419900
2024-07-29,111.08807188875947,112.1954550076342,107.77563108834336,108.01847839355469,7552200
2024-07-30,109.09671571315099,110.00982390787125,102.74382962860811,105.50257873535156,11938400
2024-07-31,111.47663053239039,113.26398316503058,108.98986905461001,110.42752838134766,11327300
2024-08-01,109.69897160174496,111.91373756885918,104.45346896793667,105.32772064208984,8570000
2024-08-02,98.790272246438,100.83019536257213,97.07091673522002,99.36339569091797,11832700
2024-08-05,87.89129345615335,97.03206149381501,87.5513013251387,95.37098693847656,13137800
2024-08-06,95.83726657988917,96.42980720180172,90.66946867584424,91.96141815185547,15500600
2024-08-07,87.78444522045581,90.36833665482138,84.44286398002276,85.37539672851562,21545500
2024-08-08,87.20160399295855,89.07638541895548,85.91937056349147,88.84325408935547,10242800
2024-08-09,86.91991206427863,90.75689658053788,86.03594430252967,89.9020767211914,8405000
2024-08-12,89.56207840685094,95.09900111616825,89.21237771316306,92.54424285888672,9875300
2024-08-13,94.32188600123494,98.58628382289164,93.8070509319537,97.08063507080078,14928400
2024-08-14,98.16859158027218,101.38389491767634,97.44004966988359,100.0045166015625,12141000
2024-08-15,103.99693084857,107.7853504099862,102.39414451318517,107.05680847167969,17713200
2024-08-16,105.78428039204003,108.95101111036516,104.96830964859976,108.11561584472656,11632600
2024-08-19,107.82419268875283,108.85386278791879,105.27915051764903,108.66930389404297,8374900
2024-08-20,108.55274136876066,109.26185873434044,106.42539668313269,107.54249572753906,6189000
2024-08-21,107.67848634988356,108.69844792708138,105.74542400653829,108.50416564941406,6714400
2024-08-22,109.32986657904574,110.75780259727858,105.56087142434227,105.86200714111328,7018300
2024-08-23,107.19279586475646,109.4367099380369,106.92080807674947,108.80530548095703,6023400
2024-08-26,108.8053051698429,110.88407744207964,107.19279555825308,108.47502899169922,7307800
2024-08-27,107.17336745064745,109.15500221989413,106.57110350541888,108.65959167480469,6271600
2024-08-28,107.1442342365922,108.86358990001587,105.11402690721317,108.36817932128906,9528000
2024-08-29,105.18201596582348,111.16577668656521,105.00716562239633,107.5716323852539,23836600
2024-08-30,112.0594559872452,114.35193503653737,107.48421385553644,112.23430633544922,33433600
2024-09-03,111.5931868122926,113.3514062752408,105.997990447331,107.60077667236328,14159000
2024-09-04,105.88142391396204,107.38708015424739,104.23977377713481,105.93970489501953,8113600
2024-09-05,103.93864460493037,105.20145353186477,102.12214412934875,104.09407043457031,9362400
2024-09-06,103.472379321233,105.11402952008682,98.5085870876849,99.08170318603516,11962600
2024-09-09,104.27862462009163,104.57004433191098,102.09299901477998,102.86039733886719,18742700
2024-09-10,103.1129572551999,104.45347158170502,102.40383993200048,103.58893585205078,9367400
2024-09-11,104.0843553685923,105.7842864866618,102.53013411429392,105.68714904785156,9715100
2024-09-12,105.59000967184605,109.99040924807608,105.49287222800008,108.9413070678711,9893500
2024-09-13,108.97042995883538,111.36976223095742,108.21274764366225,111.02977752685547,7353300
2024-09-16,109.16472034630607,112.48687718634068,109.0190178888977,112.09832000732422,8618900
2024-09-17,114.34221980066772,114.92505182803684,111.74861246165283,113.4776840209961,9412700
2024-09-18,114.2159451941979,116.19758007373102,112.62286748124,112.67143249511719,10783600
2024-09-19,116.63471101255742,116.63471101255742,114.00224694272208,114.4005126953125,10630500
2024-09-20,113.16684018398853,115.64388557306114,111.78746931835255,114.13822937011719,75332800
2024-09-23,114.18681326818326,114.72107292757347,113.24456447717668,114.20623779296875,8067800
2024-09-24,114.78905432128512,115.05133354256586,112.68114163996282,113.95365905761719,6851800
2024-09-25,113.91480434529439,116.79983135686193,113.72052947635234,116.7318344116211,8535000
2024-09-26,118.87859988191518,123.36642036149061,117.91692671168865,122.87100982666016,13420500
2024-09-27,120.45226075546617,120.85053388465242,116.63470090443315,116.78041076660156,13545000
2024-09-30,115.59531378571855,116.52784652020273,113.6039629787469,115.14847564697266,8638100
2024-10-01,114.03138135902242,114.41022256663817,109.67956174960136,109.92240905761719,9641900
2024-10-02,109.73783516595549,113.22511871129396,108.91215585785152,110.21381378173828,6047100
2024-10-03,110.75778687541923,113.40968249792991,110.36923714692756,112.36058044433594,6872500
2024-10-04,114.1382235396159,117.38265969821725,113.71080994799715,116.97467803955078,8175800
2024-10-07,116.25584742000437,117.39237088477502,114.79876377457205,115.68272399902344,5208100
2024-10-08,115.98386911407334,118.45119851081793,115.30389224410428,118.44148254394531,5681500
2024-10-09,118.15005916352374,119.60714288256744,117.05239209651079,118.8397445678711,6023500
2024-10-10,117.9849338946282,121.28765872828696,117.73237062205416,121.22937774658203,5947200
2024-10-11,120.45226127351573,124.62923781438062,119.96656667160639,124.07554626464844,7811900
2024-10-14,125.30920772471553,126.53315278974735,123.75498647546848,124.67781066894531,5933000
2024-10-15,125.15378031549822,127.37826987229806,122.0647697903359,122.22990417480469,6016600
2024-10-16,123.2595672732316,123.86183120750151,121.22936752975163,123.1041488647461,3833100
2024-10-17,125.4063412206578,127.83481401871684,124.33780726062315,125.48403930664062,5603600
2024-10-18,125.50347741140244,125.87261003797198,121.61792074341956,122.84187316894531,5491700
2024-10-21,122.88072927076688,123.34699933046977,121.5887799037198,122.06476593017578,4405000
2024-10-22,120.97780526311753,121.17277798787637,116.34730903374296,117.37089538574219,7093000
2024-10-23,115.97687332142661,118.50170877658695,114.85580431312357,116.4837875366211,4558900
2024-10-24,117.57562327211048,118.33599838332198,116.35707150736134,117.53662872314453,3638100
2024-10-25,118.8331561707675,121.65044693782797,118.68692848801528,119.46680450439453,4040200
2024-10-28,119.90549984103848,120.50015372792907,117.51714123381899,117.62437438964844,3582900
2024-10-29,117.64385758597861,119.4570631408401,117.07844780275309,118.56995391845703,3909800
2024-10-30,127.69447161039741,130.599494618807,122.28409923532875,126.14446258544922,17073700
2024-10-31,123.80485621494516,124.38000906360573,119.50580212600947,120.51963806152344,7312400
2024-11-01,121.49448338743166,129.28346424371375,121.17279137158393,127.5774917602539,13048400
2024-11-04,129.47844832164145,132.29573951263464,126.43693288757926,126.58316802978516,10608800
2024-11-05,127.70422429252604,130.9017029168813,126.48567253400957,130.1023406982422,6998600
2024-11-06,133.9334693714953,136.08787557163706,130.94071378453415,134.86932373046875,8857900
2024-11-07,135.45419759150033,135.91237419902544,132.5979196817228,134.4013671875,6297500
2024-11-08,134.74257341517537,135.6491687362964,130.70673079636538,130.8529510498047,6325400
2024-11-11,134.98631195483637,137.208949520848,131.603610552856,135.02529907226562,7210900
2024-11-12,135.2592275029859,137.77431978856967,132.51992588813425,133.03659057617188,6667800
2024-11-13,134.29414991061705,135.54194574980585,131.08692815400673,131.14541625976562,4701400
2024-11-14,132.46142899995587,133.46551426100322,129.97558092774392,131.0478973388672,3510700
2024-11-15,129.93659195635917,130.502001702415,127.46050156836104,128.32810974121094,5010100
2024-11-18,132.73438513350695,134.5280894224984,131.08690107871172,132.58815002441406,6501800
2024-11-19,130.48252878032045,132.81239915704327,128.91303351399924,132.48094177246094,5767500
2024-11-20,134.06018498092942,134.69382590073718,129.20546440724846,130.58975219726562,4814200
2024-11-21,132.71491449146734,136.61428029391962,131.06743005994724,135.4249725341797,6619700
2024-11-22,138.91489339639722,140.8645761107326,136.9652106820618,140.58187866210938,7688600
2024-11-25,143.69161875750774,143.94508704558416,139.04163591346918,140.53314208984375,12208200
2024-11-26,140.37716271580598,140.7963373811862,137.65736173314298,138.1740264892578,12796200
2024-11-27,121.77718581696966,123.96083590639054,118.24826471143082,121.25077056884766,38089700
2024-11-29,122.14762472538617,125.23787003496169,121.84541884794756,124.3800048828125,9534500
2024-12-02,123.015226896629,126.38816948853098,120.17843512359909,122.67402648925781,13328000
2024-12-03,122.01115428637092,122.84951105542325,121.05580643333961,122.40108489990234,6989900
2024-12-04,122.09888416927237,124.12655604665217,120.80234333482234,122.92749786376953,6264500
2024-12-05,123.37592777143578,125.44258682247462,121.8941720850787,121.92341613769531,8115800
2024-12-06,122.45956665944432,123.13220209829778,119.66176945379657,120.29541778564453,10464400
2024-12-09,119.74951676595654,121.0753016955086,118.0532947733487,120.69511413574219,8318600
2024-12-10,120.0517143286838,120.13944648063837,113.61776287462368,113.85172271728516,12659500
2024-12-11,114.83631027868003,116.18158862054564,112.69165491580195,115.70391845703125,8156100
2024-12-12,114.55360402218787,117.37089480329391,114.38787534760304,116.18158721923828,5403800
2024-12-13,117.35139955567332,118.21900776602303,113.58851133299855,115.46995544433594,5941900
2024-12-16,115.86964416786574,119.01837758273908,115.46995564193453,116.26932525634766,6730500
2024-12-17,115.22624827024731,117.1759310324339,114.92404982209223,115.30423736572266,5166300
2024-12-18,116.52280135677803,116.97122754678642,109.11400756814116,109.83538818359375,7336900
2024-12-19,111.35612044964772,112.60391607298675,108.48033426895523,109.14322662353516,9248400
2024-12-20,107.39826620598771,113.53001898795455,107.39826620598771,112.85737609863281,12228200
2024-12-23,113.58851222212145,116.14259926791638,113.33505882297757,115.83065032958984,5324200
2024-12-24,116.00612756983712,116.41555917627214,115.2067579126522,115.94763946533203,2077400
2024-12-26,115.44071146234808,116.86397894800912,115.25549666238248,116.2790756225586,2743100
2024-12-27,115.39197156258352,115.89888578457453,113.57876608352669,114.37813568115234,4881900
2024-12-30,112.40894455426164,113.00359832443652,109.78662659331445,111.9312744140625,5517900
2024-12-31,112.42846072406114,113.16933483492323,111.2878980682382,112.3407211303711,3874700
2025-01-02,112.36022884828529,114.50487708695056,110.67374984871343,113.59827423095703,4580900
2025-01-03,114.43662979339499,117.78033604738144,114.41713623813816,116.89323425292969,5601000
2025-01-06,118.74542359310365,121.864920405248,118.1605202650295,121.52372741699219,8361800
2025-01-07,122.42058865260209,122.60580346696963,117.9070680684818,118.2190170288086,6081900
2025-01-08,116.96147612101545,117.57562353433683,114.78757649537671,116.3083267211914,5137700
2025-01-10,114.95328956462666,115.02152816124735,111.70706610227947,111.88253784179688,8213400
2025-01-13,107.242306523241,107.77846484090398,104.0058333115734,107.39827728271484,11518100
2025-01-14,108.49985033811664,108.99701409505948,104.5029946649866,106.31620025634766,8366200
2025-01-15,109.18224110576276,109.18224110576276,105.32186990201728,106.48193359375,9106100
2025-01-16,106.25770821054773,108.55833441450599,105.6922984369166,107.33978271484375,6073500
2025-01-17,108.93852293835513,108.94827343452673,106.78412440629636,106.88160705566406,6344500
2025-01-21,107.65172819629505,109.55266581175873,105.19513132112284,108.7435531616211,8636000
2025-01-22,114.36644380458361,118.39887913829959,112.49704323295384,112.6732177734375,12846400
2025-01-23,110.30465291418953,112.2621445894528,109.5803830851688,111.79235076904297,5864100
2025-01-24,112.3698068548303,114.30772689247331,110.37316445664112,111.3127670288086,5500000
2025-01-27,104.34409526359157,105.44029329957105,97.91373535257266,101.63296508789062,17922300
2025-01-28,101.91680353760304,101.91680353760304,98.36395876014393,99.13716888427734,15042700
2025-01-29,99.8320649618904,101.6525326262215,99.31333091714052,100.90868377685547,8362600
2025-01-30,101.11422799792456,103.70790590727302,101.1044459161627,103.11087036132812,7952700
2025-01-31,104.0700429864496,104.9606977838849,101.32955175217295,101.39806365966797,6077200
2025-02-03,97.26775313396251,98.8631135377696,96.27922527048246,97.96266174316406,12114300
2025-02-04,98.10947977519706,100.28229670960572,97.68861877017882,99.50908660888672,7241400
2025-02-05,100.39974586228223,103.45342797639539,99.03928979893303,102.22999572753906,7901800
2025-02-06,102.73894904346614,104.97048829926588,102.5040521394972,103.66875457763672,5017400
2025-02-07,105.23474357409515,107.02585015374349,103.71769208687358,104.10919189453125,7997300
2025-02-10,105.06835734298248,110.41230837282833,105.06835734298248,109.92293548583984,9084100
2025-02-11,107.8969345841048,109.68804118497849,107.51522432060553,109.0714340209961,4397100
2025-02-12,107.71098552820266,111.57702871157686,107.66204524801276,110.51998138427734,5423700
2025-02-13,108.72886485600189,109.37484065353173,106.42881377194787,107.91651153564453,6806200
2025-02-14,108.67992923392035,114.66985592633742,107.37819559119488,111.94893646240234,16971700
2025-02-18,114.03367401125568,118.34993905944896,113.78898756391118,117.78226470947266,13510000
2025-02-19,116.28478652079049,119.66146402310576,115.73669126036324,118.38909149169922,6728600
2025-02-20,117.93887823399722,118.6337869109256,114.28815282548442,117.34184265136719,5480400
2025-02-21,118.28142579306939,118.71207632496085,114.79709321245718,115.10050201416016,5662300
2025-02-24,113.64218080482853,113.88686726638966,108.67015011376928,111.71405029296875,7327800
2025-02-25,111.08765729463535,111.68469287835565,107.32927670259792,108.29823303222656,6582100
2025-02-26,109.42378565318813,114.78730856465904,109.42378565318813,113.19195556640625,8631500
2025-02-27,114.51325121728568,114.95368381199567,105.14665481384336,105.53815460205078,15737200
2025-02-28,98.81418218073786,101.69169742926574,96.89584117079873,100.575927734375,20366200
2025-03-03,101.4372220251016,101.56445630081822,92.50127486244631,93.5289535522461,13096800
2025-03-04,91.02335996200469,94.79152982182289,90.44590352071347,92.07061767578125,12789400
2025-03-05,92.63828415949446,95.79962866258889,91.22888792910048,95.18302154541016,6059400
2025-03-06,92.24679894723866,93.82258040727083,90.94506513812713,91.04293823242188,8560500
2025-03-07,89.77057404417356,90.69059756843095,86.45262608115667,89.51609802246094,10162100
2025-03-10,87.10837557904523,89.81949814013424,86.8049667727242,88.41989135742188,8384900
2025-03-11,88.61564938669072,90.89612898955409,88.16542719566314,89.6237564086914,6282300
2025-03-12,92.64807989757782,93.94002403934427,91.18974329671255,92.56977844238281,7873000
2025-03-13,91.95316508937339,92.84382735325804,89.60418113891627,90.48504638671875,4543400
2025-03-14,92.58935419711428,95.23197242338226,92.3936080176447,93.63661193847656,5933400
2025-03-17,95.45707071388428,96.71965361305077,94.60556670012919,95.58431243896484,5283200
2025-03-18,94.86004498101826,95.13409262134563,92.75573993245007,94.39025115966797,5792000
2025-03-19,94.93835152527608,98.29545023357075,94.79153814802639,96.62179565429688,5460100
2025-03-20,95.87794030267808,99.26439996752892,95.81921794258295,96.81753540039062,4924500
2025-03-21,95.99539354712076,96.32816354764145,94.35110024120884,95.49623107910156,8911100
2025-03-24,97.87457033536009,99.36226051887323,97.17966178204749,97.68860626220703,6491800
2025-03-25,98.17799039674705,99.1469541308336,96.41625240858944,96.7588119506836,4807300
2025-03-26,96.64136641930374,98.41290154567221,93.5681049433406,94.21408081054688,5795800
2025-03-27,93.00042365722574,96.27922809721704,91.61060639801795,95.03621673583984,7537800
2025-03-28,92.37403605562656,93.52895652509086,89.56504008031729,90.32846069335938,7225200
2025-03-31,87.37263767678861,89.27140699211421,86.52113357672094,89.21268463134766,7286200
2025-04-01,89.33991520546193,90.82761299938872,87.80328460200042,90.00546264648438,5716700
2025-04-02,88.05776245449731,93.68555090890989,87.92073863733413,93.30384063720703,6245800
2025-04-03,83.92744980065083,84.3776719589065,75.08937668987093,75.58853912353516,30868500
2025-04-04,73.07316526066194,73.34721289083542,67.94453187481761,70.10755920410156,17449100
2025-04-07,66.55471638997396,75.6570555890274,64.8419111887614,73.40593719482422,15538400
2025-04-08,75.85280296969388,77.77114392937499,69.4909549786873,71.04715728759766,12924100
2025-04-09,71.01779993893963,83.65341306098107,69.60841092414566,82.40061950683594,18160000
2025-04-10,78.49541379027228,79.30777463384398,74.32596186654995,77.26219940185547,11279300
2025-04-11,76.92941175461944,81.15759294742676,76.3030150939989,80.18863677978516,8667600
2025-04-14,87.392212636792,87.392212636792,82.22443605138407,83.37935638427734,12355200
2025-04-15,82.82146959350831,85.05300875025219,82.52784287615249,83.6729736328125,5728800
2025-04-16,81.04995119619821,83.48703403219774,79.94397094089678,81.58826446533203,5842300
2025-04-17,82.09720584599125,83.60447547289758,81.13803901711194,82.9976577758789,6238300
2025-04-21,81.60782654299683,82.56700076461642,79.02393808820061,80.63887023925781,5595300
2025-04-22,81.65837463630531,84.11107879385372,81.2249622896237,82.8207015991211,4471600
2025-04-23,87.74581186970711,90.5137228717559,87.26314540209924,87.82461547851562,8413100
2025-04-24,88.53382364840657,93.26193487095091,88.1004188388467,92.98612976074219,6367200
2025-04-25,93.04522055967438,94.02039068968536,92.53301218773551,93.46878051757812,4466700
2025-04-28,93.15357734590731,94.20755111828282,91.71544540047789,93.0550765991211,3920200
2025-04-29,92.25722171259989,93.14373605384944,91.71545626839081,92.37541961669922,4474000
2025-04-30,85.51965960101603,90.71072526097599,85.46056065139767,90.38567352294922,9891200
2025-05-01,92.1685618443211,93.7741459326797,90.41522286700449,90.57282257080078,6333100
2025-05-02,92.81868520710803,94.40456471853126,92.43451946966249,93.17328643798828,5970500
2025-05-05,92.49362208085074,94.20755927166785,92.12916101956095,92.94673156738281,4938000
2025-05-06,91.27218951210152,93.31118581006139,91.14413177594137,92.54286193847656,5015400
2025-05-07,92.45421475964258,94.60156416386344,91.48888937888485,94.35530853271484,5211600
2025-05-08,95.98059832540567,96.02000012866596,94.24695655758066,94.77886962890625,4575900
2025-05-09,95.9904387653885,96.47310519698677,94.2075504610823,94.4735107421875,4367400
2025-05-12,99.4872798913737,102.5211512204042,99.4872798913737,101.87103271484375,7927700
2025-05-13,102.33398444277132,106.87493865888895,102.33398444277132,106.23467254638672,7063500
2025-05-14,107.85996964735112,110.07627039352957,107.85996964735112,109.3572006225586,7639100
2025-05-15,107.31820831076298,109.8398712546516,106.94390243153289,109.20945739746094,4488800
2025-05-16,109.83001560354462,112.88358404106646,109.42615274608289,112.47972869873047,5466600
2025-05-19,109.75121700751404,113.34655102409766,109.75121700751404,112.5683822631836,4594700
2025-05-20,112.25316660055849,113.77010219835157,111.49470255922469,112.51912689208984,4150600
2025-05-21,111.83944967005255,114.39065420362171,109.88910191596841,110.2535629272461,5859900
2025-05-22,110.71652664254513,111.28784147625451,109.00258965654201,110.27326202392578,4013700
2025-05-23,108.02742028038752,111.00219256302337,107.18030029381907,110.43087768554688,3916900
2025-05-27,112.76538895117193,113.32685152458309,111.49470891342543,112.28272247314453,5512100
2025-05-28,112.44032289119538,113.56324797007746,111.612900061157,112.06600952148438,4618400
2025-05-29,113.46474074976962,113.73069351007467,109.63300394181411,111.9281005859375,14396000
2025-05-30,110.79533076278771,115.21807955007151,107.56445074759232,109.60344696044922,19208000
2025-06-02,109.32764665236702,109.99746226204934,104.78669226461824,106.46123504638672,9027600
2025-06-03,106.87493643023566,110.75592731005379,106.39227753123733,110.22401428222656,6643900
2025-06-04,111.17949873078108,112.53882715420056,109.63301361666316,111.01203918457031,4536200
2025-06-05,111.30756018962546,112.50928903303102,109.51481925531796,110.14523315429688,5435000
2025-06-06,111.14008395225527,113.51398412998981,111.14008395225527,112.04630279541016,4037500
2025-06-09,112.79493478628463,114.88317779151943,112.49942501397275,112.50927734375,5123700
2025-06-10,113.08059043102953,113.3268460656658,110.08612101203731,111.55380249023438,8661400
2025-06-11,112.68657295223073,112.7358195670408,109.24884660928282,109.57389831542969,5436500
2025-06-12,110.34221748088811,111.81975123540796,108.91393785756902,111.70155334472656,5597700
2025-06-13,109.68225088217056,110.07626137445537,107.53490159009966,107.91905975341797,5137500
2025-06-16,109.57390454226623,112.65702988236323,109.33750123841831,112.03646087646484,5292300
2025-06-17,111.1006943442146,115.94700348780144,110.99234126247734,114.19366455078125,5968200
2025-06-18,113.8784558412218,117.0403772758866,113.81935689397822,114.81422424316406,4671200
2025-06-20,116.54786143459806,117.9564439045856,115.85834869339797,117.58213806152344,9568400
2025-06-23,117.0699279990919,117.59198874565054,114.22321344455001,116.25235748291016,5987400
2025-06-24,118.00569809395738,120.00529255955446,117.37528429736889,118.78385925292969,5034500
2025-06-25,119.00057151297932,120.46826051908168,118.44896129143115,118.65581512451172,3977600
2025-06-26,120.86226691983771,125.24562188669806,120.43870691207593,124.09314727783203,9434800
2025-06-27,121.9260959853243,123.18692370841967,120.68496540753465,122.13294982910156,7362000
2025-06-30,122.30040371984678,122.62545545066082,120.30080162566126,120.76376342773438,5427000
2025-07-01,120.23184339904005,121.31537415621862,118.31105253881482,119.90679168701172,4105000
2025-07-02,119.5423342579544,122.45800003069408,118.31105610147013,121.63058471679688,3937800
2025-07-03,122.32995614714295,124.2901489696102,121.83744485902675,123.34452819824219,3725600
2025-07-07,123.19677014731327,125.12741344536963,121.92609015476648,122.90126037597656,4070200
2025-07-08,124.23104697261671,124.85160847497609,120.45840879455533,122.5269546508789,3317300
2025-07-09,122.7239516039815,125.09785947369528,122.6747049872797,124.7333984375,3966200
2025-07-10,125.0978580912378,126.39809501190325,124.44773963090508,125.99423217773438,5368800
2025-07-11,125.65931920409253,125.71841814886663,123.81732443567194,124.93040466308594,3560200
2025-07-14,124.30984150534493,124.60535127330814,121.926088762877,123.78778076171875,3626900
2025-07-15,125.27516899222671,126.68375154813147,123.13767184900345,123.80748748779297,4041700
2025-07-16,123.62033213581618,123.62033213581618,118.85282651967138,121.71923828125,5955900
2025-07-17,121.87684216968822,122.57620727120907,120.04469964424605,122.02458953857422,3763700
2025-07-18,123.40361255397538,130.01311987214976,122.96035545314176,129.27435302734375,11025200
2025-07-21,128.66363701085314,129.0182457199746,126.66404249366148,127.02851104736328,5560200
2025-07-22,126.5982679869432,126.66750865875956,121.83105225989367,122.96846008300781,6278000
2025-07-23,124.16521015192927,126.49936635398439,123.90805530367713,125.82681274414062,4175700
2025-07-24,126.21254865547641,128.0521804743808,125.75758700237091,126.94445037841797,3785000
2025-07-25,126.55871794230066,130.3863405551867,126.31145567509255,129.78302001953125,4301000
2025-07-28,130.5050016900462,132.43364406148754,129.7236596852993,132.3940887451172,4846600
2025-07-29,133.43260552508565,134.5304505295569,131.06877899549136,132.0479278564453,4013200
2025-07-30,131.96879495355648,133.70953077477776,131.14789760077255,132.0775909423828,3765800
2025-07-31,133.7194309448806,134.64913948325997,130.7621838909148,131.23692321777344,3876200
2025-08-01,126.97411730130966,127.83458511451911,124.03664052113018,125.92572021484375,5521000
2025-08-04,127.23126396368426,129.27860265712357,126.48947720664512,128.80384826660156,2765300
2025-08-05,129.95115520871147,130.43579468044513,125.3125127091025,129.05111694335938,4754800
2025-08-06,126.58838125096307,128.3785650983537,122.52338919776646,126.73674011230469,6250900
2025-08-07,128.74449927339333,132.5325585412082,128.67527369496813,132.46331787109375,5691200
2025-08-08,133.5216239361067,137.3393539352808,132.5325748699133,136.10304260253906,5458600
2025-08-11,136.488779627885,138.94161723900223,135.51951570837525,136.80528259277344,4402800
2025-08-12,137.96244842289073,140.5537519356067,137.15142101075497,140.08889770507812,4856200
2025-08-13,138.78335759552567,139.06029009755787,134.56999935861285,137.61627197265625,6025200
2025-08-14,135.60850451709751,138.28883385896086,135.25244628518377,137.33934020996094,3813800
2025-08-15,139.16909833079225,139.60426723534965,135.9250035655848,136.7657012939453,3448200
2025-08-18,136.76569139783592,137.85365130973372,136.21182638512056,136.61734008789062,3202500
2025-08-19,136.3700805465688,137.190993025147,133.10621583787068,133.71942138671875,3570100
2025-08-20,132.532560140569,132.532560140569,125.45096599164955,127.07300567626953,7222700
2025-08-21,127.89391823580793,128.88296719296883,126.1531975042129,126.43013000488281,4057800
2025-08-22,127.43896770660606,130.60392143909291,126.71695108180748,129.40716552734375,3786000
2025-08-25,129.0610075177124,130.70281736353587,128.34889104100034,129.57530212402344,3202700
2025-08-26,129.7533335040527,131.04898520728085,128.84341028569168,129.55552673339844,3735700
2025-08-27,129.49618175653214,131.21713249513107,129.219249236531,131.0489959716797,3799300
2025-08-28,132.23584281883575,133.69963105269164,131.2863642694063,132.58201599121094,11144100
2025-08-29,122.6717492312066,123.53222459853352,118.31993201672768,120.81233978271484,24363200
2025-09-02,117.80562917249574,120.050767123848,116.41106643469753,119.63536834716797,8969900
2025-09-03,120.3672566663396,122.67174257812542,119.57602201761196,122.66184997558594,5966800
2025-09-04,122.671748118234,125.95539054606955,121.57390310796008,125.2828369140625,7053800
2025-09-05,125.85648660183485,127.01367213326147,121.9299608223245,123.4629898071289,6413100
2025-09-08,123.92784617733913,124.23444896122645,121.44533100521203,121.65303039550781,5187100
2025-09-09,119.54636268012936,120.3771602690894,116.85614802776173,119.96176147460938,10704400
2025-09-10,122.07831630161556,125.72790946439574,122.0684236989467,123.08714294433594,8447200
2025-09-11,123.54211629970767,127.34994595904102,123.1563802410118,123.99707794189453,6159400
2025-09-12,124.52126753713623,126.24221064184266,123.60145168799497,123.67068481445312,4365700
2025-09-15,125.00590139170784,126.90487364377269,123.64101650038214,125.41141510009766,5734400
2025-09-16,126.24222118978622,127.28072571927395,124.52127794128944,126.28178405761719,4461300
2025-09-17,126.69718332451694,131.54351740267634,126.49936899640437,128.9126434326172,8237000
2025-09-18,130.52480278128553,132.18639792148434,130.02039320480174,130.66326904296875,5528900
2025-09-19,131.49406654133816,132.50290078544606,130.49513244628906,130.49513244628906,9052000
2025-09-22,131.16766823516934,136.46897126400486,130.36654099230495,134.2040557861328,10255200
2025-09-23,134.58978609574444,135.84588251749062,131.79077569034268,132.86883544921875,4750800
2025-09-24,133.52161459687062,134.01613909537755,130.27753509400037,130.6434783935547,3921900
2025-09-25,127.96316441685485,129.82256627403356,125.72791156458571,129.52586364746094,4758900
2025-09-26,126.60814887307816,129.67420661156513,126.20264273312937,129.32803344726562,3841000
2025-09-29,130.6830489248501,133.11610100839323,130.6830489248501,132.43365478515625,3833400
2025-09-30,132.53256842426342,140.2174835205078,132.53256842426342,140.2174835205078,9934600
2025-10-01,139.36689887318644,148.0408477783203,138.8624742221117,148.0408477783203,13612000
2025-10-02,148.84199249767175,150.43436202401935,143.02637942897795,145.7561492919922,7490800
2025-10-03,146.6363985625521,147.56610703250257,138.87237300698231,139.19876098632812,6526700
2025-10-06,143.92642572230997,147.6452448139531,142.6802142282389,144.16378784179688,10454700
2025-10-07,151.12670710361198,153.00589437689615,142.8186855203489,149.21783447265625,18683200
2025-10-08,153.01577267737443,164.2810398337856,152.3135412688435,162.7282257080078,18937900
2025-10-09,162.52053783697878,163.13374338353648,153.45094528695427,154.2421875,13275600
2025-10-10,155.84445491580192,157.53572021909653,148.7727456586347,148.92111206054688,11749100
2025-10-13,153.84657240176548,153.84657240176548,149.45519250035505,151.72010803222656,6800900
2025-10-14,148.3375641981012,150.88931241884757,146.4781623479241,147.1408233642578,7096400
2025-10-15,150.5035715532467,154.07403873932168,149.76178486715096,152.01681518554688,5804500
2025-10-16,153.58941062234805,156.76426451243879,148.0309601421626,149.6529998779297,6947600
2025-10-17,148.7727404379627,149.58376781655772,145.6770124119777,147.9518280029297,5301500
2025-10-20,148.54527231992498,149.75191331209544,145.51878478246755,146.25067138671875,5829600
2025-10-21,146.85117138102973,150.17629696793307,144.0124120133799,148.32017517089844,5191400
2025-10-22,149.08447162869504,150.26563600165466,144.1712379763226,149.01499938964844,6136700
2025-10-23,148.88595402853116,154.1862903570359,148.48893087597338,153.08453369140625,5817200
2025-10-24,156.42952265832238,158.7521400186163,155.63546116933057,157.4617919921875,5081500
2025-10-27,159.30797695310426,161.16408373834616,157.97793268074338,160.9854278564453,5480000
2025-10-28,161.21370503722773,165.75969120017297,159.48662256277575,163.6554412841797,6446400
2025-10-29,165.75970644553237,166.69272757574544,160.7670650019537,162.3849639892578,4511500
2025-10-30,159.69507454947743,162.8514646676056,159.02013215738384,159.81417846679688,3105200
2025-10-31,161.72984820881624,162.16658275523758,156.82653513020549,160.80674743652344,4079200
2025-11-03,165.90857536428945,166.83167615481415,158.67272466323254,158.92086791992188,4614600
2025-11-04,154.31532298964112,156.74712377064787,152.17136170990818,153.49148559570312,5330200
2025-11-05,150.97036569344786,153.77933407331574,148.04226310420444,151.27806091308594,7326500
2025-11-06,151.60560943777662,153.8488190240839,147.71472499346174,148.07203674316406,4255100
2025-11-07,146.89088604573467,146.89088604573467,142.0173489037392,145.61045837402344,5780800
2025-11-10,148.62789196094093,148.93558717902965,140.04212610660602,141.6302490234375,8203600
2025-11-11,139.2580021328751,139.9528002397244,135.27777450388317,137.72943115234375,7116100
2025-11-12,139.60539566241098,142.72207448355778,138.71208596127494,139.6649627685547,5503000
2025-11-13,138.7617148615006,139.10910634032697,131.31741701641434,132.9452362060547,6912000
2025-11-14,128.95509401483915,136.16116919472648,128.3694795267435,132.76657104492188,5573300
2025-11-17,123.07905835284441,127.45630914369131,119.11869399879106,121.57035064697266,15291100
2025-11-18,119.60505587136899,125.10391163094644,118.50329914922499,121.77879333496094,10147100
2025-11-19,121.67952869367433,122.67210176104186,117.98716324416161,118.49337005615234,6729200
2025-11-20,122.73166569472797,124.74658788208617,115.88290976980349,116.52808380126953,8855000
2025-11-21,117.67946002794304,122.54306955540233,115.69431390022345,121.60012817382812,8401600
2025-11-24,123.87311400133946,128.44887615829623,123.35697179822571,126.27513885498047,8985900
2025-11-25,122.17581111318384,126.17588680107008,122.13611485582963,124.98479461669922,14794100
2025-11-26,132.58790957586191,134.3447681116385,127.12875781159157,132.27027893066406,16424900
2025-11-28,133.17352114670632,133.50107206290352,129.04441372159698,132.359619140625,5612600
2025-12-01,130.73181078915636,131.15860995600386,126.8210627455222,131.10897827148438,6720100
2025-12-02,134.00727134252259,137.01476623257082,133.80875977744427,134.94029235839844,6981600
2025-12-03,134.3943861343576,135.099119670272,132.25043983740653,132.63754272460938,5630700
2025-12-04,133.00478820101202,138.27534865346465,131.62511227250658,137.95773315429688,6857100
2025-12-05,137.91802267412876,138.16616593735873,135.0991188387473,137.87832641601562,5001600
2025-12-08,137.5904732346328,141.28284624299465,137.57063267809346,139.3671875,3915400
2025-12-09,138.00735296937904,138.88082211740434,136.10161449270277,137.19345092773438,3464800
2025-12-10,137.02470070695273,140.0818272534759,135.24798661996462,139.58554077148438,4576000
2025-12-11,137.79892049890248,138.02720806323467,133.679733189857,137.5706329345703,4933500
2025-12-12,137.4713593059892,138.45401201982068,128.47865042736953,129.01463317871094,9299000
2025-12-15,130.3248363322807,132.43900649746254,128.64738555955984,129.5406951904297,5336200
2025-12-16,129.32232835968068,133.99735381224446,129.05434455678878,132.7566375732422,5365600
2025-12-17,132.47872191625922,132.7467208718328,125.66967040736355,126.9401626586914,6125700
2025-12-18,127.05926919168193,127.73422673342634,121.19316647262912,122.02693176269531,9344800
2025-12-19,123.03935786726673,126.20566841005862,122.781286746565,125.48108673095703,9715400
2025-12-22,127.81363921304006,127.89304687656062,124.42896138961001,125.669677734375,4852700
2025-12-23,125.39175998394751,127.67468111470194,125.39175998394751,126.67218017578125,3494400
2025-12-24,125.74907810653204,128.09155103544225,125.27263972576591,127.42652893066406,1756000
2025-12-26,127.69452173461626,128.70695052527728,127.04935528549247,128.2801513671875,2733200
2025-12-29,127.19822931959177,128.38932908678777,126.16596001954629,126.51335906982422,3112000
2025-12-30,125.99722285683498,127.49600267983226,125.95751902690554,126.96994018554688,2754500
2025-12-31,127.21808441240225,127.45630739379403,124.84583545834434,124.9450912475586,2925700
2026-01-02,127.44637244502327,128.38932895063056,124.8160599437574,126.85083770751953,4959300
2026-01-05,128.5977573143551,130.21565617427393,121.18323568561338,123.08898162841797,8471000
2026-01-06,124.17089120956737,125.2627200866799,120.92518055909247,123.00958251953125,6595600
2026-01-07,122.08648487734797,122.38425982077551,117.86804942426888,119.1782455444336,10343400
2026-01-08,116.6868824968704,118.48344482313487,113.93745854723892,117.61990356445312,11522100
2026-01-09,119.08892070879828,120.11126976302303,116.44867269797214,119.72416687011719,7001500
2026-01-12,118.11618807157129,121.17331475676153,117.82834099023216,119.57527160644531,5203400
2026-01-13,120.5976243994227,120.97479942856272,118.02686385989337,118.77129364013672,5641600
2026-01-14,118.26507724989669,121.16338866070157,117.05413694973996,117.8084945678711,4788300
2026-01-15,120.90531961864926,122.73165795066657,118.59263018996906,118.77129364013672,6834000
2026-01-16,119.31720359196308,122.07655541677829,118.33455840797976,119.63482666015625,9023300
2026-01-20,116.15061635944075,116.68895159266668,110.49810021349877,110.7273941040039,11625700
2026-01-21,111.98350530380011,114.06705477565986,109.8800132652644,112.91063690185547,9162300
2026-01-22,113.8776523144651,119.2211119936716,113.62842345828045,116.80857849121094,8372200
2026-01-23,115.06397280822813,115.6322142778732,113.40909721127582,115.07394409179688,6342800
2026-01-26,114.65524260890629,116.92820851041672,114.65524260890629,115.57240295410156,6309400
2026-01-27,116.41977591106178,117.47650377137784,114.1268751192571,114.30632019042969,5058300
2026-01-28,115.04403887815275,118.13447510227206,113.86767839990412,116.95811462402344,5300400
2026-01-29,115.31320295433284,118.73262309425938,114.95431280042689,118.12450408935547,6246400
2026-01-30,116.45965384099873,116.53940889643114,111.91372216340126,114.08699798583984,10734700
2026-02-02,114.18669045090599,118.9320098688467,114.03715162022857,118.79244232177734,8019700
2026-02-03,119.60991534511224,120.82614576764263,115.84156867152106,116.78864288330078,8764600
2026-02-04,117.79552986241573,122.66047438152155,116.45965924247675,121.66355895996094,10914500
2026-02-05,119.87907460845715,122.34145681735237,112.70128690501441,115.03406524658203,9298400
2026-02-06,116.53941240083348,122.19192092348229,116.14064471754098,120.6766128540039,7918000
2026-02-09,119.92892931883407,121.6236825081607,117.49645323479528,120.53704833984375,5016800
2026-02-10,122.17198854001667,126.23939769901962,122.07229091269403,125.6213150024414,6194100
2026-02-11,127.29613356286124,127.66498740384006,121.91278872509005,123.77702331542969,5431200
2026-02-12,117.13755675976732,120.54700552260249,110.85698684434615,112.47199249267578,11756600
2026-02-13,115.11382063515953,120.45728770315614,113.86767640485921,117.1275863647461,10480400
2026-02-17,115.89141318814723,118.68277930082971,114.6153627157875,115.73190307617188,5303700
2026-02-18,114.49572992792676,117.09767967947049,112.51187045039575,116.4197769165039,5783400
2026-02-19,118.59305137831949,121.06540483990942,117.24721715140083,118.69274139404297,7042300
2026-02-20,117.39676208225112,122.28164916531013,117.2372519641109,121.8928451538086,7763500
2026-02-23,120.88596245166629,123.93652111448715,118.50333527546057,118.77249908447266,6962300
2026-02-24,120.12830274823813,122.26170104334794,118.63292968498205,119.4105224609375,4937700
2026-02-25,117.75564646269514,124.5645726720727,116.83847854012606,123.09911346435547,8220000
2026-02-26,124.71411347469372,125.611338844757,119.93888785511433,121.07537078857422,14418100
2026-02-27,136.94625966264417,148.4008227530026,135.69015177125596,147.62322998046875,33475600
2026-03-02,146.30730582185214,153.24584404018438,145.5496555568176,153.0763702392578,12554200
2026-03-03,149.26814607437626,150.4744204620759,140.58502102314083,144.732177734375,15258200
2026-03-04,145.54964251283099,147.87245712628476,143.6056606038052,146.64625549316406,8505500
2026-03-05,145.54965391230363,148.6999103464244,141.61184097551387,146.06805419921875,7027600
2026-03-06,143.3863479234619,148.20145126909108,141.6816158473682,146.02816772460938,7100400
2026-03-09,144.15397803063715,146.24749131775653,140.92396654400997,146.05807495117188,7400600
2026-03-10,145.83873953419211,146.43689482755104,137.0758603203263,143.35643005371094,7518700
2026-03-11,145.210703683118,149.00894899826815,144.70226708357305,146.91542053222656,5405700
2026-03-12,146.69608991590266,151.38160430208416,146.63627742786142,149.4475860595703,7340900
2026-03-13,150.5342305311049,152.47821258502304,146.36713131869175,151.15231323242188,6441100
2026-03-16,152.5779039206459,157.31325203676437,152.20903488131432,156.05712890625,7923400
2026-03-17,154.27266323170215,154.5418346578507,151.3317657471741,152.53802490234375,6675800
2026-03-18,152.2389598140815,154.5418319903123,148.4706055482142,148.749755859375,5460700
2026-03-19,146.13783055108797,156.58551530416884,146.11790319474824,156.27645874023438,7715300
2026-03-20,162.99567359565575,169.37592629391602,157.18365478515625,157.18365478515625,23135900
2026-03-23,158.748817519344,164.90974753514078,158.140698502521,164.08230590820312,10721300
2026-03-24,163.11528966542645,177.75997903667124,162.86606082033848,176.3643035888672,15886500
2026-03-25,177.2116767943371,184.28978224964328,177.07210924620225,183.44239807128906,11330800
2026-03-26,182.14642619614935,185.8150677028583,175.00850801607422,175.27767944335938,11061300
2026-03-27,174.5897956657622,175.74620594763175,169.82454135814962,171.280029296875,8011500
2026-03-30,172.23708441694467,173.4632861459354,161.97881604526708,164.152099609375,10135300
2026-03-31,163.78322842754778,167.47182766824216,154.8907446648073,163.6237335205078,13713700
2026-04-01,166.46492269347905,170.80151059781366,164.2517693754806,168.85752868652344,7311100
2026-04-02,166.47491255748142,173.83213806152344,165.986418522247,173.83213806152344,5217100
2026-04-06,175.2876326062217,175.95556408356862,172.25700134083587,172.6457977294922,3925400
2026-04-07,171.70872063965544,178.28835340810895,171.68877807159896,177.14190673828125,5753000
2026-04-08,185.18700221989627,189.16470020638485,182.1065372349376,184.8979034423828,7212000
2026-04-09,186.39326673137774,187.22070830849304,179.13572410200254,180.9002685546875,4500900
2026-04-10,182.66479957130906,183.4324286679515,176.49389097735417,177.25155639648438,4279700
2026-04-13,178.44786368503748,190.77970280490595,176.95249052566567,189.20457458496094,10506700
2026-04-14,184.97765747918208,186.21382285282408,179.54447153375625,183.94085693359375,6256400
2026-04-15,182.37569890102844,182.42554771151174,176.45401921223402,176.733154296875,7793300
2026-04-16,179.0160999420519,193.20220137009665,177.94939319661404,192.494384765625,11474700
2026-04-17,192.235199068251,196.7312820614873,191.15852860714313,195.9437255859375,6311200
2026-04-20,195.94371898248147,205.1452435867328,195.9337400932815,203.61000061035156,7155800
2026-04-21,205.85000610351562,214.3300018310547,205.35000610351562,212.36000061035156,9078200
2026-04-22,215.00999450683594,217.38999938964844,209.5,214.64999389648438,5482100
2026-04-23,214.49000549316406,219.25999450683594,210.67999267578125,212.13999938964844,4421500
2026-04-24,213.99000549316406,219.0,209.5,216.08999633789062,4621400
2026-04-27,217.77999877929688,221.5,212.75999450683594,215.97000122070312,5821000
2026-04-28,209.97000122070312,210.50999450683594,201.55999755859375,205.92999267578125,4437700
2026-04-29,206.05999755859375,207.92999267578125,203.25,205.66000366210938,3635700
2026-04-30,208.5,209.14999389648438,200.83999633789062,208.9499969482422,5635800
2026-05-01,208.52999877929688,212.77000427246094,206.44000244140625,210.1699981689453,3010600
2026-05-04,210.85000610351562,214.97999572753906,205.6999969482422,211.63999938964844,3842400
2026-05-05,215.02000427246094,217.39999389648438,210.94000244140625,216.32000732421875,4360800
2026-05-06,220.8000030517578,239.4499969482422,219.60000610351562,238.8000030517578,9187200
2026-05-07,235.25999450683594,237.75,228.0,230.27000427246094,4848300
2026-05-08,233.58999633789062,263.989990234375,233.58999633789062,260.4599914550781,12168100
2026-05-11,253.60000610351562,255.4499969482422,242.0,247.0399932861328,11517000
2026-05-12,242.50999450683594,242.50999450683594,228.5,238.94000244140625,7150800
2026-05-13,244.60000610351562,247.0,236.8000030517578,243.8699951171875,5008500
2026-05-14,248.85000610351562,260.5400085449219,240.80999755859375,247.88999938964844,6241900
2026-05-15,240.41000366210938,246.86000061035156,236.7899932861328,241.99000549316406,4833100
2026-05-18,244.60000610351562,244.9499969482422,232.1999969482422,238.02999877929688,5132600
2026-05-19,234.25,239.75,227.27000427246094,235.25999450683594,4082700
2026-05-20,239.47000122070312,246.92999267578125,237.19000244140625,242.92999267578125,4332900
2026-05-21,242.9600067138672,254.3800048828125,240.27000427246094,252.8000030517578,5075000
2026-05-22,268.1000061035156,298.32000732421875,265.2099914550781,295.19000244140625,15291500
2026-05-26,300.25,308.6400146484375,298.9700012207031,305.0799865722656,10305700
2026-05-27,307.4800109863281,312.1400146484375,298.57000732421875,305.32000732421875,8262400
2026-05-28,317.0299987792969,327.7300109863281,311.5199890136719,317.04998779296875,26611300
2026-05-29,418.0,429.1499938964844,402.2699890136719,420.9100036621094,41833000
2026-06-01,426.1499938964844,469.4700012207031,426.1499938964844,465.9599914550781,20849200
2026-06-02,466.1099853515625,469.19000244140625,433.42999267578125,435.30999755859375,16018500
2026-06-03,433.7900085449219,436.0,407.0,421.0799865722656,14231100
2026-06-04,401.8699951171875,430.5,399.0,422.04998779296875,12297400
2026-06-05,405.7699890136719,412.8999938964844,386.2799987792969,394.3900146484375,10990300
2026-06-08,398.5799865722656,406.5,385.6099853515625,400.7699890136719,8569700
2026-06-09,402.9200134277344,407.739990234375,357.07000732421875,381.7799987792969,10471800
2026-06-10,376.9200134277344,398.989990234375,369.6600036621094,369.8299865722656,9281200
2026-06-11,368.67999267578125,394.30999755859375,366.9599914550781,391.45001220703125,7869800
2026-06-12,385.0,408.3800048828125,381.1099853515625,395.57000732421875,6047300
