Date,Open,High,Low,Close,Volume
1991-12-13,0.31863933304945624,0.3561263134082158,0.31395374650757424,0.33738282322883606,143667200
1991-12-16,0.33738279890007866,0.3467545433139697,0.32332546828218434,0.33269721269607544,22585600
1991-12-17,0.3467545433139697,0.3467545433139697,0.32801105448618756,0.33269721269607544,16176000
1991-12-18,0.33269713847332144,0.3420688807964325,0.33269713847332144,0.3420688807964325,10899200
1991-12-19,0.34206881342886064,0.34206881342886064,0.3280109167098999,0.3280109167098999,7299200
1991-12-20,0.32801107813914615,0.3420689817766439,0.32801107813914615,0.33738282322883606,5235200
1991-12-23,0.34206904559844303,0.34206904559844303,0.3280111393380804,0.3350400924682617,7894400
1991-12-24,0.3303538289795581,0.3608124256134033,0.32801103600952464,0.3608124256134033,7129600
1991-12-26,0.35144055753481884,0.41235658526420593,0.35144055753481884,0.41235658526420593,8672000
1991-12-27,0.4170430395930385,0.4170430395930385,0.38892779777798175,0.39829954504966736,6396800
1991-12-30,0.39829929299509603,0.4076710343360901,0.388927551654102,0.4076710343360901,6627200
1991-12-31,0.4076712505263568,0.468587315544088,0.40298509136791566,0.46390172839164734,12572800
1992-01-02,0.4639016097127374,0.5201320731927144,0.4592154517531456,0.5177887082099915,22121600
1992-01-03,0.5201321778624138,0.5341895105583327,0.5060742731605258,0.5248177647590637,6092800
1992-01-06,0.5388754745419132,0.5388754745419132,0.45452979285754297,0.4920167624950409,15987200
1992-01-07,0.4873306307138181,0.5013885310642282,0.4732733023692002,0.47795888781547546,4940800
1992-01-08,0.4826449790595992,0.4826449790595992,0.407671046157581,0.42172837257385254,36828800
1992-01-09,0.43578648945900206,0.46390172839164734,0.43110033030056094,0.46390172839164734,20809600
1992-01-10,0.46858713030815125,0.4732732876141199,0.4357863171894678,0.4498436450958252,7961600
1992-01-13,0.4592154157849459,0.5013885460946312,0.4451580870189236,0.4873306453227997,8499200
1992-01-14,0.5013885049044153,0.5013885049044153,0.4826450200856664,0.4920167624950409,3628800
1992-01-15,0.5013885906413428,0.5107603346532757,0.4873306886205133,0.4967024326324463,5910400
1992-01-16,0.5013886440186051,0.5060742305204636,0.4639016639800522,0.4826451539993286,3654400
1992-01-17,0.47327330708503723,0.4873306355697266,0.47327330708503723,0.47327330708503723,1574400
1992-01-20,0.46858739852905273,0.4779591464996338,0.445158314605651,0.46858739852905273,3350400
1992-01-21,0.47795887291431427,0.47795887291431427,0.44047190248966217,0.4498436450958252,3724800
1992-01-22,0.44984390258789064,0.46858739852905273,0.44047215461730954,0.46858739852905273,5132800
1992-01-23,0.47795911545449116,0.47795911545449116,0.4404721260070801,0.4404721260070801,3248000
1992-01-24,0.44047184803412315,0.45452974620827674,0.44047184803412315,0.4451580047607422,355200
1992-01-27,0.4545300092150207,0.4545300092150207,0.42641476860396893,0.43578651547431946,2675200
1992-01-28,0.4357862709958378,0.4357862709958378,0.41235663096110026,0.42172837257385254,3673600
1992-01-29,0.42641472197532415,0.440472054740657,0.4123568172040193,0.4311003088951111,1702400
1992-01-30,0.42641452186567314,0.4592153309291922,0.42641452186567314,0.4451580047607422,2505600
1992-01-31,0.44515805979563083,0.4498436450958252,0.44047190248966217,0.4498436450958252,1702400
1992-02-03,0.4498436283459746,0.4826450122490784,0.4451580432202472,0.46155816316604614,2611200
1992-02-04,0.46390181054681306,0.48264530648797516,0.454530062576232,0.46858739852905273,4233600
1992-02-05,0.46390172839164734,0.47327347470252906,0.46390172839164734,0.46390172839164734,3280000
1992-02-06,0.4779589247273791,0.4779589247273791,0.4545298516750336,0.45452985167503357,7232000
1992-02-07,0.4685873680926384,0.4685873680926384,0.4076712962436277,0.4404721260070801,8979200
1992-02-10,0.42641452938308555,0.4404718557993571,0.41235663096110026,0.42172837257385254,4940800
1992-02-11,0.42641463875770574,0.4404719687796582,0.4170428947411173,0.4264146387577057,1667200
1992-02-12,0.4264145745833048,0.4639015450079569,0.41704283197714176,0.4498436450958252,3603200
1992-02-13,0.4592154568128352,0.4592154568128352,0.42641463875770574,0.4264146387577057,1398400
1992-02-14,0.4357865154743195,0.4357865154743195,0.4217286091657763,0.43578651547431946,2825600
1992-02-18,0.4357863827742942,0.4357863827742942,0.4170428947411173,0.4264146387577057,1078400
1992-02-19,0.41235658526420593,0.42641448212831085,0.4076710009799378,0.41235658526420593,1408000
1992-02-20,0.41235686229542573,0.4357865154743195,0.41235686229542573,0.43578651547431946,5705600
1992-02-21,0.4217286727258137,0.4357865811530679,0.39361342787742615,0.39361342787742615,3836800
1992-02-24,0.393613107287892,0.407671004265287,0.34675440403933344,0.3678406774997711,12384000
1992-02-25,0.37955580120274135,0.3889275423187883,0.3608123189706475,0.3748696446418762,3513600
1992-02-26,0.3936131940836571,0.3936131940836571,0.37486970865110203,0.3889276087284088,3200000
1992-02-27,0.3889278073394229,0.3889278073394229,0.36549815258118235,0.3795560598373413,1209600
1992-02-28,0.38424152135849,0.3889276795731215,0.3701841907263659,0.38424152135849,3011200
1992-03-02,0.38424152135849,0.3889276795731215,0.3701841907263659,0.38424152135849,1257600
1992-03-03,0.3889277028936874,0.3982994478790061,0.37018421292304987,0.3701842129230499,4022400
1992-03-04,0.37486975009624773,0.37486975009624773,0.36549800634384155,0.36549800634384155,5580800
1992-03-05,0.37018411894632663,0.37018411894632663,0.3514406337340006,0.35612621903419495,1920000
1992-03-06,0.3654981030000222,0.3654981030000222,0.32801111807694305,0.34675461053848267,6329600
1992-03-09,0.3514407696568653,0.3514407696568653,0.32801111807694305,0.34675461053848267,2809600
1992-03-10,0.3514407229524124,0.37018421292304987,0.3467545644567933,0.3701842129230499,1900800
1992-03-11,0.3701842621184049,0.37486984923079203,0.3420690234260955,0.34675461053848267,5577600
1992-03-12,0.3514406817274169,0.3701841694993897,0.34206893784143044,0.3608124256134033,1644800
1992-03-13,0.3561262676674839,0.3748697554394567,0.3514406817274169,0.3608124256134033,4976000
1992-03-16,0.36081251588763513,0.36081251588763513,0.34675461053848267,0.34675461053848267,739200
1992-03-17,0.3514406085014343,0.3654979353985104,0.3514406085014343,0.3514406085014343,1865600
1992-03-18,0.37018430893410675,0.38892780376605984,0.36549814922308455,0.3818988502025604,3753600
1992-03-19,0.38424139498075643,0.4076710343360901,0.3748696536397623,0.4076710343360901,6108800
1992-03-20,0.41235684126052596,0.43578649324424035,0.41235684126052596,0.417043000459671,5392000
1992-03-23,0.42641471649096996,0.431100303350493,0.3982994793159378,0.4029850661754608,5219200
1992-03-24,0.41704297076595925,0.4217285576254823,0.3982994793159378,0.4029850661754608,5760000
1992-03-25,0.41235658526420593,0.41704274155412435,0.40298484469001944,0.41235658526420593,3718400
1992-03-26,0.4217285876528106,0.4217285876528106,0.4076712540673863,0.417043000459671,2089600
1992-03-27,0.40767122504094855,0.41704297076595925,0.4029850661754608,0.4029850661754608,1456000
1992-03-30,0.4029850661754608,0.41704297076595925,0.3889277335909271,0.4029850661754608,2339200
1992-03-31,0.38892773859314056,0.43578646782087005,0.37018424690204876,0.4311003088951111,5353600
1992-04-01,0.40298505147637886,0.43110028762589364,0.40298505147637886,0.41001400351524353,3868800
1992-04-02,0.4170428368772415,0.4170428368772415,0.3654979659348245,0.3889276087284088,2947200
1992-04-03,0.3795558660121313,0.4123566795162122,0.3795558660121313,0.3889276087284088,3414400
1992-04-06,0.39361315756150017,0.39829931448771533,0.37955583079431054,0.3959559500217438,2742400
1992-04-07,0.40767129232135296,0.4123568799541662,0.393613385410795,0.39829954504966736,2579200
1992-04-08,0.38892779777798175,0.4123568799541662,0.38892779777798175,0.39829954504966736,3123200
1992-04-09,0.3982995880218845,0.402985176160222,0.38658447366379906,0.39361342787742615,4313600
1992-04-10,0.4029850661754608,0.4029850661754608,0.3936133204504501,0.4029850661754608,592000
1992-04-13,0.40298484469001944,0.41704274155412435,0.39361310411583295,0.41235658526420593,2115200
1992-04-14,0.41704278777033327,0.4357862709958378,0.41235663096110026,0.42172837257385254,1955200
1992-04-15,0.4404721029064775,0.4451582623446701,0.41704302173361835,0.43578651547431946,6112000
1992-04-16,0.4451579074563519,0.4498434911530738,0.42875722050666815,0.4287572205066681,2646400
1992-04-20,0.4217285630495652,0.4592155464317487,0.4217285630495652,0.4311003088951111,3318400
1992-04-21,0.4498438497768281,0.4498438497768281,0.4311003560361269,0.43578651547431946,1952000
1992-04-22,0.44515805979563083,0.4498436450958252,0.43110015988349915,0.4498436450958252,2198400
1992-04-23,0.4404721029064775,0.4498438497768281,0.4217286091657763,0.43578651547431946,1555200
1992-04-24,0.4287574317603877,0.4357863827742942,0.42641463875770574,0.4264146387577057,2112000
1992-04-27,0.4357862709958378,0.4357862709958378,0.42172837257385254,0.42172837257385254,1984000
1992-04-28,0.4357865341364097,0.4357865341364097,0.39829954504966736,0.39829954504966736,1923200
1992-04-29,0.4076710343360901,0.4076710343360901,0.39829929299509603,0.4076710343360901,563200
1992-04-30,0.40767133630468033,0.40767133630468033,0.3842416795946303,0.39361342787742615,3433600
1992-05-01,0.39829954504966736,0.39829954504966736,0.38892779777798175,0.39829954504966736,1120000
1992-05-04,0.39829954504966736,0.40767129232135296,0.38892779777798175,0.39829954504966736,3014400
1992-05-05,0.40767122504094855,0.4123568119004716,0.3982994793159378,0.4029850661754608,300800
1992-05-06,0.41001401847071006,0.4123568119004716,0.3982994793159378,0.4029850661754608,1779200
1992-05-07,0.4123568799541662,0.4123568799541662,0.39829954504966736,0.39829954504966736,412800
1992-05-08,0.39829954504966736,0.4123568799541662,0.39829954504966736,0.39829954504966736,179200
1992-05-11,0.4123568799541662,0.4123568799541662,0.38892779777798175,0.39829954504966736,1318400
1992-05-12,0.39829928343483517,0.39829928343483517,0.3748696446418762,0.3748696446418762,1654400
1992-05-13,0.38424149932544316,0.38424149932544316,0.3561262676674839,0.3608124256134033,3331200
1992-05-14,0.3701841694993897,0.3701841694993897,0.3514406817274169,0.3608124256134033,6102400
1992-05-15,0.35612619346521524,0.3608123504347294,0.34675445153192014,0.3514406085014343,1612800
1992-05-18,0.3608125741944518,0.3608125741944518,0.34675466657356074,0.34909746050834656,2275200
1992-05-19,0.3561263567692524,0.3561263567692524,0.34675461053848267,0.34675461053848267,1500800
1992-05-20,0.3561262877278608,0.3561262877278608,0.32801105448618756,0.33269721269607544,7673600
1992-05-21,0.33738282322883606,0.3467545683185259,0.32332549159726415,0.33738282322883606,4457600
1992-05-22,0.33738272363199845,0.3467544659551095,0.3280109813088874,0.3420688807964325,1846400
1992-05-26,0.34675456629814855,0.353783518075943,0.3326972347484822,0.353783518075943,3257600
1992-05-27,0.35612615415687476,0.35612615415687476,0.3373826723591445,0.33972546458244324,4080000
1992-05-28,0.33738282322883606,0.3467545683185259,0.33738282322883606,0.33738282322883606,630400
1992-05-29,0.34675437371078854,0.34675437371078854,0.3373826338807673,0.34441158175468445,1504000
1992-06-01,0.3467544764280319,0.3608123763401636,0.34206889112783756,0.35612621903419495,2649600
1992-06-02,0.36081251588763513,0.3701842621184049,0.34675461053848267,0.34675461053848267,2208000
1992-06-03,0.36081242047056056,0.36549800634384155,0.3514406767181544,0.36549800634384155,3337600
1992-06-04,0.37486990008326393,0.3889278073394229,0.3608125648331781,0.3795560598373413,8780800
1992-06-05,0.3795560598373413,0.3842416475853455,0.37018431233525967,0.3795560598373413,1609600
1992-06-08,0.37018411894632663,0.37955586155248966,0.3514406337340006,0.35612621903419495,2060800
1992-06-09,0.3561262082782206,0.3561262082782206,0.33738272363199845,0.3420688807964325,2982400
1992-06-10,0.33738279890007866,0.3561262877278608,0.32801105448618756,0.33269721269607544,5728000
1992-06-11,0.34675445153192014,0.35612619346521524,0.332697124634844,0.3514406085014343,11107200
1992-06-12,0.3608124463029881,0.38424152135849,0.3490973367693519,0.38424152135849,4480000
1992-06-15,0.3701841907263659,0.3889276795731215,0.36784082561610754,0.38424152135849,3379200
1992-06-16,0.379555907975373,0.379555907975373,0.36549800634384155,0.36549800634384155,857600
1992-06-17,0.36549795060133167,0.36549795060133167,0.33269713847332144,0.3420688807964325,2147200
1992-06-18,0.34206904559844303,0.35144079243667387,0.33269729876021215,0.3350400924682617,4064000
1992-06-19,0.3420689817766439,0.3467545683185259,0.33269723668695406,0.33738282322883606,1315200
1992-06-22,0.33269713121372607,0.3467544583887772,0.31863923203293043,0.3303537666797638,2668800
1992-06-23,0.33269723668695406,0.33738282322883606,0.32332549159726415,0.33738282322883606,2051200
1992-06-24,0.33738279890007866,0.3420689571099665,0.33269721269607544,0.33269721269607544,496000
1992-06-25,0.3420689817766439,0.3467545683185259,0.33738282322883606,0.33738282322883606,1321600
1992-06-26,0.3467545683185259,0.3467545683185259,0.33738282322883606,0.33738282322883606,451200
1992-06-29,0.3514406337340006,0.35612621903419495,0.3467544764280319,0.35612621903419495,1881600
1992-06-30,0.3514406767181544,0.36549800634384155,0.34675451883902914,0.36549800634384155,1715200
1992-07-01,0.36549800634384155,0.37252695715960726,0.3514406767181544,0.36549800634384155,1414400
1992-07-02,0.3748697554394567,0.37955591338537614,0.3584690606375174,0.3608124256134033,1993600
1992-07-06,0.3654979353985104,0.3654979353985104,0.3514406085014343,0.3514406085014343,710400
1992-07-07,0.3608123763401636,0.3608123763401636,0.3514406337340006,0.35612621903419495,752000
1992-07-08,0.3514406817274169,0.3654980115534703,0.3514406817274169,0.3608124256134033,774400
1992-07-09,0.35612621903419495,0.36549796164035797,0.3514406337340006,0.35612621903419495,777600
1992-07-10,0.35612621903419495,0.36549796164035797,0.3514406337340006,0.35612621903419495,2630400
1992-07-13,0.35612619346521524,0.3608123504347294,0.3514406085014343,0.3514406085014343,300800
1992-07-14,0.3608124256134033,0.3608124256134033,0.3514406817274169,0.3608124256134033,428800
1992-07-15,0.36081253927490475,0.36081253927490475,0.32332555192198126,0.3350400924682617,13004800
1992-07-16,0.33269729876021215,0.3467546330145421,0.33269729876021215,0.3350400924682617,1001600
1992-07-17,0.33269729876021215,0.3467546330145421,0.33269729876021215,0.3350400924682617,777600
1992-07-20,0.33269716855696574,0.33269716855696574,0.31863926779825597,0.32332542538642883,2838400
1992-07-21,0.3326974176547759,0.3326974176547759,0.2858386845931177,0.2975532114505768,8291200
1992-07-22,0.29989585555947323,0.29989585555947323,0.28115236458700615,0.283495157957077,11747200
1992-07-23,0.2811522961580283,0.3045819401741028,0.2811522961580283,0.3045819401741028,1884800
1992-07-24,0.29989571725168535,0.29989571725168535,0.2905239760875702,0.2905239760875702,1491200
1992-07-27,0.299895870981985,0.30458202996906825,0.2952103018760681,0.2952103018760681,1593600
1992-07-28,0.30458193904535497,0.3280110109687929,0.2998957814571821,0.32332542538642883,4758400
1992-07-29,0.3280110109687929,0.330353803759975,0.31863926779825597,0.32332542538642883,4019200
1992-07-30,0.3186391762324742,0.33269707295143497,0.3186391762324742,0.3280109167098999,2569600
1992-07-31,0.33269721269607544,0.33269721269607544,0.3186393100722965,0.33269721269607544,5424000
1992-08-03,0.33269721269607544,0.3420689571099665,0.32801105448618756,0.33269721269607544,1891200
1992-08-04,0.34206881342886064,0.34206881342886064,0.3280109167098999,0.3280109167098999,1555200
1992-08-05,0.3186392310358405,0.32801097312512995,0.3092674889465511,0.31161028146743774,1139200
1992-08-06,0.31863919957991566,0.31863919957991566,0.2905239760875702,0.2905239760875702,2902400
1992-08-07,0.2905240393632959,0.3045819401741028,0.2905240393632959,0.3045819401741028,992000
1992-08-10,0.30458202996906825,0.30458202996906825,0.2952103018760681,0.2952103018760681,697600
1992-08-11,0.30458202996906825,0.30458202996906825,0.2952103018760681,0.2952103018760681,1587200
1992-08-12,0.3045819401741028,0.3045819401741028,0.29521021484401677,0.3045819401741028,1267200
1992-08-13,0.3045819401741028,0.3045819401741028,0.29521021484401677,0.3045819401741028,1209600
1992-08-14,0.3045819401741028,0.3045819401741028,0.29521021484401677,0.3045819401741028,528000
1992-08-17,0.2998957633972168,0.3139536633093485,0.2952101959722029,0.2998957633972168,1110400
1992-08-18,0.3092675060033798,0.3092675060033798,0.2952101959722029,0.2998957633972168,246400
1992-08-19,0.3092674584158005,0.3092674584158005,0.28583840938353344,0.2905239760875702,1856000
1992-08-20,0.29989571725168535,0.29989571725168535,0.28583840938353344,0.2905239760875702,4016000
1992-08-21,0.2952101505476486,0.29989571725168535,0.28583840938353344,0.2905239760875702,2390400
1992-08-24,0.2858382761478424,0.299895577463568,0.2858382761478424,0.2858382761478424,1260800
1992-08-25,0.2858384704123649,0.29989578128186667,0.2858384704123649,0.28818124532699585,659200
1992-08-26,0.2858382761478424,0.299895577463568,0.2858382761478424,0.2858382761478424,412800
1992-08-27,0.29989571725168535,0.29989571725168535,0.28583840938353344,0.2905239760875702,774400
1992-08-28,0.2998957633972168,0.2998957633972168,0.28583845336603986,0.2998957633972168,134400
1992-08-31,0.2928668309066208,0.29989578128186667,0.2858384704123649,0.28818124532699585,486400
1992-09-01,0.2952101505476486,0.2952101505476486,0.28583840938353344,0.2905239760875702,2883200
1992-09-02,0.28583847163874915,0.3045819401741028,0.28583847163874915,0.3045819401741028,92800
1992-09-03,0.2905239613003215,0.3045818583338108,0.2905239613003215,0.30223849415779114,4720000
1992-09-04,0.30458202996906825,0.30458202996906825,0.2952103018760681,0.2952103018760681,1820800
1992-09-08,0.2952101505476486,0.3045818738365861,0.2905239760875702,0.2905239760875702,1862400
1992-09-09,0.2952102135774232,0.30458193886730006,0.28818124532699585,0.28818124532699585,3600000
1992-09-10,0.2858382761478424,0.2858382761478424,0.2717803670763585,0.2858382761478424,6096000
1992-09-11,0.27178052067756653,0.28583843769411227,0.27178052067756653,0.27178052067756653,1609600
1992-09-14,0.28583855974942673,0.28583855974942673,0.2717806367300372,0.2741234302520752,2246400
1992-09-15,0.28115237397806986,0.28115237397806986,0.25772331335806853,0.26240888237953186,2947200
1992-09-16,0.26240883933173287,0.26240883933173287,0.24366535080803767,0.25303709506988525,5097600
1992-09-17,0.2577231526374817,0.2670948925923726,0.2577231526374817,0.2577231526374817,2224000
1992-09-18,0.2670949399471283,0.2717805068773225,0.2577231983306689,0.2670949399471283,2092800
1992-09-21,0.26709501534077795,0.26709501534077795,0.24835152681708275,0.25303709506988525,2947200
1992-09-22,0.24835148453712463,0.2624087946586242,0.23429356665948592,0.24835148453712463,3654400
1992-09-23,0.24835143550543226,0.2530370020354873,0.23429352040322898,0.24600805342197418,3980800
1992-09-24,0.24366528202794432,0.2670949399471283,0.24366528202794432,0.2670949399471283,4643200
1992-09-25,0.26709506232377234,0.26709506232377234,0.25303713958003987,0.26006609201431274,1804800
1992-09-28,0.2670948925923726,0.2670948925923726,0.2530369787820546,0.2577231526374817,4886400
1992-09-29,0.24835141268259078,0.26240871873694555,0.24835141268259078,0.2577231526374817,5763200
1992-09-30,0.29052409778038657,0.3420689817766439,0.2811523526906967,0.33738282322883606,29603200
1992-10-01,0.3420689117275027,0.3467544973098668,0.31863926779825597,0.32332542538642883,13654400
1992-10-02,0.33269714852167454,0.33269714852167454,0.30458192070318546,0.31863924860954285,1785600
1992-10-05,0.31863926779825597,0.3280110109687929,0.2998957814571821,0.32332542538642883,3696000
1992-10-06,0.32801103600952464,0.3748697554394567,0.3186392921235382,0.3608124256134033,7840000
1992-10-07,0.37486990008326393,0.3982995548415045,0.3608125648331781,0.3795560598373413,15251200
1992-10-08,0.3795559351497437,0.38424152135849,0.3654980325117344,0.38424152135849,7385600
1992-10-09,0.38424154439806824,0.38424154439806824,0.3654980544274308,0.3701842129230499,7398400
1992-10-12,0.3795559351497437,0.3936132657818678,0.3654980325117344,0.38424152135849,5132800
1992-10-13,0.3842416475853455,0.3936133950874271,0.37486990008326393,0.3795560598373413,3923200
1992-10-14,0.38424154439806824,0.38424154439806824,0.37018421292304987,0.3701842129230499,1308800
1992-10-15,0.38424152135849,0.3982994239964993,0.3701841907263659,0.38424152135849,5321600
1992-10-16,0.39361338919781624,0.4639017804147443,0.3842416418359635,0.4404721260070801,15766400
1992-10-19,0.4498437127962467,0.45452987080747115,0.42641463875770574,0.4264146387577057,5532800
1992-10-20,0.4451579526385368,0.44984353681083133,0.42641447193808546,0.44281458854675293,4726400
1992-10-21,0.4498438229223245,0.46390172839164734,0.43578648945900206,0.46390172839164734,6848000
1992-10-22,0.454530062576232,0.46858739852905273,0.44984390258789064,0.46858739852905273,2755200
1992-10-23,0.468587315544088,0.47327347470252906,0.45452998208076556,0.46390172839164734,13619200
1992-10-26,0.46390181054681306,0.4732735585173941,0.454530062576232,0.46858739852905273,1868800
1992-10-27,0.45452987080747115,0.4639016148240596,0.40767115072452875,0.4264146387577057,15824000
1992-10-28,0.4264146991145211,0.46858726715554994,0.41235679509688394,0.45921552181243896,6908800
1992-10-29,0.46858726715554994,0.4732734258300761,0.4545299351438541,0.45921552181243896,4691200
1992-10-30,0.45921552181243896,0.4732734258300761,0.4451581898007431,0.45921552181243896,3779200
1992-11-02,0.4451581898007431,0.4639016804869651,0.43110028578310594,0.45921552181243896,4521600
1992-11-03,0.4592155692332062,0.46390172839164734,0.4451582357698838,0.46390172839164734,3212800
1992-11-04,0.45921540659455007,0.47327330708503723,0.45921540659455007,0.47327330708503723,5862400
1992-11-05,0.46858720059664744,0.5013885906413428,0.46858720059664744,0.4967024326324463,26240000
1992-11-06,0.5013888024291373,0.5013888024291373,0.454530062576232,0.46858739852905273,9027200
1992-11-09,0.45452976186380284,0.4779588302867629,0.45452976186380284,0.4756160378456116,3916800
1992-11-10,0.4779589446085804,0.4967024326324463,0.4779589446085804,0.4967024326324463,5200000
1992-11-11,0.4967024458779229,0.5060741901397705,0.4826451154880892,0.5060741901397705,6598400
1992-11-12,0.5060741766443793,0.5060741766443793,0.4779589446085804,0.4967024326324463,3888000
1992-11-13,0.4967025102725817,0.5060742557494229,0.48733076479574056,0.501388669013977,4169600
1992-11-16,0.5060742557494229,0.5060742557494229,0.4920169235371359,0.501388669013977,851200
1992-11-17,0.501388669013977,0.5107604144908182,0.48733076479574056,0.501388669013977,3420800
1992-11-18,0.5107605642941886,0.5295040607452393,0.49670265595284196,0.5295040607452393,7456000
1992-11-19,0.5341896488549432,0.5482475571962898,0.5201323125197139,0.5295040607452393,9804800
1992-11-20,0.5295040607452393,0.5388758089707645,0.5201323125197139,0.5295040607452393,6198400
1992-11-23,0.5295038171033842,0.5388755610166666,0.5201320731901018,0.5341894030570984,4044800
1992-11-24,0.5341895105583327,0.5341895105583327,0.5248177647590637,0.5248177647590637,3059200
1992-11-25,0.5341895105583327,0.5341895105583327,0.5201321778624138,0.5248177647590637,4732800
1992-11-27,0.5341894030570984,0.5341894030570984,0.524817659143816,0.5341894030570984,659200
1992-11-30,0.5341894030570984,0.5388755610166666,0.524817659143816,0.5341894030570984,3782400
1992-12-01,0.5388755189516916,0.5388755189516916,0.5201320325882556,0.5224748253822327,6323200
1992-12-02,0.5201321840286255,0.5295039299389973,0.5201321840286255,0.5201321840286255,2726400
1992-12-03,0.5295038226771417,0.5295038226771417,0.4967024326324463,0.4967024326324463,6009600
1992-12-04,0.5060741165105034,0.5107602739625708,0.4732733023692002,0.47795888781547546,5097600
1992-12-07,0.48733060528747246,0.49201676249504084,0.4732732776762919,0.4920167624950409,2611200
1992-12-08,0.4920167881658855,0.5013885310642282,0.47795888781547546,0.47795888781547546,3811200
1992-12-09,0.4732735585173941,0.4920170544585562,0.4592156505584717,0.46858739852905273,6736000
1992-12-10,0.468587315544088,0.48264522101341084,0.46390172839164734,0.46390172839164734,2284800
1992-12-11,0.4779591464996338,0.4779591464996338,0.46390181054681306,0.46858739852905273,838400
1992-12-14,0.4779591464996338,0.4779591464996338,0.46390181054681306,0.46858739852905273,896000
1992-12-15,0.4732733023692002,0.47795888781547546,0.46390155947085754,0.47795888781547546,262400
1992-12-16,0.46390181054681306,0.48264530648797516,0.46390181054681306,0.46858739852905273,2153600
1992-12-17,0.4732730044938206,0.4732730044938206,0.4498433759915449,0.4521861672401428,1865600
1992-12-18,0.45452980240179386,0.45452980240179386,0.4357863171894678,0.4498436450958252,1708800
1992-12-21,0.4498438229223245,0.46390172839164734,0.43578648945900206,0.46390172839164734,5769600
1992-12-22,0.4732733712262416,0.5060741901397705,0.4685872130923801,0.5060741901397705,5027200
1992-12-23,0.5060740314384075,0.5248175140842744,0.49670229011547395,0.5107601881027222,3059200
1992-12-24,0.5060741901397705,0.5248176786634657,0.5060741901397705,0.5060741901397705,326400
1992-12-28,0.5248175140842744,0.5248175140842744,0.49670229011547395,0.5107601881027222,640000
1992-12-29,0.4967025102725817,0.5248177467031052,0.4967025102725817,0.501388669013977,2915200
1992-12-30,0.5013885360602138,0.5060741215531777,0.45921540659455007,0.47327330708503723,4246400
1992-12-31,0.46858718110527364,0.48264508254135,0.4545298516750336,0.45452985167503357,4342400
1993-01-04,0.4545298516750336,0.46858718110527364,0.4498436938610627,0.45452985167503357,1990400
1993-01-05,0.45452982110158624,0.5013885360602138,0.45452982110158624,0.47327330708503723,4985600
1993-01-06,0.48264505973606203,0.49201680291534666,0.47327331655677746,0.4873306453227997,5641600
1993-01-07,0.48733083725823045,0.48733083725823045,0.42641476860396893,0.43578651547431946,11129600
1993-01-08,0.421728415231176,0.4709299206733703,0.421728415231176,0.47092992067337036,7852800
1993-01-11,0.4685870885164342,0.4826449871747889,0.45921534674610553,0.4756160378456116,3814400
1993-01-12,0.46858739852905273,0.48264530648797516,0.46858739852905273,0.46858739852905273,4086400
1993-01-13,0.468587104616494,0.5482471984041695,0.468587104616494,0.5435610413551331,10361600
1993-01-14,0.5482476719643005,0.5951064229011536,0.5435615108674966,0.5951064229011536,24108800
1993-01-15,0.5810480457795113,0.6513364018363736,0.576362460445469,0.6325929164886475,18540800
1993-01-18,0.6279067591488268,0.6419646591625106,0.6138494311409214,0.6325929164886475,10560000
1993-01-19,0.6419647052801953,0.656022034297956,0.623221218585968,0.623221218585968,11491200
1993-01-20,0.6185351754924848,0.6325930791202767,0.6091634304092653,0.6115062236785889,5308800
1993-01-21,0.6044776734383924,0.6185350010968013,0.5623045464516375,0.5857341885566711,9964800
1993-01-22,0.5763624407493391,0.5904197682768612,0.5529327988624573,0.5529327988624573,9174400
1993-01-25,0.5669908710841275,0.5997916933089967,0.5529329672692314,0.5904199481010437,8764800
1993-01-26,0.6044776841004023,0.6044776841004023,0.5904197841882706,0.5997915267944336,4806400
1993-01-27,0.5997916933089967,0.5997916933089967,0.5763626162920806,0.5904199481010437,7680000
1993-01-28,0.5904197737742194,0.5904197737742194,0.5716762888924981,0.5857341885566711,1424000
1993-01-29,0.5857341831029401,0.5904197682768612,0.5529327988624573,0.5529327988624573,11961600
1993-02-01,0.5623045165677578,0.5716762585105538,0.5388754477136348,0.5669906735420227,14716800
1993-02-02,0.5576191398002989,0.6185351991701422,0.548247394358327,0.583391010761261,29603200
1993-02-03,0.6044777580331215,0.6185350876588087,0.5904198564015901,0.6091633439064026,17481600
1993-02-04,0.618534871510097,0.6700797301387605,0.6091631310326713,0.6560218334197998,13545600
1993-02-05,0.6700801844813961,0.6700801844813961,0.6138497034902033,0.6279070377349854,7395200
1993-02-08,0.6279068827725082,0.6794517636299133,0.6279068827725082,0.6794517636299133,8662400
1993-02-09,0.7028805358069283,0.7028805358069283,0.6466500929423741,0.6560218334197998,9024000
1993-02-10,0.6419647052801953,0.6466502909508424,0.6091633175623877,0.623221218585968,11305600
1993-02-11,0.6232213795095077,0.6232213795095077,0.5997917290889856,0.6185352206230164,7273600
1993-02-12,0.623221218585968,0.623221218585968,0.6091633175623877,0.623221218585968,4496000
1993-02-16,0.6232214335601082,0.6232214335601082,0.5435613016287486,0.5623047947883606,17241600
1993-02-17,0.5716762585105538,0.5716762585105538,0.5435610326821659,0.5669906735420227,11846400
1993-02-18,0.5810479521751404,0.5857341087600411,0.5669906264318108,0.5810479521751404,11756800
1993-02-19,0.5951064229011536,0.6044781730885243,0.5810485116169791,0.5951064229011536,10035200
1993-02-22,0.6044777580331215,0.6185350876588087,0.5951060142807154,0.6091633439064026,6908800
1993-02-23,0.6161922999646773,0.6372785805855303,0.6044777631759644,0.6044777631759644,7737600
1993-02-24,0.6232216734632655,0.6232216734632655,0.5951064229011536,0.5951064229011536,10464000
1993-02-25,0.5951061067079867,0.6044778519159398,0.5810482028930906,0.5904199481010437,14732800
1993-02-26,0.5904199481010437,0.5904199481010437,0.5716764576851375,0.5904199481010437,8435200
1993-03-01,0.5904199481010437,0.6044778519159398,0.5880771548005387,0.5904199481010437,1292800
1993-03-02,0.5997916001539964,0.6091633439064026,0.5904198564015901,0.6091633439064026,5552000
1993-03-03,0.6091635444850064,0.6747657723526226,0.5997917976467756,0.6700801849365234,33088000
1993-03-04,0.7028808776313822,0.7309961127366374,0.6958519258535877,0.707567036151886,29728000
1993-03-05,0.7075667940882872,0.7075667940882872,0.6841371535130587,0.6911661028862,11408000
1993-03-08,0.6981952911168009,0.707567036151886,0.684137387561212,0.707567036151886,11772800
1993-03-09,0.7075672000021846,0.7591115236282349,0.7028810403965138,0.7591115236282349,23737600
1993-03-10,0.7684827649498162,0.7731689214706421,0.740367541841896,0.7731689214706421,12512000
1993-03-11,0.773169145576433,0.773169145576433,0.7216242689352769,0.7309960126876831,7155200
1993-03-12,0.7216242689352769,0.7450539143192145,0.7075669393095897,0.7309960126876831,6048000
1993-03-15,0.7544259529891444,0.763797700405121,0.7403680458621457,0.7637977004051208,5283200
1993-03-16,0.7731694089222712,0.7778549963914895,0.7028810208356833,0.7403680086135864,13433600
1993-03-17,0.740367684994977,0.7637973281179656,0.7263103567258149,0.754425585269928,6918400
1993-03-18,0.7684831214200712,0.8317425457579656,0.7544257893482857,0.8200280070304871,15148800
1993-03-19,0.829399740009179,0.8575149757382031,0.7965983456556832,0.8106562495231628,12883200
1993-03-22,0.8200277336071222,0.8668864448987934,0.810655991348788,0.864543080329895,20096000
1993-03-23,0.876258297952109,0.8809438836708497,0.8200278372922675,0.8340851664543152,12422400
1993-03-24,0.8340849111025984,0.8387710673925167,0.8153414299542254,0.8247131705284119,7116800
1993-03-25,0.8340853391022724,0.8387714977968302,0.8059701029527577,0.8200280070304871,7878400
1993-03-26,0.8153416494746785,0.8528286218643188,0.8153416494746785,0.8528286218643188,7209600
1993-03-29,0.8387712394697079,0.8996872796962582,0.8387712394697079,0.8856299519538879,12752000
1993-03-30,0.8809435917039493,0.9043732285499573,0.8762580075381291,0.9043732285499573,5254400
1993-03-31,0.9090592982817669,0.9371745343110999,0.8903158075955449,0.9184310436248779,10499200
1993-04-01,0.9231169184598012,0.9793473732287504,0.9090590187646811,0.9652894735336304,14499200
1993-04-02,0.9465457740648816,0.9512319302363376,0.9043732285499573,0.9043732285499573,12304000
1993-04-05,0.9231174611052847,0.9418609570464468,0.9090595531463623,0.9371747970581055,10569600
1993-04-06,0.946546171082825,0.9652896596191186,0.9090591940102378,0.9114019870758057,12422400
1993-04-07,0.9231168984487989,0.9231168984487989,0.8622002877667497,0.864543080329895,19984000
1993-04-08,0.8762585384377063,0.9231172685144291,0.8622006334116983,0.9137455224990845,7193600
1993-04-12,0.9184307646899302,0.9184307646899302,0.8809437947025861,0.8856299519538879,10230400
1993-04-13,0.8950020874348293,0.8950020874348293,0.8528289416784881,0.8715724349021912,10329600
1993-04-14,0.8856302684070729,0.8903158553268599,0.8575150308704352,0.8622006177902222,8492800
1993-04-15,0.8575149885631734,0.8715723206349589,0.8012845162641438,0.8200280070304871,15734400
1993-04-16,0.7965981261757029,0.8059698688365935,0.7403676702103592,0.7825407981872559,25494400
1993-04-19,0.745053967661478,0.7731692009316115,0.721624320600091,0.76848304271698,18787200
1993-04-20,0.7684828238279046,0.7965980490899012,0.7544254971997675,0.794255256652832,8377600
1993-04-21,0.7919126117251893,0.829399585723877,0.787226453972439,0.829399585723877,16643200
1993-04-22,0.8340853802535845,0.8903158553268599,0.8247136344080386,0.8622006177902222,16496000
1993-04-23,0.8668862891150763,0.8668862891150763,0.8153414299542254,0.8247131705284119,8585600
1993-04-26,0.8340855971688316,0.8340855971688316,0.7684833591892606,0.7872268557548523,9366400
1993-04-27,0.7872263390214588,0.7965980811526666,0.7684828547590431,0.7919124960899353,7961600
1993-04-28,0.7965983239909511,0.8387714624404907,0.7778548340146935,0.8387714624404907,7052800
1993-04-29,0.8200275165429481,0.8340848402065498,0.8059696208737448,0.8317420482635498,6428800
1993-04-30,0.8200278070262856,0.8668865225133362,0.8200278070262856,0.8528286218643188,8009600
1993-05-03,0.8528284867604574,0.8575146435696903,0.8387711603441858,0.8434567451477051,2115200
1993-05-04,0.8575150198414629,0.8575150198414629,0.8059701323509216,0.8059701323509216,5177600
1993-05-05,0.8106565140355754,0.8294000106374833,0.7637977725308057,0.8129993081092834,8294400
1993-05-06,0.8153418361416993,0.838771485252187,0.8012845042801549,0.8106562495231628,5888000
1993-05-07,0.8106560987245331,0.8387713292235488,0.8106560987245331,0.829399585723877,10844800
1993-05-10,0.8481430411338806,0.8622003698569046,0.8247133972544305,0.8481430411338806,7888000
1993-05-11,0.8481428641027474,0.8950015700751177,0.8481428641027474,0.8903154134750366,8115200
1993-05-12,0.8996871546695107,0.8996871546695107,0.8668863464916955,0.8903154134750366,4518400
1993-05-13,0.895002094220469,0.895002094220469,0.8481433608059423,0.8668868541717529,11145600
1993-05-14,0.8575150198414629,0.8575150198414629,0.7872266409009002,0.8059701323509216,16572800
1993-05-17,0.8106560938489606,0.8340851664543152,0.7731691200757329,0.8340851664543152,9830400
1993-05-18,0.8434567451477051,0.8528284867604574,0.8340850035349529,0.8434567451477051,5046400
1993-05-19,0.8575151009874232,0.8809441815140426,0.8387716077637202,0.8715724349021912,9331200
1993-05-20,0.8762581267951949,0.8809437115987142,0.8434567451477051,0.8434567451477051,3920000
1993-05-21,0.8528286584701422,0.8528286584701422,0.8247134279711266,0.829399585723877,2185600
1993-05-24,0.8293995548326435,0.852828626706286,0.8059699109531934,0.8481430411338806,4563200
1993-05-25,0.8387709622152915,0.8715717641090805,0.8387709622152915,0.8575144410133362,2764800
1993-05-26,0.8715723541892951,0.8856302588082344,0.8481432758323507,0.8832868933677673,4422400
1993-05-27,0.876257919811381,0.8903152429071253,0.8528282853110358,0.8575144410133362,2896000
1993-05-28,0.8668865274351176,0.8668865274351176,0.834085140405049,0.8481430411338806,3648000
1993-06-01,0.8340851048178434,0.8481430049468783,0.8106560339438291,0.8176844120025635,6009600
1993-06-02,0.8153416494746785,0.8528286218643188,0.8153416494746785,0.8528286218643188,2278400
1993-06-03,0.8387716748888551,0.8856304116981188,0.8387716748888551,0.8809442520141602,5542400
1993-06-04,0.8715721377455357,0.8996873679953916,0.8715721377455357,0.8879728317260742,6563200
1993-06-07,0.8809440279912509,0.8903157729698813,0.866886696526265,0.8739150762557983,6304000
1993-06-08,0.8715724349021912,0.8762585942111263,0.8528289416784881,0.8715724349021912,3068800
1993-06-09,0.8809437947025861,0.895001694450724,0.862200309708914,0.8856299519538879,4003200
1993-06-10,0.8856298288806437,0.8950015700751177,0.8856298288806437,0.8903154134750366,4022400
1993-06-11,0.8996872099515536,0.951232075691223,0.895001625069251,0.9512320756912231,15868800
1993-06-14,0.9371743052074574,1.0355778932571411,0.9324887196843209,1.0355778932571411,17100800
1993-06-15,1.0449497323339176,1.0918084519003297,1.030891830461067,1.0683788061141968,34841600
1993-06-16,1.0683788173603561,1.0730649753692527,0.9840331212529596,0.9934048652648926,26976000
1993-06-17,1.0074626641009174,1.0402634787802778,0.9840330204678303,1.0355778932571411,6156800
1993-06-18,1.040263310912146,1.059006793991644,1.007462501525879,1.007462501525879,7856000
1993-06-21,1.0215199283025798,1.0262060855362083,0.9652894735336304,0.9652894735336304,8265600
1993-06-22,0.9793475995122162,0.9887193441390991,0.9512323656315673,0.9887193441390991,6371200
1993-06-23,0.9887192792618562,1.0027766092768255,0.9746613772410266,0.9934048652648926,2729600
1993-06-24,0.9934051573813498,1.0449500506069813,0.9887195700004897,1.0402638912200928,4550400
1993-06-25,1.0402634787802778,1.0496352218323524,1.0074626641009174,1.0355778932571411,6073600
1993-06-28,1.0355783248431871,1.0871226471082298,1.0355783248431871,1.0590074062347412,8233600
1993-06-29,1.0543216884207467,1.0543216884207467,1.0402637837188584,1.0496355295181274,54995200
1993-06-30,1.054321271389983,1.0871220827102661,1.0449495292976532,1.0871220827102661,25257600
1993-07-01,1.0918087367461715,1.1246095629972563,1.059007338489083,1.1222667694091797,23779200
1993-07-02,1.1058660327113587,1.1246095247912122,1.0918086996544605,1.110552191734314,9260800
1993-07-06,1.1105517549045945,1.1105517549045945,1.0918082701973926,1.1058655977249146,8489600
1993-07-07,1.0918087299079418,1.1105522225071682,1.0918087299079418,1.0964943170547485,9708800
1993-07-08,1.1011803020814694,1.129295536534538,1.1011803020814694,1.1269521713256836,8176000
1993-07-09,1.1292957179332144,1.148039210579359,1.1011804789639974,1.1386674642562866,8604800
1993-07-12,1.1480386988413405,1.1480386988413405,1.11992347240448,1.11992347240448,9161600
1993-07-13,1.133980799620037,1.133980799620037,1.1058655731831768,1.11992347240448,4982400
1993-07-14,1.1199239913163916,1.124609578557375,1.1011804983404354,1.115237832069397,4560000
1993-07-15,1.1105522557100207,1.1246095895767212,1.1105522557100207,1.1246095895767212,5836800
1993-07-16,1.1199240022898267,1.1433530827363334,1.1058660964171092,1.1246095895767212,8358400
1993-07-19,1.1761546751591867,1.2042699195214848,1.1667829270384207,1.1902120113372803,18486400
1993-07-20,1.1902116369610318,1.2183268724797964,1.1667825600316937,1.2136412858963013,15804800
1993-07-21,1.218326313551082,1.218326313551082,1.1948972473702417,1.2089545726776123,17628800
1993-07-22,1.208954750012178,1.2417561338836016,1.208954750012178,1.2300410270690918,9420800
1993-07-23,1.2276986857893923,1.3167305558763371,1.2183269400963435,1.3050154447555542,13635200
1993-07-26,1.307358568359859,1.3214158982962523,1.2698715925216675,1.2698715925216675,12816000
1993-07-27,1.2651853561401367,1.2792432572112713,1.2370701260036894,1.2651853561401367,13056000
1993-07-28,1.260500091666555,1.260500091666555,1.213641362831478,1.2370704412460327,11318400
1993-07-29,1.2464418436676488,1.2839288164095328,1.2370701004821778,1.2792432308197021,6422400
1993-07-30,1.279244048623493,1.2839296372087585,1.2511288010933743,1.2605005502700806,6428800
1993-08-02,1.2745571646071574,1.2933006523219686,1.2136411155369464,1.2276984453201294,12534400
1993-08-03,1.2276986954790174,1.2558139327800635,1.213641362831478,1.2370704412460327,6124800
1993-08-04,1.2464419466198693,1.2698715925216675,1.2370702026603213,1.2698715925216675,8345600
1993-08-05,1.255813690579417,1.2698715925216675,1.2511281046025717,1.2698715925216675,11334400
1993-08-06,1.2886152117870822,1.3448456812758438,1.2792434668722885,1.3307877779006958,13388800
1993-08-09,1.330787147794451,1.3401588882718767,1.302671926362174,1.3120436668395996,9040000
1993-08-10,1.3120445140994328,1.3682749932751226,1.3120445140994328,1.3635894060134888,14364800
1993-08-11,1.3729611416322751,1.4245054611307106,1.3635893951774678,1.4151337146759033,20505600
1993-08-12,1.4198197302209135,1.4198197302209135,1.3729610026889683,1.3963900804519653,13046400
1993-08-13,1.4057620446083305,1.419819951057434,1.3682750567521085,1.419819951057434,7740800
1993-08-16,1.4151331379681285,1.4901070790525326,1.4151331379681285,1.4573062658309937,20806400
1993-08-17,1.4526204002491083,1.4760500475463945,1.3963899331426912,1.4104478359222412,13014400
1993-08-18,1.4338766483517436,1.4596490840523229,1.4198193201551097,1.4432483911514282,6320000
1993-08-19,1.4526206219326065,1.4760502728054765,1.4385632890136673,1.4690213203430176,5273600
1993-08-20,1.4760496988041973,1.4760496988041973,1.4432483147390678,1.4549628496170044,4790400
1993-08-23,1.4666781832544913,1.4713637691277723,1.4526202816229599,1.4619920253753662,4822400
1993-08-24,1.4526208168194616,1.5369665416670433,1.4526208168194616,1.5182230472564697,18601600
1993-08-25,1.518222317192125,1.5463375452882755,1.4760497610507892,1.5088505744934082,16393600
1993-08-26,1.5088515021137336,1.5346239533811843,1.461992759812065,1.506508708000183,9113600
1993-08-27,1.504165116516801,1.5182224457523343,1.4573063990553092,1.4666781425476074,9788800
1993-08-30,1.46199244694994,1.49479384554477,1.4151337146759033,1.4151337146759033,18345600
1993-08-31,1.4151333066133351,1.4713637691277723,1.3917042332352418,1.4619920253753662,20259200
1993-09-01,1.4713635937814316,1.476049751102095,1.44324836587478,1.4573062658309937,8041600
1993-09-02,1.4619920259209944,1.5229086463372914,1.4526202821650906,1.49479341506958,12448000
1993-09-03,1.5041654405860252,1.5088510273387599,1.4807357908044971,1.490107536315918,3510400
1993-09-07,1.49479382481171,1.49479382481171,1.438563346862793,1.438563346862793,11286400
1993-09-08,1.4338773226716424,1.4479352294851762,1.2933011145665794,1.3448460102081299,42675200
1993-09-09,1.3542170105935976,1.4174758403504515,1.3542170105935976,1.4010757207870483,22998400
1993-09-10,1.4198194368405717,1.4338767661924834,1.4057615354828268,1.4268478155136108,9875200
1993-09-13,1.419819173088184,1.4338764998287397,1.3799888413108683,1.3823322057724,16604800
1993-09-14,1.3682742267088288,1.3682742267088288,1.2839285551993804,1.3354734182357788,27891200
1993-09-15,1.3589029036454021,1.3776463919715454,1.3261020850775855,1.3729608058929443,18265600
1993-09-16,1.372960964223798,1.387018296086573,1.3589030603550882,1.3846755027770996,6857600
1993-09-17,1.3963897255789883,1.4619919274518267,1.3917041400195458,1.4291911125183105,23379200
1993-09-20,1.4455908869558978,1.4760494738036583,1.4338763538636574,1.4643343687057495,12678400
1993-09-21,1.4479345186550745,1.471363589167595,1.4010758056242594,1.4245048761367798,15664000
1993-09-22,1.4291914792094669,1.4854219523848042,1.4151335749126561,1.473706841468811,11724800
1993-09-23,1.4947933102687692,1.5229085395653057,1.4807354096175984,1.5041650533676147,13081600
1993-09-24,1.5041645280471774,1.5650805509122157,1.5041645280471774,1.5416514873504639,18326400
1993-09-27,1.54633770953799,1.5557094532321598,1.5182224784554812,1.5205652713775635,16057600
1993-09-28,1.5322811302401835,1.5838254597925003,1.494794137109,1.5744537115097046,18163200
1993-09-29,1.5931967202439874,1.6213119564835872,1.5838249748307875,1.6072546243667603,12057600
1993-09-30,1.6025674053136993,1.625997039347385,1.5510231256484985,1.5510231256484985,22204800
1993-10-01,1.5322802172430903,1.5463375452882755,1.5088505744934082,1.5088505744934082,10403200
1993-10-04,1.5041644295866945,1.5510231256484985,1.4901065347653697,1.5510231256484985,12585600
1993-10-05,1.555709992782979,1.5603961522582366,1.457306935869003,1.4807360172271729,16515200
1993-10-06,1.494793236373196,1.5275940495947347,1.4479345231954432,1.4573062658309937,10524800
1993-10-07,1.4573062590160646,1.483078122138977,1.4245048739421415,1.483078122138977,17129600
1993-10-08,1.4901072433939082,1.5275942180704845,1.4479346828856794,1.4854216575622559,18384000
1993-10-11,1.490107297554406,1.5322804316013288,1.4854217115524482,1.5229086875915527,9292800
1993-10-12,1.5229093220116998,1.5838253974489966,1.5135375740978003,1.5603963136672974,12140800
1993-10-13,1.5744537115097046,1.5978833682197546,1.5650819632269086,1.5744537115097046,10105600
1993-10-14,1.5697669827849927,1.611939533412108,1.5697669827849927,1.6025677919387817,11664000
1993-10-15,1.6166256901516236,1.6166256901516236,1.5744525675188032,1.6025677919387817,15958400
1993-10-18,1.5931970846076262,1.6259984870584685,1.5931970846076262,1.6166267395019531,11814400
1993-10-19,1.607254454612236,1.6213117852443601,1.4947935215317025,1.53696608543396,18281600
1993-10-20,1.5510240279508696,1.5650813589444263,1.4807356569653856,1.513537049293518,14512000
1993-10-21,1.5135366299064092,1.5229083719739234,1.457306177501324,1.4760496616363525,23440000
1993-10-22,1.4760499270068976,1.508850744137397,1.4526202816229599,1.4619920253753662,20204800
1993-10-25,1.4619917253155776,1.4619917253155776,1.3448452384566159,1.3823322057724,31372800
1993-10-26,1.3823324709545175,1.391704214581308,1.3073585219401935,1.3682745695114136,32502400
1993-10-27,1.4245048806036789,1.4573062658309939,1.3823323247465895,1.4573062658309937,19552000
1993-10-28,1.4526200911531497,1.485421475988525,1.415133121058875,1.4315338134765625,17750400
1993-10-29,1.4245050093706917,1.4432484963360954,1.4151332658879896,1.4338767528533936,8806400
1993-11-01,1.438562952534157,1.5041651588254839,1.438562952534157,1.49479341506958,12188800
1993-11-02,1.5041648878388951,1.5182222149372955,1.4432482783971823,1.4760496616363525,13923200
1993-11-03,1.471363793273179,1.4807355371793776,1.377646354211193,1.3799891471862793,28937600
1993-11-04,1.3870182899790577,1.396390035181619,1.2886152513551317,1.307358741760254,30166400
1993-11-05,1.2933008379534459,1.3307878187636906,1.2464421119406397,1.307358741760254,52256000
1993-11-08,1.354217659484207,1.4057619793922493,1.3495315002165593,1.3635894060134888,30323200
1993-11-09,1.3917043875654538,1.4291913667321203,1.382332642773787,1.40576171875,22876800
1993-11-10,1.410447626268928,1.4291911125183105,1.3870179824542972,1.4291911125183105,12211200
1993-11-11,1.4573063103818487,1.4619918958399774,1.3870179524635684,1.3940469026565552,15516800
1993-11-12,1.3917038673262758,1.4198190911913957,1.3589024868141224,1.3776459693908691,21619200
1993-11-15,1.3682747995739353,1.3682747995739353,1.2839290927508846,1.307358741760254,29686400
1993-11-16,1.307358820501632,1.3167305662686473,1.1948978712974472,1.2370704412460327,66204800
1993-11-17,1.24644184589386,1.2558135890960693,1.1574105714757752,1.171467900276184,40716800
1993-11-18,1.143352652353098,1.1574105529341105,1.030891735728203,1.0355778932571411,82540800
1993-11-19,1.0074629897886345,1.0871225454803197,0.9980912437069075,1.0168347358703613,50617600
1993-11-22,0.9887194678258636,1.0496355295181274,0.9746615631239756,1.0496355295181274,29747200
1993-11-23,1.0777502855655194,1.1058655104063593,1.0543212175343433,1.082436442375183,22988800
1993-11-24,1.101180476207555,1.1058660633543618,1.0496355855566823,1.0964943170547485,19056000
1993-11-26,1.0871225127152035,1.1011804174170916,1.0402637837188584,1.0496355295181274,9910400
1993-11-29,1.0402634132255628,1.0496351556870545,0.9465459886106473,0.9652894735336304,40832000
1993-11-30,0.9652896965689429,1.0027766750764746,0.9606041102584503,0.9887193441390991,28118400
1993-12-01,1.0121490376991171,1.063693950622103,1.0027772873500513,1.0613505840301514,21532800
1993-12-02,1.0590073318562956,1.1058660633543618,1.0308920929574559,1.0964943170547485,18528000
1993-12-03,1.1292956838141677,1.133981270831139,1.0918086996544605,1.110552191734314,21232000
1993-12-06,1.087122161702257,1.1199235474116829,1.0777504189289617,1.0918083190917969,11644800
1993-12-07,1.0918088065901645,1.1011805535479942,1.0543218187588463,1.0590074062347412,13177600
1993-12-08,1.0683787079365015,1.0730648654654396,1.0355778932571411,1.0355778932571411,13888000
1993-12-09,1.0262062553095879,1.0355779993215208,0.9746613772410266,0.9934048652648926,10368000
1993-12-10,0.9746613772410266,1.0074627672857221,0.9652896332290938,0.9934048652648926,13385600
1993-12-13,0.9746611012000743,1.0449494473856211,0.9746611012000743,1.023862600326538,15680000
1993-12-14,1.0262063911148833,1.0308919777379972,0.9793476648540652,1.0027767419815063,10131200
1993-12-15,0.9934044033299546,1.0355775177760045,0.9934044033299546,1.0262057781219482,8812800
1993-12-16,1.026206415737644,1.0402637479502126,1.0074629247835862,1.0215202569961548,10304000
1993-12-17,1.0121485463210516,1.0636934342200155,1.0121485463210516,1.0496355295181274,17824000
1993-12-20,1.0636929863738076,1.096493796858153,1.0636929863738076,1.0847792625427246,22886400
1993-12-21,1.0918081513611784,1.0918081513611784,1.0543211860269868,1.0636929273605347,11580800
1993-12-22,1.0683791531925708,1.0683791531925708,1.0355783248431871,1.0590074062347412,5363200
1993-12-23,1.0683791531925708,1.0730653126745056,1.0449500718010167,1.0590074062347412,4003200
1993-12-27,1.0590072389042706,1.0590072389042706,1.0215202569961548,1.0215202569961548,7116800
1993-12-28,1.026206145509228,1.0402634740201138,0.9840330159649725,0.9863758087158203,13104000
1993-12-29,0.9934050846630508,1.0262064819520882,0.9934050846630508,1.0168347358703613,11276800
1993-12-30,1.0308920689899583,1.0308920689899583,1.0027768307447777,1.0168347358703613,5097600
1993-12-31,1.0074627672857221,1.0308918413126245,0.9816903282514414,0.9934048652648926,7526400
1994-01-03,0.9934048923669998,1.0074627947713575,0.9652896595641601,0.9957476854324341,8272000
1994-01-04,0.9840329425232699,1.016834326610257,0.9746612002135245,1.0144909620285034,13232000
1994-01-05,1.0027765347844078,1.0121482781001498,0.9793474624979612,0.9840330481529236,11913600
1994-01-06,0.9980910232737891,0.9980910232737891,0.9840331212529596,0.9934048652648926,6377600
1994-01-07,0.9840329584566135,0.9934047009181051,0.9559177310721388,0.9652894735336304,17513600
1994-01-10,0.9559176018363551,0.9652893430308292,0.8903154134750366,0.8903154134750366,24227200
1994-01-11,0.8903158714577319,0.9184311095037656,0.8622006334116983,0.9137455224990845,22883200
1994-01-12,0.9184305530530534,0.9652892547394337,0.8950014882126812,0.9043732285499573,38659200
1994-01-13,0.9278025882584707,0.9840330481529235,0.9184308449427286,0.9840330481529236,16124800
1994-01-14,0.9887190996810208,1.030891654071997,0.9793473573712753,1.0144909620285034,28188800
1994-01-17,0.9137452185913051,0.9606039330830183,0.8762582469979344,0.9559177756309509,55145600
1994-01-18,0.9559177968526783,0.9652895399590771,0.902030130989434,0.9231169819831848,17984000
1994-01-19,0.9231170964153959,0.9324888406835427,0.8903157054739443,0.9114019870758057,10380800
1994-01-20,0.9231169819831848,0.9278025675334819,0.8950017526639884,0.9231169819831848,10262400
1994-01-21,0.9278026880728254,0.932488846237749,0.9020302481804439,0.9067164063453674,9740800
1994-01-24,0.9067162401477162,0.9231169327099451,0.8903155475854874,0.8996872901916504,8441600
1994-01-25,0.9090593634884211,0.9278028555191101,0.8950020304683954,0.9137455224990845,6745600
1994-01-26,0.923116347177741,0.9324880838394165,0.9137446105160656,0.9324880838394165,10697600
1994-01-27,0.9324880838394165,0.9465454028292241,0.927801929505873,0.9324880838394165,7769600
1994-01-28,0.9324889598681676,0.946546292064166,0.9231172144021857,0.9278028011322021,4291200
1994-01-31,0.9278024197604294,0.9418603181838988,0.9278024197604294,0.9418603181838989,3644800
1994-02-01,0.9231172144021857,0.9278028011322023,0.9090593102002386,0.9278028011322021,4595200
1994-02-02,0.9184301928441976,0.9324880838394165,0.9184301928441976,0.9324880838394165,2812800
1994-02-03,0.9324884495617854,0.9324884495617854,0.8996870723785013,0.9043732285499573,4659200
1994-02-04,0.9137448774074705,0.9137448774074705,0.8387709622152915,0.8575144410133362,15763200
1994-02-07,0.8176843875181365,0.8762582069608262,0.8106560096698573,0.869229257106781,24182400
1994-02-08,0.8762586643362661,0.8996877467378657,0.8481434222507078,0.8809442520141602,17526400
1994-02-09,0.8856303408229778,0.8856303408229778,0.8668868475992748,0.8715724349021912,6956800
1994-02-10,0.8809438511565492,0.8809438511565492,0.848143036318516,0.8528286218643188,3040000
1994-02-11,0.838771614123037,0.8762586008546582,0.838771614123037,0.8668868541717529,4364800
1994-02-14,0.8668868475992748,0.8762585942111263,0.8622006882903396,0.8715724349021912,5248000
1994-02-15,0.8715722929012255,0.8715722929012255,0.8340853125613878,0.8364281058311462,8656000
1994-02-16,0.8434566516767849,0.8434566516767849,0.8153414299542254,0.8247131705284119,9187200
1994-02-17,0.8247138488860357,0.829400009030494,0.740368114340873,0.7872268557548523,77347200
1994-02-18,0.7965983748435973,0.8153418660163879,0.7497396469116211,0.7965983748435974,33936000
1994-02-22,0.7965982283454344,0.8247134599340967,0.768482996756772,0.7778547406196594,51516800
1994-02-23,0.7965983748435973,0.8153418660163879,0.7825410424669825,0.7965983748435974,22358400
1994-02-24,0.7872263835148123,0.8153416114974842,0.7591111555321404,0.7825407981872559,10878400
1994-02-25,0.7965983748435973,0.8247136116027831,0.7778548836708068,0.7965983748435974,7219200
1994-02-28,0.8247132619222005,0.8434567451477051,0.7965980370839437,0.8434567451477051,8486400
1994-03-01,0.8996873610090501,0.9746613077598043,0.890315617665206,0.9465460777282715,42281600
1994-03-02,0.9278028022258654,1.0215202569961548,0.9043737245362677,1.0215202569961548,27968000
1994-03-03,1.0496352513631184,1.0496352513631184,0.9652895615214393,0.9840330481529236,15848000
1994-03-04,1.0215199283025798,1.0215199283025798,0.9559177310721388,0.9652894735336304,11939200
1994-03-07,0.9934047944474929,0.9934047944474929,0.9465460777282715,0.9465460777282715,7715200
1994-03-08,0.9559182929992676,0.9559182929992676,0.9090595531463623,0.9371747970581055,5595200
1994-03-09,0.9465460537462794,0.9465460537462794,0.8996873382142854,0.9231169819831848,5635200
1994-03-10,0.9465454028292241,0.9465454028292241,0.9184301928441976,0.9324880838394165,3537600
1994-03-11,0.9465460327326083,0.9746612614276362,0.9278025469359229,0.9559177756309509,7929600
1994-03-14,0.9746615062250155,1.0027767419815063,0.9559180157206882,1.0027767419815063,12238400
1994-03-15,1.0027761429840107,1.0402631016002355,0.9934044033299546,1.0262057781219482,17208000
1994-03-16,1.0402637025584345,1.0777506828308105,1.0027767222860586,1.0777506828308105,18041600
1994-03-17,1.0777507669159345,1.0871225127152035,1.0496355295181274,1.0496355295181274,8316800
1994-03-18,1.0402635743743494,1.077750550027479,1.0402635743743494,1.0683788061141968,6020800
1994-03-21,1.0683787079365015,1.0683787079365015,1.030891735728203,1.0355778932571411,6169600
1994-03-22,1.059007101588779,1.059007101588779,1.0027766360176935,1.012148380279541,3107200
1994-03-23,1.0308917647316342,1.0308917647316342,0.9840330481529235,0.9840330481529236,2766400
1994-03-24,1.0496354682423243,1.059007213494488,0.984033251477179,1.0027767419815063,9888000
1994-03-25,1.0121482633627379,1.0121482633627379,0.9746612906455994,0.9746612906455994,7046400
1994-03-28,1.002776751712877,1.002776751712877,0.9137454569562931,0.9184310436248779,7006400
1994-03-29,0.9184311679614487,0.9465464077970033,0.8715724349021912,0.8715724349021912,7643200
1994-03-30,0.8715719310860885,0.8996871546695107,0.8434567075026663,0.8903154134750366,8185600
1994-03-31,0.8996875529386559,0.9184310436248779,0.8715723169093229,0.9184310436248779,7176000
1994-04-04,0.8715718594178846,0.9184305615371258,0.8340848977224917,0.8762580156326294,9300800
1994-04-05,0.9184311679614487,0.9184311679614487,0.8715724349021912,0.8715724349021912,6884800
1994-04-06,0.8809441815140426,0.8996876747377457,0.8528289416784881,0.8715724349021912,5206400
1994-04-07,0.8809441815140426,0.8996876747377457,0.8575151009874232,0.8715724349021912,3907200
1994-04-08,0.8668865225133362,0.8809438511565492,0.8340851356694987,0.8528286218643188,3348800
1994-04-11,0.8434566516767849,0.8528283922509714,0.8247131705284119,0.8247131705284119,4188800
1994-04-12,0.8153415322303772,0.8340850157299261,0.8059697904806027,0.8153415322303772,4246400
1994-04-13,0.8059700204104912,0.8247135092572468,0.7403678094468465,0.76848304271698,9372800
1994-04-14,0.7591112528938845,0.7965982283454344,0.7497395090309971,0.7778547406196594,7780800
1994-04-15,0.7965981632798583,0.8528286218643188,0.7778546770850381,0.8528286218643188,12334400
1994-04-18,0.8622001328251578,0.8856297702634492,0.7965979488058523,0.8247131705284119,9435200
1994-04-19,0.8153416114974842,0.8153416114974842,0.7497394128712498,0.7825407981872559,7129600
1994-04-20,0.7872265315637356,0.7965982759871134,0.7309960650234688,0.76848304271698,6638400
1994-04-21,0.796597994863987,0.796597994863987,0.7309958070516587,0.7497392892837524,6092800
1994-04-22,0.7778551074720564,0.7965986040376482,0.7497398626236689,0.7872268557548523,3420800
1994-04-25,0.7872266121864145,0.8340853391022724,0.7591113760368997,0.8200280070304871,4036800
1994-04-26,0.8340851664543152,0.8434569098976221,0.8153416795677013,0.8340851664543152,4379200
1994-04-28,0.8340853571891784,0.8340853571891784,0.7965983748435973,0.7965983748435974,3798400
1994-04-29,0.8153418660163879,0.8153418660163879,0.7684831380844116,0.7965983748435974,3161600
1994-05-02,0.7965983748435973,0.8153418660163879,0.7778548836708068,0.7965983748435974,6243200
1994-05-03,0.7965983748435973,0.8153418660163879,0.7778548836708068,0.7965983748435974,1499200
1994-05-04,0.7965979880577363,0.8059697290937097,0.7684827649498162,0.7731689214706421,1284800
1994-05-05,0.7872268557548523,0.7872268557548523,0.7684833591892606,0.7872268557548523,1574400
1994-05-06,0.7778547871403578,0.7872265315637356,0.7497395538702244,0.76848304271698,3056000
1994-05-09,0.7684832494470137,0.7778549963914895,0.7403680086135864,0.7403680086135864,4024000
1994-05-10,0.7637973241771878,0.7684829095741371,0.6560219959779219,0.7216241955757141,13409600
1994-05-11,0.6841372151920052,0.7028807005397314,0.6279067591488268,0.6325929164886475,20076800
1994-05-12,0.6653938017029692,0.6935090327608412,0.6372785706450973,0.6466503143310547,11553600
1994-05-13,0.656022245968006,0.6653939923389776,0.637278753226063,0.6419649124145508,9982400
1994-05-16,0.6466503143310547,0.6841372890748839,0.6372785706450973,0.6466503143310547,4636800
1994-05-17,0.6653938017029692,0.6653938017029692,0.6185350832731827,0.6466503143310547,7995200
1994-05-18,0.6747656464576721,0.6935091366370518,0.6372786660989125,0.6747656464576721,8428800
1994-05-19,0.6935090283824973,0.7028807720092878,0.6747655411289162,0.6841372847557068,6616000
1994-05-20,0.7028808817267418,0.7122526268164316,0.6466504111886024,0.6747656464576721,7192000
1994-05-23,0.6747653143746513,0.6747653143746513,0.6466500929423741,0.6560218334197998,3371200
1994-05-24,0.6560222361538861,0.6935092210769653,0.6560222361538861,0.6935092210769653,10216000
1994-05-25,0.6935092660290842,0.7028810128673152,0.64665053183793,0.6700801849365234,9857600
1994-05-26,0.6747656267495457,0.6747656267495457,0.646650392301648,0.6513365507125854,4126400
1994-05-27,0.6466502398252487,0.6653937250375748,0.6279067546129227,0.6372784972190857,14929600
1994-05-31,0.6466504644027758,0.6466504644027758,0.6091634809591367,0.6138496398925781,10473600
1994-06-01,0.6185352206230164,0.6185352206230164,0.5810482375549548,0.6185352206230164,17868800
1994-06-02,0.61853529090312,0.6466505313987163,0.6091635440712545,0.6279070377349854,7486400
1994-06-03,0.6560221562782923,0.684137391547362,0.6279069210092226,0.6747656464576721,19928000
1994-06-06,0.6747655411289162,0.6841372847557068,0.6653937975021257,0.6841372847557068,4779200
1994-06-07,0.6841373584997809,0.6841373584997809,0.6653938692258142,0.6771084070205688,7276800
1994-06-08,0.6841375191908534,0.6841375191908534,0.6560222786761608,0.6700801849365234,8956800
1994-06-09,0.6560221440355543,0.6841373787799352,0.6560221440355543,0.6653938889503479,4276800
1994-06-10,0.6888234425720203,0.7028807720092878,0.6747655411289162,0.6841372847557068,10726400
1994-06-13,0.6935091366370518,0.6935091366370518,0.6747656464576721,0.6747656464576721,1382400
1994-06-14,0.6747656464576721,0.7122526268164316,0.6653939013679822,0.6747656464576721,12236800
1994-06-15,0.6841373787799352,0.6841373787799352,0.6653938889503479,0.6653938889503479,10262400
1994-06-16,0.6747653962197179,0.6747653962197179,0.6560219129913923,0.6607080698013306,3700800
1994-06-17,0.6560218334197998,0.6653935738972255,0.6466500929423741,0.6560218334197998,6361600
1994-06-20,0.6466504579240626,0.6466504579240626,0.6185352206230164,0.6185352206230164,4281600
1994-06-21,0.6185352268200465,0.6279069726809563,0.5997917350982269,0.6138496398925781,5204800
1994-06-22,0.6279067591488268,0.646650244496553,0.6185350164749637,0.6325929164886475,3894400
1994-06-23,0.6466503189160273,0.6466503189160273,0.6091633439064026,0.6091633439064026,4611200
1994-06-24,0.6279067546129227,0.6279067546129227,0.5810480415821075,0.5997915267944336,5756800
1994-06-27,0.5810481085293534,0.6466503143310547,0.5810481085293534,0.6466503143310547,4393600
1994-06-28,0.6653939494580934,0.6747656952251088,0.609163474856001,0.6185352206230164,4331200
1994-06-29,0.6372787185418661,0.6372787185418661,0.6091634809591367,0.6138496398925781,3907200
1994-06-30,0.6279067546129227,0.6279067546129227,0.5997915267944336,0.5997915267944336,2745600
1994-07-01,0.6185350120067596,0.6185350120067596,0.5997915267944336,0.5997915267944336,3904000
1994-07-05,0.6185351837249029,0.6185351837249029,0.5904199481010437,0.5904199481010437,6072000
1994-07-06,0.599791479892418,0.599791479892418,0.5623045123991419,0.5716762542724609,14564800
1994-07-07,0.5716764576851375,0.5904199481010437,0.5716764576851375,0.5904199481010437,4348800
1994-07-08,0.590419738019099,0.590419738019099,0.5716762542724609,0.5716762542724609,10705600
1994-07-11,0.590419738019099,0.590419738019099,0.5716762542724609,0.5716762542724609,4740800
1994-07-12,0.571676257740338,0.590419741600677,0.571676257740338,0.5880769491195679,5033600
1994-07-13,0.5904199833219702,0.6185352206230164,0.5810482375549548,0.6185352206230164,9326400
1994-07-14,0.6185350876588087,0.7309960126876831,0.6091633439064026,0.7309960126876831,30441600
1994-07-15,0.7216241806745529,0.7309959232807159,0.7028806954622269,0.7122524380683899,12488000
1994-07-18,0.73099609375,0.73099609375,0.646650390625,0.702880859375,11024000
1994-07-19,0.7122526060134093,0.7122526060134093,0.6513365507125854,0.6513365507125854,16715200
1994-07-20,0.6466504644027758,0.6653939561245955,0.6091634809591367,0.6138496398925781,11016000
1994-07-21,0.6279066119875227,0.6560218334197998,0.6091631310326713,0.6560218334197998,8923200
1994-07-22,0.6466503102485447,0.7028807720092878,0.6466503102485447,0.6841372847557068,9137600
1994-07-25,0.7122527135385048,0.7309962060000444,0.6841374748461955,0.6935092210769653,6449600
1994-07-26,0.6935091794123587,0.7028809250800933,0.6911663859969154,0.6981953382492065,5936000
1994-07-27,0.7028809673077351,0.7028809673077351,0.6935092210769653,0.6935092210769653,3411200
1994-07-28,0.6935091145833333,0.7028808593749999,0.6911663213868935,0.702880859375,7664000
1994-07-29,0.6935091366370518,0.7028808817267418,0.6653939013679822,0.6747656464576721,3705600
1994-08-01,0.6747653599286767,0.6841371010387972,0.6560218777084357,0.6677364110946655,5723200
1994-08-02,0.6560221440355543,0.6747656338651415,0.6560221440355543,0.6653938889503479,1441600
1994-08-03,0.6747653143746513,0.684137054852077,0.6560218334197998,0.6560218334197998,2580800
1994-08-04,0.6560222786761608,0.6841375191908534,0.6560222786761608,0.6700801849365234,2856000
1994-08-05,0.6747656338651415,0.6841373787799352,0.6560221440355543,0.6653938889503479,1939200
1994-08-08,0.6841370075915558,0.6935087474215771,0.6653935279315132,0.6888231635093689,952000
1994-08-09,0.6653939823846559,0.7028809673077351,0.6653939823846559,0.6935092210769653,2604800
1994-08-10,0.6935091794123587,0.7028809250800933,0.6747656880768895,0.6981953382492065,5161600
1994-08-11,0.6935091145833333,0.7216243489583333,0.6935091145833333,0.702880859375,3972800
1994-08-12,0.7122526751008145,0.8153418780759324,0.7122526751008145,0.8059701323509216,20528000
1994-08-15,0.8059695722630301,0.8153413114753909,0.7684826154135869,0.7755115628242493,8731200
1994-08-16,0.7778545652312794,0.8247132739801516,0.7778545652312794,0.8153415322303772,9584000
1994-08-17,0.8153416494746785,0.8622003649617289,0.8059699063772684,0.8528286218643188,9716800
1994-08-18,0.8434568835556675,0.8622003698569046,0.8247133972544305,0.8481430411338806,6787200
1994-08-19,0.8434567574797005,0.8622002409792494,0.8059697904806027,0.8153415322303772,3244800
1994-08-22,0.8153418361416993,0.8247135813847073,0.7965983456556832,0.8106562495231628,1782400
1994-08-23,0.8153414299542254,0.8340849111025984,0.8059696893800389,0.8247131705284119,3276800
1994-08-24,0.8340853039434665,0.8528287939197242,0.8153418139672088,0.8387714624404907,4984000
1994-08-25,0.8434566516767849,0.8434566516767849,0.8153414299542254,0.8247131705284119,1496000
1994-08-26,0.8247133972544305,0.8622003698569046,0.8247133972544305,0.8481430411338806,5752000
1994-08-29,0.8340853802535845,0.880944109481314,0.8340853802535845,0.8622006177902222,7875200
1994-08-30,0.880944109481314,0.880944109481314,0.8434571260991304,0.8622006177902222,5179200
1994-08-31,0.871571969985962,0.871571969985962,0.8434567451477051,0.8434567451477051,3470400
1994-09-01,0.8340853695259538,0.8528288609759752,0.796598386625911,0.8059701323509216,5916800
1994-09-02,0.815342006859956,0.8247137540652427,0.7591115236282349,0.7591115236282349,16134400
1994-09-06,0.7591116109064647,0.7965986040376482,0.7591116109064647,0.7872268557548523,5492800
1994-09-07,0.7965983456556832,0.8153418361416993,0.7778548551696671,0.8106562495231628,11544000
1994-09-08,0.8106563679281656,0.8809441815140426,0.796598462007379,0.8715724349021912,18230400
1994-09-09,0.8809440482889994,0.9465462646509463,0.8622005578998718,0.9254599809646606,46308800
1994-09-12,0.9371741369580975,0.9371741369580975,0.8996871714797736,0.920773446559906,15774400
1994-09-13,0.9184313011169434,0.9465465450286865,0.9184313011169434,0.9371747970581055,8921600
1994-09-14,0.9371747970581055,0.9371747970581055,0.9090595531463623,0.9371747970581055,3945600
1994-09-15,0.9278025036876641,0.9652894735336304,0.9278025036876641,0.9652894735336304,5156800
1994-09-16,0.9559178182056971,0.9934047914686657,0.9559178182056971,0.9840330481529236,20884800
1994-09-19,0.9840330481529235,1.0027765347844078,0.9840330481529235,0.9840330481529236,8356800
1994-09-20,0.9559182929992676,0.9840335369110107,0.9090595531463623,0.9371747970581055,9616000
1994-09-21,0.9652900409698486,0.9887196968993521,0.9278030490875244,0.9371747970581055,11345600
1994-09-22,0.9652894735336304,0.9652894735336304,0.9465459886106473,0.9652894735336304,6513600
1994-09-23,0.9652895474663148,1.0215200065420225,0.9465460611077456,0.9746612906455994,18179200
1994-09-26,0.9840329584566135,0.9840329584566135,0.9278025036876641,0.9652894735336304,4172800
1994-09-27,0.9465460777282715,0.96528956441596,0.9184308476967387,0.9465460777282715,7121600
1994-09-28,0.9559178210721158,0.96528956441596,0.9278025910405829,0.9465460777282715,3299200
1994-09-29,0.946546292064166,0.946546292064166,0.9090593102002386,0.9278028011322021,1996800
1994-09-30,0.9184307587695854,0.965289470951707,0.909059016333161,0.9488887786865234,6673600
1994-10-03,0.9559182202584913,0.9746617147733636,0.9371747257436188,0.9699761271476746,5076800
1994-10-04,0.9934047914686657,1.021520021415892,0.946546074889955,0.9840330481529236,21192000
1994-10-05,0.9934051775299342,1.0777509001504002,0.9559181896986159,1.0590074062347412,25080000
1994-10-06,1.077750450988576,1.077750450988576,0.9980909210488429,1.0355778932571411,17318400
1994-10-07,1.0496356592769116,1.0683791531925708,1.0308921653612524,1.0590074062347412,12547200
1994-10-10,1.0590072753173965,1.0777507669159345,1.0402637837188584,1.0496355295181274,8704000
1994-10-11,1.0121486714455934,1.0590074062347412,1.0027769244877638,1.0590074062347412,30510400
1994-10-12,1.0402638912200928,1.0590073847555899,1.0402638912200928,1.0402638912200928,10646400
1994-10-13,1.0590070622009142,1.077750550027479,1.0590070622009142,1.0683788061141968,9062400
1994-10-14,1.0683790211166655,1.0683790211166655,1.0402637837188584,1.0496355295181274,3916800
1994-10-17,1.0496356379878413,1.0590073847555899,1.0402638912200928,1.0402638912200928,3848000
1994-10-18,1.0402636130650837,1.0496353573269315,1.012148380279541,1.012148380279541,7176000
1994-10-19,1.0121481722051446,1.0402633992108432,1.0121481722051446,1.0308916568756104,6121600
1994-10-20,1.0238632121413702,1.0683791531925708,1.0121486714455934,1.0590074062347412,12241600
1994-10-21,1.049635556471798,1.133981270831139,1.0308920643919446,1.110552191734314,19531200
1994-10-24,1.1058659180350927,1.1339811532393747,1.0590071926946225,1.0777506828308105,7006400
1994-10-25,1.0496355295181274,1.0683790211166655,1.0215202921203206,1.0496355295181274,6372800
1994-10-26,1.0496354476265286,1.0777506828308105,1.0402637025584345,1.0777506828308105,7099200
1994-10-27,1.0777503406179363,1.1339807931719155,1.0730647555746429,1.0871220827102661,11112000
1994-10-28,1.0777508461174843,1.124609578557375,1.0683790996295062,1.115237832069397,8819200
1994-10-31,1.1011800125509934,1.1246090824321164,1.0871221130177124,1.1058655977249146,4356800
1994-11-01,1.1058656472488477,1.115237390022143,1.0777504189289617,1.0918083190917969,3128000
1994-11-02,1.0918087518524573,1.1527248180213094,1.0777508461174843,1.115237832069397,11196800
1994-11-03,1.1152373153287969,1.1714677682025176,1.1152373153287969,1.11992347240448,9809600
1994-11-04,1.1152373089872558,1.1339807931719155,1.0777503406179363,1.0871220827102661,9486400
1994-11-07,1.1433530827363334,1.1527248293161394,1.1199240022898267,1.1246095895767212,11803200
1994-11-08,1.1433527375282138,1.218326687530064,1.1339809937779826,1.2019259929656982,21891200
1994-11-09,1.2464422535178172,1.2558139997848685,1.2183270147166636,1.2323849201202393,22376000
1994-11-10,1.2276984453201294,1.2651854207497517,1.2089549576053182,1.2276984453201294,9145600
1994-11-11,1.227698054424552,1.227698054424552,1.2089545726776123,1.2089545726776123,8566400
1994-11-14,1.2089552039449867,1.2370704412460327,1.2089552039449867,1.2370704412460327,8323200
1994-11-15,1.23707058180624,1.2558140754699707,1.218327088142509,1.2558140754699707,10987200
1994-11-16,1.2558137700347856,1.265185514587284,1.2370702809297887,1.2417564392089844,13224000
1994-11-17,1.2370700240135193,1.2464417666196823,1.1902113109827042,1.1995830535888672,10307200
1994-11-18,1.2089548430791717,1.2089548430791717,1.1527243852615356,1.1527243852615356,16971200
1994-11-21,1.1433526129762004,1.1714678411641397,1.1339808702468872,1.1339808702468872,4552000
1994-11-22,1.115237809653975,1.1620965411520412,1.077750824455522,1.0964943170547485,18009600
1994-11-23,1.0683786711416954,1.1339808702468872,1.0683786711416954,1.1339808702468872,8868800
1994-11-25,1.133981170162322,1.1808398962020874,1.133981170162322,1.1808398962020874,4088000
1994-11-28,1.1808402632165143,1.2370707519411102,1.1714685150957482,1.1902120113372803,12771200
1994-11-29,1.2089551318259466,1.2183268770338995,1.1714681509941343,1.1808398962020874,5481600
1994-11-30,1.1714678712007476,1.1902113571399595,1.1433526422919298,1.1527243852615356,3993600
1994-12-01,1.1339808247857175,1.1339808247857175,1.1058655977249146,1.1058655977249146,4772800
1994-12-02,1.1058660855814189,1.124609578557375,1.0777508461174843,1.115237832069397,5843200
1994-12-05,1.1152372829249646,1.171467734164879,1.1058655410516456,1.1433525085449219,5452800
1994-12-06,1.1246094081712805,1.1433528983074686,1.0777506828308105,1.0777506828308105,7236800
1994-12-07,1.0683788458506267,1.0777505901124742,0.9934048917558458,1.012148380279541,13132800
1994-12-08,1.0402635853245574,1.0496353293364904,0.9746613772410266,0.9934048652648926,9758400
1994-12-09,0.9934051775299342,1.0777509001504002,0.9746616836142751,1.0590074062347412,12392000
1994-12-12,1.0496353293364904,1.0496353293364904,0.9465461452052278,0.9934048652648926,18120000
1994-12-13,1.0027764901226641,1.0027764901226641,0.9465460327326083,0.9559177756309509,8180800
1994-12-14,0.9606041078335992,0.9840331833387158,0.8903157373064572,0.9090592265129089,9713600
1994-12-15,0.8715723636357681,0.9090593470179515,0.8340853802535845,0.8622006177902222,34726400
1994-12-16,0.8715722481000054,0.9371744603225864,0.8622005034967796,0.9090592265129089,10820800
1994-12-19,0.9090593102002386,0.9371745465981841,0.8996875647342567,0.9278028011322021,4782400
1994-12-20,0.9465460611077456,0.9934047770041686,0.9278025747491764,0.9746612906455994,7606400
1994-12-21,0.9746612906455994,0.984033033824884,0.9559178042870302,0.9746612906455994,5280000
1994-12-22,0.9746613772410266,1.0027766092768255,0.9652896332290938,0.9934048652648926,5795200
1994-12-23,0.974661215995122,1.0027764433795967,0.9652894735336304,0.9652894735336304,6736000
1994-12-27,0.9652895185292936,0.9840330043259788,0.9465460327326083,0.9559177756309509,4136000
1994-12-28,0.9559180375301477,0.9746615284621114,0.9184310556662204,0.9278028011322021,6724800
1994-12-29,0.9278027889679888,0.9465462796542109,0.9090592982817669,0.9184310436248779,3649600
1994-12-30,0.9090590327978134,0.9278025180101395,0.8903155475854874,0.8996872901916504,5929600
1995-01-03,0.8715722481000054,0.9184309711161347,0.8715722481000054,0.9090592265129089,3409600
1995-01-04,0.9184310436248779,0.9371745343110999,0.8996875529386559,0.9184310436248779,3902400
1995-01-05,0.9278027157193606,0.9371744603225864,0.899687481909683,0.9090592265129089,3929600
1995-01-06,0.9090590327978134,0.9278025180101395,0.8996872901916504,0.8996872901916504,5089600
1995-01-09,0.9184311679614487,0.9184311679614487,0.8622006882903396,0.8715724349021912,4812800
1995-01-10,0.8715724349021912,0.8903159281258942,0.834085448454785,0.8715724349021912,11852800
1995-01-11,0.8715717641090805,0.8715717641090805,0.8434565459120134,0.8575144410133362,6947200
1995-01-12,0.871571969985962,0.871571969985962,0.8434567451477051,0.8434567451477051,5555200
1995-01-13,0.8622008420172191,0.8622008420172191,0.7872268557548523,0.7872268557548523,25792000
1995-01-16,0.7684829669730951,0.8434569149704704,0.7684829669730951,0.829399585723877,21323200
1995-01-17,0.8528287588935537,0.9184309711161347,0.8434570142903278,0.9090592265129089,25411200
1995-01-18,0.9278027889679888,0.9559180249973218,0.9184310436248779,0.9184310436248779,9080000
1995-01-19,0.9278025180101395,0.9278025180101395,0.8903155475854874,0.8996872901916504,3177600
1995-01-20,0.9090594213495972,0.9090594213495972,0.8715724349021912,0.8715724349021912,8027200
1995-01-23,0.8715721309775174,0.9465460777282715,0.8528286442898289,0.9465460777282715,6177600
1995-01-24,0.9652894605289806,1.0590068838813087,0.946545975858515,1.0308916568756104,29518400
1995-01-25,1.012148380279541,1.0308918688032362,0.9559179147084554,1.012148380279541,12528000
1995-01-26,1.0027764206878198,1.0683786164337519,1.0027764206878198,1.0543212890625,20572800
1995-01-27,1.0683788061141968,1.0871222939407617,1.0402635743743494,1.0683788061141968,14942400
1995-01-30,1.0777505901124742,1.087122334374322,0.9934048917558458,1.012148380279541,7696000
1995-01-31,0.9934048652648926,1.0121483532887585,0.9652896332290938,0.9934048652648926,13947200
1995-02-01,1.0215202569961548,1.0402637479502126,0.9840332750880391,1.0215202569961548,9456000
1995-02-02,1.0308916568756104,1.049635141546076,1.0121481722051446,1.0308916568756104,5310400
1995-02-03,1.0402637837188584,1.1152377501130104,1.0121485463210516,1.0496355295181274,27675200
1995-02-06,1.0402637837188584,1.0590072753173965,1.0355781968222086,1.0496355295181274,4425600
1995-02-07,1.059006874184333,1.0683786164337519,1.0402633896854954,1.0543212890625,3443200
1995-02-08,1.0683790211166655,1.0683790211166655,1.0308920379195896,1.0496355295181274,3152000
1995-02-09,1.0496355295181274,1.0683790211166655,1.0308920379195896,1.0496355295181274,6134400
1995-02-10,1.0683791531925708,1.0777509001504002,1.040263912319082,1.0590074062347412,8123200
1995-02-13,1.049635141546076,1.0590068838813087,1.0215199145403775,1.0308916568756104,5817600
1995-02-14,1.0308919777379972,1.0496354682423243,0.9746615062250155,1.0027767419815063,4832000
1995-02-15,1.0027765201834533,1.0027765201834533,0.9559178042870302,0.9746612906455994,5516800
1995-02-16,0.9652895615214393,0.9840330481529235,0.9559178182056971,0.9840330481529236,5233600
1995-02-17,0.9746612614276362,0.9746612614276362,0.9559177756309509,0.9559177756309509,1771200
1995-02-21,0.9746615834197006,0.9840333294141208,0.94654634543644,0.9606042504310608,9019200
1995-02-22,0.9652895474663148,0.9746612906455994,0.9465460611077456,0.9746612906455994,2606400
1995-02-23,0.9746616836142751,1.0777509001504002,0.9371746957829568,1.0590074062347412,31785600
1995-02-24,1.0683791531925708,1.0777509001504002,1.0308921653612524,1.0590074062347412,17798400
1995-02-27,1.0496356379878413,1.0964943718265843,1.0402638912200928,1.0402638912200928,7857600
1995-02-28,1.0590073318562956,1.0964943170547485,1.0496355855566823,1.0964943170547485,8392000
1995-03-01,1.0871226471082298,1.0964943940660594,1.0590074062347412,1.0590074062347412,7008000
1995-03-02,1.0496356379878413,1.0683791315233386,1.0308921444523442,1.0402638912200928,4264000
1995-03-03,1.0402638392570691,1.1058660633543618,1.0215203466578426,1.0964943170547485,6777600
1995-03-06,1.0683788061141968,1.077750550027479,1.0402635743743494,1.0683788061141968,4049600
1995-03-07,1.0777507669159345,1.1058660043137414,1.0496355295181274,1.0496355295181274,7532800
1995-03-08,1.0683791315233386,1.0683791315233386,1.0308921444523442,1.0402638912200928,5118400
1995-03-09,1.0496351436033087,1.1152373400785154,1.0496351436033087,1.1058655977249146,28252800
1995-03-10,1.1058655977249146,1.1152373400785154,1.0871221130177124,1.1058655977249146,18523200
1995-03-13,1.096493768792746,1.1058655104063593,1.04494947592073,1.082436442375183,25846400
1995-03-14,1.0964937162014745,1.1620959043502808,1.068378492709129,1.1620959043502808,26476800
1995-03-15,1.1152372896901677,1.2089547089918624,1.1152372896901677,1.1761538982391357,27523200
1995-03-16,1.1667822404701838,1.2089547961950302,1.152724340558052,1.1995830535888672,13324800
1995-03-17,1.1995832137479128,1.237070189177535,1.1995832137479128,1.2276984453201294,11428800
1995-03-20,1.227698054424552,1.227698054424552,1.1995828318041424,1.2089545726776123,6819200
1995-03-21,1.2183263513349718,1.237069833663202,1.1620959043502808,1.1620959043502808,8918400
1995-03-22,1.162096537114356,1.2323849201202393,1.1433530445802536,1.2323849201202393,12816000
1995-03-23,1.2464420125432256,1.2933007348192869,1.2276985236328013,1.2839289903640747,26356800
1995-03-24,1.2745571503272421,1.2933006378320546,1.1995832003079927,1.2183266878128052,13697600
1995-03-27,1.1995834581779712,1.2464421870130482,1.1620964751099097,1.2370704412460327,7739200
1995-03-28,1.2276982814073563,1.2839287370443344,1.2276982814073563,1.2745569944381714,10356800
1995-03-29,1.2651855781836874,1.3214160483251844,1.2651855781836874,1.2886152267456055,20960000
1995-03-30,1.3026724927972775,1.3120442373497758,1.218326791824792,1.2417564392089844,9950400
1995-03-31,1.2276984453201294,1.2464419330349406,1.2089549576053182,1.2276984453201294,6379200
1995-04-03,1.2370702844190657,1.2370702844190657,1.152724583208675,1.1925543546676636,8878400
1995-04-04,1.1714678712007476,1.1902113571399595,1.1246091563527179,1.1527243852615356,19406400
1995-04-05,1.1527248180213094,1.1527248180213094,1.0964943390934407,1.115237832069397,21931200
1995-04-06,1.1152368638186088,1.1503810256378009,1.0496346953586906,1.0730643272399902,30089600
1995-04-07,1.0777508566776912,1.1339813361565274,1.0590073635180792,1.1246095895767212,16878400
1995-04-10,1.0730651800192845,1.1199239090156297,1.0449499426214777,1.0496355295181274,27353600
1995-04-11,1.0496352513631184,1.0636931523396405,0.9699757191822191,0.9840330481529236,25363200
1995-04-12,0.9840331474939983,1.0449497711989453,0.965289658970303,1.012148380279541,17836800
1995-04-13,1.026205984605377,1.026205984605377,0.9957473955969106,1.007462501525879,6811200
1995-04-17,1.0027767419815063,1.0496354682423243,0.9934049967293427,1.0027767419815063,13267200
1995-04-18,1.0121481858410881,1.0215199283025798,0.9559177310721388,0.9652894735336304,13137600
1995-04-19,0.9652895399590771,0.9652895399590771,0.9043734957703873,0.9231169819831848,21593600
1995-04-20,0.9371745477028943,1.026206415737644,0.9324889609673546,1.0215202569961548,20209600
1995-04-21,1.0308917647316342,1.0402635080473763,0.9699757191822191,0.9840330481529236,13518400
1995-04-24,0.9793479489287711,0.9793479489287711,0.9184313011169434,0.9371747970581055,13396800
1995-04-25,0.941860447286333,0.9746612614276362,0.9371742898342657,0.9559177756309509,9185600
1995-04-26,0.960604237387066,1.012148553653469,0.9512324915199042,0.9980912208557129,10348800
1995-04-27,0.9980911553583924,1.0168346458627195,0.9887194101062288,1.0027767419815063,6963200
1995-04-28,1.0027765347844078,1.0027765347844078,0.9652895615214393,0.9840330481529236,8088000
1995-05-01,0.9699755592318804,0.9840328858845118,0.951232075691223,0.9512320756912231,4782400
1995-05-02,0.9512321458442758,0.974661215995122,0.9512321458442758,0.9652894735336304,4827200
1995-05-03,0.9559178042870302,0.9793474482381463,0.9559178042870302,0.9746612906455994,4624000
1995-05-04,0.9746611441141831,0.9746611441141831,0.951232075691223,0.9512320756912231,3875200
1995-05-05,0.9699755592318804,0.9746611441141831,0.9324885921505657,0.9512320756912231,8865600
1995-05-08,0.946545918803197,0.9606038174615518,0.9371741770328684,0.9512320756912231,2968000
1995-05-09,0.9559180249973218,0.9559180249973218,0.9137454569562931,0.9184310436248779,7395200
1995-05-10,0.927801929505873,0.9512315571627675,0.923116347177741,0.9324880838394165,5528000
1995-05-11,0.9418607388295186,1.0496355295181274,0.9324889930302497,1.0496355295181274,40312000
1995-05-12,1.0636934615346803,1.1620965089509194,1.0590073025117248,1.110552191734314,46304000
1995-05-15,1.1246090824321164,1.1246090824321164,1.0918082701973926,1.1058655977249146,9132800
1995-05-16,1.1105517549045945,1.1152373400785154,1.0777503706641116,1.1058655977249146,9377600
1995-05-17,1.1152373725237335,1.1152373725237335,1.0449495888297473,1.0660358667373657,13406400
1995-05-18,1.063692736738173,1.0871217998705165,1.0262057781219482,1.0262057781219482,10099200
1995-05-19,1.0262060689200025,1.0355778112297478,1.0027764271427608,1.0144909620285034,16408000
1995-05-22,1.0215202324858335,1.0402637229901608,0.9980911553583924,1.0027767419815063,21928000
1995-05-23,1.0027764433795967,1.0027764433795967,0.9559177310721388,0.9652894735336304,20659200
1995-05-24,0.9606039330830183,0.9746612614276362,0.9465460327326083,0.9559177756309509,12131200
1995-05-25,0.9606041560884109,0.9793476462364196,0.9465462524744418,0.9793476462364197,12724800
1995-05-26,0.974661215995122,0.974661215995122,0.9559177310721388,0.9652894735336304,8454400
1995-05-30,0.9652895399590771,0.9652895399590771,0.9231169819831848,0.9231169819831848,14612800
1995-05-31,0.9278028534475996,0.969975996425481,0.9231172664533801,0.9606042504310608,14193600
1995-06-01,0.965289470951707,0.965289470951707,0.9418604008635282,0.9488887786865234,5062400
1995-06-02,0.9512324846287876,1.0871225127152035,0.9371745799268996,1.0496355295181274,34883200
1995-06-05,1.1246090824321164,1.1667822090262003,1.1011800125509934,1.1058655977249146,44436800
1995-06-06,1.1152375104616012,1.3354737754212271,1.1058657666762097,1.3026723861694336,138241600
1995-06-07,1.3073585440650524,1.316730287850444,1.2464419234570838,1.3026723861694336,73060800
1995-06-08,1.293300813254436,1.3026725582780188,1.2651855781836874,1.2886152267456055,14596800
1995-06-09,1.265185740380785,1.2886153919463896,1.251128407046218,1.2675285339355469,16459200
1995-06-12,1.2558132770449615,1.2698711743580007,1.1902110909306725,1.2089545726776123,19137600
1995-06-13,1.2089549576053182,1.237070189177535,1.1808397260331016,1.2276984453201294,18704000
1995-06-14,1.2276984453201294,1.2417563471091633,1.218326701462724,1.2276984453201294,6609600
1995-06-15,1.227698422860408,1.3026723723480667,1.227698422860408,1.2933006286621094,21904000
1995-06-16,1.297986636956466,1.3026722222566605,1.2745569944381714,1.2745569944381714,9022400
1995-06-19,1.2839288985986503,1.3261020316358356,1.269871568923486,1.3026723861694336,14251200
1995-06-20,1.3073586356166134,1.3307877107178578,1.2745572440678075,1.3167303800582886,16862400
1995-06-21,1.3120442509353578,1.3167304092630765,1.2511281967163086,1.2511281967163086,9777600
1995-06-22,1.2558137551844575,1.3167303800582884,1.2558137551844575,1.3167303800582886,10003200
1995-06-23,1.2979867439689028,1.3073584873477186,1.2604997704536396,1.2651853561401367,6848000
1995-06-26,1.2604997704536396,1.2839288428977684,1.2417562836960079,1.2651853561401367,9633600
1995-06-27,1.246442107998561,1.2558138531714824,1.1995833821339534,1.2136412858963013,8387200
1995-06-28,1.2089550472722934,1.246442025482287,1.1902115581672967,1.2417564392089844,11136000
1995-06-29,1.2464418436676488,1.2839288164095328,1.232384514892347,1.2792432308197021,10913600
1995-06-30,1.2745571680942605,1.3120441436264445,1.2745571680942605,1.2956434488296509,12475200
1995-07-03,1.2839289903640747,1.2933007348192869,1.279243404139412,1.2839289903640747,891200
1995-07-05,1.2933002964782079,1.3495307441511735,1.2933002964782079,1.3354734182357788,23793600
1995-07-06,1.354216900793434,1.354216900793434,1.3167299356781237,1.3354734182357788,14889600
1995-07-07,1.3448456636071204,1.4057617187499998,1.3354739188154536,1.40576171875,21467200
1995-07-10,1.4057611674070358,1.50416473512837,1.4057611674070358,1.4994785785675049,44016000
1995-07-11,1.494793314391149,1.4994788999505915,1.4151332118283706,1.4291911125183105,24648000
1995-07-12,1.4385627805598926,1.480735336416982,1.4245048806036789,1.4573062658309937,19924800
1995-07-13,1.4666781425476076,1.5275941892446327,1.4479346555630108,1.4666781425476074,17950400
1995-07-14,1.4573062658309939,1.4713635937814316,1.4151331379681285,1.4573062658309937,10804800
1995-07-17,1.4807357908044971,1.5182227728501807,1.4760502040517625,1.490107536315918,13940800
1995-07-18,1.4854217920641306,1.4947935365818668,1.3729608578512964,1.4104478359222412,19305600
1995-07-19,1.3776464329262332,1.3963899218095832,1.2792434022915882,1.3167303800582886,25875200
1995-07-20,1.3167299356781237,1.4151329331029667,1.3120437790358632,1.3354734182357788,26894400
1995-07-21,1.5182222877433915,1.583824485361933,1.4901070601925879,1.565081000328064,82433600
1995-07-24,1.5650805428594812,1.6775414201907013,1.504164520307871,1.6634840965270996,65427200
1995-07-25,1.6822291060242904,1.6916008543252443,1.625998616218567,1.625998616218567,29163200
1995-07-26,1.6306842043659828,1.6775429458707525,1.621312456065029,1.625998616218567,20572800
1995-07-27,1.6259984870584685,1.6353702346149839,1.611940579720657,1.6166267395019531,14233600
1995-07-28,1.6213113394261085,1.6213113394261085,1.5978822708129883,1.5978822708129883,12344000
1995-07-31,1.5931960504654556,1.6072539486782975,1.5557090845721506,1.6025677919387817,10484800
1995-08-01,1.6072543307228475,1.6072543307228475,1.5603956122178935,1.5697673559188843,16790400
1995-08-02,1.579138343285581,1.6119391445260602,1.5463369700395344,1.5510231256484985,14612800
1995-08-03,1.5369667213564435,1.6353703645195208,1.5182232247545357,1.625998616218567,28715200
1995-08-04,1.6306834624985516,1.6681704386479435,1.6213117184612036,1.6587986946105957,13227200
1995-08-07,1.6634854772845302,1.6728572248410456,1.611940579720657,1.6166267395019531,8172800
1995-08-08,1.6119402994428365,1.6634851880442876,1.5885112206283418,1.640055537223816,7982400
1995-08-09,1.6634858137872675,1.7431453981287655,1.644742314882657,1.7197163105010986,100795200
1995-08-10,1.7290869045502586,1.7665738773100927,1.7197151613603,1.7478303909301758,42289600
1995-08-11,1.7478295379305218,1.7618868598521082,1.6775412123059967,1.715028166770935,20361600
1995-08-14,1.7197150542338022,1.8087463229894638,1.7150288969278336,1.7993745803833008,40696000
1995-08-15,1.83686162810874,1.8790347576141357,1.827489885108185,1.8790347576141357,39030400
1995-08-16,1.879035683611749,2.0524127285601357,1.879035683611749,2.0336692333221436,49006400
1995-08-17,1.893092040231592,1.9961812107392531,1.8368615835910498,1.9258934259414673,100464000
1995-08-18,1.9352652525251766,1.9961812971876218,1.9352652525251766,1.9493225812911987,22590400
1995-08-21,1.949322630656682,1.9540087883679031,1.7572021766189112,1.7759456634521484,28945600
1995-08-22,1.780631344565106,1.82280447820247,1.7712596006463424,1.7923458814620972,30897600
1995-08-23,1.804061604797494,1.8837211692347446,1.799375445239159,1.8696638345718384,33022400
1995-08-24,1.864977293718201,1.8977786879021405,1.7946894907619384,1.8509199619293213,27064000
1995-08-25,1.8556051141098495,1.8977782436152453,1.8509195286124713,1.8790347576141357,14534400
1995-08-28,1.8790353373610393,1.902464416088202,1.7946896243324983,1.8274904489517212,18971200
1995-08-29,1.8274897620791482,1.8274897620791482,1.7103432684615698,1.7712593078613281,44275200
1995-08-30,1.7712593994798793,1.8884064711626602,1.7665738140555785,1.8602912425994873,24168000
1995-08-31,1.860291845576919,1.8743491784120219,1.8228048620086785,1.8274904489517212,13276800
1995-09-01,1.8415485932399764,1.8790355816824589,1.8368624336816415,1.8696638345718384,16702400
1995-09-05,1.8837202539736273,1.9774376795444544,1.8743485114165446,1.9727520942687988,19745600
1995-09-06,1.9821244068355715,2.0336687197195036,1.9774382482065218,2.0055534839630127,26161600
1995-09-07,2.0149246962861005,2.0149246962861005,1.9165216831680436,1.9258934259414673,22710400
1995-09-08,1.9212073854880758,1.93057912883192,1.8649769254250101,1.893092155456543,23393600
1995-09-11,1.89777844617566,1.935265422179072,1.879034958173954,1.9024640321731567,9660800
1995-09-12,1.9071509980162955,1.9212083339691162,1.8602922581633903,1.874349594116211,11228800
1995-09-13,1.88372031373257,1.893092056586961,1.8321760140363148,1.8602912425994873,17592000
1995-09-14,1.8649773477303864,1.8884069973983153,1.850920015534388,1.8556056022644043,14155200
1995-09-15,1.855604963330853,1.8602911204532513,1.7618875409404058,1.7853171825408936,26800000
1995-09-18,1.775946000372811,1.8602917071238851,1.7478307647891194,1.8509199619293213,17355200
1995-09-19,1.8556051141098495,1.9024638291126235,1.8134325566102523,1.8790347576141357,19382400
1995-09-20,1.893092670196142,1.893092670196142,1.799375211275541,1.8274904489517212,17110400
1995-09-21,1.8321761239518606,1.8462334530738767,1.7478304332022925,1.7759456634521484,16726400
1995-09-22,1.7712602513901732,1.7946899057978374,1.7618885040283203,1.7618885040283203,13100800
1995-09-25,1.7572026320428409,1.766574377888387,1.6962859980438065,1.7244012355804443,14131200
1995-09-26,1.7290873722674596,1.7290873722674596,1.5697676949422774,1.6119402647018433,48521600
1995-09-27,1.6072543307228475,1.644741305526811,1.527594223261505,1.5697673559188843,63056000
1995-09-28,1.583824767746739,1.6916001119099555,1.560395693280048,1.6775422096252441,43620800
1995-09-29,1.6775431519626292,1.7665750577626245,1.6728575632395726,1.7197163105010986,35507200
1995-10-02,1.7197149148161062,1.7197149148161062,1.5885105289665946,1.5978822708129883,19304000
1995-10-03,1.607254438656121,1.6494270021397077,1.583824791827333,1.644741415977478,21435200
1995-10-04,1.6400559494892757,1.6400559494892757,1.5369667183785212,1.5744537115097046,33692800
1995-10-05,1.5744525074958802,1.5791386640567453,1.4854212528962762,1.4994785785675049,30856000
1995-10-06,1.5182230472564697,1.555710036077617,1.5088513000511827,1.5182230472564697,30956800
1995-10-09,1.49479314117395,1.4994787261904252,1.3495308535713826,1.4010757207870483,51656000
1995-10-10,1.377646839177167,1.5275947944617565,1.307359021140543,1.5182230472564697,61145600
1995-10-11,1.5463372841477394,1.5603951818246515,1.4619916141033173,1.4994785785675049,26056000
1995-10-12,1.499479552845896,1.5369665416670433,1.4901078056406092,1.5182230472564697,14536000
1995-10-13,1.5463382888723303,1.560396195683288,1.5182230472564697,1.5182230472564697,12059200
1995-10-16,1.5229089501657649,1.5322806957913822,1.4479349851608279,1.4479349851608276,12859200
1995-10-17,1.4619928020641115,1.5416529522822173,1.4151340584082106,1.527595043182373,24793600
1995-10-18,1.541651959941807,1.574452773384426,1.5088505744934082,1.5088505744934082,21275200
1995-10-19,1.499479411971119,1.513537317461349,1.4104481078883346,1.438563346862793,30608000
1995-10-20,1.4385632212336916,1.4713640445030776,1.3823327481953573,1.3963900804519653,21744000
1995-10-23,1.3823324899987341,1.5088507447005135,1.3635890024869266,1.49479341506958,27080000
1995-10-24,1.4947934145117099,1.5229086457689285,1.4432485378705537,1.4619920253753662,22851200
1995-10-25,1.4666781693664586,1.4713637551953715,1.4338767805407122,1.452620267868042,10094400
1995-10-26,1.4619924266718411,1.4713641729966607,1.4057619487229243,1.438563346862793,10360000
1995-10-27,1.4479352292198457,1.5229092068621406,1.438563482014559,1.5182230472564697,27260800
1995-10-30,1.5275940598908417,1.5603954453392408,1.4854215037495062,1.5088505744934082,20156800
1995-10-31,1.518222333548905,1.518222333548905,1.4432483911514282,1.4432483911514282,15644800
1995-11-01,1.4479347355133436,1.5369660176032869,1.4432485775055255,1.5229086875915527,19868800
1995-11-02,1.5369657919944661,1.551023691948523,1.5135367214120725,1.5322802066802979,15499200
1995-11-03,1.5322807120422346,1.6306837561518648,1.4807358245516933,1.6119402647018433,30896000
1995-11-06,1.611939579712645,1.7665736044670097,1.6072539948442481,1.7290866374969482,54184000
1995-11-07,1.7009713887173954,1.7337721983591716,1.649426523844401,1.6869134902954102,34768000
1995-11-08,1.705657755362021,1.7712599767220987,1.7009721684107177,1.7337729930877686,27102400
1995-11-09,1.7478298123036484,1.7665732924784563,1.733771916169732,1.7572015523910522,12817600
1995-11-10,1.738458689785674,1.780631249157546,1.7337725320744528,1.7759456634521484,18513600
1995-11-13,1.7665736044670097,1.7806309310779218,1.7244004806228297,1.7290866374969482,15073600
1995-11-14,1.7150290876678609,1.7431443186132356,1.6259978090104263,1.6283406019210815,13660800
1995-11-15,1.6447416929592225,1.7337729930877686,1.602568550367613,1.7337729930877686,22609600
1995-11-16,1.7290860606980525,1.7618868598521082,1.6962846895384658,1.715028166770935,22630400
1995-11-17,1.719715144377655,1.7431442161182782,1.6962855006312276,1.7056572437286377,9140800
1995-11-20,1.7150286896186964,1.7244004310920225,1.5885104657316451,1.6025677919387817,14100800
1995-11-21,1.597883371315705,1.6400559526669367,1.5838254628612132,1.625998616218567,17971200
1995-11-22,1.6306841370184935,1.6541137928062912,1.532281069925599,1.5603963136672974,15790400
1995-11-24,1.5697677251487294,1.6025685498144586,1.5416524874326862,1.5791394710540771,7707200
1995-11-27,1.5885116230147511,1.6541138611214286,1.5791398747137972,1.625998616218567,17624000
1995-11-28,1.6353699360507443,1.738459140351749,1.6213120312794393,1.7244012355804443,18568000
1995-11-29,1.724400817188896,1.7478304621210095,1.6213116379004293,1.6353695392608643,30548800
1995-11-30,1.6306826229507818,1.672855735409189,1.5510231256484985,1.5510231256484985,22163200
1995-12-01,1.5510239880719692,1.560395732495347,1.4994791077404488,1.53696608543396,26828800
1995-12-04,1.5557094328986778,1.6494268686154658,1.5510238471157551,1.6353695392608643,25547200
1995-12-05,1.6447413339396753,1.6447413339396753,1.5463377373764313,1.5557094812393188,22539200
1995-12-06,1.5557091832073522,1.56039534024398,1.4713635045997246,1.4760496616363525,24632000
1995-12-07,1.4760504708357063,1.5229092068621406,1.4151338279983143,1.5182230472564697,27707200
1995-12-08,1.5744536495350971,1.597883305322895,1.4901079183100028,1.5603963136672974,27414400
1995-12-11,1.5744530631274711,1.5791392213421027,1.5041652659550802,1.53696608543396,15116800
1995-12-12,1.527594232212321,1.527594232212321,1.4901072571887057,1.49479341506958,7171200
1995-12-13,1.508850702260036,1.5135368600090993,1.4432484978139475,1.4666781425476074,13446400
1995-12-14,1.4713642733567194,1.480736020320775,1.4104482040933786,1.419819951057434,22873600
1995-12-15,1.433876531919594,1.438562688941809,1.3776460796874532,1.4010757207870483,15708800
1995-12-18,1.4010764131853648,1.4057620005174116,1.3120445338162507,1.3401597738265991,21336000
1995-12-19,1.3495310919604278,1.5229086363054862,1.3401593482662582,1.5205652713775635,30112000
1995-12-20,1.5322805594404536,1.5322805594404536,1.4057617187499998,1.40576171875,14339200
1995-12-21,1.4291918991294292,1.579139871654163,1.4198201508466333,1.5744537115097046,37600000
1995-12-22,1.5931963853621751,1.6681703329086304,1.5791390562001273,1.6681703329086304,31916800
1995-12-26,1.6681711975697986,1.6728573577233363,1.593197211162167,1.625998616218567,16886400
1995-12-27,1.6306842043659828,1.6681711975697986,1.621312456065029,1.625998616218567,8371200
1995-12-28,1.6259978181248291,1.6259978181248291,1.5463377106634866,1.5697673559188843,13913600
1995-12-29,1.5744532818018004,1.616626423567331,1.5369662989017576,1.6119402647018433,13036800
1996-01-02,1.6025685535158432,1.6400555372238161,1.5838250616618568,1.640055537223816,8492800
1996-01-03,1.640055884932393,1.6494276328462922,1.5510245657533979,1.5603963136672974,12528000
1996-01-04,1.5650812072359364,1.5744529509918401,1.4666781838018685,1.49479341506958,21673600
1996-01-05,1.4830783233004783,1.5697673830365755,1.4666782005448133,1.5557094812393188,22104000
1996-01-08,1.551023881391534,1.574452954835569,1.5275942359416532,1.5299370288848877,2376000
1996-01-09,1.5416519447167047,1.5416519447167047,1.4198192908365854,1.4245048761367798,21417600
1996-01-10,1.4057615224052877,1.5135368584592737,1.3846752425706654,1.4338767528533936,31032000
1996-01-11,1.4432483756023904,1.5229084745443735,1.4432483756023904,1.5088505744934082,15171200
1996-01-12,1.508850559592247,1.5229084595043787,1.4151331335306168,1.4245048761367798,24736000
1996-01-15,1.4338773226716424,1.4338773226716424,1.330788103394596,1.3448460102081299,29424000
1996-01-16,1.3589026778936386,1.4338766187429428,1.3401591926813126,1.4245048761367798,26371200
1996-01-17,1.4104475621597716,1.5229084745443735,1.3963896621088063,1.5088505744934082,31552000
1996-01-18,1.5135369435817765,1.5322804316013288,1.4385629915035674,1.5229086875915527,23241600
1996-01-19,1.5463380446267683,1.6306837561518648,1.5322807120422346,1.6119402647018433,37392000
1996-01-22,1.6119398943287506,1.6541130264042216,1.5650811764703567,1.6353695392608643,22272000
1996-01-23,1.6119392417474896,1.6962848997459046,1.6072536578614895,1.6634840965270996,35382400
1996-01-24,1.6775431519626292,1.7572033083103193,1.6681714025103238,1.7197163105010986,26753600
1996-01-25,1.7290870886613576,1.7337726747523474,1.6541131351585534,1.6775422096252441,20363200
1996-01-26,1.6775415627793833,1.6822277190693016,1.6400546004826373,1.6494263410568237,11142400
1996-01-29,1.644740413151941,1.7290860606980525,1.644740413151941,1.715028166770935,15560000
1996-01-30,1.7103432868031465,1.7618875843860249,1.672856316922593,1.738458514213562,24436800
1996-01-31,1.7337726747523474,1.7525161631280484,1.6634848793464039,1.6775422096252441,29036800
1996-02-01,1.6775417719102528,1.7572018627244943,1.6400548049401913,1.7290866374969482,22739200
1996-02-02,1.7900034189224243,1.8649773841128923,1.7759460864521917,1.7900034189224243,41913600
1996-02-05,1.8274901431737471,1.8321763013386707,1.775945835394863,1.8134328126907349,21379200
1996-02-06,1.8181184250141857,1.8509198166230554,1.8040610943288753,1.8321763277053833,31539200
1996-02-07,1.8181186558688498,1.8368621471664668,1.7806316732736158,1.7900034189224243,15115200
1996-02-08,1.7900028377771378,1.8181180655956268,1.7712593525648117,1.7993745803833008,16755200
1996-02-09,1.7993751585697817,1.84154829985174,1.7900034129522309,1.8228048086166382,12729600
1996-02-12,1.813432434527573,1.8321759192668463,1.7712593078613281,1.7712593078613281,9035200
1996-02-13,1.7337729930877686,1.775946135679378,1.724401247179186,1.7337729930877686,15977600
1996-02-14,1.738459282501466,1.7665745223370204,1.7009722960540599,1.7431448698043823,13000000
1996-02-15,1.7478311689885735,1.7806319987520258,1.729087674264868,1.7618885040283203,9307200
1996-02-16,1.7618877623243088,1.7853174068687672,1.738458689785674,1.7759456634521484,8427200
1996-02-20,1.7572012822984515,1.7618868656191404,1.6634838958293483,1.682227373123169,19419200
1996-02-21,1.6962852553952834,1.7572018627244943,1.6822279287843713,1.7290866374969482,15246400
1996-02-22,1.7244004819584988,1.7337722237082733,1.6213113227109799,1.6306830644607544,35987200
1996-02-23,1.6447416364153467,1.6775424599647522,1.5885111628969752,1.5931967496871948,23536000
1996-02-26,1.597882564974149,1.6494268686154658,1.5885108214024704,1.6353695392608643,17457600
1996-02-27,1.640055393207969,1.6494271383120145,1.6166263164508186,1.621311902999878,8784000
1996-02-28,1.6119400822661158,1.6119400822661158,1.4994791462940613,1.513537049293518,37529600
1996-02-29,1.5041654011227823,1.5041654011227823,1.4713640066904101,1.4783929586410522,26376000
1996-03-01,1.4854212528962762,1.5088503196835519,1.4713633552193641,1.4994785785675049,21459200
1996-03-04,1.513536476244417,1.5182220607995986,1.4947929940123232,1.4994785785675049,7963200
1996-03-05,1.4994792818273388,1.5463380093844432,1.4807357908044971,1.490107536315918,19587200
1996-03-06,1.504165158264116,1.508850744137397,1.447934695749679,1.4619920253753662,11872000
1996-03-07,1.4666781546899992,1.4713637404720254,1.4104476932706862,1.4268478155136108,14608000
1996-03-08,1.4057616244607607,1.419819526708303,1.344845573403729,1.3729608058929443,38542400
1996-03-11,1.3776463185587235,1.452620267868042,1.3729607327298106,1.452620267868042,26214400
1996-03-12,1.4385634419800513,1.4901077641716487,1.3776468008379392,1.4807360172271729,28897600
1996-03-13,1.518222306959184,1.518222306959184,1.4338766232392295,1.4573062658309937,22216000
1996-03-14,1.46199244694994,1.49479384554477,1.4104481274515042,1.4151337146759033,13638400
1996-03-15,1.4198196219404537,1.4291913667321203,1.3963899739583332,1.40576171875,12115200
1996-03-18,1.4151332673370525,1.480735471783141,1.4104476815938174,1.4666781425476074,15302400
1996-03-19,1.4760498281417664,1.4760498281417664,1.424504954953062,1.4291911125183105,8465600
1996-03-20,1.4338773757338859,1.4338773757338859,1.391704797744751,1.391704797744751,12539200
1996-03-21,1.4010763921306153,1.410448138659897,1.354217659484207,1.3635894060134888,16806400
1996-03-22,1.3729603136185675,1.476049462449783,1.3682741572143164,1.4713633060455322,26312000
1996-03-25,1.4994785785675049,1.5322799584765108,1.4385625473160417,1.4994785785675049,35315200
1996-03-26,1.4994791462940613,1.5229087939578558,1.4807356569653856,1.513537049293518,23388800
1996-03-27,1.5275934916148128,1.56976660407322,1.5088500131900913,1.5510231256484985,27089600
1996-03-28,1.5463377373764313,1.579139126899463,1.5229086637221383,1.5557094812393188,19977600
1996-03-29,1.5650812251022064,1.5650812251022064,1.5416521514479131,1.5557094812393188,11832000
1996-04-01,1.5510238776050027,1.5557094634800326,1.4666781838018685,1.49479341506958,12520000
1996-04-02,1.508850167014382,1.5603950239400464,1.4666776222621343,1.5463371276855469,16257600
1996-04-03,1.5369657919944661,1.569767177216748,1.5135367214120725,1.5322802066802979,9969600
1996-04-04,1.5275942735935106,1.551023919620881,1.5182225295837346,1.5229086875915527,7134400
1996-04-08,1.4760499138931118,1.5088507307321963,1.452620268717332,1.4854216575622559,17875200
1996-04-09,1.4901067876512077,1.4901067876512077,1.4479342400412698,1.4713633060455322,12236800
1996-04-10,1.471363666518753,1.555709354408363,1.4619919234199075,1.5041650533676147,15780800
1996-04-11,1.5088512580606002,1.5088512580606002,1.4619925233382212,1.4807360172271729,7171200
1996-04-12,1.4901078011093547,1.5041657078775639,1.471364306755778,1.4924505949020386,5267200
1996-04-15,1.4994785284540455,1.518222010059721,1.471363306045532,1.4713633060455322,11254400
1996-04-16,1.213641362831478,1.2792435832005857,1.171468220876925,1.2370704412460327,143841600
1996-04-17,1.255813813974418,1.2698717172979836,1.1855260133743286,1.1855260133743286,45304000
1996-04-18,1.208954785315431,1.227698270359081,1.1386670024046277,1.1480387449264526,45561600
1996-04-19,1.1808399666439404,1.2511283458995395,1.1574108882293854,1.2370704412460327,39054400
1996-04-22,1.2558139997848685,1.2651857460519198,1.199583522182561,1.2323849201202393,19446400
1996-04-23,1.297987180308517,1.3635894060134888,1.2839292745115878,1.3635894060134888,43006400
1996-04-24,1.4057613909244537,1.4338766187429428,1.3682744204998016,1.4245048761367798,32998400
1996-04-25,1.4198197482839763,1.457306730786445,1.391704511407125,1.4479349851608276,27398400
1996-04-26,1.4854218153005043,1.5229087939578558,1.4713639123010476,1.513537049293518,35430400
1996-04-29,1.5041648878388951,1.5088504728697814,1.4619917625322105,1.4760496616363525,17545600
1996-04-30,1.4619920115317067,1.4619920115317067,1.4338767805407122,1.452620267868042,19870400
1996-05-01,1.4526198244398565,1.4854212032526208,1.4432480836370187,1.4713633060455322,10657600
1996-05-02,1.4666780341535328,1.485421519752902,1.4198193201551097,1.4432483911514282,19124800
1996-05-03,1.452620571970657,1.4713640632218914,1.4338770807194228,1.4479349851608276,9352000
1996-05-06,1.4385628556430017,1.4526201843271356,1.4198193693936192,1.4291911125183105,16435200
1996-05-07,1.433876933643696,1.5275943802870748,1.433876933643696,1.513537049293518,25961600
1996-05-08,1.4994785785675049,1.513536476244417,1.4573060295481355,1.4994785785675049,14857600
1996-05-09,1.4994788958152896,1.5229085395653057,1.4854215671699236,1.5041650533676147,9179200
1996-05-10,1.5229083360418387,1.6025678557333212,1.5088504372693843,1.5978822708129883,30840000
1996-05-13,1.6259979025950018,1.6962856980009453,1.6259979025950018,1.6775422096252441,44307200
1996-05-14,1.752516445348447,1.8368621566219017,1.7290873671088023,1.8257330656051636,65492800
1996-05-15,1.8228051478833958,1.8274907355612897,1.7572029163504264,1.7618885040283203,33441600
1996-05-16,1.7759460285225048,1.8368620872497559,1.766574283179394,1.8368620872497559,37523200
1996-05-17,1.836861449094554,1.9446367691004223,1.836861449094554,1.8837201595306396,55120000
1996-05-20,1.8977768142221656,1.9071485501639902,1.8321746626293933,1.8649754524230957,31113600
1996-05-21,1.874349422124124,1.8790355816824589,1.8462341807922622,1.8696638345718384,18409600
1996-05-22,1.8696621084956448,1.8790338469542558,1.836860737887746,1.841546893119812,18188800
1996-05-23,1.8274901976290436,1.8274901976290436,1.7946893775207011,1.8181184530258179,16372800
1996-05-24,1.818118567745382,1.8556055485236371,1.775946000372811,1.8509199619293213,17004800
1996-05-28,1.8649771204696188,1.897778511606446,1.7946893240427988,1.8134328126907349,16513600
1996-05-29,1.8087455225119131,1.846232476346357,1.7853164623681463,1.841546893119812,22398400
1996-05-30,1.8368619370191173,1.9352655410766602,1.7993749587126047,1.9352655410766602,35358400
1996-05-31,1.9399507216478231,2.0430398904310407,1.8790346806424456,2.0406970977783203,42230400
1996-06-03,1.9961821410966956,2.0008683006703705,1.9399516582489014,1.9399516582489014,27022400
1996-06-04,1.9399516989269527,1.9961821829538209,1.9399516989269527,1.9774386882781982,18960000
1996-06-05,1.9680669874738168,1.9727531472565547,1.9399517447956194,1.9540096521377563,15360000
1996-06-06,1.968065477627261,2.0008668549238675,1.9165211915969849,1.9165211915969849,21937600
1996-06-07,1.8743495118798255,1.9540096521377563,1.850920428984366,1.9540096521377563,21294400
1996-06-10,1.9493234053902002,1.9680668996727984,1.9305799111076023,1.9399516582489014,16548800
1996-06-11,1.9493227521774217,1.9493227521774217,1.874348800170598,1.9024640321731567,16644800
1996-06-12,1.9024632950396856,1.9493219968879538,1.9024632950396856,1.9165211915969849,6488000
1996-06-13,1.911835385792291,1.9165215428387707,1.8696628324026854,1.8837201595306396,8696000
1996-06-14,1.8837195344539504,1.8837195344539504,1.8087456226348875,1.8087456226348877,13588800
1996-06-17,1.8181177917279696,1.8274895329224436,1.7384582775777842,1.7806308269500732,22427200
1996-06-18,1.766574377888387,1.7993752023448115,1.663485173587382,1.7244012355804443,57785600
1996-06-19,1.7478300187722582,1.8181177917279696,1.7244003797832288,1.7806308269500732,27998400
1996-06-20,1.8415470478311942,1.9868087201405742,1.747829655371733,1.9821231365203857,52977600
1996-06-21,2.0055531774287427,2.0383545668008285,1.9774379459694613,1.9914958477020264,52729600
1996-06-24,1.982124263959801,1.982124263959801,1.925893796500032,1.9352655410766602,17057600
1996-06-25,1.9352652156174646,1.9446369586180194,1.8649768571104044,1.8790347576141357,20724800
1996-06-26,1.869662969300925,1.930579011325287,1.8228042554338064,1.9258934259414673,31371200
1996-06-27,1.9258934259414673,1.9399507540987107,1.869662969300925,1.9258934259414673,14491200
1996-06-28,1.930579226870659,1.9961814336089823,1.9258936409637029,1.9914958477020264,21310400
1996-07-01,1.9727525583604262,1.9821243031222193,1.9305794209294036,1.9633808135986328,13097600
1996-07-02,1.963381028578463,1.9680666154694537,1.9399513781056044,1.9446375370025635,8155200
1996-07-03,1.944636412705946,1.9540081530755995,1.893091554670032,1.9165211915969849,8190400
1996-07-05,1.883718924306745,1.9024623961903941,1.8368602445976219,1.8649754524230957,9510400
1996-07-08,1.8649759532635788,1.8930911686394116,1.827488999429135,1.841546893119812,11395200
1996-07-09,1.8556049332689883,1.8977780586643367,1.8228041219665998,1.8837201595306396,21286400
1996-07-10,1.836861887497715,1.8509197899866066,1.785317579718831,1.8134328126907349,22508800
1996-07-11,1.7993746322214403,1.8040607896624123,1.6681702319552936,1.710343360900879,33707200
1996-07-12,1.715029504639762,1.715029504639762,1.635369950263308,1.640055537223816,26716800
1996-07-15,1.644741199850298,1.644741199850298,1.4807354096175984,1.5041650533676147,42353600
1996-07-16,1.5041648523490514,1.6025678557333212,1.4947931105026577,1.5978822708129883,47344000
1996-07-17,1.6494277766877157,1.6587995254188959,1.5088515457200127,1.527595043182373,34089600
1996-07-18,1.536965917553422,1.6072542790542033,1.527594174153706,1.583824634552002,33297600
1996-07-19,1.5744529354956842,1.5744529354956842,1.443248524204377,1.452620267868042,25272000
1996-07-22,1.447934141926552,1.5603950239400464,1.3635884804164313,1.5463371276855469,47971200
1996-07-23,1.5697667641078374,1.6634841657857493,1.5322798034366727,1.5463371276855469,57006400
1996-07-24,1.4901078614859562,1.6447419821714993,1.4713643663729254,1.6166267395019531,42883200
1996-07-25,1.6306837320327758,1.6634851275881373,1.5697676717241846,1.5931967496871948,23102400
1996-07-26,1.607255119616659,1.6447421128204747,1.5791398747137972,1.625998616218567,12388800
1996-07-29,1.621311902999878,1.6869141187281966,1.5885110811386818,1.621311902999878,14081600
1996-07-30,1.6259978181248291,1.644741305526811,1.5650811980654682,1.5697673559188843,16720000
1996-07-31,1.5744537145602593,1.6494277009678906,1.5463384696573974,1.625998616218567,19780800
1996-08-01,1.6353688771942945,1.686913159968303,1.6166253976390912,1.6634840965270996,15782400
1996-08-02,1.677541902154779,1.7478302566837003,1.672856316922593,1.738458514213562,16334400
1996-08-05,1.752516473117082,1.7900034564992655,1.7197156486606573,1.7244012355804443,13508800
1996-08-06,1.729087358208149,1.7946895777498086,1.6962859624343392,1.7900034189224243,20044800
1996-08-07,1.79937525375164,1.860291889491018,1.7946896666979895,1.8040614128112793,22260800
1996-08-08,1.8040606921579363,1.813432434527573,1.7618875654916915,1.7712593078613281,7894400
1996-08-09,1.7712599648081737,1.7900034564992655,1.7150294897348983,1.7244012355804443,14443200
1996-08-12,1.72440044892663,1.7853170551361328,1.7197148641443587,1.7525156736373901,17051200
1996-08-13,1.7337727420832116,1.7525162311868139,1.6447414548440473,1.6728566884994507,25083200
1996-08-14,1.6822280593927312,1.7384585142135618,1.6634845744524545,1.738458514213562,16630400
1996-08-15,1.724401247179186,1.7384591520450479,1.705657755362021,1.7337729930877686,7563200
1996-08-16,1.738459282501466,1.7853180155607236,1.738459282501466,1.7431448698043823,11692800
1996-08-19,1.7290866135556522,1.743143939971924,1.682227905491891,1.6869134902954102,10457600
1996-08-20,1.6962849530824018,1.7244001732992371,1.6728558889045153,1.6915993690490723,7776000
1996-08-21,1.6822283677221048,1.6916001119099555,1.6587987212495432,1.6775422096252441,5171200
1996-08-22,1.6869145251334983,1.7618885040283203,1.682228937455604,1.7618885040283203,13097600
1996-08-23,1.7525171475810706,1.7572033083103193,1.7103445610487933,1.7197163105010986,8025600
1996-08-26,1.7337719133715155,1.7337719133715155,1.682227628976794,1.6915993690490723,6489600
1996-08-27,1.7009708448493486,1.7478295379305218,1.7009708448493486,1.715028166770935,8584000
1996-08-28,1.7150290501251648,1.7150290501251648,1.6681703329086304,1.6681703329086304,7022400
1996-08-29,1.6728566489684957,1.6775422351307254,1.6447414159774778,1.644741415977478,9768000
1996-08-30,1.6494277009678906,1.6587994492688445,1.6166268679176128,1.625998616218567,8644800
1996-09-03,1.5697676717241846,1.60256849527359,1.551024180551394,1.5931967496871948,17376000
1996-09-04,1.5885102444434198,1.602567568692294,1.5275936473499643,1.5463371276855469,13969600
1996-09-05,1.5322803900931952,1.5650812072359364,1.4901072571887057,1.49479341506958,28092800
1996-09-06,1.4947935599648423,1.5463378696157506,1.4666783259718286,1.513537049293518,36683200
1996-09-09,1.5182224795605141,1.5697673559188843,1.5182224795605141,1.5697673559188843,16582400
1996-09-10,1.579139947206938,1.5978834446692987,1.527595043182373,1.527595043182373,11500800
1996-09-11,1.508850702260036,1.5229086035013977,1.452620241306246,1.4666781425476074,21310400
1996-09-12,1.4807356569653856,1.5744531036087643,1.4807356569653856,1.513537049293518,21048000
1996-09-13,1.536965993513544,1.5650812251022064,1.518222505787769,1.5557094812393188,13369600
1996-09-16,1.5557094628994281,1.5650812066518343,1.4573064395020852,1.4619920253753662,15323200
1996-09-17,1.4666780038674005,1.4947932316858896,1.3776461631059647,1.4245048761367798,57742400
1996-09-18,1.4291912087782532,1.5135369025813876,1.424505050897379,1.49479341506958,27222400
1996-09-19,1.4947929940123232,1.513536476244417,1.4854212528962762,1.4994785785675049,13990400
1996-09-20,1.4947934150695799,1.5088507447005135,1.485421671313676,1.49479341506958,16896000
1996-09-23,1.4854214937376453,1.494793236373196,1.44324836587478,1.4573062658309937,7364800
1996-09-24,1.452620267868042,1.4713637551953715,1.4151332932133827,1.452620267868042,17020800
1996-09-25,1.4573063990553092,1.4666781425476076,1.4291911685784142,1.4666781425476074,9340800
1996-09-26,1.471364422482204,1.5885115574089954,1.4666788345283033,1.5603963136672974,36803200
1996-09-27,1.5697677432961108,1.6634852034330134,1.5650815842862744,1.6330265998840332,37556800
1996-09-30,1.6353698908289516,1.6447416364153467,1.57913941731058,1.5931967496871948,21129600
1996-10-01,1.5838247128279812,1.5885108707623505,1.5229086637221383,1.5557094812393188,15995200
1996-10-02,1.5650814722238162,1.6025684535944464,1.4666784321288822,1.4877647161483765,23164800
1996-10-03,1.5275940763485896,1.532280233751325,1.4432483911514282,1.4432483911514282,32803200
1996-10-04,1.4713640632218914,1.4854219676632963,1.4385632395352106,1.4479349851608276,27793600
1996-10-07,1.4479345231954432,1.476049751102095,1.4291910379243422,1.4573062658309937,12899200
1996-10-08,1.4573063418923842,1.480735413701209,1.424504954953062,1.4291911125183105,15424000
1996-10-09,1.4432486979166665,1.4573066011071203,1.3963899739583332,1.40576171875,20025600
1996-10-10,1.4057620446083305,1.433877285500497,1.396390297644275,1.419819951057434,10830400
1996-10-11,1.4338760994912048,1.56976660407322,1.4245043602788439,1.5510231256484985,21408000
1996-10-14,1.551023692186499,1.5744527627724871,1.44324836587478,1.4573062658309937,22000000
1996-10-15,1.4713636705765178,1.4760498281417664,1.4151332118283706,1.4291911125183105,19444800
1996-10-16,1.4385633668159261,1.4385633668159261,1.3917046345418895,1.4151337146759033,17190400
1996-10-17,1.4245052083333332,1.4291913667321203,1.3963899739583332,1.40576171875,12664000
1996-10-18,1.4104480937338528,1.41513368084624,1.3823328550415435,1.3870184421539307,11342400
1996-10-21,1.3870180425972773,1.391704200365724,1.3261019956482853,1.3589028120040894,25182400
1996-10-22,1.3635891133335603,1.4291913249577135,1.3448456242980877,1.4104478359222412,19603200
1996-10-23,1.419819951057434,1.4432490324645526,1.3682750567521085,1.419819951057434,20401600
1996-10-24,1.4245054270770097,1.4291915861953923,1.3823328550415435,1.3870184421539307,11688000
1996-10-25,1.3963900804519653,1.4526205534902994,1.3917044937017464,1.3963900804519653,13833600
1996-10-28,1.4057613058035237,1.424504789880904,1.3917039787483583,1.4010757207870483,9022400
1996-10-29,1.4104481274515042,1.4291916203611188,1.3917046345418895,1.4151337146759033,13200000
1996-10-30,1.4245050093706917,1.4432484963360954,1.4104476801495527,1.4338767528533936,10728000
1996-10-31,1.433877063247393,1.4994792818273388,1.433877063247393,1.490107536315918,18766400
1996-11-01,1.4947933102687692,1.51353679646646,1.490107152716444,1.5041650533676147,17422400
1996-11-04,1.504165116516801,1.504165116516801,1.461991984798544,1.4666781425476074,11406400
1996-11-05,1.4619917625322105,1.5041648878388951,1.4432482783971823,1.4760496616363525,11515200
1996-11-06,1.4854212528962762,1.5275938019156456,1.4666777706641825,1.4994785785675049,15374400
1996-11-07,1.4947940782700015,1.5603963136672974,1.4901079183100028,1.5603963136672974,15059200
1996-11-08,1.5603959261377893,1.5978829084833703,1.551024180551394,1.5931967496871948,26556800
1996-11-11,1.5978826700314501,1.7056574421887958,1.5931965119345894,1.6775422096252441,57864000
1996-11-12,1.6869138429021808,1.7197152314059732,1.6306833814721082,1.6353695392608643,29088000
1996-11-13,1.6447416961903012,1.6587990290778025,1.6072547124823282,1.640055537223816,22776000
1996-11-14,1.6400555229705311,1.7337729814259901,1.6353699360507443,1.7244012355804443,45713600
1996-11-15,1.7337729964937485,1.7525164883477349,1.6306837912968228,1.640055537223816,35758400
1996-11-18,1.644741305526811,1.7103435114337466,1.5603956122178935,1.5697673559188843,41027200
1996-11-19,1.5603959261377893,1.616626399656161,1.5369662761688232,1.5931967496871948,35056000
1996-11-20,1.5931965519742268,1.6025682963976047,1.5275943410105821,1.53696608543396,22491200
1996-11-21,1.5463370712605724,1.5603949670021071,1.5041645280471774,1.5416514873504639,18113600
1996-11-22,1.5510236725555466,1.5791389001063503,1.546337515294195,1.565081000328064,12046400
1996-11-25,1.569768123371367,1.6306842012064797,1.5557102149441129,1.5744537115097046,18534400
1996-11-26,1.5744522907380374,1.616625405957037,1.5322797475246424,1.5416514873504639,19574400
1996-11-27,1.5369662477647879,1.6119402110703873,1.4947936794083612,1.6072546243667603,22436800
1996-11-29,1.6166268647853463,1.621312452923684,1.5603963750885712,1.5744537115097046,4672000
1996-12-02,1.5650815661930677,1.6119402957198063,1.5369663284770245,1.5791394710540771,18884800
1996-12-03,1.593196980560882,1.6119404744498338,1.4807360172271729,1.4807360172271729,37678400
1996-12-04,1.4854216575622559,1.5416521195771202,1.452620268717332,1.4854216575622559,71742400
1996-12-05,1.4901072152754393,1.560395577470591,1.4479346555630108,1.4666781425476074,41308800
1996-12-06,1.424505575203601,1.5322809540674274,1.424505575203601,1.5182230472564697,45072000
1996-12-09,1.5463375452882755,1.5557092879869923,1.4924498817692087,1.5088505744934082,19052800
1996-12-10,1.5088512580606002,1.532280911424809,1.4760504297579544,1.4807360172271729,21022400
1996-12-11,1.4666781702239677,1.504165144900544,1.452620268717332,1.4854216575622559,20329600
1996-12-12,1.504165116516801,1.5229086035013977,1.461991984798544,1.4666781425476074,15465600
1996-12-13,1.4666786828134788,1.494793923646906,1.4432490294492697,1.4807360172271729,17728000
1996-12-16,1.5041649790087464,1.513536721644297,1.44324836587478,1.4573062658309937,11011200
1996-12-17,1.4526200204646964,1.4947931457713808,1.44793443543381,1.4760496616363525,11899200
1996-12-18,1.4901072571887057,1.5088507447005135,1.485421671313676,1.49479341506958,11708800
1996-12-19,1.5088515457200127,1.5369667919135532,1.4947942086263164,1.527595043182373,20688000
1996-12-20,1.5322799584765108,1.5322799584765108,1.4854212528962762,1.4994785785675049,13584000
1996-12-23,1.5041650533676145,1.5182223820129808,1.490107152716444,1.5041650533676147,8267200
1996-12-24,1.5088507855739586,1.5229086875915527,1.4994790415641823,1.5229086875915527,7004800
1996-12-26,1.5182230472564697,1.5275947944617565,1.5041657124515668,1.5182230472564697,7563200
1996-12-27,1.5135374596568538,1.5322809540674274,1.5088513000511827,1.5182230472564697,3379200
1996-12-30,1.5275947944617565,1.5369665416670433,1.5182230472564697,1.5182230472564697,9651200
1996-12-31,1.4901072571887057,1.5041651588254839,1.4666781838018685,1.49479341506958,10406400
1997-01-02,1.5088504728697814,1.5135366299064092,1.4713635045997246,1.4760496616363525,9158400
1997-01-03,1.485421671313676,1.5088507447005135,1.485421671313676,1.49479341506958,8451200
1997-01-06,1.4994792818273388,1.4994792818273388,1.4666784585403416,1.490107536315918,9488000
1997-01-07,1.476050711163956,1.5322812035510371,1.4713645507952917,1.527595043182373,16086400
1997-01-08,1.5275935916089292,1.5744522907380374,1.5275935916089292,1.5416514873504639,16952000
1997-01-09,1.5463380743823723,1.5978829628647726,1.5369663284770245,1.5791394710540771,21212800
1997-01-10,1.5744528984755612,1.6822282340765033,1.5697673127568206,1.6681703329086304,51009600
1997-01-13,1.6728565135475792,1.6775420993305021,1.6353695392608643,1.6353695392608643,13628800
1997-01-14,1.6400548049401913,1.729086637496948,1.6400548049401913,1.7290866374969482,29827200
1997-01-15,1.724401247179186,1.7572026438622128,1.6962860094534384,1.7337729930877686,24625600
1997-01-16,1.7337729112066405,1.8790352519323335,1.7337729112066405,1.8556056022644043,45131200
1997-01-17,1.8556055779359777,1.8743490686221997,1.8087468512204228,1.8368620872497559,43844800
1997-01-20,1.8462334332011994,1.9774378396215893,1.8462334332011994,1.9680660963058472,54544000
1997-01-21,1.9586940263336452,2.1320715347631687,1.935264957954525,2.127385377883911,52169600
1997-01-22,2.1320716714471,2.216417352629509,2.12738551426742,2.211731195449829,64054400
1997-01-23,2.207045963686701,2.253904682958119,2.136757598776649,2.160187244415283,59804800
1997-01-24,2.1414429277403895,2.17892988864608,2.0898980704922505,2.0945842266082764,41155200
1997-01-27,2.085212877085419,2.0898984620737475,1.9961810422498127,2.0149245262145996,28304000
1997-01-28,2.0430405139923096,2.1039571455959725,2.03835492725677,2.0430405139923096,18979200
1997-01-29,2.051240144834381,2.0524114695667195,1.9961810183457134,2.028982400894165,14476800
1997-01-30,2.0289825457703574,2.099270328812535,2.0149246459584598,2.0898985862731934,22635200
1997-01-31,2.122700709537412,2.155501533831869,2.0852137263403363,2.099271059036255,16606400
1997-02-03,2.099271059036255,2.113328963738143,2.0664702347417983,2.099271059036255,12220800
1997-02-04,2.099269810718673,2.1180132911715184,2.075840746155431,2.0945842266082764,11995200
1997-02-05,2.085214131229662,2.08989971903612,2.0196118978966897,2.0336692333221436,19740800
1997-02-06,2.0336680867455224,2.0805267984216864,2.0289825015807845,2.0617833137512207,21740800
1997-02-07,2.0898984865895636,2.1883020645618987,2.0805267444972335,2.1742441654205322,43507200
1997-02-10,2.192987593716306,2.192987593716306,2.118013658888398,2.169558525085449,23324800
1997-02-11,2.1742441654205322,2.1742441654205322,2.1320716120079193,2.1742441654205322,19740800
1997-02-12,2.174244850174422,2.366365909576416,2.174244850174422,2.366365909576416,51985600
1997-02-13,2.3804233975476548,2.3897951432072913,2.2867059409512906,2.3007638454437256,37344000
1997-02-14,2.3148213505026862,2.3148213505026862,2.211732140561271,2.2445335388183594,26534400
1997-02-18,2.253904794532765,2.258590380688931,2.1883025843052852,2.202359914779663,33000000
1997-02-19,2.2023590182633432,2.2164169150210387,2.1742437967535984,2.1812727451324463,24257600
1997-02-20,2.1086432409113023,2.1461302318608366,2.06647066209612,2.1039576530456543,46198400
1997-02-21,2.1180144778085412,2.141444127504088,2.0430405139923096,2.0430405139923096,34073600
1997-02-24,2.028981959409698,2.080526242477278,2.019610219578719,2.0477254390716553,23523200
1997-02-25,2.0805282755795447,2.1695601769790485,2.0524130286122535,2.1508166790008545,47080000
1997-02-26,2.1789314321163866,2.1836170195458715,2.0758422166013455,2.141444444656372,34897600
1997-02-27,2.141444412304662,2.174245239833622,2.1086430127696763,2.1133291721343994,25608000
1997-02-28,2.1039570590638554,2.1133288041554406,2.0617839201487587,2.0875563621520996,14212800
1997-03-03,2.0992701526255333,2.1508150182687538,2.0992701526255333,2.127385377883911,19128000
1997-03-04,2.146129902611431,2.207046539561917,2.1367581563118176,2.192988634109497,27152000
1997-03-05,2.216417740247126,2.3569939001357643,2.1976742522619745,2.3476221561431885,53811200
1997-03-06,2.333564569878563,2.3429363151391196,2.174244900449103,2.225789785385132,65582400
1997-03-07,2.235161305896342,2.2726482831691874,2.174244681825029,2.202359914779663,23433600
1997-03-10,2.2164183304098324,2.253905316361745,2.188303090945898,2.230475664138794,14097600
1997-03-11,2.235161066055298,2.249218395021272,2.2257893227427092,2.235161066055298,11518400
1997-03-12,2.2451179557516645,2.2585898349539315,2.1601868293924187,2.197673797607422,20787200
1997-03-13,2.188302086068761,2.239846382080287,2.1742441867892324,2.2164173126220703,22342400
1997-03-14,2.2211028977114142,2.2304746398958506,2.192987671158105,2.2164173126220703,11364800
1997-03-17,2.211731361620354,2.235161005267538,2.132071831632691,2.164872646331787,21299200
1997-03-18,2.174245239833622,2.174245239833622,2.085213931964137,2.1133291721343994,21801600
1997-03-19,2.1086433553455053,2.1133295154715546,2.024297621131685,2.0266404151916504,33318400
1997-03-20,2.03366903898231,2.118014759493097,1.9914964647299294,2.1133291721343994,36152000
1997-03-21,2.127385868315111,2.192988075708088,2.113328538448114,2.1367576122283936,25667200
1997-03-24,2.150815346213235,2.2070458053037014,2.061783499983759,2.1836161613464355,20723200
1997-03-25,2.1929886781868815,2.253905316361745,2.1929886781868815,2.230475664138794,25484800
1997-03-26,2.249218064911511,2.3241920004085617,2.2445324799458124,2.296076774597168,30076800
1997-03-27,2.2913922706099115,2.296077857786065,2.2023603942029606,2.2445335388183594,21033600
1997-03-31,2.2445336262622906,2.2585909603444088,2.1086430127696763,2.1133291721343994,28252800
1997-04-01,2.075841763351888,2.230475266857996,2.0524121153021055,2.2187607288360596,31588800
1997-04-02,2.207045605334454,2.2211029328305023,2.0992702825064664,2.120356559753418,24473600
1997-04-03,2.1227014320335633,2.2117327614269033,2.118015271535933,2.1508166790008545,31366400
1997-04-04,2.1367578956933935,2.2117318569457933,2.094585328491884,2.2070462703704834,29027200
1997-04-07,2.249218423351718,2.2726480679312107,2.2117314496291893,2.2539045810699463,16676800
1997-04-08,2.1648716551768206,2.235159981932085,2.127384700108824,2.1461281776428223,33113600
1997-04-09,2.1601872580145267,2.197674233667656,2.127385868315111,2.1367576122283936,19585600
1997-04-10,2.132071743971707,2.1461290719774033,2.0711551305982803,2.108642101287842,25217600
1997-04-11,2.071155915284702,2.099271153953725,2.005553691723648,2.0196115970611572,38212800
1997-04-14,2.0242970230382515,2.0898992413774544,2.000867945348654,2.0430405139923096,21889600
1997-04-15,2.0664689187336127,2.075840658564591,2.028981959409698,2.0477254390716553,18622400
1997-04-16,2.047726291558382,2.047726291558382,1.8556052590388152,1.8977783918380737,58356800
1997-04-17,1.9212078865297046,1.9868101070453532,1.911836140741755,1.9446375370025635,39065600
1997-04-18,1.9727513407418635,1.9727513407418635,1.8087456226348875,1.8087456226348877,55206400
1997-04-21,1.818118160897559,1.8790347770336266,1.6353694565009642,1.7056572437286377,79248000
1997-04-22,1.668170032211793,1.668170032211793,1.546337389409808,1.588510513305664,66555200
1997-04-23,1.5931965119345894,1.6869139538130948,1.583824767746739,1.6775422096252441,48352000
1997-04-24,1.724401213401972,1.7337729591269826,1.6072546778423202,1.6119402647018433,33089600
1997-04-25,1.785316769771857,1.785316769771857,1.6775414729378448,1.6915993690490723,48457600
1997-04-28,1.70565754891492,1.7384589416277756,1.6775423145921464,1.6845712661743164,22569600
1997-04-29,1.7150288517303889,1.7244005940895715,1.6775418822936592,1.696285367012024,19382400
1997-04-30,1.7103431225741055,1.771259156777897,1.7056569657861231,1.7525156736373901,31956800
1997-05-01,1.7712598698479787,1.8368620872497559,1.7618881245048676,1.8368620872497559,33721600
1997-05-02,1.8368621113324408,1.8649773477303864,1.7900033840025316,1.8556056022644043,37902400
1997-05-05,1.8696627452660066,2.0008671283721924,1.8602910036155647,2.0008671283721924,39363200
1997-05-06,1.972752225242315,1.9961812971876218,1.9165217661666074,1.9493225812911987,24468800
1997-05-07,1.9352657378152642,2.014925288811825,1.9212078335182519,1.9586948156356812,22147200
1997-05-08,1.9586951525314993,2.0055538882379946,1.9258943235399784,1.9399516582489014,17244800
1997-05-09,1.9493224968721345,1.972752139808586,1.8884064548477726,1.9258934259414673,14755200
1997-05-12,1.9212073854880758,1.93057912883192,1.8743486687688544,1.893092155456543,25344000
1997-05-13,1.888406702174807,1.9118357761740097,1.874348800170598,1.9024640321731567,17512000
1997-05-14,1.916521139418519,1.9258928795330212,1.8602906987315055,1.8884059190750122,13598400
1997-05-15,1.883720343111514,1.9071499866158002,1.8415477856119167,1.8790347576141357,13275200
1997-05-16,1.8696629854538784,1.8977782140170512,1.8509194997450966,1.8602912425994873,12160000
1997-05-19,1.869663173951461,1.925893636746906,1.8509196863529795,1.890749454498291,12809600
1997-05-20,1.89309214977991,1.9774378396215893,1.8649769198326835,1.9680660963058472,19417600
1997-05-21,1.9868104356160095,2.024297424967255,1.9680669409403868,1.9774386882781982,22801600
1997-05-22,2.0008669234928527,2.005552507835434,1.9493220636905153,1.9797800779342651,18032000
1997-05-23,1.9868094465467665,2.1180138439602323,1.9821238612134604,2.108642101287842,37350400
1997-05-27,2.103957217938874,2.122700709537412,2.071155821638448,2.099271059036255,14172800
1997-05-28,2.099270283092152,2.1086420254273848,2.0477259862512502,2.0617833137512207,14292800
1997-05-29,2.0617831630972066,2.0617831630972066,1.9868092298936717,2.0008671283721924,22345600
1997-05-30,1.7853165611942068,1.9024630124087158,1.7712586667253563,1.8087456226348877,102067200
1997-06-02,1.799375366743659,1.8228050195011458,1.7712601266382892,1.7782890796661377,36332800
1997-06-03,1.7712591687920423,1.7759453256118098,1.691599650907427,1.7454867362976074,33859200
1997-06-04,1.7665738773100927,1.7900029492820841,1.7337724901423328,1.7478303909301758,23008000
1997-06-05,1.771258620444237,1.808745575374274,1.7572012983482423,1.797031044960022,14592000
1997-06-06,1.752515287717211,1.7993739852497566,1.7244000691976835,1.75017249584198,35587200
1997-06-09,1.761888176099578,1.8274903954224346,1.7478308436762306,1.8228048086166382,18425600
1997-06-10,1.836861665231877,1.8509195660197197,1.7478303909301756,1.7478303909301758,30494400
1997-06-11,1.7478304332022925,1.7900029925741647,1.724400788657834,1.7759456634521484,14185600
1997-06-12,1.7759451979969192,1.804060420878092,1.7337720776723229,1.7689162492752075,14505600
1997-06-13,1.7712595739740493,1.8228044507539949,1.7665739880881521,1.8064037561416626,14926400
1997-06-16,1.8181177917279696,1.8181177917279696,1.7712590857555992,1.7806308269500732,12033600
1997-06-17,1.7806314215539074,1.8274901431737471,1.775945835394863,1.8134328126907349,18944000
1997-06-18,1.811089115639561,1.855605036020279,1.7993745803833008,1.7993745803833008,13700800
1997-06-19,1.7993744206307503,1.8462331295013428,1.7946888357465527,1.8462331295013428,17558400
1997-06-20,1.8462319805394465,1.872004397380806,1.8228029266875687,1.8649754524230957,21867200
1997-06-23,1.8649774325199617,1.8743491784120219,1.8274904489517212,1.8274904489517212,16472000
1997-06-24,1.8602922581633903,1.874349594116211,1.8368626022338868,1.874349594116211,8475200
1997-06-25,1.8790355816824589,1.954009558567424,1.8462341807922622,1.8696638345718384,29425600
1997-06-26,1.8766914027805284,1.9024638391697462,1.8321760522969173,1.8392044305801392,14796800
1997-06-27,1.8462335681680389,1.907150190176513,1.827490080166333,1.9024640321731567,18193600
1997-06-30,1.916521773350522,1.9446370029937634,1.9071500301361082,1.9071500301361084,21110400
1997-07-01,1.9118358936321425,1.9868098502451677,1.8977785627701476,1.9352655410766602,19083200
1997-07-02,1.9540095246271618,2.0383552471577002,1.9446377776793242,2.0313262939453125,23163200
1997-07-03,2.033667985826384,2.057097626504668,2.0008671752836618,2.028982400894165,13625600
1997-07-07,2.04069772062454,2.0617840049463676,2.028983181779741,2.0430405139923096,17265600
1997-07-08,2.0524117861475264,2.057097943808306,1.9446370240194004,1.9680660963058472,18904000
1997-07-09,1.9961814336089823,2.0242966650682637,1.9891524827426998,1.9914958477020264,13179200
1997-07-10,2.005552760215881,2.0360107782924937,1.9868092764755456,2.028982400894165,17782400
1997-07-11,2.0336673629882673,2.071154318988051,2.0289817794910716,2.052410840988159,18129600
1997-07-14,2.0617839683333212,2.127386185507563,2.0524122230227153,2.1250433921813965,21622400
1997-07-15,2.122699655746053,2.132071396892822,2.0477257265718998,2.075840950012207,16964800
1997-07-16,2.0758404917784596,2.0992695534706654,1.9493217282227608,2.0125811100006104,36796800
1997-07-17,1.9914957128995978,1.9914957128995978,1.9446369969726167,1.9657232761383057,27273600
1997-07-18,1.95400882207387,1.991495796386982,1.9305791771252585,1.989152431488037,17796800
1997-07-21,2.005553204740055,2.0242966926348216,1.9586944850031376,2.010239362716675,17955200
1997-07-22,2.0289829868429416,2.0430403177049365,1.883720659902258,1.9352655410766602,50656000
1997-07-23,1.77125953355443,1.8274899949371106,1.7618877899906502,1.7946891784667969,100868800
1997-07-24,1.7993750628211935,1.7993750628211935,1.6869141213948688,1.7314300537109375,61756800
1997-07-25,1.743144738996351,1.7806317226306811,1.7103439143193002,1.7337729930877686,26771200
1997-07-28,1.7384591038569575,1.8134330690474256,1.7384591038569575,1.7900034189224243,18680000
1997-07-29,1.79000360286364,1.8040615087844265,1.7197157892777628,1.7431448698043823,21528000
1997-07-30,1.7525171135261413,1.7618888627963347,1.7150301164453683,1.7361164093017578,26433600
1997-07-31,1.7384591520450479,1.743144738996351,1.7080005488376726,1.7337729930877686,19920000
1997-08-01,1.738458689785674,1.7900029925741647,1.724400788657834,1.7759456634521484,18065600
1997-08-04,1.7806312771182102,1.813432665594357,1.75251604642687,1.7946891784667969,20814400
1997-08-05,1.8040609220305768,1.8040609220305768,1.7759456913392366,1.7946891784667969,24188800
1997-08-06,1.7946891784667967,1.8181182513733305,1.7806312771182102,1.7946891784667969,16579200
1997-08-07,1.8040605382766397,1.8040605382766397,1.7525156736373901,1.7525156736373901,15753600
1997-08-08,1.7478301209819789,1.7665736044670097,1.7244004806228297,1.7290866374969482,15332800
1997-08-11,1.7431446486300803,1.757202552767167,1.6962859215163686,1.700972080230713,16283200
1997-08-12,1.7103439028151115,1.7501736796571885,1.7056577438893525,1.7244012355804443,10843200
1997-08-13,1.7525164849049337,1.7665743897707953,1.7150295012706036,1.7337729930877686,11683200
1997-08-14,1.7384588071863971,1.7431443932082191,1.705657417010193,1.7267436981201172,8312000
1997-08-15,1.7244018236730587,1.7267446179319423,1.686914827506253,1.6892576217651367,12275200
1997-08-18,1.700972322852035,1.7056579102287703,1.6213121893932818,1.642398476600647,26033600
1997-08-19,1.6705124240338596,1.7712587667302293,1.6705124240338596,1.75017249584198,29705600
1997-08-20,1.75251601890769,1.780631249157546,1.738458689785674,1.7759456634521484,10849600
1997-08-21,1.778287892502495,1.7829734767223382,1.7431437228311026,1.7548582553863525,7676800
1997-08-22,1.724401247179186,1.7525164849049337,1.712686707794952,1.7337729930877686,8427200
1997-08-25,1.738459282501466,1.757202775725169,1.7290875358896145,1.7431448698043823,9217600
1997-08-26,1.7337726491587127,1.7431443932082191,1.719715319087384,1.7267436981201172,5764800
1997-08-27,1.729086637496948,1.7337722223653451,1.7056569971377988,1.7290866374969482,10694400
1997-08-28,1.7243999053871697,1.7290860606980525,1.6962846895384658,1.715028166770935,13148800
1997-08-29,1.7197156602278827,1.7525164849049337,1.7197156602278827,1.7337729930877686,17182400
1997-09-02,1.7431441247463226,1.7993745803833008,1.7384585394461283,1.7993745803833008,13928000
1997-09-03,1.7946891292022726,1.8649769179982947,1.780631228239578,1.8251471519470215,31659200
1997-09-04,1.8181187459782198,1.8274904920915096,1.7946896666979895,1.8040614128112793,6673600
1997-09-05,1.818118386203474,1.8743488517561586,1.813432800077021,1.8720060586929321,17300800
1997-09-08,1.8884063919934315,1.9657231242992956,1.8884063919934315,1.9305789470672607,35502400
1997-09-09,1.9352655708977966,1.9352655708977966,1.8837206889291227,1.9048069715499878,11281600
1997-09-10,1.9165217087139692,1.9446369374089971,1.897778222917284,1.9118355512619019,16352000
1997-09-11,1.9165220897896669,1.9914960478840125,1.9071503450278735,1.9633808135986328,24284800
1997-09-12,1.968066174448624,1.98212407598332,1.9118357123215206,1.956351637840271,13200000
1997-09-15,1.9680662401791278,1.9774379841799807,1.9024640321731567,1.9024640321731567,14468800
1997-09-16,1.9258943235399784,1.9446378178225763,1.9258943235399784,1.9399516582489014,18766400
1997-09-17,1.9493231389869303,1.9493231389869303,1.90246440968436,1.9376085996627808,11502400
1997-09-18,1.9399509706904194,2.0008675915217866,1.9352653847834633,1.9914958477020264,21300800
1997-09-19,1.991495681628869,2.059440675654658,1.982123938590629,2.0383543968200684,38923200
1997-09-22,2.040696577304939,2.099269810718673,2.0383537852497406,2.0945842266082764,25875200
1997-09-23,2.092242106685311,2.103957217938874,2.075841980541067,2.099271059036255,17630400
1997-09-24,2.089898615943061,2.127385586632623,2.0570978025925837,2.108642101287842,24828800
1997-09-25,2.1109848334736148,2.1226999404827924,2.0524115864507753,2.071155071258545,17084800
1997-09-26,2.0711564353785645,2.1180151782604324,2.061784686802191,2.101614475250244,16816000
1997-09-29,2.1461288810941834,2.3218491835738506,2.1461288810941834,2.3101346492767334,79174400
1997-09-30,2.3101351434234005,2.4372394193007443,2.291391655736419,2.3874518871307373,84574400
1997-10-01,2.366364929941923,2.375736671106038,2.2773331028799855,2.3241918087005615,38025600
1997-10-02,2.333564657183731,2.333564657183731,2.2632768511028627,2.2913920879364014,16030400
1997-10-03,2.3335634774939957,2.4272808862286945,2.324191736620526,2.4179091453552246,30764800
1997-10-06,2.417910259070916,2.431968162859178,2.375737691717994,2.3944811820983887,26235200
1997-10-07,2.3991665430298394,2.4553970088821013,2.375737468261003,2.403852701187134,26196800
1997-10-08,2.4038527809902304,2.4413397594695643,2.37573754713073,2.4272818565368652,12011200
1997-10-09,2.4179091762136444,2.497569260657629,2.413223591719944,2.4624252319335938,21539200
1997-10-10,2.4647685086285627,2.544428613351408,2.4507111795632497,2.5303707122802734,24230400
1997-10-13,2.5397419252590376,2.5631715648159386,2.5069411162862183,2.5280275344848633,9697600
1997-10-14,2.525685565113358,2.5678581316372875,2.4600833500715296,2.502255916595459,23913600
1997-10-15,2.4975705264435377,2.5444292551572443,2.483512621826443,2.5069422721862793,11347200
1997-10-16,2.5256860095530964,2.5397433435327392,2.42259679634697,2.4296250343322754,23556800
1997-10-17,2.4085379431887373,2.4225958436460444,2.296077027553465,2.3054487705230713,40542400
1997-10-20,2.3241928071689424,2.399166768690521,2.258590590837561,2.3944811820983887,17443200
1997-10-21,2.4085377023400327,2.4366529284373875,2.375736891229322,2.3968231678009033,13579200
1997-10-22,2.3804232536272876,2.417910233999371,2.3569941768976985,2.3757376670837402,14211200
1997-10-23,2.305449432270563,2.3710516518880183,2.2867059409512906,2.3007638454437256,18308800
1997-10-24,2.3288790267240844,2.3335646134388597,2.136757959293414,2.2211036682128906,41254400
1997-10-27,2.202359448779713,2.2211029334501786,2.043039829080755,2.0617833137512207,30124800
1997-10-28,2.0102396443923327,2.230475372012442,1.9493230141957474,2.225789785385132,57156800
1997-10-29,2.244532622224484,2.249218207487197,2.0898985844568543,2.1484718322753906,29576000
1997-10-30,2.071156223798128,2.1320728693246425,2.0242974857031477,2.0336692333221436,26164800
1997-10-31,2.0992712660462556,2.1367582529399387,2.0758421852407163,2.1133291721343994,11475200
1997-11-03,2.1836159289736687,2.2304746398958506,2.164872444604796,2.2164173126220703,11739200
1997-11-04,2.2117311850012062,2.356993476798655,2.192987700382552,2.3523073196411133,23864000
1997-11-05,2.3569933400696357,2.525684691851751,2.352307183183938,2.4413390159606934,74908800
1997-11-06,2.4483683367034983,2.455397432149663,2.314821243286133,2.314821243286133,17020800
1997-11-07,2.2726480125387027,2.3569937013585878,2.2445327829320743,2.342935800552368,19792000
1997-11-10,2.4179089499381634,2.4272806900542028,2.352306769125888,2.3640213012695312,16137600
1997-11-11,2.399165416119294,2.4155662469588517,2.328877652821729,2.3359060287475586,13952000
1997-11-12,2.366364929941923,2.4272809615058284,2.263275777136656,2.3241918087005615,51224000
1997-11-13,2.371051169358767,2.4553968631304226,2.324192450596736,2.4366533756256104,44881600
1997-11-14,2.4741406459432707,2.652203798492218,2.4741406459432707,2.6170594692230225,92296000
1997-11-17,2.6709474950948167,2.696720081489061,2.5866017847234013,2.588944435119629,35617600
1997-11-18,2.586600974365905,2.6522031729911273,2.549114003722921,2.558485746383667,30390400
1997-11-19,2.549114690432943,2.595973416360019,2.530371200062113,2.574887275695801,16102400
1997-11-20,2.5866015964830424,2.6686046504904444,2.577229851568249,2.6615755558013916,30246400
1997-11-21,2.680319415319428,2.680319415319428,2.593631048903877,2.6100316047668457,20224000
1997-11-24,2.5866021255948652,2.605345619258596,2.5116281509399414,2.5116281509399414,20299200
1997-11-25,2.5256844236369815,2.595972193412466,2.4741395633967187,2.56317138671875,31136000
1997-11-26,2.581916642665884,2.5912883898770014,2.5303717470017104,2.5608296394348145,5392000
1997-11-28,2.553800850413468,2.572544340794462,2.5374002963300977,2.539742946624756,2396800
1997-12-01,2.5772293367626764,2.659232374389844,2.567857593719903,2.6568894386291504,18614400
1997-12-02,2.624087929725647,2.6756328000624308,2.5327131533126703,2.5491139888763428,36280000
1997-12-03,2.5116266749613976,2.52568457295097,2.3616788137696725,2.4577388763427734,67547200
1997-12-04,2.4835113314695136,2.511626554089923,2.4085374044817547,2.4179091453552246,24408000
1997-12-05,2.375738107880909,2.5303716446036724,2.3710519484619597,2.5116281509399414,23337600
1997-12-08,2.5303703487950924,2.6264304186261103,2.525684763781675,2.570199966430664,22460800
1997-12-09,2.558485502028745,2.5866007273257643,2.440166976234261,2.4413390159606934,26179200
1997-12-10,2.436653232574463,2.436653232574463,2.282019755740912,2.342935800552368,69076800
1997-12-11,2.31482107935745,2.324192824618007,2.1601875685612364,2.225789785385132,62568000
1997-12-12,2.258589988513576,2.2632761458619295,1.8884064382248216,1.9001209735870361,180356800
1997-12-15,1.9868095614557195,1.9938385118679827,1.879034800492867,1.9071500301361084,73518400
1997-12-16,1.9446370240194004,2.0945849170712747,1.9352652807036583,1.9680660963058472,55036800
1997-12-17,2.0242966502276167,2.0430401377297245,1.9212074689660252,1.9329220056533813,33820800
1997-12-18,1.9586933378496882,1.9680650763082992,1.836860737887746,1.841546893119812,40369600
1997-12-19,1.8040607376892694,1.855605036020279,1.7384585394461283,1.7993745803833008,52814400
1997-12-22,1.8462336593640798,1.8790350509902434,1.7806314481176404,1.8157756328582764,36022400
1997-12-23,1.8415484952318326,1.8415484952318326,1.7431448698043823,1.7431448698043823,31073600
1997-12-24,1.7712594885268051,1.7712594885268051,1.7056572852480345,1.7173718214035034,17700800
1997-12-26,1.7267446600315646,1.743145364255948,1.7197162770835555,1.7361164093017578,11395200
1997-12-29,1.79937463648179,1.9118355512619019,1.785317308137172,1.9118355512619019,33779200
1997-12-30,1.9071503450278735,2.0149251237855426,1.8790351107424939,1.9633808135986328,34825600
1997-12-31,1.9797806383856478,2.0430400489580514,1.893092155456543,1.893092155456543,38304000
1998-01-02,1.921207246742736,1.9844666527466852,1.9165216614121061,1.9422935247421265,23992000
1998-01-05,1.9727525583604262,2.0149251237855426,1.9446373240750465,1.9633808135986328,24339200
1998-01-06,1.9633800938178632,2.014924385108488,1.9446366111656912,1.9469794034957886,18283200
1998-01-07,1.902463943447351,1.9071501012321574,1.7759456913392366,1.7946891784667969,77368000
1998-01-08,1.7923459589573976,1.8720060717140645,1.7618879329059716,1.8134328126907349,40539200
1998-01-09,1.8134328552247556,1.8228045997685376,1.719715409786936,1.7408016920089722,33051200
1998-01-12,1.7197152553589938,1.7946892049766974,1.696285610100541,1.7642306089401245,35160000
1998-01-13,1.8040608725087968,1.8509195890414172,1.7993747148526262,1.8251471519470215,27872000
1998-01-14,1.8556051746917708,1.8743486613048188,1.8181182014656743,1.8251471519470215,24870400
1998-01-15,1.7853178695794787,1.7853178695794787,1.7244012355804443,1.7244012355804443,37475200
1998-01-16,1.7337729814259901,1.7712599648081737,1.6869142521982607,1.7244012355804443,48825600
1998-01-20,1.8134322071335767,1.8321756895225247,1.7689162934584028,1.7806308269500732,43787200
1998-01-21,1.935264982192488,2.0477258846345,1.9071497565819853,2.028982400894165,117758400
1998-01-22,2.0196111205744804,2.0711554266371817,1.9540089124909499,1.9868097305297852,73201600
1998-01-23,2.0149246625810724,2.052411633047697,2.0008673346589756,2.0406970977783203,30686400
1998-01-26,2.033668835985102,2.038354994882061,1.9329224257631499,1.9446375370025635,29942400
1998-01-27,1.9540087673351427,2.0149248128845576,1.9446370240194004,1.9680660963058472,35248000
1998-01-28,2.00086754112041,2.0617835884114686,1.9774378961582721,2.021953821182251,25020800
1998-01-29,2.0336681582562317,2.09458477158016,1.9961811875971307,2.0172674655914307,31752000
1998-01-30,2.0289832490941113,2.043040581773052,1.9399513781056044,1.9446375370025635,37011200
1998-02-02,2.000867346558241,2.115671051293579,1.991495603885851,2.108642101287842,59187200
1998-02-03,2.122700709537412,2.136758042233331,2.099271059036255,2.099271059036255,40894400
1998-02-04,2.0758419362334384,2.174244979022423,2.066470190634204,2.1391007900238037,36555200
1998-02-05,2.1648725573221843,2.1906449926727025,2.094584773282145,2.108642101287842,28372800
1998-02-06,1.7337729450295734,1.860291797291468,1.729087358208149,1.7900034189224243,242896000
1998-02-09,1.7572015142497321,1.808745797608838,1.7572015142497321,1.7876595258712769,55147200
1998-02-10,1.782973861942395,1.7900028117964402,1.7337723569756096,1.738458514213562,49556800
1998-02-11,1.740801288161449,1.813432434527573,1.7337723383827814,1.7712593078613281,56574400
1998-02-12,1.7595447483820825,1.7993745098965848,1.7454868490206397,1.7853171825408936,26593600
1998-02-13,1.7712591687920423,1.7782881180188361,1.7431439438905811,1.7454867362976074,21105600
1998-02-17,1.790002639918404,1.790002639918404,1.747830088855119,1.7525156736373901,16721600
1998-02-18,1.7665745392904064,1.790003620041869,1.7525166332347095,1.7782890796661377,18508800
1998-02-19,1.7946889497882998,1.7993745349702381,1.7618875654916915,1.7712593078613281,13468800
1998-02-20,1.78531736369001,1.78531736369001,1.738458647740217,1.7478303909301758,22300800
1998-02-23,1.7806311269505075,1.9258934259414673,1.7665737987932641,1.9258934259414673,79697600
1998-02-24,1.9001217864375233,1.9399515669112481,1.8766921336843754,1.8813782930374146,41009600
1998-02-25,1.91417840854256,1.916521773350522,1.8884065437072808,1.9071500301361084,23185600
1998-02-26,1.9071501393423667,1.9493227002191866,1.9024639814639177,1.9329220056533813,19755200
1998-02-27,1.9305790370585871,1.9868094944486432,1.8884064800189413,1.9118355512619019,23444800
1998-03-02,1.9212074784370012,1.9305792222342548,1.8274900404644645,1.8579480648040771,20929600
1998-03-03,1.8579475697337369,1.8696626753630718,1.8274895535099938,1.8474043607711792,15209600
1998-03-04,1.8415478097492743,1.8649768815548495,1.836861652184676,1.8485761880874634,11734400
1998-03-05,1.8017173024549078,1.8368614788527635,1.7853171825408936,1.7853171825408936,20108800
1998-03-06,1.7876608702223036,1.8462341455438869,1.7618884231586331,1.81694757938385,19249600
1998-03-09,1.8228041514970723,1.855604963330853,1.7853171825408936,1.7853171825408936,14668800
1998-03-10,1.8274899949371106,1.8274899949371106,1.7759456913392366,1.7946891784667969,16099200
1998-03-11,1.808746822550818,1.869663452318449,1.8040612359565023,1.8509199619293213,22347200
1998-03-12,1.8602917366105038,1.8649773232790887,1.82280475523806,1.8368620872497559,13132800
1998-03-13,1.8509196014536955,1.8509196014536955,1.7993747269192442,1.8017175197601318,16169600
1998-03-16,1.8321763277053833,1.848576451503931,1.7993749360965137,1.8321763277053833,12332800
1998-03-17,1.8321759655077585,1.8368615508079529,1.7806310951709747,1.7993745803833008,13542400
1998-03-18,1.7853175425061238,1.8251473120513162,1.7806313844388775,1.8204611539840698,11408000
1998-03-19,1.8228045190206266,1.8274901050820058,1.7993748726961287,1.8204611539840698,9052800
1998-03-20,1.8274904015176583,1.8368621471664668,1.7853178321010001,1.7900034189224243,13064000
1998-03-23,1.8181180655956268,1.820460858245724,1.782973887821072,1.7993745803833008,12537600
1998-03-24,1.7806310254184952,1.7900027676575399,1.764230333498729,1.7853171825408936,21945600
1998-03-25,1.7993749102018433,1.836861887497715,1.7946893240427988,1.8134328126907349,21931200
1998-03-26,1.8064035763724375,1.8696629835775382,1.8040607836626383,1.8438905477523804,29443200
1998-03-27,1.8509197771121442,1.8977784984060482,1.8462336189798163,1.8720060586929321,25132800
1998-03-30,1.8743487594507329,1.8837205032479865,1.8228044545687612,1.8579480648040771,18193600
1998-03-31,1.92589393532259,2.0078962772745697,1.9165221900704261,2.0055534839630127,70302400
1998-04-01,1.9821243156676451,2.0289830397731934,1.9586946676119161,2.0078961849212646,39075200
1998-04-02,1.9868099934586854,2.014925229215176,1.972752661583408,2.0055534839630127,21516800
1998-04-03,2.0617833586551684,2.1180138138912183,2.0524116161158266,2.0898985862731934,47384000
1998-04-06,2.103957050540114,2.113328795593732,2.036011469896944,2.0453832149505615,23939200
1998-04-07,2.0149244548449974,2.0430396797963226,1.9540084201199832,2.0008671283721924,21644800
1998-04-08,2.0102388498557784,2.014924434631135,1.970408519236694,1.9750946760177612,10835200
1998-04-09,1.9680661525745837,2.0242966140767145,1.958694408990895,2.021953821182251,13337600
1998-04-13,2.019611387844226,2.02429697446734,1.972752661583408,2.0055534839630127,14697600
1998-04-14,2.0055521459884296,2.0594397882395072,1.9961804069884836,2.052410840988159,28492800
1998-04-15,2.0547538149406854,2.080526242477278,2.0477254390716553,2.0477254390716553,19214400
1998-04-16,2.0430393693601374,2.1367567716243636,2.033667629133715,2.0945842266082764,25625600
1998-04-17,2.09458531397227,2.0992709005150996,2.068812871968929,2.0875563621520996,17156800
1998-04-20,2.073498472885199,2.2375042991277883,2.0711556795975437,2.2070462703704834,53422400
1998-04-21,2.2281319327934757,2.270304488237758,2.216417397615149,2.2398464679718018,36958400
1998-04-22,2.1742443893895005,2.2257892622098248,2.108642187985507,2.164872646331787,72723200
1998-04-23,2.146130873011195,2.150817034282908,2.1133300321342405,2.1156728267669678,27304000
1998-04-24,2.110985488212518,2.1414440894764417,2.103957108234018,2.1250433921813965,12235200
1998-04-27,2.0805268760095648,2.094584776039546,2.010239091876996,2.0500688552856445,26400000
1998-04-28,2.066470328176196,2.085213820622211,1.9868101992776326,2.0196115970611572,23505600
1998-04-29,2.0242975112748502,2.1180149886486856,2.0149257635374664,2.1039576530456543,23768000
1998-04-30,2.1180138439602323,2.132071743971707,2.094584773282145,2.108642101287842,14924800
1998-05-01,2.103956671083465,2.1227001578102405,2.0758414409933015,2.0852131843566895,9915200
1998-05-04,2.0852139634663494,2.1461300320858565,2.0852139634663494,2.141444444656372,13992000
1998-05-05,2.132071743971707,2.1414434866440972,2.1039565159545357,2.108642101287842,10004800
1998-05-06,2.113328228624433,2.1250427637971674,2.066469515927724,2.0898985862731934,15372800
1998-05-07,2.085212691158976,2.1109845503083275,2.061783052289211,2.075840950012207,34908800
1998-05-08,2.085214157570887,2.1180149886486856,2.071156249961768,2.1039576530456543,5772800
1998-05-11,2.1180131661610213,2.1390994374245,2.0547537803649902,2.0547537803649902,8425600
1998-05-12,2.0570978053006352,2.071155133324837,2.0289825772464516,2.0500688552856445,7073600
1998-05-13,2.068813641236006,2.108643429684059,2.0477273499407,2.101614475250244,13880000
1998-05-14,2.094584432305745,2.1180134991698254,2.0734975857212508,2.075840950012207,12857600
1998-05-15,2.1086412225748252,2.1648716551768206,2.085212161660097,2.1461281776428223,27409600
1998-05-18,2.1461304239895536,2.155502172565927,2.0852143442461943,2.101614475250244,8753600
1998-05-19,2.0992703586154513,2.120356636626885,2.0992703586154513,2.108642101287842,4124800
1998-05-20,2.103956548873068,2.1227000345111096,2.068812370300293,2.068812370300293,6259200
1998-05-21,2.075841096937947,2.08989842365022,2.075841096937947,2.078183889389038,6764800
1998-05-22,2.0805273725081443,2.0898991174293524,2.0547549309733437,2.0770132541656494,6780800
1998-05-26,2.0992709364846487,2.1086426817368125,2.0055534839630127,2.0055534839630127,14219200
1998-05-27,2.000867199243878,2.028982425191058,1.97978035077919,2.0149245262145996,23267200
1998-05-28,2.0196110791613076,2.0242966650682637,1.9868096897892218,1.9914958477020264,7244800
1998-05-29,1.9914966423753528,2.000868389934752,1.9446379045783573,1.9540096521377563,9824000
1998-06-01,1.939950517875758,1.949322259508008,1.8673193772243915,1.8860628604888916,14417600
1998-06-02,1.883720322566874,1.9305790370585871,1.8790347371205987,1.9118355512619019,10470400
1998-06-03,1.9141781783126597,1.925893284925988,1.8837201595306396,1.8837201595306396,7507200
1998-06-04,1.8977787083702513,1.9212077856063845,1.8837208044238207,1.9212077856063843,6278400
1998-06-05,1.9258940454266638,1.9727527743664128,1.9071505538507643,1.9446375370025635,10364800
1998-06-08,1.9352660706812772,2.0102400478116698,1.9352660706812772,1.9399516582489014,11516800
1998-06-09,1.935265424467084,1.9868097305297852,1.9305792664581876,1.9868097305297852,6494400
1998-06-10,1.9586946165152832,1.9774381056685395,1.9305793827853988,1.9352655410766602,6075200
1998-06-11,1.8837194301808007,1.8930911686394116,1.8134316777439792,1.841546893119812,28052800
1998-06-12,1.8368620872497559,1.8462338325928667,1.7759460285225048,1.8368620872497559,18510400
1998-06-15,1.7946887967063863,1.8181178646291642,1.747830088855119,1.7525156736373901,24219200
1998-06-16,1.7665743349113325,1.8392049344428838,1.7642309695024763,1.8228048086166382,12230400
1998-06-17,1.846233325706213,1.9094927324057145,1.8321759975539815,1.8345187902450562,15980800
1998-06-18,1.8321758028430268,1.8556048712754611,1.801717213072849,1.8462331295013428,6176000
1998-06-19,1.8556048712754611,1.8649766130495797,1.8228040610689082,1.8462331295013428,7681600
1998-06-22,1.8462328025569412,1.9118349833584567,1.841547218502501,1.8884059190750122,8808000
1998-06-23,1.9001211885276152,1.9399509564681328,1.8884066518402591,1.9329220056533813,11196800
1998-06-24,1.954009137598491,2.0969281072436847,1.9446373925069058,2.0875563621520996,44129600
1998-06-25,2.1156719658137484,2.164873493110201,2.0781849789200653,2.1133291721343994,35635200
1998-06-26,2.0149245020860485,2.08989843704739,2.005552760215881,2.028982400894165,20230400
1998-06-29,2.033668234463093,2.0992704355748053,2.026639284199674,2.0969276428222656,15329600
1998-06-30,2.089898233813108,2.1273851976483207,2.07584090837774,2.1062989234924316,15051200
1998-07-01,2.1133294007830377,2.1273867363860695,2.071156249961768,2.1039576530456543,7776000
1998-07-02,2.103956598087747,2.103956598087747,2.0289826537818283,2.0383543968200684,12750400
1998-07-06,2.0477259862512502,2.0852129555921817,2.0453826216631237,2.0617833137512207,9779200
1998-07-07,2.0617843285242747,2.0711560754721123,2.005553846837249,2.0313262939453125,7920000
1998-07-08,2.0149250802544465,2.075841705892993,2.0149250802544465,2.0535833835601807,9499200
1998-07-09,2.0594407266877828,2.1408576033485587,2.0524117762334746,2.1344146728515625,18936000
1998-07-10,2.12035760620743,2.1320727189092468,2.080527824638164,2.1180148124694824,8278400
1998-07-13,2.1461291506546,2.183616122718436,2.0945848500697255,2.0969276428222656,17758400
1998-07-14,2.094585678687558,2.141444412304662,2.085213931964137,2.1133291721343994,9700800
1998-07-15,2.122700268998149,2.1789307321238502,2.1133285251438654,2.160187244415283,11440000
1998-07-16,2.1601872069442094,2.1695589506359285,2.136757561711991,2.167215585708618,7993600
1998-07-17,2.16955781056309,2.16955781056309,2.122699116728094,2.1461281776428223,11134400
1998-07-20,2.1367587437902125,2.1531594473252293,2.108643497161394,2.122701406478882,7624000
1998-07-21,2.1180140607679574,2.204702546359877,2.1133284749550176,2.157843828201294,21814400
1998-07-22,2.2468757695494364,2.525685296867073,2.2445329765482445,2.5163135528564453,181473600
1998-07-23,2.4835119935363648,2.5116272236518706,2.3499647934891663,2.371051073074341,53073600
1998-07-24,2.40385293184293,2.417910263651893,2.3335645567803156,2.361679792404175,20987200
1998-07-27,2.3241927082843055,2.3616796874501813,2.2867057291184296,2.3546507358551025,15926400
1998-07-28,2.356993367142601,2.361678952076396,2.2820194321560487,2.2867050170898438,13518400
1998-07-29,2.305449142172913,2.3335643756140456,2.2913918114552905,2.2984201908111572,8126400
1998-07-30,2.3241926701751536,2.3429361594507596,2.314820925537351,2.32653546333313,12563200
1998-07-31,2.3241931824425786,2.389795409366361,2.3218503887682354,2.3370790481567383,16291200
1998-08-03,2.3335643070435004,2.3382504651489335,2.23750407194378,2.28436279296875,12737600
1998-08-04,2.289047926865597,2.2984196692191983,2.1555007413282232,2.211731195449829,18344000
1998-08-05,2.2023596477099243,2.216417548485446,2.136757445437714,2.1836161613464355,13873600
1998-08-06,2.160187750750203,2.2398473061804047,2.1508160046992386,2.2234466075897217,13064000
1998-08-07,2.2445330502145535,2.3241925909164105,2.202359914779663,2.202359914779663,20220800
1998-08-10,2.2023602574136514,2.230475494742336,2.1836167658611947,2.2093892097473145,4147200
1998-08-11,2.1555022415427585,2.1695601508602462,2.0711565016563025,2.122701406478882,25340800
1998-08-12,2.1508151519388115,2.169558636609277,2.052411571415988,2.0617833137512207,21444800
1998-08-13,2.019611387844226,2.1086426817368125,2.0055534839630127,2.0055534839630127,28662400
1998-08-14,2.0430405139923096,2.0617840049463676,2.010239690825683,2.0430405139923096,11040000
1998-08-17,2.0336680101793867,2.080526720091354,2.0149245262145996,2.0149245262145996,13382400
1998-08-18,2.050069536591585,2.108642804835524,2.043040584240641,2.099271059036255,16048000
1998-08-19,2.1086422567622485,2.141443644537016,2.0852131843566895,2.0852131843566895,10320000
1998-08-20,2.0805277824401855,2.0945856885948224,2.0430407953691914,2.0805277824401855,9905600
1998-08-21,2.0641260286207315,2.066469393120632,1.9212071063906648,2.0149245262145996,22886400
1998-08-24,2.024296760559082,2.0336685048209295,1.9586945507261488,2.024296760559082,9830400
1998-08-25,2.033667938145881,2.054754213857946,1.9516650557030857,2.0008671283721924,14051200
1998-08-26,1.968065916913227,1.9774376593747187,1.9258933618393979,1.9305789470672607,9516800
1998-08-27,1.8977782536475982,1.9118355822198434,1.8017174583797502,1.8392044305801392,33761600
1998-08-28,1.8649770658518043,1.874348809901311,1.7009718309883708,1.7267436981201172,31979200
1998-08-31,1.7572031399140458,1.7900039738506486,1.6306842484293866,1.6470849514007568,31833600
1998-09-01,1.6564563110198403,1.8134332054459927,1.53696640200853,1.7829746007919312,31872000
1998-09-02,1.8181180197095115,1.8228041768972096,1.7361151309737508,1.7712593078613281,23657600
1998-09-03,1.7572024343876127,1.7618880207803513,1.6494270832837332,1.6517698764801025,35900800
1998-09-04,1.6822285213017778,1.7197155014755676,1.5346233938659999,1.5955394506454468,38899200
1998-09-08,1.7103438111207279,1.8696634819536149,1.6798852097511612,1.8368620872497559,35086400
1998-09-09,1.7900033840025316,1.9024643295943136,1.7876605906375234,1.8556056022644043,29355200
1998-09-10,1.7525160238983926,1.7665739250662655,1.5744528984755612,1.6681703329086304,71860800
1998-09-11,1.6634846857931944,1.7478303736698853,1.6517695779170787,1.7056572437286377,19172800
1998-09-14,1.724401247179186,1.7993752144478463,1.717372294746255,1.7337729930877686,15889600
1998-09-15,1.7431436184209526,1.808745797608838,1.733771878536969,1.7876595258712769,8011200
1998-09-16,1.8040604659391026,1.8415474307169988,1.743143862172177,1.7806308269500732,15736000
1998-09-17,1.7056580198572038,1.8274907355612897,1.661142076886887,1.7618885040283203,29329600
1998-09-18,1.7642305462826475,1.8040608846068402,1.7525160100723889,1.8017175197601318,12556800
1998-09-21,1.757201857279436,1.8673193934084782,1.7244004752794133,1.8532620668411255,13676800
1998-09-22,1.8884066615499426,1.9352653805461466,1.8556052722496763,1.890749454498291,19870400
1998-09-23,1.9118365409255622,1.9563524857378511,1.8837212976766569,1.923551082611084,21174400
1998-09-24,1.9355282457282321,1.9714602281802027,1.818151060201729,1.8468965291976929,16096000
1998-09-25,1.7726369260572918,1.9786463747427927,1.7582644866383725,1.9546915292739868,32470400
1998-09-28,1.9786465175769135,2.016973805231401,1.8660599638848572,1.8780370950698853,15286400
1998-09-29,1.901992344285842,1.9115741682247427,1.8205465483911258,1.8588738441467285,16905600
1998-09-30,1.8301274989348688,1.83970931830102,1.7918002214702642,1.8373140096664429,11825600
1998-10-01,1.7918011527038695,1.8373149645544535,1.7391014112148877,1.7798240184783936,17176000
1998-10-02,1.79180027199488,1.825336933135986,1.710355097499951,1.8253369331359863,17041600
1998-10-05,1.772637252593559,1.8085692350017954,1.6241192887092113,1.6816102266311646,41467200
1998-10-06,1.7319141062139678,1.7630548749172206,1.6840050063520868,1.693586826324463,20108800
1998-10-07,1.7055646930946475,1.7343101654501751,1.5953740081458572,1.6432831287384033,17353600
1998-10-08,1.5810004135776967,1.5881869253009397,1.4468549239408013,1.499555230140686,46729600
1998-10-09,1.5283001961943978,1.5809999004626187,1.4947635422555667,1.56902277469635,28046400
1998-10-12,1.6408869574926723,1.6959825830939765,1.602559667479249,1.612141489982605,16947200
1998-10-13,1.6097455311970537,1.6480728057493645,1.571418256644743,1.5905818939208984,14984000
1998-10-14,1.607350855708053,1.7822189685078662,1.561837053047216,1.7462869882583618,40408000
1998-10-15,1.7343093396582796,1.844500556967622,1.7103550831818988,1.834918737411499,27352000
1998-10-16,1.854082212046361,1.8732458494585829,1.7534728232182957,1.8205455541610718,24107200
1998-10-19,1.8253367559280282,1.8301273728671827,1.791800098042739,1.8205455541610718,10051200
1998-10-20,1.8540822866969668,1.9930183711156344,1.839709265645201,1.8924095630645752,36667200
1998-10-21,1.9043871797109821,1.990623573680974,1.8972006673398223,1.9834370613098145,22296000
1998-10-22,1.978646515038168,2.0265556245448066,1.9163643802655395,1.9618781805038452,19022400
1998-10-23,1.9642737054605088,2.1032104306997947,1.9618783959291577,2.0792555809020996,27371200
1998-10-26,2.0936278721292014,2.10800030909547,2.0265551350216184,2.088836669921875,14883200
1998-10-27,2.1080000271069967,2.1583044270014695,2.0409272989717744,2.0576956272125244,18417600
1998-10-28,1.9882278912255473,2.1511188270318,1.9115733331990754,2.1199774742126465,48809600
1998-10-29,2.108000054207022,2.14393201951977,2.0696727804941673,2.0984182357788086,17555200
1998-10-30,2.122374276607464,2.146328543834415,2.0936288050382528,2.131956100463867,17868800
1998-11-02,2.1607018502040893,2.2996380215946717,2.1559106452450045,2.2349605560302734,42923200
1998-11-03,2.258915691685947,2.29963830716832,2.175074565530036,2.208611249923706,34891200
1998-11-04,2.246937715274775,2.254123643677816,2.0720690124012515,2.1080009937286377,107624000
1998-11-05,2.146327287440381,2.2038181969253916,2.1415366707305172,2.1702821254730225,44193600
1998-11-06,2.1894465489442005,2.2110055015433008,2.175073523992811,2.182260036468506,19228800
1998-11-09,2.184654560430388,2.2014228885704594,2.1391407775478113,2.1702821254730225,14476800
1998-11-10,2.175074393503459,2.199029249722672,2.1439336067638783,2.179865598678589,19299200
1998-11-11,2.22298272009004,2.22777392353872,2.088837211119089,2.1008143424987793,24054400
1998-11-12,2.108000180824414,2.1319550207476925,2.0744641067252085,2.1151866912841797,12400000
1998-11-13,2.112792511761353,2.1271649555333227,2.093628863513305,2.103210687637329,7676800
1998-11-16,2.1080010497624975,2.1199781822473143,2.0696737579486335,2.0792555809020996,14800000
1998-11-17,2.0816513863219193,2.1607018831403724,2.0385334651738547,2.1103968620300293,14784000
1998-11-18,2.1223744530935704,2.2086108749721953,2.117583248352898,2.2014243602752686,25854400
1998-11-19,2.2110056956485957,2.2373558538207803,2.1175827797468716,2.127164602279663,27828800
1998-11-20,2.165492211525916,2.1846558594155256,2.117583091801891,2.1223742961883545,14158400
1998-11-23,2.1367454691928796,2.1822592520754562,2.1319548524830156,2.1702821254730225,13398400
1998-11-24,2.1654913551935464,2.1918415068287587,2.088836793947757,2.105605125427246,18131200
1998-11-25,2.1271646391261707,2.131955842889577,2.0720690124012515,2.1080009937286377,10084800
1998-11-27,2.1223734569067347,2.1223734569067347,2.086441485115799,2.105605125427246,3409600
1998-11-30,2.108001307285275,2.1463286037813707,2.069674010789179,2.103210687637329,12921600
1998-12-01,2.088836602069606,2.0984184213451544,2.0409275056918625,2.076859474182129,14590400
1998-12-02,2.064884346854241,2.0912339367698762,2.040929483042823,2.0696749687194824,13718400
1998-12-03,2.0720689217869106,2.0984190792632025,2.045719349138639,2.06488299369812,13505600
1998-12-04,2.0768611659172245,2.0864429929977786,2.050510995238622,2.06727933883667,12248000
1998-12-07,2.0744653629236502,2.1583058913554467,2.007392589281309,2.0433239936828613,27315200
1998-12-08,2.040927956009855,2.045719159118697,1.9259460993332438,1.9355279207229614,45696000
1998-12-09,1.964273929595947,1.983437577689566,1.9475055913069985,1.9642739295959473,20265600
1998-12-10,1.949900478287562,1.993018371802059,1.9043866913783951,1.9690641164779663,23188800
1998-12-11,1.9690654452046483,2.002601542254124,1.9307381429605504,2.000206232070923,16993600
1998-12-14,1.9858330077947002,1.9882289025726403,1.8780376269449517,1.8828288316726685,18513600
1998-12-15,1.9259455884260968,2.002600139209225,1.9067819507303148,1.9810411930084229,25577600
1998-12-16,1.9906239136230834,2.036137719975596,1.9666690632377333,1.9930192232131958,22380800
1998-12-17,1.98583215641852,2.0121823090535806,1.9546913859377641,2.0073916912078857,9611200
1998-12-18,2.0169745015661347,2.0169745015661347,1.9163650443249736,1.9235515594482422,16427200
1998-12-21,1.9403185878024478,1.9930182984731728,1.9259455672745565,1.973854660987854,19916800
1998-12-22,1.9690648686939178,1.9906238236870506,1.9355281966352238,1.9499012231826782,12780800
1998-12-23,1.9642736098644842,1.9930190773259158,1.9522964779625627,1.9786466360092163,10888000
1998-12-24,1.9642729545759823,1.978645975925823,1.9451093159947532,1.957086443901062,3291200
1998-12-28,1.9690649135462595,2.0026010015408064,1.9546918866714091,1.9882285594940186,12704000
1998-12-29,1.9882277033512938,1.993018320361334,1.966668172322681,1.9810411930084229,8430400
1998-12-30,1.988227780036733,1.988227780036733,1.9451093011442493,1.9666682481765747,10958400
1998-12-31,1.9642738533405708,1.9858328104019167,1.9403195865675433,1.9858328104019165,13241600
1999-01-04,2.0097868938283026,2.153514194015764,2.002600382611959,2.1247687339782715,38713600
1999-01-05,2.1463281949395854,2.201423819364906,2.0840466424111526,2.1894466876983643,27603200
1999-01-06,2.2445416483616576,2.28047362692568,2.203819051230699,2.278078317642212,59651200
1999-01-07,2.2229826609251617,2.2972419261932373,2.218192042431991,2.2972419261932373,32401600
1999-01-08,2.3020321338107546,2.3571277456164856,2.285264387249439,2.309218645095825,41897600
1999-01-11,2.3235913261917838,2.3858728553018262,2.309218305733896,2.376291036605835,32193600
1999-01-12,2.3882682969472917,2.4050366268072887,2.2900547960435937,2.3331732749938965,26548800
1999-01-13,2.261310413944005,2.3289823368600926,2.179865204160925,2.2565197944641113,29102400
1999-01-14,2.2876599968936677,2.4098283654933508,2.2804734846635775,2.3211960792541504,38238400
1999-01-15,2.350540919488413,2.4888786245815337,2.3283828093039785,2.4481558799743652,50884800
1999-01-19,2.4433644328798567,2.558346288544791,2.3954553263528005,2.54876446723938,53657600
1999-01-20,2.474504385825845,2.5918822496795393,2.33796376182187,2.376291036605835,100614400
1999-01-21,2.3738963746226154,2.393060017233438,2.2517280067716325,2.280473470687866,33467200
1999-01-22,2.2421459828392933,2.361919030746799,2.227773544594021,2.2613096237182617,26424000
1999-01-25,2.270891568302728,2.3188006731192417,2.2038188215596097,2.227773666381836,19984000
1999-01-26,2.3331732619340073,2.3331732619340073,2.2134002298116684,2.2996366024017334,21844800
1999-01-27,2.318800604815738,2.349941375822192,2.2661008834838867,2.2661008834838867,13889600
1999-01-28,2.3092195774003317,2.4816924089074104,2.2996377534277164,2.467319965362549,29947200
1999-01-29,2.472109703533142,2.558346088540112,2.452946062420482,2.522413969039917,37928000
1999-02-01,2.520019291832161,2.543974140252184,2.3667101333937026,2.42899227142334,24654400
1999-02-02,2.4433652533735324,2.479297387748986,2.357128832666231,2.40024733543396,18457600
1999-02-03,2.376292180240804,2.577510469696678,2.352337914386289,2.553556203842163,46507200
1999-02-04,2.5487645464919364,2.5511597094787852,2.4721099736651113,2.508042097091675,33529600
1999-02-05,2.4912732657452805,2.606255108779678,2.3858732429637493,2.5703229904174805,32184000
1999-02-08,2.5679278971901076,2.6805145806189286,2.548764256166301,2.673327922821045,47929600
1999-02-09,2.6685376757060317,2.6733282942135648,2.5775100757829708,2.603860378265381,44377600
1999-02-10,2.5966735737664357,2.6397920620547666,2.4721098967960904,2.54876446723938,30961600
1999-02-11,2.5631374469655284,2.6445826342288923,2.558346243982298,2.611046552658081,24846400
1999-02-12,2.606255370494754,2.620628394731313,2.5343920037958245,2.565532922744751,21841600
1999-02-16,2.6014647824839923,2.6541645073642472,2.567928115428225,2.582301139831543,16444800
1999-02-17,2.567928695948848,2.630210841063147,2.4912741080100766,2.493669271469116,20990400
1999-02-18,2.5296004280996396,2.5535552700220934,2.419409792774385,2.449352979660034,31611200
1999-02-19,2.491274432287853,2.4960656370717222,2.4146198343713032,2.4864838123321533,15352000
1999-02-22,2.5272049746670224,2.7499819670394157,2.5200183182277573,2.735609531402588,56350400
1999-02-23,2.740401411484473,2.8266378195381803,2.6924922958990805,2.8218472003936768,57692800
1999-02-24,2.826638303671506,2.896106240754432,2.7475885418303716,2.788311004638672,65460800
1999-02-25,2.7595655303640467,2.7883110046386723,2.74040188084763,2.788311004638672,28604800
1999-02-26,2.7978925704956055,2.7978925704956055,2.735611007744522,2.7978925704956055,27078400
1999-03-01,2.7883108614196925,2.841011187297022,2.7260292961044574,2.7739384174346924,13780800
1999-03-02,2.7978903883594577,2.874544919547388,2.764354323378569,2.8266358375549316,22120000
1999-03-03,2.8338240352565096,2.874546484709234,2.7787282685522596,2.802683115005493,25624000
1999-03-04,2.809869687286296,2.8697566740688383,2.797892699309488,2.8529884815216064,27012800
1999-03-05,2.87454688242854,2.936829023961855,2.869756263371856,2.9344329833984375,44340800
1999-03-08,2.9512006753510605,3.0086915975981587,2.9320370346020272,2.9799461364746094,26275200
1999-03-09,2.989527131322783,3.075763490880171,2.970363495865586,3.0565998554229736,29440000
1999-03-10,3.03264733345426,3.0829519052250696,3.0158791428639904,3.0518109798431396,20126400
1999-03-11,3.0518095064529684,3.09732255982513,3.0374364861864547,3.080554962158203,18665600
1999-03-12,3.0661820593775286,3.0901368991303233,2.9176641582903375,2.960782051086426,24486400
1999-03-15,2.9751563783355537,3.1452331542968754,2.9440148682925216,3.145233154296875,29947200
1999-03-16,3.14762790521303,3.15481368479798,3.051809713042585,3.0997188091278076,19979200
1999-03-17,3.0973230551691575,3.099719095022244,3.039832134564367,3.0709736347198486,8761600
1999-03-18,3.0637882424089,3.1620016372112745,3.042229140337005,3.145233154296875,16806400
1999-03-19,3.17158234248936,3.28895934220683,3.075764144831071,3.2410502433776855,32552000
1999-03-22,3.2674008883509496,3.459037304090008,3.2410505887728647,3.358428478240967,33827200
1999-03-23,3.3775927654427775,3.3775927654427775,3.0757650605453364,3.1476290225982666,39398400
1999-03-24,3.181165196394787,3.351242844941368,3.116487599535985,3.3488473892211914,23873600
1999-03-25,3.655465789991287,3.7776334491844774,3.621929116865535,3.7728431224823,151515200
1999-03-26,3.7417006988157633,4.596878064427453,3.7417006988157633,4.275886535644531,210268800
1999-03-29,4.4555471925854535,4.483094930604127,4.158510713079757,4.405242919921875,60611200
1999-03-30,4.359728362825182,4.644787817423863,4.307028642062132,4.484292030334473,44193600
1999-03-31,4.599273706221924,4.819655571311724,4.525014307092935,4.766955852508545,48187200
1999-04-01,4.848401769234316,5.303538883782911,4.848401769234316,5.250838279724121,81382400
1999-04-05,5.5119444358828185,5.950312898189014,5.2891670206124575,5.705976963043213,75632000
1999-04-06,5.686811906176398,5.911984136936752,5.384983930240607,5.593388557434082,57796800
1999-04-07,5.634111036032115,5.667647996074564,4.982547174722279,5.308329105377197,84753600
1999-04-08,5.301142115865167,5.835328601105986,5.241255738596017,5.6868109703063965,67347200
1999-04-09,5.600574458286365,5.720346625243302,5.504756256858504,5.579014778137207,23556800
1999-04-12,5.456848257726551,6.17787978419901,5.44487039530219,6.165903091430664,66414400
1999-04-13,6.23297637184898,6.71685784273892,6.170693938265141,6.5060577392578125,92947200
1999-04-14,6.697691015070683,6.783927380071594,6.010195549646761,6.053313732147217,55622400
1999-04-15,6.400656109188702,6.438983391279653,5.365819492733044,6.046128749847412,98865600
1999-04-16,6.220995659158941,6.220995659158941,5.459241088649683,5.461636543273926,46470400
1999-04-19,5.435287773684807,5.435287773684807,4.757374253867476,4.776537895202637,97537600
1999-04-20,4.752582709138161,5.471219207495746,4.714255429225757,5.389774322509766,49244800
1999-04-21,6.678528814734422,7.588801752180291,6.429401484486079,7.476215362548828,196297600
1999-04-22,7.421122136206129,7.607967090760757,7.004312271216767,7.41393518447876,76785600
1999-04-23,7.229485115844599,7.478612482055907,6.9947298974713386,7.31572151184082,44044800
1999-04-26,7.267812457570386,8.374512296343903,7.243857318118984,7.79960298538208,72328000
1999-04-27,7.727742503806411,7.8331425795767275,7.435496254342342,7.552873611450195,44848000
1999-04-28,7.454655718952075,7.7516921293473375,7.205528407007661,7.298951148986816,30510400
1999-04-29,7.2438592610112655,7.698996505757452,7.109713719140687,7.598386764526367,41712000
1999-04-30,7.703783576488495,8.010401828289032,7.397165324687958,7.665456295013428,41913600
1999-05-03,7.986447654214759,8.44158352505079,7.933747058731049,8.369720458984375,58996800
1999-05-04,8.21881016809777,8.393678469546659,7.991241830595791,8.04394245147705,32337600
1999-05-05,8.063103407257968,8.628430877873974,7.739716345594566,8.609267234802246,49744000
1999-05-06,8.623641910392974,8.796114748600834,8.240368936597731,8.281091690063477,46577600
1999-05-07,8.460747534691254,8.614056663292681,7.857092840823135,8.288274765014648,44038400
1999-05-10,8.38409350165781,8.508657176539582,8.053521256991823,8.125384330749512,34020800
1999-05-11,8.374509306258807,8.451163853684516,8.010400205986684,8.393672943115234,28200000
1999-05-12,8.523028916641897,9.03565566824132,8.202037382836235,8.935047149658203,39492800
1999-05-13,9.083563969514119,9.179382154846545,8.815273050583322,8.820064544677734,27896000
1999-05-14,8.527821909104075,8.748203823609012,8.355349106448038,8.585312843322754,23609600
1999-05-17,8.460749146033978,8.58531283674569,7.847512514837857,8.336185455322266,37836000
1999-05-18,8.072687244732954,8.35535046580061,7.87625926936709,7.909796237945557,32167200
1999-05-19,8.000819328474163,8.087055704469693,7.5121465311661595,7.924164772033691,40083200
1999-05-20,8.029569080231534,8.168506122891868,7.81876893731376,7.837932586669922,20312800
1999-05-21,7.99602890861539,8.010401052949534,7.588800997531138,7.68941068649292,14789600
1999-05-24,7.703783554529566,7.809183578285567,6.965983388237555,7.109710693359375,29304000
1999-05-25,6.9755651344635625,7.4067470452477115,6.937237853504971,7.018683910369873,37589600
1999-05-26,7.181577593392265,7.612759668622934,6.597086335857358,7.574432373046875,33976000
1999-05-27,7.440285771805891,7.607967081082315,7.071385019948046,7.387585163116455,30551200
1999-05-28,7.512149928468052,7.560059047909812,7.3732140669150645,7.4546589851379395,14150400
1999-06-01,7.5792212469513895,7.5840127428078095,7.167202898507761,7.200739860534668,16706400
1999-06-02,7.033056506314862,7.588802115805682,6.946820118635252,7.579220294952393,22845600
1999-06-03,7.837930478859823,8.225994858790305,7.742112257846866,7.823558330535889,42983200
1999-06-04,7.967287079793597,8.441586773378944,7.914586464030656,8.427214622497559,29068800
1999-06-07,8.355351128997116,8.599688243400314,8.202041933969646,8.398469924926758,22542400
1999-06-08,8.499076776197613,8.546985889930408,8.000821993376558,8.039149284362793,17099200
1999-06-09,8.163709300838104,8.398464437157125,8.12538202712525,8.393672943115234,14969600
1999-06-10,8.345768868250447,8.537405352021985,8.317023395684718,8.489496231079102,18796000
1999-06-11,8.489494613121296,8.709876527457402,8.240367231697872,8.336185455322266,16758400
1999-06-14,8.451163650429162,8.503864235344643,7.876254558563233,7.876254558563232,15163200
1999-06-15,7.857093703185552,8.729039467807363,7.756485161326398,8.714667320251465,24366400
1999-06-16,8.796112043485243,9.10273032822547,8.796112043485243,9.078776359558105,32735200
1999-06-17,8.968582767578713,9.198546428285859,8.824855479636746,9.193756103515625,19223200
1999-06-18,8.968587291033971,9.965096990037745,8.949423642976207,9.94593334197998,55141600
1999-06-21,9.88844275200504,10.013006468842313,9.586615869112103,10.003424644470215,29219200
1999-06-22,9.878853145398592,10.53999850624486,9.859689511750874,10.012998580932617,38646400
1999-06-23,9.941139719844644,10.348367130055147,9.926766987719567,10.262130737304688,20480000
1999-06-24,10.333994529485235,10.348367261793282,9.749504000452664,9.792621612548828,21212000
1999-06-25,9.878858146817961,10.060912758640988,9.58182167489618,9.715967178344727,17822400
1999-06-28,9.874067572856038,10.348367761945193,9.591403823802906,10.310040473937988,15676000
1999-06-29,10.314831036720832,10.525631113644064,10.175894622385066,10.501676559448242,20174400
1999-06-30,10.429812943063132,11.186776859004324,10.353158369296935,10.999931335449219,37519200
1999-07-01,11.038266531683252,11.268230417759986,10.693320702568151,10.712484359741211,26896800
1999-07-02,10.96160063586574,11.167609738725103,10.741218804899907,11.057418823242188,20079200
1999-07-06,11.205940191691285,11.517349388980698,10.84662188712658,10.904112815856934,31608800
1999-07-07,11.019097161047238,11.095751749993653,10.626242392696858,10.68852424621582,46773600
1999-07-08,10.664567279480462,10.961603744587286,10.60707635075011,10.904112815856934,22009600
1999-07-09,11.766475824949119,11.776057645653475,11.292175700083499,11.402366638183594,50617600
1999-07-12,11.584421530574396,11.651494277236118,11.210730513459094,11.3017578125,27400800
1999-07-13,10.961601329985118,11.143655897528577,10.702892207686519,11.067001342773438,21477600
1999-07-14,11.244264504225047,11.565255438090865,11.114909948786583,11.464646339416504,17785600
1999-07-15,11.632332918909402,11.776060261400044,11.498187399251467,11.72575569152832,21162400
1999-07-16,11.761685553320211,12.255149346392301,11.689821894134955,12.130585670471191,37693600
1999-07-19,12.370125927949525,12.6048804478835,11.80958962525003,12.164116859436035,44417600
1999-07-20,12.398883725931968,12.820484099920382,11.996447005306665,12.489911079406738,77368000
1999-07-21,12.571345932847104,12.571345932847104,11.958109545878953,12.00601863861084,100947200
1999-07-22,11.938952800839447,11.996443745305768,11.249061467243587,11.536516189575195,56054400
1999-07-23,11.598792849454012,11.996438370521622,11.57483829999211,11.857501983642578,38781600
1999-07-26,11.632327221144816,11.862290856488702,11.402363585800932,11.699399948120117,28670400
1999-07-27,11.895834215063797,11.938952422045503,11.689825003928984,11.833552360534668,31259200
1999-07-28,11.756895363051008,12.259941008169328,11.732940808521564,12.24556827545166,24476000
1999-07-29,12.025187566316577,12.130587616698634,11.862296579362487,11.986860275268555,24801600
1999-07-30,12.0060218221102,12.111421854068071,11.613167157539955,11.958112716674805,19856000
1999-08-02,11.90062032762121,12.015602166535425,11.507765711330977,11.689820289611816,19630400
1999-08-03,11.761687742812294,11.766478654316494,10.501678017207555,10.73164176940918,71893600
1999-08-04,10.875370294287205,11.134079543578618,10.837042998095885,10.918488502502441,57937600
1999-08-05,11.009514277078138,11.095750681337234,10.415441269959908,10.975977897644043,46039200
1999-08-06,10.884949363024303,11.422729101580412,10.846622076534782,11.325713157653809,28088000
1999-08-09,11.402366932492582,11.49339423153349,11.18198505060407,11.3017578125,17400000
1999-08-10,11.18677605419821,11.335294280185424,10.808294123456601,11.316130638122559,48811200
1999-08-11,11.335296588668442,11.498187579376271,11.062214633658256,11.479023933410645,22624800
1999-08-12,11.459858685929253,11.795222443460627,11.402367756066733,11.574840545654297,29253600
1999-08-13,11.73294031880796,12.264731407165527,11.70898576527834,12.264731407165527,24576000
1999-08-16,12.293475215180763,12.528229808144076,12.111420632882686,12.39887523651123,20960800
1999-08-17,12.556973798303408,13.313937499231274,12.552182888803864,13.26602840423584,39671200
1999-08-18,13.021698281571672,13.366643931414629,12.753407220582703,12.762989044189453,29160800
1999-08-19,12.456367663439922,12.93545872741838,12.418040378321646,12.628840446472168,21305600
1999-08-20,12.676748355485236,13.41933943451026,12.628839253612654,13.409757614135742,29739200
1999-08-23,13.519954831514895,14.104446145988607,13.472045707377704,14.061327934265137,26557600
1999-08-24,13.931962783110208,14.008617323870098,13.644508255260616,13.721162796020508,29850400
1999-08-25,13.951128036097478,14.61227352681913,13.773864390034426,14.564364433288574,26909600
1999-08-26,14.5068786391112,15.22551529560614,14.27212399798952,14.62186050415039,34950400
1999-08-27,14.794329340928265,15.014711189918776,14.056529237786117,14.085274696350098,31424000
1999-08-30,14.40626721336542,14.415849033926355,13.797821607746062,14.027785301208496,23143200
1999-08-31,14.152351597731677,14.861406450969417,13.951133328569615,14.732051849365234,31839200
1999-09-01,14.372731986510484,14.468550199753887,12.657585969453566,12.930667877197266,194933600
1999-09-02,12.384504596570503,13.251659463873892,12.053931746604018,12.820477485656738,121016800
1999-09-03,13.246869882191056,13.26124261624045,12.283896700881689,12.523442268371582,62366400
1999-09-07,12.533027145667567,12.954627447203785,12.398881595178771,12.710290908813477,42132000
1999-09-08,12.652798098055001,13.175007485668782,12.494698008226976,12.868389129638672,35501600
1999-09-09,13.088765960245583,13.141465969602356,12.4383999356836,12.734238624572754,34472800
1999-09-10,12.89713094963842,12.91629459146552,12.571349038577717,12.700703620910645,24034400
1999-09-13,12.226408289230832,12.264735587943154,11.673057914071677,11.756898880004883,77348000
1999-09-14,12.12579543080148,13.313941328406683,12.12579543080148,13.069604873657227,120692000
1999-09-15,13.357059292275645,13.66367758305959,12.830059104990736,13.328313827514648,61736000
1999-09-16,13.299559282378407,13.922377260299587,13.184577501839113,13.78823184967041,53188800
1999-09-17,13.874480422918401,14.56916262641397,13.816989481939459,14.55958080291748,52569600
1999-09-20,14.391899546410176,14.573954201125085,14.133190300236357,14.411063194274902,21517600
1999-09-21,14.185890150675025,14.315244772109752,13.95113546733052,13.975090026855469,25990400
1999-09-22,14.085278783794456,14.593115365795208,13.840942315095981,14.573951721191406,30475200
1999-09-23,14.655399681814389,15.254263676658063,14.01820839130072,14.305663108825684,52252000
1999-09-24,14.315244722492146,14.794335911330572,14.085280951849702,14.526044845581055,40697600
1999-09-27,14.842243359846627,15.13448895214832,14.746425132862464,14.818288803100586,27277600
1999-09-28,14.305656533459834,15.06262027501598,14.238583796866251,14.842238426208496,38868000
1999-09-29,14.803918506429294,14.909318573465361,14.19068175276491,14.391900062561035,25724000
1999-09-30,14.391899479392498,14.880572497667476,13.898435549173648,14.502090454101562,35874400
1999-10-01,14.36315222925548,14.44459772221657,14.008624789307213,14.32003402709961,21776800
1999-10-04,14.487715657552084,14.564370237750772,14.13318822413315,14.552392959594727,18584800
1999-10-05,14.617069035041624,15.062623745057643,14.617069035041624,14.928478240966797,35221600
1999-10-06,15.08178277422653,15.982473740412868,14.928473673599068,15.661482810974121,53060000
1999-10-07,15.963316991419092,15.982480637267134,15.13928021995328,15.374034881591797,34461600
1999-10-08,15.426738637600451,16.442412113119488,15.426738637600451,16.399293899536133,42052000
1999-10-11,16.337010088931308,17.223328818096203,16.32742826483223,17.055646896362305,40125600
1999-10-12,17.036486357248464,17.055650008943907,16.20765842142057,16.25556755065918,37512800
1999-10-13,16.289092123845716,16.65320124190815,15.455473879860673,15.663878440856934,58283200
1999-10-14,15.297377751567021,15.683046060054696,14.717677561169399,15.639927864074707,71625600
1999-10-15,14.957224597858843,15.580043046840792,14.650606284513882,15.215933799743652,46405600
1999-10-18,14.985965825010512,15.053038562078973,14.487711206787656,15.000338554382324,35796800
1999-10-19,15.397987528882844,15.766887665698022,14.947641907316264,15.177605628967285,41896800
1999-10-20,15.44110215958674,15.512965806001198,15.06501574335107,15.508174896240234,27703200
1999-10-21,15.254257153511324,16.62445738777773,15.153648045400853,16.533430099487305,35216000
1999-10-22,16.883178562858287,17.30477893559709,16.178914303851432,16.538232803344727,39022400
1999-10-25,16.576547526692128,16.840047559630875,16.107038377092177,16.183692932128906,23416800
1999-10-26,16.5478062084579,16.653206248002217,15.89624232763848,15.92498779296875,18317600
1999-10-27,16.159751308716096,16.159751308716096,15.599214426676431,15.953742027282715,20225600
1999-10-28,16.337002395489893,16.710693359375,15.982475070778383,16.710693359375,28864000
1999-10-29,16.940660710019028,17.352679041767228,16.662787881630706,17.074806213378906,35095200
1999-11-01,16.983775406984893,17.597011867378143,16.864002660814336,17.261648178100586,32648000
1999-11-02,17.592220761360377,17.592220761360377,16.806511555242974,17.23290252685547,39400000
1999-11-03,19.077404201602754,19.987677129353767,18.47374952319945,19.96851348876953,113090400
1999-11-04,20.596126759642253,20.62487222615955,19.748135497382037,20.232017517089844,53275200
1999-11-05,20.907528960274536,22.910129121914032,20.778174404379165,22.565183639526367,92534400
1999-11-08,22.5747718794557,22.680171917942122,21.923208005175994,22.181917190551758,47781600
1999-11-09,23.073014256753893,23.45628691882622,22.2489780332984,22.98198699951172,48782400
1999-11-10,23.188007309225565,25.161862476870386,22.85743447775107,24.495925903320312,76672800
1999-11-11,24.994178753685848,26.522479122178428,24.682769587692064,26.48415184020996,72888000
1999-11-12,27.183621675249128,30.316876623365612,26.82909435696072,28.975421905517578,145692000
1999-11-15,29.914435424234558,31.131326295111492,26.82909006657808,28.208871841430664,131190400
1999-11-16,28.131036122667155,28.630488673574135,27.212378792821465,28.01725196838379,71872000
1999-11-17,27.94058308756095,28.24720128330922,25.142692051358,26.282928466796875,115020800
1999-11-18,26.349995732202736,27.82559549320609,25.295995902914626,27.274641036987305,60215200
1999-11-19,27.34172889050848,28.28553835107098,26.752446841527835,28.137020111083984,41789600
1999-11-22,28.017246050304838,28.055573336283366,27.34172763493326,27.595645904541016,27664800
1999-11-23,27.633965044200295,28.050774156344094,26.426655891783778,27.61480140686035,38456000
1999-11-24,27.576485610186904,28.831704378405973,27.135721767911505,28.76942253112793,34574400
1999-11-26,29.21976363217389,29.924027487548468,29.05208176184661,29.49284553527832,18361600
1999-11-29,29.320369720458984,29.87611529032389,28.36218770345052,28.458005905151367,30764800
1999-11-30,28.438847700891895,28.975429732984196,27.538156432736965,27.772911071777344,33812800
1999-12-01,27.863956093910915,28.22806556143795,27.212391783599383,27.911865234375,25880800
1999-12-02,28.24720598669613,28.726296997325303,27.78727861649212,28.668806076049805,26660000
1999-12-03,29.205385389531113,30.086912770055015,29.05686718955154,29.46888542175293,31661600
1999-12-06,29.698858980440956,30.767232194288084,29.51201344079953,30.259395599365234,39209600
1999-12-07,30.64266096764842,31.23673381942897,30.316879081188116,30.57558822631836,32708000
1999-12-08,30.364785789754347,31.19840408060592,29.79945844308489,29.837785720825195,30504000
1999-12-09,30.661818105963214,30.733681742149063,29.090399928032596,30.278545379638672,24025600
1999-12-10,30.35521092908136,30.72890197271588,29.4305651416267,30.010265350341797,26709600
1999-12-13,30.125247730928308,32.15659395197055,29.895284007791453,32.00807571411133,47453600
1999-12-14,32.1949113342104,33.545947791985306,31.73498402943597,32.29072952270508,47085600
1999-12-15,31.745781670326565,32.587784481654225,31.04511076758591,32.439266204833984,38286400
1999-12-16,33.0764441015236,33.72800789031375,32.50153487612052,33.67051696777344,27794400
1999-12-17,34.724532754080634,34.954496547154015,33.881332179478235,34.87784194946289,40534400
1999-12-20,34.944911788754524,36.75587650717366,34.619129775917216,35.783321380615234,45477600
1999-12-21,36.76065952564935,38.394360150991,36.71754132732655,38.08774185180664,50101600
1999-12-22,39.82205677192092,40.02327505686085,37.177473598424726,37.21100997924805,56937600
1999-12-23,36.6983876938733,36.7175513427996,35.60126879284236,35.759368896484375,43408800
1999-12-27,36.66004056553252,39.86995002435462,35.126949480721954,39.357322692871094,50074400
1999-12-28,40.455641418280706,40.51193461029477,36.02764288900387,38.55724334716797,39803200
1999-12-29,43.14694122189997,50.75011640723811,42.926559332469886,50.51536178588867,118083200
1999-12-30,56.41775687216238,56.73395693615378,48.97747354824355,49.59550094604492,129003200
1999-12-31,52.431739476828646,55.53625036690403,51.28192062865258,54.00315856933594,72674200
2000-01-03,61.0937276516446,61.32369149474991,53.35161160043242,54.98052215576172,91334000
2000-01-04,52.910830340696215,53.75403082421329,49.058937222811416,49.69133758544922,63567400
2000-01-05,49.02061447161843,50.05545152457676,42.619955662579905,47.96661376953125,93778400
2000-01-06,45.53281632388931,47.83245351196453,42.84990627113489,42.94572448730469,58782600
2000-01-07,41.08684488932292,46.1460459391276,40.756272093454996,45.99273681640625,68198600
2000-01-10,49.672167394301475,49.97878571155025,46.759293380438116,48.86729431152344,35360800
2000-01-11,47.83243543954187,48.40734451934405,43.38647188907163,44.28716278076172,30575800
2000-01-12,44.459657858767514,45.22620368391868,41.7192565338521,42.389984130859375,34455600
2000-01-13,44.26803868722707,44.651311749454145,42.19836415120087,43.884765625,25146800
2000-01-14,45.26453412221069,45.666970708394615,42.7732600172626,43.06071472167969,26209200
2000-01-18,42.14085579004181,43.309838147109815,41.393473627326195,42.63911056518555,28503000
2000-01-19,42.04503475491653,45.07289049387588,42.006707467081604,44.957908630371094,30728400
2000-01-20,45.7627841076219,47.83245776073043,45.11122017979143,47.71747589111328,39224000
2000-01-21,48.52236448521092,49.19309227232877,46.29938096219178,47.506690979003906,34955000
2000-01-24,47.755798939028686,48.13907180370789,42.81157898466697,42.94572448730469,32170600
2000-01-25,44.03806805450644,45.97359672008745,42.926576345558935,45.68614196777344,39671400
2000-01-26,39.55375813720458,40.12866741245465,36.79419361600426,38.212303161621094,136953200
2000-01-27,38.84469494223595,39.24713134765625,35.98931282758713,36.794185638427734,62571000
2000-01-28,37.11998651525003,37.215804756125735,32.386565415989956,33.90049362182617,85675000
2000-01-31,34.532873352681555,39.09381888982818,34.39872789570666,38.94050979614258,80518000
2000-02-01,40.32030750952788,42.92656312801447,40.143043800182284,41.71925354003906,69648400
2000-02-02,41.96837026224333,44.61295249794634,41.7000793107952,43.55895233154297,57368200
2000-02-03,44.49798705602474,45.3795147927074,40.4736213016039,42.67744064331055,52571000
2000-02-04,43.501476567135235,43.501476567135235,41.39347550000533,42.1408576965332,30028800
2000-02-07,41.221008947582376,41.470136384271626,39.93704446618395,40.914390563964844,20868400
2000-02-08,40.93354614257813,42.81158337196607,40.914382497380295,42.63911056518555,21450800
2000-02-09,42.77327757243869,42.92658681104958,40.7802574704971,40.876075744628906,20141200
2000-02-10,41.259319026847784,42.045028306968895,40.78022800238369,41.9875373840332,15072200
2000-02-11,41.417411439346544,41.85338419133967,40.3202931953199,40.473602294921875,12419400
2000-02-14,39.66872696327952,39.86036332542097,38.32727242828939,38.97883605957031,23353600
2000-02-15,38.13085286732605,39.151316702071675,36.813352611199065,38.82553482055664,30036000
2000-02-16,38.44225859813201,40.32029515975561,37.10080391125801,37.36909484863281,30052000
2000-02-17,38.36562509536743,40.16700809185321,37.40744265042819,39.860389709472656,34971600
2000-02-18,40.478407046608766,42.543289687996904,40.39696155959346,41.24016189575195,42991600
2000-02-22,40.626917392115324,41.62342668663891,38.71055336418535,40.03284454345703,24472000
2000-02-23,40.89521772344062,45.22620141861287,40.090344647346654,45.03456497192383,52349200
2000-02-24,41.9683816896989,43.61645512591539,41.39347235148385,42.830745697021484,51715400
2000-02-25,41.77673814672703,43.53979315108432,40.895210644548385,40.952701568603516,23405600
2000-02-28,42.1600321824638,45.22621634118844,42.1600321824638,43.92308807373047,36400800
2000-02-29,44.766281951462396,45.379518690523525,42.389989587600525,43.673954010009766,31323400
2000-03-01,43.07986913996634,43.32899649709248,41.86297781861943,42.61994171142578,20865400
2000-03-02,42.58159881663943,42.65825335996371,40.47359887522163,40.531089782714844,20560800
2000-03-03,40.166992679252445,41.39346573816091,38.63390135561686,40.43528366088867,33932600
2000-03-06,39.70708033291528,42.31333657098308,39.247152761491556,40.85689926147461,23576200
2000-03-07,41.24014973640442,41.31680428981781,39.09382224082947,39.24713134765625,21447000
2000-03-08,40.05201808711566,40.3586364073998,38.32249912426294,39.59209060668945,22876000
2000-03-09,38.998000706274674,39.63040071772778,38.250618874557375,38.94050979614258,17427800
2000-03-10,38.38479826360585,44.61298570028678,37.40745192738823,41.73843765258789,83012800
2000-03-13,39.36212766576832,41.70009240540986,38.97885475763036,39.91787338256836,35140400
2000-03-14,40.5119319195514,41.08684107640407,38.32727712351126,38.365604400634766,24239800
2000-03-15,38.63389492034912,40.78022241592407,38.48058581352234,39.24713134765625,31392000
2000-03-16,39.99453811071329,41.086866176027456,38.78722814378711,40.741920471191406,23705600
2000-03-17,40.70357332142121,42.16001003160389,40.6652460395743,41.776737213134766,31121600
2000-03-20,41.182664935591134,41.68091960675231,39.24713717454195,39.745391845703125,18187800
2000-03-21,39.17048013132816,41.39346236970099,38.557243651777036,41.278480529785156,18525200
2000-03-22,40.99104660147312,41.623447039925026,40.013700469320185,41.35515594482422,19331800
2000-03-23,40.64607952412376,44.344661960783775,40.55026132628283,44.19135284423828,42424400
2000-03-24,43.99973521820486,46.73534593353533,43.65478955882869,44.76628112792969,50165800
2000-03-27,45.2837039372824,47.83246933028221,44.91959459542528,45.66697692871094,37870000
2000-03-28,45.91609049594157,48.139073174376136,45.072890169638804,47.468345642089844,41268000
2000-03-29,48.5223335084461,49.844624587467735,46.66346054228525,48.2923698425293,50245600
2000-03-30,46.567658160180414,48.21573165885347,42.696601802832085,44.53152084350586,41385600
2000-03-31,45.935234285388944,47.065888779689296,44.4596343521495,45.781925201416016,34407000
2000-04-03,45.590319443765374,46.60599280674123,42.332499222899415,43.15653610229492,26965400
2000-04-04,43.50147169264381,45.226199645215594,38.02066953224904,44.957908630371094,42759000
2000-04-05,43.156509176608736,44.45963645192374,42.045018265310645,43.309818267822266,23548800
2000-04-06,43.348159101131465,43.84641380344332,42.00670413336878,42.658267974853516,16193600
2000-04-07,43.50148916635999,46.83596454739375,42.926579617905894,46.682655334472656,31462600
2000-04-10,46.414342220824814,46.548487718572865,43.003213849517294,43.29066848754883,20188800
2000-04-11,41.54678466852387,45.22620471296879,41.06769351690344,42.1408576965332,22864800
2000-04-12,42.29415030579467,43.2331685953207,38.32727712351126,38.365604400634766,31838800
2000-04-13,39.24713593132411,41.58510008348306,37.71404468400676,38.787208557128906,30230600
2000-04-14,37.71405355688085,40.09034554928594,31.581687124867706,32.25241470336914,66002600
2000-04-17,30.18272925188197,36.008475088435695,30.086911063780757,35.836002349853516,64758800
2000-04-18,35.41920676908785,37.17747119276637,32.80816014536908,34.39874267578125,44492400
2000-04-19,36.564246383367795,38.59559340466601,34.64788126893552,35.18446350097656,59833800
2000-04-20,35.548546368672966,36.33425547978649,32.654837203352415,33.57469177246094,38979800
2000-04-24,31.58169295288239,31.88831133106571,28.285545387411652,30.546855926513672,64246400
2000-04-25,32.04162045104508,33.21060301534756,31.12176531847919,32.17576599121094,47791400
2000-04-26,32.17576461708637,32.271582855969896,29.74198134944494,29.818635940551758,31038600
2000-04-27,29.09041023254394,31.88830212579257,28.975428373917286,31.73499298095703,41750800
2000-04-28,32.46320735700536,33.72800764364193,32.04160726145984,33.24891662597656,31301200
2000-05-01,33.613036079667424,34.32209100267067,32.88481751009652,33.651363372802734,22545000
2000-05-02,33.977141635636826,36.794197371924824,33.76634154652684,34.85866928100586,52975000
2000-05-03,34.2262725228323,34.954491087147886,33.15310832278829,34.015472412109375,32021800
2000-05-04,33.99151062085465,34.41790166317404,32.40571921627355,32.712337493896484,20103200
2000-05-05,32.290744466499206,34.14961818356177,32.19492623366093,33.651363372802734,15971000
2000-05-08,32.654838274983526,33.028529205947244,31.524183663349707,31.581674575805664,16030200
2000-05-09,32.04162563142322,33.076462822868706,31.275079563685825,32.1949348449707,23062400
2000-05-10,31.35171319156713,31.888295079931357,29.74196752647444,29.837785720825195,34484800
2000-05-11,30.891788744341284,31.045097869623373,29.12873380359724,30.451025009155273,32332200
2000-05-12,31.198412150752787,31.42837587667971,29.895284370500214,30.048593521118164,17078000
2000-05-15,30.144416921077337,32.041617986040244,29.626998448814724,31.984127044677734,21605400
2000-05-16,32.3051090454356,33.42139117617659,32.19491810549121,33.3255729675293,23164200
2000-05-17,32.04160928942874,32.57819126317516,31.409209106084756,31.62959098815918,18169600
2000-05-18,31.62002563476563,31.639189286665484,29.43536931818182,29.722824096679688,27271200
2000-05-19,29.12873426516238,29.626988930224368,27.29860655310777,27.346515655517578,50833400
2000-05-22,27.595645324922703,27.633972610096208,23.839571377919334,27.116554260253906,51737000
2000-05-23,26.59912931787686,26.79076569624773,24.29949277742641,24.337820053100586,37273800
2000-05-24,23.39881345270511,24.06954111105456,21.396212301347465,23.532958984375,82046200
2000-05-25,24.395324269930523,25.2193611462911,21.041685819625854,21.156667709350586,60416400
2000-05-26,21.40578451309998,21.46327542942881,19.12531149872317,20.255966186523438,76242600
2000-05-30,19.417558785546237,23.494623312193127,18.397094926350245,23.41796875,114359800
2000-05-31,21.69324249152634,22.076515327065675,20.23680571647687,20.351787567138672,109686200
2000-06-01,21.846559047698975,22.076522827148438,20.926703929901123,21.156667709350586,64625400
2000-06-02,22.74724666434737,22.919719469721525,20.945864030439488,22.28731918334961,75612600
2000-06-05,19.9493534077499,21.42495399602727,19.891862475739092,20.620080947875977,59490200
2000-06-06,20.77339013129094,22.34480894196055,20.73506284322583,21.118335723876953,47774000
2000-06-07,21.96153792696518,22.93888385565211,21.616592305075674,22.900556564331055,45259200
2000-06-08,23.95454195836939,24.529450965370255,23.149669348568178,23.743741989135742,43289400
2000-06-09,24.68277782093395,24.836086999945962,24.0695411048859,24.242013931274414,29512400
2000-06-12,25.525975671722946,25.851757643509202,24.529466110964997,25.046884536743164,30566000
2000-06-13,24.816921449476673,25.391830826684625,23.552120819619173,24.951066970825195,38326000
2000-06-14,25.046880576627476,25.142698788473794,21.156661175666972,21.616588592529297,83876600
2000-06-15,19.2786238739231,19.527751220206397,18.392305430415202,18.837860107421875,122278000
2000-06-16,19.73855789170066,20.696740313627874,19.546921407315214,20.160158157348633,55383200
2000-06-19,20.179314947082577,20.31346044055796,19.39360562815534,19.98767852783203,26381800
2000-06-20,20.0643383109463,20.140992898571692,19.163646906347946,19.297792434692383,28998800
2000-06-21,19.08698541064595,20.69673116817031,18.972003570822782,19.77687644958496,38151600
2000-06-22,20.00683832692576,22.651420404622844,19.738547391507215,20.926692962646484,84558800
2000-06-23,21.94236983462691,22.91971556525221,20.083496582261137,20.351787567138672,58846800
2000-06-26,20.907537101318475,20.960237126092654,19.288209067348348,19.85353660583496,34292400
2000-06-27,19.738551992429482,20.696734127984314,19.278624567363167,19.527751922607422,29835800
2000-06-28,18.4354180380072,20.2367998421368,17.63054531701312,19.489418029785156,77099400
2000-06-29,18.972008926112476,19.384027301780574,18.703717890793712,18.857027053833008,23910000
2000-06-30,19.010329246520996,19.04865652322769,17.78385639190674,18.397092819213867,37016200
2000-07-03,18.37793095972528,18.97200380618147,18.243785478267434,18.4737491607666,8696800
2000-07-05,18.703710317356702,19.316946721204463,17.86051026206603,17.918001174926758,20386800
2000-07-06,18.205461627685796,19.20197110625386,17.649715956945915,18.91451644897461,24744200
2000-07-07,17.592216807485418,18.171916762198308,17.18978047528804,17.362253189086914,56752800
2000-07-10,17.151463678051506,17.63055484224289,16.55739063445419,16.825681686401367,35357000
2000-07-11,16.423241442104555,17.132296206816186,15.790841246550938,16.250768661499023,36054000
2000-07-12,16.95982988740577,18.857031196844382,16.538229596419413,18.70372200012207,48357000
2000-07-13,18.895346468494786,19.3169464911184,18.205455522383414,19.01032829284668,32298800
2000-07-14,19.451102492121684,19.89186639095794,18.7037202288776,19.33612060546875,22639000
2000-07-17,19.891851819618108,21.75072429216431,19.81519728466775,21.405778884887695,50497000
2000-07-18,20.98418643973382,21.11833192382344,19.930186207601068,19.96851348876953,27709600
2000-07-19,19.834374019077845,19.911028604658824,19.04866451687283,19.31695556640625,25049400
2000-07-20,18.205465386714877,19.527757083223644,17.49641041902177,19.33612060546875,48041800
2000-07-21,18.799529311906046,19.930183980002333,18.780365673463738,19.259456634521484,19396600
2000-07-24,19.240309072618167,19.91103697853613,19.048672528070178,19.50860023498535,22134400
2000-07-25,20.17931009602939,21.309964697801217,20.14098282139306,20.96501922607422,47747400
2000-07-26,20.696742688665832,21.616597919273204,20.2559787239998,21.06085205078125,32742000
2000-07-27,20.255968352064162,20.581750246089793,19.48942271906268,20.102659225463867,26503600
2000-07-28,19.738552696831352,20.313461998680808,18.70371595350233,19.144479751586914,17759200
2000-07-31,19.930197281603405,20.351797608714246,19.508596954492564,19.911033630371094,23021400
2000-08-01,19.911029135695518,19.930192782601864,19.259465140879687,19.297792434692383,11945000
2000-08-02,19.39360545261356,19.81520557114864,18.857023483568916,18.991168975830078,10719800
2000-08-03,18.397096270253222,19.776878490522215,17.89884157960053,19.700223922729492,32228200
2000-08-04,20.390111207962036,20.811711251735687,19.355274736881256,19.623565673828125,22564600
2000-08-07,19.37443621250029,20.179308933494365,19.106145305502263,19.489418029785156,14546800
2000-08-08,19.31695825270279,19.54692204142544,18.55041229029395,18.722885131835938,16626600
2000-08-09,19.201969305835927,19.350487531504818,18.780369181356498,18.837860107421875,14096200
2000-08-10,19.12531473774876,19.508587578184606,18.780369181356498,18.837860107421875,11360400
2000-08-11,18.76121159451003,19.125320910440255,18.052156610856432,18.895357131958008,15463800
2000-08-14,18.914523912761027,19.31696059175594,18.703723747573214,19.20197868347168,11490400
2000-08-15,19.12531719479687,19.12531719479687,18.703717016154055,18.81869888305664,9656000
2000-08-16,19.04866215414252,19.2977895263798,18.416261901540203,18.55040740966797,10482000
2000-08-17,18.473752323934047,19.12531620257902,18.41626139346537,18.569570541381836,11370000
2000-08-18,18.684555297117353,18.818700822327425,18.301282367945717,18.320446014404297,13836400
2000-08-21,18.01382242623022,18.397095243809588,17.57305868601395,18.090476989746094,15207200
2000-08-22,17.803016791017377,18.013816774549337,17.32392591935383,17.362253189086914,22435200
2000-08-23,16.99815685065218,17.4005934840949,16.806520358536595,17.30477523803711,28425200
2000-08-24,17.496406024264306,18.627060959019612,17.438915095378444,18.588733673095703,27267000
2000-08-25,18.492920353154467,18.799538721704177,17.860519968020686,18.052156448364258,15588800
2000-08-28,17.93716861122533,18.722877920050372,17.927586790386002,18.205459594726562,18180800
2000-08-29,18.243785478267434,18.722876483474035,17.975494515351734,18.4737491607666,15618600
2000-08-30,18.43543026710502,18.512084862810237,17.783866203610664,17.879684448242188,19122000
2000-08-31,18.01382104638723,19.02949393517289,17.783857373454623,18.358766555786133,38055400
2000-09-01,18.646226357810107,19.010335608373715,17.937171501449395,18.16713523864746,20437600
2000-09-05,18.722877920050372,18.895350695158307,18.205459594726562,18.205459594726562,19835400
2000-09-06,18.435429923093235,19.604412485784177,18.358775328818417,18.952848434448242,57655800
2000-09-07,19.12531009101496,19.81520103618183,18.588728244774057,19.66189193725586,39563800
2000-09-08,19.527760030291407,19.930196694311153,18.837868606257558,18.876195907592773,32579600
2000-09-11,18.564776579538982,18.742040252685545,17.783858235677084,17.822185516357422,29739400
2000-09-12,18.72287825529112,19.508587578184606,18.550405477094987,18.837860107421875,44940200
2000-09-13,18.857020139694214,19.73854750394821,18.837856501340866,19.623565673828125,24549400
2000-09-14,19.93019743593867,19.96852473870009,19.010342169664575,19.20197868347168,20935800
2000-09-15,19.201973630797188,20.42844699643693,18.895355289387254,20.313465118408203,55480600
2000-09-18,20.773378971547235,21.84654246085226,20.581742634171338,21.405778884887695,75770000
2000-09-19,21.980696058273317,24.14618747465072,21.65491416377406,23.762914657592773,85274000
2000-09-20,23.973719132832628,24.069537354786394,22.268154782055568,23.010746002197266,52449800
2000-09-21,22.53644311873422,23.590443434661413,21.76989743442353,22.05735206604004,32562800
2000-09-22,21.27164899486385,22.421467859451084,21.156667108405127,22.383140563964844,34164000
2000-09-25,23.073029804229737,23.149684388296947,21.290810724667143,21.46328353881836,20946200
2000-09-26,21.88487900014224,22.99637022782022,21.271642460733702,22.49811553955078,37944600
2000-09-27,22.766422343703937,23.18802275747623,22.114858067874025,22.34482192993164,30288200
2000-09-28,22.153171548867284,23.05386277966033,21.942371473575296,22.938880920410156,20885000
2000-09-29,22.900546207762602,22.900546207762602,21.73156435113204,21.846546173095703,13227800
2000-10-02,22.26814955728917,22.670585995071505,21.693240360457263,21.865713119506836,16962400
2000-10-03,22.076509252087824,23.168836532790085,21.904036523555888,22.22981834411621,25109000
2000-10-04,21.961532410397474,24.37615115709039,21.923205128703938,24.050369262695312,39061200
2000-10-05,23.916225657743567,26.67579015671398,23.609607380080188,25.41098976135254,64696200
2000-10-06,25.410993185388037,25.75593879423946,23.70542878606712,23.85873794555664,34240400
2000-10-09,23.724583642313796,24.836074636864847,23.45629271259458,24.337820053100586,20522600
2000-10-10,24.79775640749464,25.717611359240962,24.05037425920075,24.43364715576172,36832000
2000-10-11,23.83957110736387,24.20368031237988,20.3517881961579,21.616588592529297,58025400
2000-10-12,22.287320894407994,22.747248410715642,19.431937563998027,19.738555908203125,45688000
2000-10-13,19.62357050100536,21.482443878542,19.35527949806193,21.444116592407227,28286400
2000-10-16,22.95803642892218,23.935381886246915,22.325636427123822,23.609600067138672,39924000
2000-10-17,24.031203911901024,24.107858469833722,21.769894452886412,22.74724006652832,23364400
2000-10-18,21.501607679782953,23.532953859869398,20.850043810698622,22.938880920410156,28142400
2000-10-19,23.873100067887986,23.916218249828784,22.47894551846888,23.609600067138672,22504600
2000-10-20,22.867008253882165,23.532944593142506,22.76639916665578,22.919708251953125,19325000
2000-10-23,22.637059459864386,22.938886919329242,21.712413433249818,22.574777603149414,18488000
2000-10-24,22.057348227836716,22.689748307348975,21.61658453605544,21.769893646240234,17440200
2000-10-25,21.698040944541816,22.306486782465598,19.949358024524646,20.160158157348633,19413200
2000-10-26,20.658410728859632,22.402302543633496,20.275137802535706,22.01902961730957,23014800
2000-10-27,22.229829320127457,23.30299349420258,21.731574525021156,22.95804786682129,21752800
2000-10-30,21.865714293663654,22.689750853372274,20.102659328705673,20.888368606567383,31944000
2000-10-31,20.428444408529348,21.635753974887088,19.470262213007334,19.963726043701172,38786400
2000-11-01,19.436727326575333,20.045173067387523,18.742045181553536,18.857027053833008,28733200
2000-11-02,19.259456634521484,19.85352942623309,18.703711119694496,19.259456634521484,33365600
2000-11-03,20.792551970650965,22.574770710992475,20.7733883282817,21.616588592529297,55045400
2000-11-06,21.88488485709664,22.148385003143122,21.38663003548148,21.635757446289062,14825800
2000-11-07,21.4632687326205,22.862213926800226,21.42494146702653,22.613086700439453,18673000
2000-11-08,23.039489365918605,23.073025740541485,21.11833419109362,21.175825119018555,18517400
2000-11-09,20.7925548701069,22.363973763515904,20.754227580023755,22.28731918334961,19473800
2000-11-10,22.30648586373156,23.762923085074856,22.26815856843305,22.670595169067383,33861800
2000-11-13,21.76989674945358,23.935388239496056,21.75073310794878,23.015533447265625,35406600
2000-11-14,23.532946816499273,24.759419614753305,22.82389223000866,24.644437789916992,28926000
2000-11-15,24.951064885060877,26.464992785152898,24.912737596450953,25.81342887878418,51017600
2000-11-16,25.238523717464666,27.538161413816802,25.200196422525465,27.00157928466797,40047000
2000-11-17,26.709316365740655,27.365670866566926,25.947561872080964,27.231525421142578,32321200
2000-11-20,26.560799524033968,27.059054060559856,25.794254083224907,25.94756317138672,20086600
2000-11-21,25.410993715013777,27.672303864615305,25.181029970986504,26.829103469848633,30790600
2000-11-22,26.254202162379418,26.254202162379418,23.762927504635385,24.203691482543945,37088000
2000-11-24,24.970224221077192,26.29251544997537,24.91273329808162,25.909242630004883,12493800
2000-11-27,26.675797372494102,28.01725270013389,26.61830642988097,27.423179626464844,40959000
2000-11-28,26.829095209907923,27.193204359185245,25.2385131367491,25.593040466308594,33772400
2000-11-29,25.181018604272793,26.350000442066282,24.069527676534726,25.334327697753906,29682400
2000-11-30,24.146189823328893,25.391826599929193,23.073025831180942,24.606117248535156,30656800
2000-12-01,25.257673929972817,27.097383108483736,24.989383008106643,25.449310302734375,28858600
2000-12-04,26.714118327034846,27.633973190519548,26.369172753228085,27.595645904541016,43292600
2000-12-05,28.362199981957485,30.70016511560533,28.13223619831999,30.546855926513672,58903800
2000-12-06,30.125248272014115,33.05728579467198,29.895284544746833,30.47019386291504,68904400
2000-12-07,29.569495988134705,32.19491462091141,29.435350510547575,32.02244186401367,47557800
2000-12-08,32.29073877196046,32.57819341978207,30.20190166445679,31.65833854675293,42941400
2000-12-11,30.048579537089743,31.447524885436398,29.282034140735412,30.508506774902344,36458200
2000-12-12,30.086904497883264,30.431849899769823,27.499813983734064,27.53814125061035,42861200
2000-12-13,28.285531985931083,29.320368522001733,27.92142283435067,27.998077392578125,31667600
2000-12-14,27.921434363208824,28.975434974036883,26.905761047319963,27.00157928466797,21760400
2000-12-15,26.17752356278269,26.52246896844161,24.22283293071546,24.395305633544922,57547800
2000-12-18,24.912729660960643,26.599129822625674,24.912729660960643,26.196693420410156,31734000
2000-12-19,26.445827612716162,28.458010148466304,25.487645452835142,25.583463668823242,37262600
2000-12-20,25.104378834729065,25.755942865554093,22.766413782945136,23.64794158935547,44586200
2000-12-21,23.647931274263108,25.296004280411104,22.766403852369994,23.245494842529297,35720200
2000-12-22,24.107872486114502,26.062564849853516,24.06954518486472,26.062564849853516,32830200
2000-12-26,25.832595614690018,26.40750501264306,24.721104111980804,25.698450088500977,16418600
2000-12-27,25.851757141081446,27.6339761285689,25.755938915947713,27.557321548461914,26665200
2000-12-28,27.499840476296168,27.787295254794035,26.560821533203125,27.404022216796875,20138800
2000-12-29,27.442344044732504,28.132235375466003,24.931906146785607,25.200197219848633,23929400
2001-01-02,25.104372371020983,25.219354229208864,21.559098410227943,21.731571197509766,36380600
2001-01-03,21.19498987587854,26.292519086532874,21.175826232229465,25.775100708007812,47526000
2001-01-04,24.22285513375736,25.257692299281803,23.532963690074396,24.203691482543945,40355600
2001-01-05,24.337823784585893,24.471969270012746,22.248986940082066,22.40229606628418,31656400
2001-01-08,22.38314216821955,23.91623409754966,21.999869185887025,23.877906799316406,23359400
2001-01-09,23.03469855793507,23.39880776974935,21.98069820794636,22.459789276123047,29433000
2001-01-10,21.27164065580722,22.26814994779098,20.77338600981534,22.21065902709961,35403600
2001-01-11,21.53993921136307,22.708921677460175,21.329139094525885,21.635757446289062,25866400
2001-01-12,22.038193263625768,23.01553922575178,21.635756690985644,22.01902961730957,22619600
2001-01-16,21.348297835026543,21.808225256966075,20.98418862599108,21.750734329223633,21852600
2001-01-17,22.383140563964844,22.823904462056618,21.94237666587307,22.383140563964844,26540000
2001-01-18,22.57476883326156,22.68975067791315,21.904041406127305,22.40229606628418,23147800
2001-01-19,22.804741546061702,22.823905194419737,21.46328616099925,21.57826805114746,25167400
2001-01-22,21.59742111989853,23.216748612916657,21.252475618427216,23.130512237548828,33483800
2001-01-23,23.398825106413465,24.491153551184613,23.34133413563604,23.80126190185547,37063200
2001-01-24,24.031209415859646,24.03600032682772,22.344808755097564,22.766408920288086,28724200
2001-01-25,22.728086112015145,23.456304722686795,22.344813159030068,22.670595169067383,31479800
2001-01-26,23.590449230170545,24.951068154087775,23.22633994067157,24.83608627319336,57665400
2001-01-29,24.5869498517206,26.675786588928354,24.37614981402074,26.618295669555664,34226200
2001-01-30,26.292505766508963,26.369160302271382,25.45888769009268,26.27334213256836,22811800
2001-01-31,26.36917366112918,26.560810097619946,25.736773420709657,25.775100708007812,22513800
2001-02-01,25.487645867982565,26.215864321353497,24.81691834514092,26.139209747314453,22344000
2001-02-02,25.7942591585471,27.327350341818846,25.525968201474544,26.618295669555664,44556200
2001-02-05,26.311686139992847,27.130932012159413,26.100886032534785,26.50332260131836,21904200
2001-02-06,26.330846040520168,26.790773482275977,25.08520921909818,25.43015480041504,16467400
2001-02-07,25.008547770512568,26.905747946206624,24.81691138912933,26.560802459716797,28307600
2001-02-08,26.503321204565268,27.404012525327786,25.94757549600967,25.985902786254883,25561800
2001-02-09,25.755935451995704,26.369172010376555,23.83957120705555,24.261171340942383,25314800
2001-02-12,24.24200757776091,26.04338995903326,24.222843935406946,25.41098976135254,26479400
2001-02-13,26.215865117422542,26.714119863806303,24.663609945996207,24.68277359008789,24444800
2001-02-14,25.008554873259172,25.75593697291979,24.45280920940897,25.564300537109375,24141800
2001-02-15,25.918826698386756,26.96324522338644,25.890081234395936,26.25419044494629,25560200
2001-02-16,24.912738208622898,25.564302131002265,24.510301668329756,24.721101760864258,23395000
2001-02-20,24.6636113143722,25.104375152935184,23.1113560568243,23.15447425842285,24447400
2001-02-21,22.30647346095035,23.245491673653586,21.424946159228945,21.846546173095703,32640000
2001-02-22,21.42495268778084,21.616589116115197,19.336115618936375,20.524261474609375,51144600
2001-02-23,18.12881154599397,19.201975865841394,15.369246152100596,18.952848434448242,149932400
2001-02-26,19.278629662142283,19.681066265427557,18.013828908959983,19.33612060546875,53842800
2001-02-27,18.914520771583813,18.933684419781976,16.998155951767824,17.055646896362305,47386000
2001-02-28,17.170625901956242,17.93717170115072,15.982479913204807,16.806516647338867,57997000
2001-03-01,16.90233410220589,18.857025801100452,16.844843169885465,18.761207580566406,55642200
2001-03-02,18.30128003743069,19.853535202909107,18.243789105375935,18.55040740966797,54743000
2001-03-05,18.742046674408293,19.393610669224124,18.243791854843245,19.297792434692383,22659000
2001-03-06,19.891852387927827,20.38052506219773,17.841343519422743,18.109634399414062,41703600
2001-03-07,18.703723336507338,18.79954159130502,17.189794910703977,17.668886184692383,45456400
2001-03-08,17.688049131085258,18.16714038599006,17.534739929515723,17.553903579711914,22061200
2001-03-09,17.132297336840026,17.5538974950173,15.92498779296875,15.92498779296875,33687600
2001-03-12,15.637527346766042,16.55738189657581,14.487709159503833,14.736836433410645,48112000
2001-03-13,14.909315111510146,16.250770198664018,14.58353316177278,16.193279266357422,42182600
2001-03-14,15.297375097925277,16.423238908765377,15.024293237423636,15.73334789276123,40149000
2001-03-15,16.442411904706212,16.90233951043226,15.982484298980165,16.00164794921875,26985600
2001-03-16,15.445899525044126,15.752517877898601,15.100953878082843,15.426735877990723,30580400
2001-03-19,15.484229230214906,18.28212213567453,15.407574630065326,17.841358184814453,44608600
2001-03-20,17.783873805293332,18.243801576119882,16.36576317857813,16.55739974975586,42417400
2001-03-21,16.80651257832845,18.12880376180013,16.59571253458659,17.822185516357422,43807600
2001-03-22,17.860521262032645,18.26295789991106,16.25077471051897,17.438920974731445,59501800
2001-03-23,18.20546563263911,18.377938464948326,17.189792286818193,18.052156448364258,35733800
2001-03-26,18.205453123214756,18.742034899477925,16.90232595228991,17.362253189086914,38035000
2001-03-27,17.49640278228887,18.703712065185037,17.362257306411518,18.358766555786133,43913800
2001-03-28,17.898844411190996,18.013826281070166,16.442407392721492,16.806516647338867,39496800
2001-03-29,16.05913182285854,17.208950330461775,15.944149972098215,16.768186569213867,36864200
2001-03-30,16.844835047690285,17.688034981818124,16.116616922761693,17.362253189086914,29803400
2001-04-02,17.017310086963246,17.63054648649345,15.61836455053496,15.790837287902832,37414800
2001-04-03,15.944149413395449,16.174113106857885,14.008621660086627,14.027785301208496,49397200
2001-04-04,13.759497275719275,14.602697665874775,13.107933337871845,13.452878952026367,62465400
2001-04-05,14.142766509870507,14.870984839647036,13.299566338550314,14.698512077331543,63258000
2001-04-06,14.343985994322962,14.545204234724286,13.395385718145292,13.682840347290039,40943200
2001-04-09,13.708906611876944,14.165768483492036,13.42375144315095,13.871415138244629,23734400
2001-04-10,14.05844126384784,15.53940744282134,13.862205841215289,14.96296501159668,34930600
2001-04-11,16.21090495003187,16.266096323157125,15.238925754897897,15.665124893188477,29363800
2001-04-12,15.02430542519849,16.336632137027735,14.4417298490118,16.263044357299805,36153200
2001-04-16,15.82150212225958,15.95028240272581,14.720742496044322,14.831125259399414,23467800
2001-04-17,14.702352623141033,15.79391338666912,14.68702193695843,15.563949584960938,28842800
2001-04-18,16.551246322848847,18.397087584150597,16.1741061677324,18.01381492614746,51701600
2001-04-19,18.33577004849102,20.390112437810604,17.74093109920088,20.337987899780273,55586000
2001-04-20,19.65422945636009,20.23680460216348,18.78343357517773,19.571443557739258,33502800
2001-04-23,18.80182500439548,19.332274267485694,17.799183506072787,17.845176696777344,27689000
2001-04-24,18.231522753514582,19.203503314956574,18.16713319505964,18.24378776550293,26453200
2001-04-25,18.17019922091497,19.40893738438091,17.832919572187407,19.310819625854492,35864400
2001-04-26,17.3331287483186,18.443087620257458,17.3331287483186,17.7991886138916,62933200
2001-04-27,18.39403578447284,18.550410632178007,17.127701640260092,17.26261329650879,33430000
2001-04-30,18.078206463103424,18.584126895811337,17.385249934993436,17.587617874145508,29310000
2001-05-01,17.391391694151725,18.964342852543968,17.093971545879658,18.93368148803711,27274200
2001-05-02,18.84783098097159,19.298559175223417,18.10274827190802,18.427762985229492,25198200
2001-05-03,18.133403317643833,18.70371345607228,17.69800595928153,18.041418075561523,22814000
2001-05-04,17.523242949381668,19.093128912435656,17.277947280756866,18.884628295898438,30661200
2001-05-07,18.82022660608142,18.872351141866606,18.26218154118187,18.54733657836914,19977000
2001-05-08,18.850900505065876,19.298563121913713,18.525884555620163,19.025672912597656,20837200
2001-05-09,18.761975349546717,18.884623150441506,18.10581230496865,18.176334381103516,17913600
2001-05-10,18.657727911180793,18.79570641578698,17.943307695685206,17.970903396606445,15230200
2001-05-11,17.99543063180983,18.406299269682584,17.520172420827564,17.76853370666504,12634600
2001-05-14,17.820655205322158,17.84825089901057,16.925330333930955,17.452713012695312,18167600
2001-05-15,17.845184233129007,19.12071623851911,17.79612535483154,18.24378776550293,37908200
2001-05-16,18.63625985473564,19.908726264527225,18.35723724919524,19.85660171508789,34841400
2001-05-17,19.825947936502637,20.945103285432147,19.746226493194005,20.344131469726562,31584000
2001-05-18,20.08656712538072,20.500501396260525,19.783013299331653,20.04670524597168,15781000
2001-05-21,20.34718529087029,21.78215865577238,20.160147989299933,21.769893646240234,25088400
2001-05-22,21.665649832540673,21.665649832540673,20.543425750749407,21.435686111450195,21910000
2001-05-23,21.48167270157566,21.76989458979487,20.877634406977432,20.88376808166504,24848400
2001-05-24,20.97269466865068,21.46328353881836,20.558760382550204,21.46328353881836,20010200
2001-05-25,21.20879210122721,21.432624540727744,20.69673998452652,20.702871322631836,14916600
2001-05-29,20.653805632973977,20.98801840464053,20.083495497354555,20.291996002197266,17413400
2001-05-30,19.559181392572725,19.715557378620144,18.719046746453905,18.955142974853516,24797400
2001-05-31,18.995002665062678,19.4089368748763,18.519744565365873,18.623994827270508,21987400
2001-06-01,18.780377987629826,19.163651007785536,18.397104967474114,18.884628295898438,14297000
2001-06-04,19.148309783811037,19.36294279091939,18.568801483377534,18.991933822631836,12150200
2001-06-05,19.01646347641592,19.87806115602668,18.979669614942967,19.476390838623047,17964200
2001-06-06,19.577575541110747,19.789142890257306,18.866221267559997,19.157508850097656,12808600
2001-06-07,19.11152433521526,20.092702223108006,18.918354426811746,19.930194854736328,14187000
2001-06-08,19.83820147793708,19.83820147793708,18.70371479495162,18.77730369567871,11969200
2001-06-11,18.71904671805033,18.76810559857477,17.783861150121677,18.329641342163086,19297200
2001-06-12,17.17675982588608,17.961703210099568,17.01731814614008,17.77466583251953,25350000
2001-06-13,17.866645353750968,17.869711021565678,16.618709184778268,16.624841690063477,21186200
2001-06-14,16.588044139429858,16.864000987080694,15.769374107491723,15.790837287902832,23156600
2001-06-15,15.376902540908691,15.484218438461548,14.87098206466109,15.131607055664062,34356600
2001-06-18,15.573140519209138,16.017737196255332,15.162272035337281,15.34317684173584,27066400
2001-06-19,15.999337179806513,16.07599172698088,15.287983075600824,15.4259614944458,21160200
2001-06-20,15.208263055987306,15.524080614046007,14.71154187323613,14.855652809143066,28049800
2001-06-21,14.926185124555126,16.4654097689306,14.717684500558036,16.09746742248535,32745600
2001-06-22,16.158783830520765,16.741357869401213,16.079062421526473,16.566585540771484,22582000
2001-06-25,16.93146987152068,16.955998737398886,16.177187654019875,16.664710998535156,22868600
2001-06-26,16.345819892261293,16.618709957026972,15.913488191638576,16.38874626159668,21046600
2001-06-27,16.419411595172814,17.400590500497742,16.348889518525127,17.035715103149414,25090000
2001-06-28,17.385255286186556,18.13647024459789,17.385255286186556,17.661211013793945,25078800
2001-06-29,17.57229505608405,17.937170409142592,17.348463839200477,17.93103790283203,16127000
2001-07-02,17.64282174675177,18.228462801809897,17.4925782269178,17.74400520324707,12945800
2001-07-03,19.01033199453603,19.60823783152115,18.765037622086087,19.583707809448242,30307800
2001-07-05,19.298553293073052,19.623569076986755,18.78036884320998,18.82942771911621,20964000
2001-07-06,18.72824370648679,19.01033194160484,17.786924581036867,17.83905029296875,20909800
2001-07-09,18.418557956761266,19.258692466047975,18.305109533164114,18.92447853088379,26743200
2001-07-10,19.090056626997647,19.240300122684022,18.01076113945282,18.105812072753906,21977000
2001-07-11,17.89117932709538,18.240725210484875,16.931464783502836,17.308605194091797,30185400
2001-07-12,18.26525389084746,19.485594708319706,18.203929990693577,19.427337646484375,29961200
2001-07-13,19.175913968162703,20.831653705488037,18.936750833874008,20.108034133911133,42109600
2001-07-16,20.05897020516749,20.439178611431696,19.546918165253803,19.65730094909668,24689600
2001-07-17,19.68796429590715,20.098834108092895,19.335353889413714,19.835142135620117,21693200
2001-07-18,19.694094151333967,20.022175633981,18.921414736577994,19.178974151611328,18210800
2001-07-19,19.746224393505535,20.669146384168123,19.727825699736638,20.144826889038086,27739600
2001-07-20,19.908713907638834,20.144808822233028,19.592897629710922,19.770736694335938,25012400
2001-07-23,19.743151500142396,20.02217526682996,18.62706111201594,18.65772247314453,21318000
2001-07-24,17.783865131857077,17.897313599160004,17.305540062406745,17.707210540771484,37194200
2001-07-25,17.863582277949156,18.397098653550785,17.510971922216388,18.271385192871094,21651000
2001-07-26,18.317378613618633,18.53507733608613,17.679611958346143,18.292848587036133,27929400
2001-07-27,19.38440780351844,19.807540182693863,19.163642270274984,19.372142791748047,34511000
2001-07-30,19.350682624935835,19.939389245889735,19.286293057579517,19.65730094909668,22950600
2001-07-31,19.72475487604572,19.89339352955538,18.93981164375547,19.387474060058594,28376400
2001-08-01,19.68796926169502,20.21842017899108,19.608248983927943,20.04364776611328,18907000
2001-08-02,20.298133055384177,20.966561126307393,20.264404851033426,20.954296112060547,25390600
2001-08-03,20.696737175804937,20.889905880626724,20.328796117293283,20.50050163269043,17544000
2001-08-06,20.331862178017108,20.911370676308227,20.31346582547211,20.63541603088379,13833000
2001-08-07,20.549561379852204,21.11680721514767,20.46677545226411,20.71513557434082,15868400
2001-08-08,20.540359908920838,21.116803828235874,19.635836831157253,19.95778465270996,22618800
2001-08-09,19.976180970661733,20.359453812235014,19.592908129088453,20.15095329284668,22507600
2001-08-10,20.01298317569029,20.108036476298132,19.071665892737037,19.553056716918945,25817000
2001-08-13,20.04363907624528,20.497432849394986,19.822873526361867,20.420778274536133,19800800
2001-08-14,20.61701656765921,20.773392576378132,20.08350131000395,20.215347290039062,15580000
2001-08-15,20.160146824716307,20.28586141067519,19.47025586873742,19.479454040527344,20480200
2001-08-16,19.206571776612517,19.88113115889956,18.55040874532772,19.871932983398438,23959800
2001-08-17,19.43346865749234,19.71555810862274,18.82023204247219,18.875423431396484,18508600
2001-08-20,19.028720182668987,19.534639358520508,18.853947954873245,19.534639358520508,14763600
2001-08-21,19.537722623634476,20.23068078466078,19.132986474753512,19.14525032043457,22653600
2001-08-22,19.49786188473432,19.635840382969338,18.627065681008734,19.546920776367188,27677400
2001-08-23,19.451864704077117,20.06510247919192,19.29548988433376,19.30162239074707,22051200
2001-08-24,19.559180205058198,20.282799527199916,19.47026062385389,20.27053451538086,20919200
2001-08-27,20.172416885811888,20.41771010578575,19.770747688310596,19.920989990234375,14804400
2001-08-28,20.05283685020998,20.07430003716907,19.18510651871329,19.25562858581543,22055000
2001-08-29,19.433466185477215,19.47026005019441,18.884619204132278,19.231098175048828,21390400
2001-08-30,18.97967391210897,19.301622904614906,18.26218701783425,18.271385192871094,28877600
2001-08-31,18.124202667456593,18.44308588810838,17.793054437628435,18.04448127746582,23522600
2001-09-04,18.013827786016414,18.09048237233989,16.557390645870406,16.649375915527344,41623800
2001-09-05,16.502198116265546,16.618713406975093,15.750982987980873,16.315160751342773,47923800
2001-09-06,16.14652664253058,16.854815644167534,14.840332631989739,14.874059677124023,49786000
2001-09-07,14.717672535157188,15.422894110202366,14.549032771289617,15.079482078552246,45528800
2001-09-10,15.475026336912233,15.879762408797676,15.22666508703234,15.496489524841309,36125800
2001-09-17,14.48771584092371,15.465827875562793,14.015523340205775,14.040053367614746,42100800
2001-09-18,14.266952493260858,14.834197183985825,13.892878874304916,14.217893600463867,32045400
2001-09-19,13.994058469335627,14.239352865667025,13.06193859362037,13.797822952270508,41121800
2001-09-20,13.644515591674278,14.104443083528466,13.408419338830395,13.963398933410645,44107600
2001-09-21,13.138593693381775,14.104441806703194,13.123263012305687,13.764095306396484,45258000
2001-09-24,14.276146772101674,14.671683443146538,14.073778764942958,14.5950288772583,30381400
2001-09-25,14.51224232236844,14.978301032699884,14.319072497518773,14.96910285949707,36162000
2001-09-26,15.054958154654013,15.116282048962063,14.128971912260873,14.205626487731934,32100800
2001-09-27,14.079918912842464,14.644096917657274,13.521873417495451,14.58277416229248,31670400
2001-09-28,14.665559752592515,15.091759173971603,14.432529095801922,14.576640129089355,29678400
2001-10-01,14.487719894310747,14.533713123742551,13.669049299813343,13.736504554748535,31600800
2001-10-02,13.825417145728437,14.41105796518704,13.65984300753868,14.064579010009766,32895400
2001-10-03,14.003254649423656,14.733006398031785,13.288834748748226,13.739563941955566,66462200
2001-10-04,13.534130770322268,13.920470460363763,12.868769660309356,12.877967834472656,76788600
2001-10-05,12.57747676665856,12.647998801435184,11.746541853390667,11.792533874511719,77904400
2001-10-08,11.982642482605886,12.831974056216701,11.909053583589825,12.638805389404297,47433600
2001-10-09,12.764515459385631,12.954618407927398,12.280058162222552,12.525352478027344,41547200
2001-10-10,12.378185754696872,13.825425125964587,12.356722558059978,13.767168045043945,51378600
2001-10-11,14.555165064513771,15.468887080819687,14.41105414873664,15.23279094696045,68818200
2001-10-12,14.913913707662493,15.312517257926398,14.441721251821633,15.177605628967285,37382800
2001-10-15,14.9077885671463,15.787784352278159,14.613435138714054,15.49956226348877,31874800
2001-10-16,15.364641141093234,15.514883432951555,14.83112485594237,15.284919738769531,34895200
2001-10-17,15.606877114095832,15.637538486402697,14.25775567877893,14.300682067871094,36550200
2001-10-18,14.573578453544036,14.923123392923888,14.165776414153164,14.530652046203613,33358800
2001-10-19,14.515313287142586,15.070292942799416,14.503048271959223,14.809666633605957,28841600
2001-10-22,14.791266269513464,15.116280896144229,14.288411310261656,14.818861961364746,22802400
2001-10-23,14.913908423682233,15.69885140322282,14.803525689253261,15.131607055664062,33173200
2001-10-24,15.19294819378502,16.40409164243849,15.162286808110506,16.324371337890625,40147800
2001-10-25,15.980944130340873,17.161425188287545,15.536347398637735,17.127696990966797,35369800
2001-10-26,16.87013803196651,17.47724209054243,16.74749025118805,16.946792602539062,39769400
2001-10-29,16.848671570477812,16.86400224768093,16.01160396290615,16.0361328125,26788000
2001-10-30,15.55474165598537,15.579271674224882,14.852585674230603,14.929240226745605,42631400
2001-10-31,15.241999172472964,15.806177030441482,15.02430040648427,15.061094284057617,32084400
2001-11-01,15.312517118366587,15.849099130661838,15.024296344267,15.830702781677246,29547600
2001-11-02,15.806173137571916,16.511394993930868,15.692724694028918,16.41021156311035,32466800
2001-11-05,16.428610139544357,16.581919299474457,15.944152632730331,16.275300979614258,31249600
2001-11-06,16.37648341845607,16.81188201433201,15.922688473090044,16.781219482421875,35199200
2001-11-07,15.824567916398468,17.437379381131315,15.695787644424572,16.89773178100586,91845200
2001-11-08,17.057178226507553,17.799194032420978,16.753625561579987,17.259546279907227,57340600
2001-11-09,16.986660790466757,17.336205599129826,16.80268903824758,16.9927921295166,26454800
2001-11-12,16.940658433510123,17.305533732540404,16.462333539017276,17.24114418029785,23800200
2001-11-13,17.590688546431043,17.762395186252174,17.35765919278274,17.64894676208496,22768400
2001-11-14,17.81452654580433,17.998498266672087,17.3545989981193,17.805328369140625,22871800
2001-11-15,17.69187610292973,18.39709795736416,17.664280409207446,18.078214645385742,27431000
2001-11-16,18.17326205055685,18.516674129657307,18.078209981224326,18.42162322998047,27170200
2001-11-19,18.498288196869925,19.160583878453295,18.43389744545072,19.154451370239258,26054600
2001-11-20,19.010330601936285,19.080852655746067,18.115005915666945,18.15793228149414,28568400
2001-11-21,18.14567083261042,18.458421634574727,17.845185043191222,18.329641342163086,17289000
2001-11-23,18.452291851767107,18.857027968244743,18.366439090591893,18.798770904541016,7164200
2001-11-26,18.841693838212436,18.89995089125857,18.090478806388834,18.519744873046875,29628000
2001-11-27,18.326570393232682,18.909144285390457,17.777723521371872,18.40322494506836,27891400
2001-11-28,18.28058410155352,18.581069917928705,17.547766496255573,17.566164016723633,27288400
2001-11-29,17.553891179064063,17.967825263022565,17.32392753916366,17.912633895874023,20094800
2001-11-30,17.906505669934713,18.412425063747754,17.814519262281653,18.004623413085938,21344400
2001-12-03,17.829853844428946,18.11500894471177,17.492573027171527,17.563095092773438,17876200
2001-12-04,17.682681159925004,18.387904359550287,17.51097561816409,18.3695068359375,19909000
2001-12-05,18.498282575122367,19.086989148881923,18.482950724418554,19.00726890563965,30072400
2001-12-06,18.921410865619468,18.939808380663774,18.295909389981862,18.409358978271484,29728200
2001-12-07,18.329640923647254,18.335773429779785,17.31473513666045,17.46804428100586,33465200
2001-12-10,17.339260237523447,18.01382056052974,17.231944327578315,17.48643684387207,23118800
2001-12-11,17.477245990091998,18.121144058706598,17.446584622884135,17.639753341674805,23313800
2001-12-12,17.75319763671789,17.915704939448638,17.118497935134382,17.682674407958984,22571600
2001-12-13,17.35459680414351,17.477244602550158,16.8640079498291,16.8640079498291,23683200
2001-12-14,16.962128887326067,17.247284077649038,16.78735650224506,17.121570587158203,19307400
2001-12-17,17.139963444914272,17.24727938209603,16.348887669153925,16.41021156311035,30373000
2001-12-18,16.78122685598409,16.802690052923975,16.3151666930702,16.43474769592285,25106000
2001-12-19,16.06985564776598,16.58803985030757,15.974803609340116,16.02999496459961,21482800
2001-12-20,15.92576364713955,15.944161177266652,15.1377542363741,15.196012496948242,30375400
2001-12-21,15.395305576876291,15.668195694715555,15.223600066140252,15.327850341796875,30459600
2001-12-24,15.389166617647966,15.668189125259808,15.346240257962387,15.367703437805176,5218400
2001-12-26,15.441297392232904,15.962548723238154,15.435164886026259,15.517951965332031,12261200
2001-12-27,15.597673084648694,16.017741011028452,15.597673084648694,16.005475997924805,14290200
2001-12-28,16.143454985771214,16.333558016313166,15.806174132606262,15.882828712463379,14839200
2001-12-31,15.790841650254656,15.867496221372397,15.327848555352109,15.484223365783691,14681400
2002-01-02,15.628334105155485,15.959481239318848,15.260391935241593,15.959481239318848,18612800
2002-01-03,15.962544048098726,16.355014973128732,15.836830631821575,15.938014030456543,22240000
2002-01-04,16.088260947248177,16.12198914398003,15.266523892830877,15.456626892089844,38927400
2002-01-07,15.453559204541255,15.459690539822269,14.44171811343889,14.472380638122559,40064600
2002-01-08,14.365067539270488,14.895518251648701,14.245486583986814,14.775936126708984,56385400
2002-01-09,15.070287362242997,15.104014387023726,14.101373745016147,14.168828964233398,45937000
2002-01-10,14.306807533554244,14.453984153559102,13.951130409461888,14.31600570678711,49996800
2002-01-11,14.190297352548969,14.41106294644406,14.119775269978309,14.260819435119629,23483000
2002-01-14,14.168831236488344,14.644089363337693,14.12897169999454,14.457053184509277,26820800
2002-01-15,14.395734377963596,14.496917843598089,14.15043988739592,14.273086547851562,36854000
2002-01-16,14.153503709894082,14.291482208351026,13.93273811236297,13.951135635375977,28107000
2002-01-17,14.162698574456854,14.536773267312476,14.04618446492475,14.493846893310547,23851400
2002-01-18,14.165768448176857,14.322143296932133,13.751832960901924,13.782495498657227,25815400
2002-01-22,13.840747026790112,13.843813864166393,12.651067940091378,12.693995475769043,37067800
2002-01-23,12.8779626327894,13.53412530360094,12.672529028415232,13.350154876708984,33356600
2002-01-24,13.678237646425549,13.797818553410213,13.368552619441889,13.402280807495117,37546000
2002-01-25,12.828910109477333,14.214825008042647,12.825844441032608,14.119772911071777,56492200
2002-01-28,14.288416925241044,14.365071524989453,13.537202783431722,13.91740894317627,29880400
2002-01-29,14.036983622533985,14.116705025448077,13.178452725160943,13.239776611328125,28530400
2002-01-30,13.386958443945671,13.721172525429536,13.184590359630615,13.702775001525879,31119400
2002-01-31,13.644514958852795,13.705838855520422,13.310300950153081,13.506536483764648,19762400
2002-02-01,13.442144054036852,13.488137259150255,12.914760292601217,13.019010543823242,19889400
2002-02-04,13.000612558890527,13.199913693398281,12.448698845716697,12.506957054138184,24413600
2002-02-05,12.243268170766767,12.644938543786916,11.988774433672734,12.206474304199219,33471400
2002-02-06,12.322988408907312,12.602011000471038,11.896789181429794,12.448701858520508,26281600
2002-02-07,12.418040545325157,12.510025796914897,11.973443798042823,11.991841316223145,25089800
2002-02-08,12.111424511966195,12.307660063749271,10.605928499163731,11.485922813415527,113367200
2002-02-11,11.89985812792004,12.6664039735039,11.878394937816184,12.657204627990723,52587400
2002-02-12,12.470167694500516,12.644941229543708,12.35365356401329,12.41804313659668,25137800
2002-02-13,12.556022383164386,12.908632803998675,12.510029160176492,12.847310066223145,21881000
2002-02-14,12.877971594458716,12.877971594458716,12.273933028714339,12.280065536499023,19634800
2002-02-15,12.289257552275114,12.464029826087375,11.240622739745978,11.467520713806152,40053600
2002-02-19,11.317278783309893,11.682154054669878,11.007594886731178,11.442992210388184,35042400
2002-02-20,11.639227285043674,11.676022313388897,10.559931016353096,11.010660171508789,46179400
2002-02-21,10.943209646085878,10.96160717010498,9.958964919361796,9.965097427368164,53571600
2002-02-22,10.032551192297483,10.290110612162156,9.514366099375938,10.026418685913086,59226400
2002-02-25,10.710174457956887,11.022925180957197,10.517004652939349,11.010660171508789,53386400
2002-02-26,11.222227384430239,11.268220589392115,10.455681766104245,10.661116600036621,44648000
2002-02-27,10.87268003730821,10.937069572349081,10.293171882629395,10.293171882629395,27107800
2002-02-28,10.437286592275736,10.694845995751425,10.133733978671703,10.19505786895752,23921600
2002-03-01,10.363698060325445,11.056656056901423,10.265580300224487,11.029060363769531,29224800
2002-03-04,11.11798433588947,11.939721864636919,11.114918666078744,11.918258666992188,33465400
2002-03-05,11.620832675568776,12.126752109466969,11.55950878882649,11.915185928344727,30854400
2002-03-06,11.98877204040282,12.402707342865236,11.927449331583821,12.249398231506348,31665800
2002-03-07,12.439504047546656,12.733857327969831,12.200342153409823,12.70626163482666,29273200
2002-03-08,13.06193519752852,13.521862509690166,13.003678159064075,13.429877281188965,35033400
2002-03-11,13.340966407076746,13.690512374436826,12.923966355031773,13.383893966674805,23977800
2002-03-12,12.767584245056485,13.092600023916775,12.709327196341084,13.055806159973145,23590400
2002-03-13,12.83810962157468,12.893301016576219,12.448704187799905,12.562153816223145,21610000
2002-03-14,12.694000704747465,12.844243047712768,12.387382341537682,12.393513679504395,22304400
2002-03-15,12.454839431597039,12.874907493591309,12.393515515937048,12.874907493591309,25970600
2002-03-18,13.101795121579517,13.49120036333443,13.065001266273985,13.402280807495117,28936400
2002-03-19,13.454418923869016,13.460551433688327,13.080344012487604,13.196859359741211,20375200
2002-03-20,12.721596761995972,12.877971616981997,12.313793766023203,12.329124450683594,22534600
2002-03-21,12.14821757417538,12.816645608829651,11.964247049079518,12.80744743347168,30621000
2002-03-22,12.697063822904008,12.77985090469756,12.326055958672757,12.408843040466309,17770000
2002-03-25,12.402706226127371,12.55908099098497,12.10222053527832,12.10222053527832,18076000
2002-03-26,11.970379047539739,12.556019970134404,11.829334906312045,12.224871635437012,23613000
2002-03-27,11.783341884816165,11.896790333340581,11.513517441353732,11.611635208129883,30071200
2002-03-28,11.731214953422054,11.768009989410398,11.384737136951216,11.541111946105957,20250200
2002-04-01,11.375534540033334,12.142080025740583,11.283549315679581,12.062359809875488,25126800
2002-04-02,11.804798248371283,12.096085711807621,11.421525577969618,11.427658081054688,20257600
2002-04-03,11.774142495408457,11.829333879735053,11.360207112958985,11.541111946105957,24533600
2002-04-04,11.26822604583682,11.452196615457328,10.983070844165583,11.222232818603516,31288200
2002-04-05,11.234491330491666,11.406197953802332,10.91254243523289,11.010660171508789,18313200
2002-04-08,10.710175996587482,11.13330952609973,10.590595061425638,11.075051307678223,22611000
2002-04-09,11.283554540761855,11.40620234313184,10.716311086526964,10.73164176940918,20154800
2002-04-10,10.869619734350668,11.12717917127379,10.713243735331591,10.823626518249512,19937800
2002-04-11,10.700983038748321,10.731644412063078,10.492482425170012,10.621261596679688,15160400
2002-04-12,10.679510077454053,11.081179080984464,10.455677812248814,10.949333190917969,22892400
2002-04-15,11.035196902531014,11.176241088010363,10.563004278458699,11.099586486816406,24249600
2002-04-16,11.458323300271658,12.154346845368105,11.442992622204182,12.148214340209961,29353600
2002-04-17,12.270862724417425,12.372046140502729,11.927450605790476,12.20340633392334,27450400
2002-04-18,11.666826111916793,12.111422882023538,11.559510174495436,11.77414321899414,21469600
2002-04-19,11.918250422817485,11.918250422817485,11.42459487915039,11.42459487915039,14485000
2002-04-22,11.038257178774819,11.053587857591953,10.584462301783885,10.740837097167969,28149000
2002-04-23,10.636586308165823,10.826690458825608,9.735129105028257,9.88843822479248,51037600
2002-04-24,10.31157719256297,10.391297462478997,9.594090084693203,10.207326889038086,61125800
2002-04-25,9.759658194465178,10.179725425036871,9.750459437067716,9.934431076049805,34710400
2002-04-26,10.008022366490565,10.25638364137942,9.379455007439168,9.397851943969727,27146800
2002-04-29,9.403982608881929,9.670740768044352,8.757017855210039,8.959385871887207,34277600
2002-04-30,9.0268422811972,9.428512062209416,8.968584644540664,9.247607231140137,29371800
2002-05-01,9.124958612888165,9.321194093328385,8.815274129801029,9.131091117858887,26505600
2002-05-02,9.103494455928876,9.106560708086043,8.661964087369581,8.717155456542969,25236800
2002-05-03,8.674231003456143,8.71102486777748,8.036464450388365,8.229634284973145,40977600
2002-05-06,8.171378284190252,8.416673296285005,8.060996084334256,8.110054969787598,21685600
2002-05-07,8.208169972378176,8.343081569460086,7.552006577290618,7.604131698608398,41761600
2002-05-08,8.165245384290118,9.060570877961654,7.93528165048573,9.02377700805664,44238200
2002-05-09,8.870468617541752,8.974718899314155,8.306290828477476,8.689563751220703,38446000
2002-05-10,8.763154874386501,8.901133404468988,8.131521060201882,8.217373847961426,37510600
2002-05-13,8.769282270673623,8.968584020837767,8.352281253841873,8.919525146484375,34209600
2002-05-14,9.361055603783846,9.578754285700072,9.1832170379833,9.407048225402832,36657600
2002-05-15,9.229208547648819,10.19199015703758,9.14335523543002,9.833246231079102,43400200
2002-05-16,9.762728383369467,9.980427132770513,9.58182350873824,9.916037559509277,28697800
2002-05-17,10.271714420435504,10.41275857653595,9.637014548327354,9.962030410766602,31691000
2002-05-20,9.762728322150695,9.919103166184005,9.621683576875903,9.778059005737305,19849600
2002-05-21,10.017222776233359,10.25945159802093,9.897641784875454,10.00189208984375,33245600
2002-05-22,9.860842295987476,9.998820734341763,9.284400277055065,9.618614196777344,29454200
2002-05-23,9.532761339545816,9.885372791218796,9.400915399852845,9.710599899291992,24982800
2002-05-24,9.572626469916864,9.64621481752445,9.459177986665743,9.5082368850708,11827800
2002-05-28,9.633949470820683,9.75659670519086,9.324264838518395,9.63088321685791,20174000
2002-05-29,9.336525722087462,9.627812701691502,9.324260711664781,9.548091888427734,20171800
2002-05-30,9.354922843664877,9.661541092550015,9.290532707288492,9.560357093811035,19351600
2002-05-31,9.735133734740607,10.103076031087264,9.652346630338386,9.70140552520752,30388000
2002-06-03,9.95283423454572,10.152136687464433,9.511304104113162,9.557296752929688,25463200
2002-06-04,9.394780925775448,10.011084127681046,9.394780925775448,9.946693420410156,29882800
2002-06-05,9.931369820889772,10.078546513005744,9.701406020147997,10.069348335266113,22340600
2002-06-06,9.909899996952204,9.949760689918895,9.351854974040899,9.431575775146484,31421000
2002-06-07,8.84594258195327,9.612488722766754,8.803015600384475,9.465312004089355,37571600
2002-06-10,9.431578603185361,9.903770462300734,9.13722474277814,9.655409812927246,33652400
2002-06-11,9.722867907173956,9.98962672231494,9.508235406240988,9.600220680236816,30480400
2002-06-12,9.382517012606542,10.17052510616045,9.293597454120048,10.118400573730469,46934000
2002-06-13,9.983491682957753,10.425021587959924,9.922167792626805,9.931365966796875,42372200
2002-06-14,8.69569288375327,9.305863069788693,8.493324905865256,9.170950889587402,83128200
2002-06-17,9.216945272172321,9.256805975812707,8.864334369466828,8.959385871887207,42778400
2002-06-18,8.89806287575166,9.097364646381015,8.821408303599759,8.855135917663574,26764400
2002-06-19,8.827542209333812,9.008446490252867,8.576114681556339,8.625173568725586,30120400
2002-06-20,8.471862886897549,8.554649963519013,8.036464902418833,8.073259353637695,43284200
2002-06-21,8.340017860110299,8.508657688473168,7.892354845182779,8.008870124816895,59071600
2002-06-24,7.923020430223128,8.496396577836448,7.772777466815675,8.217373847961426,42759400
2002-06-25,8.401343203464886,8.447335841903078,7.972077603328223,8.082460403442383,35010800
2002-06-26,7.628663110361715,8.370679425949378,7.509082159508381,8.303223609924316,43684000
2002-06-27,8.465733903068694,8.554652931722186,7.9874087953991175,8.419740676879883,33418400
2002-06-28,8.450398233437008,8.60064109557343,8.303221623772087,8.428935050964355,21931600
2002-07-01,8.355349789910205,8.582247292007297,8.097790336756086,8.103922843933105,23074000
2002-07-02,7.818764688699928,7.883154234830678,7.432425657431883,7.604131698608398,37663800
2002-07-03,7.518280972798572,8.168311451362284,7.518280972798572,8.088590621948242,26193400
2002-07-05,8.340018331688503,8.77541635871454,8.064061382650294,8.750886917114258,14726600
2002-07-08,8.707958695539935,8.86126782956292,8.235766866859668,8.327752113342285,27555200
2002-07-09,8.41360646940608,8.671165892896022,8.355348827590307,8.441202163696289,23528600
2002-07-10,8.536257070429727,8.554654012332223,8.094726370972124,8.097792625427246,23689800
2002-07-11,8.021135259610762,8.60984246145504,7.999672070635549,8.557717323303223,30485400
2002-07-12,8.612906076925457,8.821406565673945,8.364545475835223,8.619038581848145,29567800
2002-07-15,8.487194960791994,9.04217394117553,8.244966213849711,9.008445739746094,31238000
2002-07-16,8.818338930605007,9.321192558866871,8.81220642664382,9.149486541748047,36736400
2002-07-17,9.535830120075792,9.624749131106748,9.06977012104415,9.189351081848145,41099800
2002-07-18,9.247607270775118,9.566490562442928,9.20161464577671,9.311997413635254,33492400
2002-07-19,9.167888463345623,9.440779190007884,9.063638178522393,9.195484161376953,26307000
2002-07-22,9.13109431932895,9.434646403874329,8.842872917757635,9.036042213439941,37770000
2002-07-23,8.996179037361804,9.121892466585662,8.573045546702291,8.591443061828613,32794600
2002-07-24,8.53011690292899,8.94711777717817,8.25416068284021,8.922588348388672,42608800
2002-07-25,8.208174694104244,8.389079596576336,7.726783900512749,7.864761829376221,60369200
2002-07-26,8.462662508548862,8.481059436952691,7.831029174957838,7.9690070152282715,46448200
2002-07-29,8.324687738606933,8.66503428006814,8.186709837753952,8.625173568725586,32944400
2002-07-30,8.548516768044491,8.563848031827483,8.162178277959747,8.456531524658203,36436800
2002-07-31,8.395209898071814,8.432004356223322,8.202040601053595,8.425871849060059,19353000
2002-08-01,7.89542780298318,8.082465308956245,7.680794580232827,7.852501392364502,39902600
2002-08-02,7.806502641743838,7.904621001624225,7.631730281828389,7.8340983390808105,23451000
2002-08-05,7.745175766702903,7.827962820682373,7.116608108685346,7.282182216644287,29918800
2002-08-06,7.404831253684814,7.999670873298412,7.389500573805124,7.720648288726807,30236600
2002-08-07,7.94754293663971,7.972072366682546,7.162600590441197,7.668520450592041,30726600
2002-08-08,7.5550745876575345,8.024200788676445,7.460023080135476,7.984340667724609,25655600
2002-08-09,7.806502131931315,8.15604741376283,7.696119934620128,7.9414143562316895,21595600
2002-08-12,7.754376163290916,7.9782073552484905,7.696118529484174,7.91688346862793,18501000
2002-08-13,7.901554399065357,8.3860113306104,7.86475994263179,8.070194244384766,33673600
2002-08-14,8.033400245423419,8.594511749550554,7.855561642607935,8.508658409118652,31037000
2002-08-15,8.530121728191373,8.787681168589465,8.340018693743476,8.729423522949219,30105600
2002-08-16,8.65276700546338,8.980849031840073,8.523987314078747,8.919525146484375,19193400
2002-08-19,8.8888604389067,9.238404956154998,8.824470905656847,9.167882919311523,19819800
2002-08-20,9.05443757950145,9.094297696642629,8.873532756295019,8.980849266052246,19372000
2002-08-21,8.879664861157877,9.072834699689889,8.569980921618134,8.962451934814453,28561800
2002-08-22,9.054438736281801,9.407049669252038,8.95938664087511,9.275203704833984,22731400
2002-08-23,9.13109316337649,9.256806619298905,8.894996932564931,9.039107322692871,17544000
2002-08-26,9.16481666751471,9.269066889295384,8.845934083406798,9.167882919311523,16346400
2002-08-27,9.244542822103806,9.272138519454439,8.594512269646426,8.763152122497559,19649400
2002-08-28,8.67729698805145,8.842871138022245,8.34001735187915,8.37374496459961,18235800
2002-08-29,8.278693147584363,8.830605790158817,8.217369260708123,8.701826095581055,22263600
2002-08-30,8.591448195221032,8.747823658261938,8.450403419117617,8.4963960647583,14370200
2002-09-03,8.398271782617856,8.462661904678283,8.079389178785497,8.244962692260742,20643600
2002-09-04,8.220435775463676,8.474928919901549,8.048729705498205,8.3154878616333,26485000
2002-09-05,8.177510087757582,8.392143131777088,8.048730378311479,8.205105781555176,21889600
2002-09-06,8.355348645380316,9.014577871077751,8.355348645380316,8.726356506347656,36641000
2002-09-09,8.738620503422496,9.226143588820722,8.695694133708514,9.155621528625488,34339400
2002-09-10,9.029906125593715,9.210810908409853,8.876597027263282,9.066699981689453,32763200
2002-09-11,9.17094991244183,9.526626962034898,8.916456841011831,8.956316947937012,28566000
2002-09-12,8.901129950546691,8.968585769729644,8.588379126935854,8.634371757507324,29638800
2002-09-13,8.60064419196918,8.845939214549455,8.554651557994148,8.763152122497559,22273400
2002-09-16,8.640498797196479,8.72328583074101,8.312417499254435,8.379873275756836,26239000
2002-09-17,8.554651295250647,8.60064392781308,8.217371015079376,8.266429901123047,27689800
2002-09-18,8.18057373876964,8.514787626382887,7.91994814959952,7.9690070152282715,29700800
2002-09-19,7.757440778604043,8.508655656041553,7.696117485132883,7.886220455169678,36628400
2002-09-20,8.336949415643875,8.61903819636471,8.202037237517956,8.60983943939209,65288800
2002-09-23,8.419737611077112,8.554649816795056,8.352281800632117,8.413605690002441,26904600
2002-09-24,8.281760317780076,8.615974310137762,8.272561558281316,8.444268226623535,29343200
2002-09-25,8.658902560515214,8.827543012222355,8.523990316115125,8.692630767822266,34427000
2002-09-26,8.87659927474486,9.0299084118919,8.588377933156599,8.827540397644043,34016600
2002-09-27,8.738624008992073,9.026845455847555,8.720227069567132,8.77235221862793,22914200
2002-09-30,8.585314313711882,8.70182903635931,8.435071383401299,8.468799591064453,24364000
2002-10-01,8.646635419842244,9.137224182386197,8.539318908725278,9.128026008605957,33711000
2002-10-02,9.026842158969608,9.220011414450584,8.714091378830936,8.827540397644043,42211200
2002-10-03,8.894992667897023,9.152551962600608,8.864330735703222,8.922588348388672,30012600
2002-10-04,9.0697697988708,9.158689391571233,8.849004821037354,8.971652030944824,30755400
2002-10-07,8.904199261227086,9.18015572423591,8.79688269649359,9.042177200317383,30279800
2002-10-08,9.121897792234048,9.180155454490972,8.379881208934822,8.799948692321777,45208000
2002-10-09,8.606776208054576,8.83060744283613,8.523989120726153,8.557717323303223,31630600
2002-10-10,8.640501510724205,9.183215899072902,8.591442642437888,9.170950889587402,37961800
2002-10-11,9.318127884897773,9.738195120132481,9.290532197226916,9.618614196777344,43647400
2002-10-14,9.468374339191326,10.087744128010334,9.40091851309623,10.04175090789795,33496200
2002-10-15,10.412757188409042,10.857353957388339,10.391294000979201,10.835890769958496,52726200
2002-10-16,10.428085927776612,10.700977146504997,10.308505000174526,10.474079132080078,34709000
2002-10-17,10.92174193920231,11.160904973985186,10.860418054138602,11.035191535949707,40691400
2002-10-18,10.728578497755182,11.114917173123919,10.584467473220496,11.099586486816406,34668200
2002-10-21,11.01985731470414,11.360203692353092,10.719371629212375,11.311144828796387,33349000
2002-10-22,11.090383301001939,11.375538412325765,10.992265539004062,11.332612037658691,25275600
2002-10-23,11.191571806713512,11.280491425073429,10.817496977514137,11.197704315185547,37240000
2002-10-24,10.848155416346556,11.191567573283365,10.783764686575443,10.851221084594727,31911400
2002-10-25,10.918681612818123,11.237565035425577,10.897218417994198,11.197704315185547,27650400
2002-10-28,11.114913000863616,11.222228934388884,10.759235831622219,10.851221084594727,29605200
2002-10-29,10.348364057839373,10.47101180342415,9.824047226292853,10.32996654510498,56098000
2002-10-30,10.394360501922502,10.45875006212403,10.1245360791394,10.3146390914917,36887600
2002-10-31,10.431156799762533,10.789899721322914,10.409693608027617,10.584465980529785,34936800
2002-11-01,10.440355142514262,11.0351955219402,10.271715274917023,10.937076568603516,27855400
2002-11-04,11.019859622278956,11.237559471450599,10.823624126960135,10.946271896362305,34441400
2002-11-05,10.82362580861975,10.946273597077626,10.817493302231258,10.924810409545898,27863400
2002-11-06,11.041326498878387,11.041326498878387,10.612061501729096,10.992267608642578,27287200
2002-11-07,10.805231838271238,10.851223891827752,10.5476723615235,10.713245391845703,30577600
2002-11-08,11.065851585946223,11.087314767733735,10.621254933844346,10.651917457580566,49730800
2002-11-11,10.532339042165257,10.56913408347931,10.08774340468663,10.112272262573242,34366600
2002-11-12,10.253310929805933,10.74390069145002,10.241047092247817,10.57219409942627,32656800
2002-11-13,10.48021391315718,10.891082494707712,10.348367946488692,10.771501541137695,36637200
2002-11-14,10.958537482409701,11.718950651509518,10.952404976652137,11.712818145751953,46916000
2002-11-15,11.504316824465867,12.20647289427189,11.495118651300412,12.093023300170898,58749600
2002-11-18,12.237136152912719,12.264731846353252,11.749613015233937,11.771076202392578,35818800
2002-11-19,11.65149203526013,11.669889549023418,11.252888594300783,11.347939491271973,36166600
2002-11-20,11.387804913109935,12.093026858246729,11.375539898843453,12.004108428955078,37288400
2002-11-21,12.181944468011542,12.500827768932973,12.132885588612549,12.460967063903809,44574800
2002-11-22,12.295390277445915,12.473229408264158,12.21873572167716,12.47322940826416,32546400
2002-11-25,12.46710277587112,12.87797143511091,12.28926473094084,12.847310066223145,30382800
2002-11-26,12.605074256635,12.779846535225271,12.329117411673732,12.365912437438965,27549800
2002-11-27,12.644939341390044,12.871836230800447,12.44870264478796,12.78904914855957,21725800
2002-11-29,12.801312697259267,12.838106561939362,12.556018316632178,12.638805389404297,8551200
2002-12-02,12.877969492607717,13.150859611377527,12.70932964985002,13.0895357131958,29784200
2002-12-03,12.816643473823579,12.825842817305189,12.427238129903904,12.513092041015625,26763600
2002-12-04,12.295393149170055,12.418040934908078,12.02863556029422,12.258599281311035,30910200
2002-12-05,12.402710544648784,12.414975557441098,11.915187397886253,12.135952949523926,24688600
2002-12-06,12.362856150920509,12.902505292790993,12.356723641392822,12.718533515930176,41959600
2002-12-09,12.479363081153553,12.485495586547739,11.982641840782478,12.016368865966797,30479200
2002-12-10,11.948920303352686,12.304597626792567,11.82933930568031,12.145155906677246,26046000
2002-12-11,12.00717624181247,12.329125321033107,11.927455974156981,12.12369155883789,21406600
2002-12-12,12.016371413856682,12.093025993053752,11.672959226557499,11.807870864868164,26806000
2002-12-13,11.617767462650619,11.7373484152106,11.409266920361826,11.531914710998535,25384200
2002-12-16,11.620836106897398,12.077696800231934,11.574842885846126,12.077696800231934,24684600
2002-12-17,12.047036960468388,12.243272545149297,11.896793433015372,12.12369155883789,21147000
2002-12-18,11.936653071592879,11.988777632332644,11.574843306454387,11.758813858032227,26603800
2002-12-19,11.80786952391389,12.031701899047263,11.375537793126169,11.541111946105957,28300400
2002-12-20,11.51351929781467,11.804806976623642,10.986136508770707,11.553380012512207,31139200
2002-12-23,11.577902388151127,11.985705143990556,11.562571712518153,11.95504379272461,19391800
2002-12-24,11.83546022875354,12.016364985669375,11.771070697390808,11.792533874511719,7738400
2002-12-26,11.86612725753941,12.139017330110526,11.452191892131646,11.672957420349121,14171200
2002-12-27,11.55950397324529,11.709746205035737,11.351003546974354,11.427658081054688,12862800
2002-12-30,11.412335345869964,11.584040873058006,11.14557653957795,11.283555030822754,17673400
2002-12-31,11.222230296691382,11.317282399106693,10.986135214275453,11.157840728759766,14221000
2003-01-02,11.228358605934158,11.396998388753184,11.075049499797652,11.387800216674805,31695600
2003-01-03,11.173168749203763,11.191566265510833,10.854286654138585,10.946271896362305,32266000
2003-01-06,10.921743368420541,11.498186092003314,10.909479525527612,11.458325386047363,29093200
2003-01-07,11.482853092164358,11.626962866714868,11.246756911729847,11.42459487915039,28619800
2003-01-08,11.375536798199688,11.406199325508172,11.068918543049769,11.228360176086426,24328000
2003-01-09,11.427664089250847,11.942782922671428,11.366340195813924,11.85999584197998,34328800
2003-01-10,11.648434111684061,11.945853179153282,11.574845177364569,11.789478302001953,28336800
2003-01-13,11.988778435245445,12.114491926829377,11.639233662044086,11.866131782531738,30118800
2003-01-14,11.869195086889551,12.123688858221497,11.866129418286457,12.056232452392578,23115200
2003-01-15,12.111421126384592,12.14208248415868,11.663758752810306,11.764942169189453,21804400
2003-01-16,11.722017321793404,12.237136152912719,11.605502041749373,11.771076202392578,29799800
2003-01-17,11.571777028013274,11.571777028013274,11.26209183992425,11.283555030822754,24722600
2003-01-21,11.338744543990558,11.590171455317117,11.311148850325155,11.332612037658691,24266400
2003-01-22,11.31420949830829,11.577900108377303,11.225289959628151,11.249818801879883,29224800
2003-01-23,11.63616218336715,11.973441772010247,11.568705797776236,11.630029678344727,47293800
2003-01-24,11.602438395109372,11.62083591716074,11.26209183992425,11.283555030822754,24940600
2003-01-27,11.05972540342077,11.43380021925036,11.053592895167917,11.154777526855469,25805400
2003-01-28,11.32647575105374,11.396997795849098,11.154770309693076,11.372468948364258,21826400
2003-01-29,11.249825901801367,11.728150908968836,11.114914260133864,11.654561996459961,29270800
2003-01-30,11.706681992946136,11.789469040398325,11.439924508703868,11.510446548461914,27340400
2003-01-31,11.32954537964785,11.743479578814389,11.298882850666995,11.54724407196045,28501200
2003-02-03,11.55644602063565,11.62390243677168,11.320349733815817,11.449130058288574,23488600
2003-02-04,11.271291715146074,11.35714566133782,11.096519323109685,11.222232818603516,22234400
2003-02-05,11.32341353169573,11.495120194996323,11.06891978982106,11.12411117553711,21304200
2003-02-06,11.099585383017292,11.298886624508222,11.08425469823434,11.216100692749023,20487600
2003-02-07,11.255953821182015,11.326475866697404,11.071983369372788,11.111844062805176,21921800
2003-02-10,11.19156581007005,11.550308591040269,11.170102626746488,11.534977912902832,28098400
2003-02-11,11.789474332087165,11.884525260241459,11.415399617101517,11.544179916381836,40392400
2003-02-12,11.495120824467579,11.728150222741375,11.148641810645,11.209965705871582,39986200
2003-02-13,11.209965575824514,11.222229419002746,10.130669009188054,10.39742660522461,80449000
2003-02-14,10.452614017735378,10.63965129852295,10.004951746455477,10.63965129852295,55750000
2003-02-18,10.7285744705167,10.90334680206125,10.645787391944655,10.851221084594727,30112000
2003-02-19,10.783763386521322,10.90027865005632,10.670314960520718,10.897212982177734,21300400
2003-02-20,10.731636520481679,10.851217425993587,10.559929915077973,10.63965129852295,29254600
2003-02-21,10.615129126333818,10.894151835266573,10.504746310552697,10.799100875854492,32724600
2003-02-24,10.716306945022364,10.927873094208206,10.63965239057965,10.786828994750977,21076200
2003-02-25,10.664182267861378,10.700977299693195,10.42502040923352,10.661116600036621,25100200
2003-02-26,10.615124431442137,10.651919466866296,10.244116596667803,10.262514114379883,27003200
2003-02-27,10.274779427379526,10.523140688594262,10.19199350996402,10.49247932434082,28854200
2003-02-28,10.529273444624508,10.820561090551836,10.45261886252027,10.602862358093262,26790400
2003-03-03,10.707107865367655,10.888012665069503,10.397423972482649,10.428085327148438,24348200
2003-03-04,10.394359909337537,10.642719961571778,10.253314614998516,10.562999725341797,24821000
2003-03-05,10.566067839303276,11.035194700358137,10.566067839303276,10.881885528564453,34173000
2003-03-06,10.67338318789203,10.838956176979371,10.612059295432738,10.725507736206055,26919800
2003-03-07,10.54766715917953,10.851218539765494,10.486343281694225,10.786828994750977,23433800
2003-03-10,10.814428917602376,10.814428917602376,10.431155995244719,10.498612403869629,27088000
2003-03-11,10.544603758774487,10.722442944479045,10.464883510819517,10.587530136108398,23180000
2003-03-12,10.513834517621804,10.808614629083115,10.455491815257226,10.784049034118652,24237200
2003-03-13,11.01127663789961,11.57627246470041,10.977499528856026,11.573201179504395,42897400
2003-03-14,11.619261332958725,11.643825758287132,11.333692713984242,11.508718490600586,38321000
2003-03-17,11.32140660264788,12.267160713752965,11.318336489637286,11.981592178344727,41681200
2003-03-18,11.969316051870281,12.073717522670686,11.7635843963429,12.052223205566406,24989000
2003-03-19,12.006161952243408,12.076787467861575,11.778936004840583,12.012303352355957,25721800
2003-03-20,11.656103484370043,11.975449074138112,11.542490577542567,11.855694770812988,34740200
2003-03-21,12.128986509533435,12.141269308642299,11.914042210537087,12.039937973022461,30202000
2003-03-24,11.6683911193605,11.914041224445038,11.576272476372809,11.705238342285156,23169800
2003-03-25,11.699100464554089,11.966246132384354,11.594698992050324,11.901762008666992,23284800
2003-03-26,11.874118998581544,11.898684587074658,11.714447358783227,11.800424575805664,18200000
2003-03-27,11.637684459209405,11.671460394507845,11.505647317586007,11.545564651489258,24235800
2003-03-28,11.514860153198242,11.597767286863528,11.33062285928793,11.514860153198242,18536800
2003-03-31,11.28456026315689,11.327548876743094,11.04505160383269,11.0542631149292,24372600
2003-04-01,11.20779231218081,11.250780917194831,10.989778003123055,11.038908004760742,22588200
2003-04-02,11.146385008074438,11.16787932116968,10.381798907738599,10.49541187286377,62289800
2003-04-03,10.609024989970843,10.84546360875788,10.440140596937882,10.538400650024414,38932000
2003-04-04,10.676578222039915,10.701142647349185,10.430928112186608,10.52918815612793,24924200
2003-04-07,10.995922570953512,11.131029821583958,10.480056819307118,10.498479843139648,27801400
2003-04-08,10.237478895300647,10.424787483963323,9.884356030967517,9.948840141296387,47752200
2003-04-09,9.97954239913903,10.056308109901638,9.555795933426827,9.89356517791748,48647800
2003-04-10,9.844438827669984,10.022534733709382,9.764601802855733,9.921204566955566,21925600
2003-04-11,10.087020245038339,10.111585850121227,9.629496978218484,9.789169311523438,18284200
2003-04-14,9.773812859795111,10.225195147799882,9.718541439697374,10.151500701904297,27603800
2003-04-15,10.056311034576286,10.283538119912793,10.028675323810388,10.157642364501953,22564600
2003-04-16,10.28046446553066,10.344947385340488,10.01639021714543,10.047097206115723,23756200
2003-04-17,9.84137052119823,10.188352095781623,9.776887561803397,10.114656448364258,31396200
2003-04-21,10.142291164382426,10.320388278031693,10.013325258376375,10.096232414245605,25597400
2003-04-22,9.991828695669218,10.215984509090285,9.970334382831046,10.19756031036377,32525000
2003-04-23,10.351092746770044,10.378728461749633,10.077806882723163,10.126936912536621,39451000
2003-04-24,10.255900178831862,10.40943161162065,9.927343006372004,10.019461631774902,51229200
2003-04-25,9.918132291888355,9.93962660303564,9.439114290527566,9.555798530578613,40181600
2003-04-28,9.525094188633487,9.654060669191091,9.414551323676632,9.537376403808594,30257200
2003-04-29,9.638708623063115,9.887430106759853,9.534307142772791,9.792240142822266,26608800
2003-04-30,9.733898457115718,9.961124447369835,9.67862701703174,9.789169311523438,25550200
2003-05-01,9.807589711671111,9.99796897749514,9.657128952948977,9.890496253967285,21863600
2003-05-02,9.887425556018902,9.90277846665805,9.650986983849632,9.859789848327637,25309800
2003-05-05,9.844439002299946,10.123866251402125,9.77995547560461,9.973404884338379,21879000
2003-05-06,9.822941932612613,10.123864014576503,9.783024013993195,10.080875396728516,23542600
2003-05-07,10.062449766464514,10.133074081622697,9.700115508625617,9.807587623596191,31032800
2003-05-08,9.611067402736133,9.65098590300893,9.248733715417409,9.331640243530273,49770400
2003-05-09,9.485168746896415,9.592640833180463,9.365414454403885,9.552722930908203,30747800
2003-05-12,9.402267067325381,9.586504354688417,9.362348558900951,9.555798530578613,29087200
2003-05-13,9.48210131332669,9.675551252372102,9.457536306776982,9.632562637329102,28375600
2003-05-14,9.644845784457384,9.68783440367537,9.386912897797457,9.469820022583008,22461400
2003-05-15,9.187323316059755,9.356207701139187,9.082921868153024,9.282512664794922,47250600
2003-05-16,9.20881628798468,9.534302797545308,9.199604190154057,9.30400562286377,33473400
2003-05-19,9.549658224740435,9.608000351445021,9.294795989990234,9.294795989990234,36322400
2003-05-20,9.319361970383238,9.589577146980881,9.29786765454522,9.506669998168945,30666600
2003-05-21,9.426834922269155,9.749250858109367,9.420693521323798,9.635637283325195,24132400
2003-05-22,9.703190536416697,9.826015614462241,9.525094026831615,9.626424789428711,27204800
2003-05-23,9.457535746565778,9.546584256081209,9.38384073128193,9.488242149353027,20740000
2003-05-27,9.36234937615551,9.767672380817173,9.343925762946192,9.755390167236328,20397200
2003-05-28,9.718484361489654,9.8507290657397,9.610842804756523,9.653899192810059,17749000
2003-05-29,9.746162641594353,10.164426078907296,9.65082266834428,9.995275497436523,38179200
2003-05-30,10.0383352125318,10.401240814117104,10.032184130938965,10.31820297241211,35369200
2003-06-02,10.422766624351866,10.447370945084268,10.121370734571448,10.256690979003906,32764400
2003-06-03,10.18903102003376,10.751841341619022,10.121370314029534,10.665728569030762,48221200
2003-06-04,10.656496941178977,10.74876074525714,10.49042138991953,10.671874046325684,26302400
2003-06-05,10.533483852190434,10.856407940026626,10.515030611411744,10.733389854431152,23624000
2003-06-06,10.887165701161406,10.957901379680731,10.302825855029448,10.31820297241211,37706000
2003-06-09,10.136749001252003,10.591918427779236,10.090617654430247,10.21056079864502,28760000
2003-06-10,10.27515083211414,10.413547292302315,10.161358708492457,10.342811584472656,19709400
2003-06-11,10.195184904565336,10.398165905217732,10.010655975572975,10.339731216430664,27324400
2003-06-12,10.272068061308241,10.358180827374799,10.145973865340016,10.330501556396484,18516600
2003-06-13,10.305897537083027,10.435067863123018,10.056785264260547,10.145974159240723,16338000
2003-06-16,10.139822021055318,10.453520010748568,10.102915547069035,10.358180046081543,19476200
2003-06-17,10.441218028151933,10.456595139305353,10.219783873307868,10.385859489440918,20130200
2003-06-18,10.262842809361807,11.068616774268222,10.238239660029594,10.976351737976074,39526600
2003-06-19,11.108597861114237,11.742145134811205,11.062466512751058,11.354635238647461,61447400
2003-06-20,11.394615496888898,11.425370899138791,10.902540792876968,11.210087776184082,24853400
2003-06-23,11.06861655940419,11.194710776930554,10.92099297348189,11.071691513061523,17794000
2003-06-24,11.059390281951803,11.225465950179695,10.88101362486161,11.013258934020996,18620600
2003-06-25,11.013257856043062,11.056314245843618,10.831805089598836,10.86255931854248,20235200
2003-06-26,10.920994604320406,11.225466682603997,10.84103289210386,11.203938484191895,17593800
2003-06-27,11.179332178481815,11.33618179421742,10.951748071804722,11.074766159057617,17232000
2003-06-30,11.059382315918773,11.256212074324774,10.991722819715399,11.053231239318848,14189200
2003-07-01,10.902540200843022,11.197785007217682,10.825653459191377,11.083992958068848,17841000
2003-07-02,11.120897286271298,11.609896967042898,11.09321801478617,11.60682201385498,23431000
2003-07-03,11.456123508311784,11.637576249733788,11.311576071172661,11.520708084106445,13808200
2003-07-07,11.656029866935086,12.295726912468796,11.628350594524587,12.264972686767578,43747600
2003-07-08,12.092742629891973,12.191157532770585,11.972799540333549,12.145026206970215,24900600
2003-07-09,12.105053114443306,12.274203771818302,11.855939560215335,12.025090217590332,18209800
2003-07-10,11.932820367124817,11.991255033289715,11.622198491378967,11.735990524291992,21951000
2003-07-11,11.751371137414802,12.006635722475236,11.739068975272401,11.88361644744873,14206600
2003-07-14,11.966650878436917,12.166556850196038,11.720613571563062,11.800575256347656,22736600
2003-07-15,11.862085954211524,11.908218466716502,11.49918045364785,11.625274658203125,22701400
2003-07-16,11.683703799964368,11.72060908858004,11.379231942590646,11.477646827697754,17650000
2003-07-17,11.17318279862714,11.188559913609607,10.933295346745696,10.976351737976074,30797000
2003-07-18,10.994803341831576,11.071690078487741,10.844104821778155,10.914841651916504,15457600
2003-07-21,11.037860874620852,11.037860874620852,10.55808833883551,10.761069297790527,19843000
2003-07-22,10.887155150509251,11.339248064074022,10.828720518605262,11.14549446105957,23673400
2003-07-23,11.123971466189008,11.234688544433146,10.887161371631523,11.148575782775879,19169000
2003-07-24,11.25007004526946,11.619125513997549,11.179333201457895,11.44382381439209,31553800
2003-07-25,11.453046232105489,11.683706390186147,11.213158869926808,11.64064884185791,16544200
2003-07-28,11.75444714750511,11.914371734167618,11.708314626529845,11.87746524810791,23115600
2003-07-29,11.874391891830987,11.994335054665822,11.493033030295635,11.72676944732666,18204000
2003-07-30,11.723691954159316,11.82210690569821,11.385390704894212,11.483805656433105,13352200
2003-07-31,11.560691547837296,11.732918286775924,11.508407948810042,11.526861190795898,17741400
2003-08-01,11.520707683917413,11.548386954467713,11.210085801696001,11.225462913513184,16916400
2003-08-04,11.11474369792983,11.622196502884501,11.11474369792983,11.496102333068848,19388200
2003-08-05,11.50225887699608,11.505333830951116,11.056315468795123,11.07784366607666,16350200
2003-08-06,11.10244196979642,11.446895322304279,11.040933531961247,11.216235160827637,19432000
2003-08-07,11.11782178601941,11.409990425632273,11.090142515896272,11.197783470153809,19013800
2003-08-08,11.243916366534311,11.314652020804163,10.804124155605637,10.874859809875488,20599800
2003-08-11,10.816424167510283,11.262367417772241,10.810274261778313,11.034783363342285,18368400
2003-08-12,11.071685802590652,11.363855523687516,10.994799095628217,11.305420875549316,17800400
2003-08-13,11.40999957307217,11.659113203895771,11.216245700075389,11.634510040283203,28103200
2003-08-14,11.545314200431513,11.822105785456845,11.43459709714192,11.803653717041016,24289400
2003-08-15,11.791352390401057,11.840559864989949,11.640653839548287,11.797503471374512,8311600
2003-08-18,11.74521818437791,12.034313082654311,11.735992150840943,12.028162002563477,15819600
2003-08-19,12.022010186251176,12.141953307680785,11.686783967620439,11.895915985107422,18336800
2003-08-20,11.677560510957903,11.96665428211181,11.6591072677443,11.88361644744873,18368000
2003-08-21,11.988182479261635,12.006635722475236,11.683711592029104,11.88361644744873,16936800
2003-08-22,12.025090930849744,12.178864478165975,11.932827037099816,11.954355239868164,33529400
2003-08-25,11.88360847679881,12.009702621186868,11.862080294088505,11.988174438476562,11925200
2003-08-26,11.859010820484498,12.19731199638005,11.70523734540497,12.178858757019043,23926600
2003-08-27,12.160376048405519,12.65024174829177,12.092595519089118,12.631755828857422,38562600
2003-08-28,12.634831769350583,12.702612274749342,12.428411030582787,12.622509002685547,21463600
2003-08-29,12.57938218193525,12.813531310405875,12.55473428668764,12.733428001403809,18485600
2003-09-02,12.690289215734659,12.742665384989346,12.45922057700862,12.696451187133789,22937600
2003-09-03,12.721100283880508,12.754990542164423,12.376036904331546,12.437655448913574,24250800
2003-09-04,12.40684792662449,12.684129640307411,12.372957665165488,12.66256332397461,25470800
2003-09-05,12.625590278957576,12.899791542201669,12.619428307558444,12.696451187133789,25852000
2003-09-08,12.662565536141164,13.146269301725269,12.659485136959512,13.087732315063477,20456800
2003-09-09,12.992217614387071,13.004541556096148,12.631751133964835,12.88438606262207,18610800
2003-09-10,12.677967316474149,12.859741371731959,12.511597603131214,12.514678001403809,13975400
2003-09-11,12.573218846896298,12.75499294120066,12.477710026066479,12.631755828857422,17530600
2003-09-12,13.001466474806035,13.232535187597815,12.939847916339644,13.192482948303223,30094800
2003-09-15,13.140104610026977,13.463600490960356,13.053838179909047,13.386577606201172,31354400
2003-09-16,13.124700719014589,13.857959001850524,13.056921371216243,13.830230712890625,42185000
2003-09-17,13.790174226013924,13.873359067240187,13.522134965579788,13.62996768951416,22348200
2003-09-18,13.605320969401841,14.187613732467769,13.605320969401841,14.089024543762207,28065800
2003-09-19,14.061300226610449,14.098270888982697,13.78093692179556,13.879526138305664,23142200
2003-09-22,13.65154072364154,13.95038880938991,13.636135201722745,13.747048377990723,19401000
2003-09-23,13.888763598675514,13.941138582810112,13.657695003380319,13.796335220336914,21975000
2003-09-24,13.82098769193052,13.827149664218165,13.315717717104121,13.4081449508667,18484600
2003-09-25,13.30647082778881,13.663856903746758,13.16783059961627,13.214043617248535,16701800
2003-09-26,13.149343131737268,13.355763838346991,12.819685375469831,12.832009315490723,20629800
2003-09-29,12.967565062338013,13.365003188779738,12.893622620681901,13.352679252624512,20221000
2003-09-30,13.13085911255068,13.223286325465688,12.819687221505806,12.83817195892334,19978000
2003-10-01,12.927522465149995,13.081568255750762,12.631754829262793,13.047677993774414,23894000
2003-10-02,13.214041264154938,13.312630427878375,13.04151081527669,13.244851112365723,16059200
2003-10-03,13.512896717745091,13.636132643037264,13.386579218536859,13.552948951721191,16026000
2003-10-06,13.479007301241943,13.602244409535192,13.435874665922155,13.534463882446289,8445200
2003-10-07,13.537537968613538,13.537537968613538,13.109291038667633,13.482081413269043,19484400
2003-10-08,13.512898692929836,13.599163970771391,13.192483124837974,13.324962615966797,16377600
2003-10-09,13.543704967650942,13.71931706635722,13.294151551213629,13.451277732849121,22381200
2003-10-10,13.438952081994717,13.670020727302008,13.43279011042008,13.651535987854004,16021000
2003-10-13,13.799423614588342,13.965793367508889,13.768613748153296,13.83947467803955,15128400
2003-10-14,13.713157441842567,13.824070612704721,13.642296510519804,13.740885734558105,13211800
2003-10-15,13.864129117648917,13.86720951810883,13.540633006625798,13.593008041381836,13045400
2003-10-16,13.374254670626966,13.90417253379978,13.35268835529096,13.824068069458008,19148600
2003-10-17,13.857962930473711,13.864124904797903,13.315722117985466,13.328044891357422,18781400
2003-10-20,13.38041096499201,13.731635008882202,13.371168598134544,13.710068702697754,13829200
2003-10-21,13.851796972967573,14.06438091255471,13.747045790131095,13.965791702270508,17986000
2003-10-22,13.777859475329267,13.907257408998042,13.546790729255237,13.559113502502441,13539600
2003-10-23,13.365010807973508,13.66077839266018,13.29414989759707,13.515974998474121,14845200
2003-10-24,13.448197990082587,13.629972070009634,13.155510752874477,13.617648124694824,12851000
2003-10-27,13.679262279654642,13.864116698862514,13.608400204506697,13.62996768951416,12346800
2003-10-28,13.793261522344768,14.538842654499295,13.70699624762308,14.480305671691895,28818200
2003-10-29,14.511106771047258,14.6743960381288,14.292362124425042,14.64050579071045,18797000
2003-10-30,14.957849586860641,14.973253934526182,14.634353584778706,14.794561386108398,18911800
2003-10-31,14.772988409052271,14.831525373920833,14.560404511097659,14.631266593933105,17035800
2003-11-03,14.631268416550686,14.982492600065786,14.615862898629912,14.86541748046875,16750200
2003-11-04,14.708288889372612,14.742177967514777,14.480300659736258,14.578889846801758,16077600
2003-11-05,14.495709547747742,14.637431401708863,14.150647284758351,14.353987693786621,26999800
2003-11-06,14.56965115632768,14.600459844335784,14.159888789218456,14.375553131103516,25851000
2003-11-07,14.455653994708632,14.997895744584376,14.431007283501142,14.8007173538208,27723600
2003-11-10,14.729858309085747,14.751424624852808,14.332419903762382,14.39095687866211,14031400
2003-11-11,14.326255971866892,14.51419199093983,14.218424407780407,14.301608085632324,9719200
2003-11-12,14.474139956731968,14.78839345876381,14.390955102493312,14.729856491088867,13607400
2003-11-13,14.594299736364297,14.782235812943847,14.541924725003446,14.69597053527832,9329200
2003-11-14,14.745261293198936,14.982491920044195,14.49878829624151,14.60353946685791,14582400
2003-11-17,14.406364787652459,14.532682314956146,14.2923712082019,14.394042015075684,15086000
2003-11-18,14.511113498734806,14.572732052129082,13.965792415677265,13.996601104736328,17367600
2003-11-19,13.959631403754296,14.313936053427511,13.941145483880645,14.181456565856934,12906600
2003-11-20,14.036653211607298,14.122918480400017,13.740884393090855,13.79326057434082,16397800
2003-11-21,13.894927806282173,13.907251749790875,13.43587207570444,13.531379699707031,22907600
2003-11-24,13.694673671550602,13.996603338566157,13.565274571243169,13.922660827636719,20955000
2003-11-25,13.93191783046518,14.265172384450803,13.632604943520072,14.064602851867676,16170200
2003-11-26,14.141743879763528,14.178771898370536,13.595575602637322,13.719002723693848,17172000
2003-11-28,13.796148630906702,13.823919946212724,13.617178847789955,13.746777534484863,5505600
2003-12-01,13.857860526939298,14.117059034993659,13.817746149820282,14.070773124694824,15588000
2003-12-02,14.07077417435506,14.188030959319596,13.805405290424329,13.854776382446289,15372400
2003-12-03,13.968947140722864,14.095460640574663,13.660377514050214,13.722091674804688,19160800
2003-12-04,14.703344186145399,15.237169535501577,14.666314980903504,15.150769233703613,59609400
2003-12-05,14.965625427640443,15.425394644269096,14.873054784126504,15.268023490905762,32994400
2003-12-08,15.147675555705087,15.258760754900667,15.06744801023002,15.187789916992188,17801600
2003-12-09,15.172360022136102,15.224817443253754,14.937847746766451,14.947104454040527,21161800
2003-12-10,14.925505073392953,15.153847001244326,14.86996247410746,15.04276180267334,16016600
2003-12-11,15.101394067224795,15.567334768929735,14.92242433185496,15.471677780151367,22331200
2003-12-12,15.484022132945636,15.786420190139326,15.335908870877272,15.737049102783203,21204200
2003-12-15,16.027094852632818,16.04560944112818,15.391442616577569,15.45007038116455,24853600
2003-12-16,15.366766971515316,15.496366825111432,15.042769103174573,15.36368179321289,20533200
2003-12-17,15.274195347925605,15.533393861519844,15.116825368325358,15.218652725219727,15313000
2003-12-18,15.197054133726185,15.996249514949277,15.197054133726185,15.885164260864258,31133400
2003-12-19,15.95922116474666,15.95922116474666,15.582765850691713,15.746307373046875,22200600
2003-12-22,15.706188588784162,16.144356729620934,15.672245754220892,16.122756958007812,15205600
2003-12-23,16.169041408770507,16.551666909194864,16.082641152949552,16.514638900756836,20276800
2003-12-24,16.471435426780527,16.471435426780527,16.212237075432018,16.304807662963867,5490400
2003-12-26,16.3325945045106,16.474536285652125,16.255452078616294,16.36345100402832,3908000
2003-12-29,16.292474122535634,16.92504154684695,16.292474122535634,16.91578483581543,14254200
2003-12-30,16.807785347284018,16.903441163444448,16.67201397916027,16.780014038085938,12150200
2003-12-31,16.85098069108086,16.909608472700004,16.53932483491257,16.64115333557129,9920200
2004-01-02,16.66892809889272,16.968240954626225,16.45601552207889,16.545499801635742,13705000
2004-01-05,16.50846841890518,16.93737983995768,16.48378229364498,16.894180297851562,15907200
2004-01-06,16.807779879570873,16.918865080226247,16.585609478260128,16.733722686767578,16162600
2004-01-07,16.662757217566845,17.35086723548479,16.64115744126759,17.205839157104492,20298600
2004-01-08,17.66868898895409,18.338285413653523,17.57611837470465,18.19017219543457,38061600
2004-01-09,17.964911593912603,18.51107959594284,17.964911593912603,18.196338653564453,23863200
2004-01-12,18.162409699419253,18.61600745939551,18.063667506065208,18.541950225830078,18206800
2004-01-13,18.578977932134265,18.714749328468333,18.143894782363247,18.341379165649414,19772600
2004-01-14,18.4617213796231,18.622176550086564,18.33212152397219,18.548120498657227,14890800
2004-01-15,18.14388913122576,18.73942845120368,18.07908980884874,18.489486694335938,20111600
2004-01-16,18.400009716096147,18.50800862954729,18.17783917745394,18.412351608276367,21836000
2004-01-20,18.406179776574092,18.433951091680147,17.986524871460283,18.168581008911133,18349200
2004-01-21,17.930980031974247,18.27349248371474,17.591552758376622,18.13463592529297,22475000
2004-01-22,17.85074873041832,17.99577680155154,17.536008812328372,17.622407913208008,22253400
2004-01-23,17.733484146083004,17.927882024424076,17.34160085906548,17.566856384277344,14957000
2004-01-26,17.48972233004129,18.060575531332173,17.403323232012248,18.035890579223633,13561000
2004-01-27,18.04823646423801,18.199434909416713,17.560695930087157,17.61932373046875,13952600
2004-01-28,17.73040001115238,17.98651321527816,17.394059269322767,17.452688217163086,18035000
2004-01-29,17.545268997199734,17.80446752826975,17.2953271781716,17.755096435546875,22013600
2004-01-30,17.7180600275624,18.16857238968049,17.6810320173538,18.08525848388672,17081800
2004-02-02,18.01120152999093,18.153144395725743,17.637832714497655,17.761260986328125,16514400
2004-02-03,17.758176464429923,17.927889472883507,17.56069215080398,17.724233627319336,11508400
2004-02-04,17.64709346014587,17.70572243237295,17.31075257841505,17.400238037109375,14085600
2004-02-05,17.440343917525716,17.634742983473156,17.159545789867828,17.545257568359375,13417400
2004-02-06,17.724228260507036,17.84457133121418,17.51748730012361,17.80137062072754,14741800
2004-02-09,17.739664978726392,17.835320791443756,17.588465372512598,17.637836456298828,10017000
2004-02-10,17.6038939554903,17.974177679588415,17.591550890030476,17.924806594848633,10483800
2004-02-11,17.893954807791182,18.366066003174716,17.81372603833135,18.322866439819336,15296600
2004-02-12,18.217932855808538,18.412330679049322,18.069819724106665,18.088333129882812,10319200
2004-02-13,18.060568998152387,18.285824548744372,17.671772020564614,17.80137062072754,13211200
2004-02-17,17.924810937388223,18.51109374067052,17.890868087700326,18.375322341918945,15785600
2004-02-18,18.227208179513614,18.35372168232313,17.958752927620196,18.224123001098633,13750600
2004-02-19,18.372235318723106,18.492577281279424,18.12846503825793,18.14080810546875,16155600
2004-02-20,18.131543611122527,18.452456179096192,17.924802607606324,18.329029083251953,17300800
2004-02-23,19.415202226204165,19.640459111346114,18.924577602278053,19.26400375366211,55641200
2004-02-24,19.13439788316354,19.183768965642116,18.705486383424766,18.847429275512695,25064800
2004-02-25,18.850511561540657,19.245933252902244,18.807262461354185,19.17797088623047,17576000
2004-02-26,19.17179611899981,19.69696521621881,19.128545831691927,19.678430557250977,19921800
2004-02-27,19.740214914323168,19.77110679731405,19.304632764832835,19.489986419677734,18732400
2004-03-01,19.598109368034276,19.764928365991945,19.30772165853189,19.384952545166016,19226800
2004-03-02,19.431299875663548,19.49926228368049,19.156356811523438,19.156356811523438,15000200
2004-03-03,19.168714509937374,19.316997738030203,18.98027087263701,19.079126358032227,17830400
2004-03-04,19.02660265438635,19.40039988990178,19.020424041594783,19.329347610473633,11773400
2004-03-05,19.366417607631075,19.910122556270522,19.326258393199943,19.734037399291992,29140400
2004-03-08,19.72786495939048,19.93175334778209,19.58576035974773,19.653722763061523,22297800
2004-03-09,19.554864221384324,19.75566503869007,19.437472919954043,19.693880081176758,17469600
2004-03-10,19.696967334217163,19.78655663547775,19.54559543693709,19.616647720336914,20351800
2004-03-11,19.310812611882678,19.59502292040483,19.045139320991247,19.085298538208008,22462000
2004-03-12,19.230500946864513,19.551781888081997,19.16253735356262,19.468372344970703,16903800
2004-03-15,19.32317045999007,19.72786079008883,19.2459395619258,19.406579971313477,23031000
2004-03-16,19.517793280808817,19.87923332971823,19.42202653988708,19.811269760131836,20537000
2004-03-17,19.96882344653848,20.092393371105974,19.83907608634773,19.99353790283203,16101400
2004-03-18,19.866877620795663,20.135642023723115,19.625917569778057,20.02751922607422,21056400
2004-03-19,19.97807637025577,20.166519839013407,19.876131079242903,19.88231086730957,16299200
2004-03-22,19.551770259159184,19.752569844151523,18.995708147600016,19.249025344848633,27512600
2004-03-23,19.375683796004186,19.44982478180793,18.90611989826483,19.026599884033203,22542000
2004-03-24,19.085304281143543,19.33244416412065,18.937021058427458,19.218141555786133,17346600
2004-03-25,19.41893672889066,19.489989011979972,19.106923248313727,19.437471389770508,20896000
2004-03-26,19.27992722561958,19.326266249970615,19.07603763968565,19.079126358032227,14507000
2004-03-29,19.5085302617177,20.35498045888016,19.41585221781573,20.268482208251953,31768800
2004-03-30,20.1294537624055,20.32716458803253,20.067667656335207,20.259201049804688,14684000
2004-03-31,20.10474511675024,20.68861043529059,20.101655221331082,20.47854232788086,21283000
2004-04-01,20.23449244155929,20.481632223300018,20.14799422501992,20.47854232788086,17986400
2004-04-02,20.94501883543917,21.10565805362736,20.487810918150092,21.077856063842773,19342000
2004-04-05,20.911031130973424,21.377503889153296,20.892494119468232,21.37441635131836,15784400
2004-04-06,20.84306547753127,21.238487115079106,20.84306547753127,21.10256004333496,17436200
2004-04-07,21.15508076504795,21.328077158148755,20.982082015048057,21.145811080932617,13598000
2004-04-08,21.331167763757964,21.4331107234332,20.61137547191931,20.815263748168945,18968800
2004-04-12,20.833803322143687,21.118012400059897,20.784374426732455,21.056228637695312,10298200
2004-04-13,21.099473653898688,21.11491841304709,20.62373123380647,20.744211196899414,12363600
2004-04-14,20.524876789568953,20.929565794637625,20.47853779613458,20.802906036376953,11757800
2004-04-15,20.91721169049229,20.91721169049229,20.249938099031247,20.401309967041016,14834200
2004-04-16,20.497076733010452,20.518701286877757,20.005889427924664,20.036781311035156,18142400
2004-04-19,19.98734945109535,20.589751688542748,19.96263736240821,20.57121467590332,13915200
2004-04-20,20.595930119820913,20.633001789997458,19.873050228123525,19.903942108154297,15555000
2004-04-21,20.358064147394884,20.580489499411314,20.110924343621107,20.339527130126953,24948400
2004-04-22,20.8152667040978,21.315723673614308,20.500165739001893,20.969728469848633,27620200
2004-04-23,21.00371687200107,21.034608763515465,20.54959876034869,20.69170570373535,19059200
2004-04-26,20.54033182422986,20.719508098124972,20.342620886449147,20.435298919677734,11911200
2004-04-27,20.521798560351467,20.64845603371086,20.256124027665383,20.330265045166016,15677200
2004-04-28,20.367325108882078,20.404396774926088,19.86378068550457,20.1140079498291,18032000
2004-04-29,20.030606731571538,20.46001273905312,19.54559791261463,19.89777183532715,18842600
2004-04-30,19.77111864930155,19.950294977717085,19.17489575825751,19.29537582397461,23144000
2004-05-03,19.323171771264686,19.820540155552084,19.258298095316356,19.76493263244629,16179000
2004-05-04,19.675339177920286,20.34879374524035,19.61664413153241,19.971906661987305,18688400
2004-05-05,19.888502670648826,20.219050864124792,19.734042032392438,20.083126068115234,14232800
2004-05-06,19.873047958151126,19.96572358765769,19.533231424379313,19.74329948425293,14648200
2004-05-07,19.644451335655283,19.913214531731274,19.523971322878115,19.539417266845703,16511800
2004-05-10,19.289190889327326,19.755666227085943,19.23358454206537,19.656810760498047,22989800
2004-05-11,19.771112509990594,20.13873238743132,19.727863389927013,19.99353790283203,19378200
2004-05-12,19.944103618772314,20.005889742865566,19.255205422654917,19.740215301513672,34909800
2004-05-13,19.61047064914131,19.941019996483192,19.557954201023005,19.916305541992188,19302000
2004-05-14,19.968818509109813,20.138727407991503,19.632091785294044,19.66298484802246,16332600
2004-05-17,19.20887021828842,19.51161521552884,19.091478916191097,19.326261520385742,17518200
2004-05-18,19.517786207013444,19.835977024846574,19.477625823317645,19.777280807495117,13609600
2004-05-19,19.99043697983761,20.188147807328125,19.60119393552184,19.635175704956055,22675600
2004-05-20,19.70005731315215,20.015159513765973,19.6846113694696,19.83289337158203,14425400
2004-05-21,20.00280293478536,20.203603744506836,19.91939460051029,20.203603744506836,15289000
2004-05-24,20.25920438570689,20.466182572100976,20.191240836288095,20.249937057495117,16478400
2004-05-25,20.246852107330938,20.728772147236857,20.123282201562777,20.666988372802734,23334800
2004-05-26,20.642237389045448,20.713394857862376,20.47207411939069,20.595829010009766,14734400
2004-05-27,20.728864636501626,20.803116625025925,20.506106310500567,20.666988372802734,16638200
2004-05-28,20.676266820201494,20.80620837290506,20.524665981619492,20.750518798828125,9817200
2004-06-01,20.56798263386601,21.07228097184215,20.558699070964305,21.05371856689453,16232400
2004-06-02,21.087748283345707,21.134154289260568,20.784549002279093,21.032058715820312,15521200
2004-06-03,20.889745077627875,21.196038966932626,20.824774290316387,20.92687225341797,13403200
2004-06-04,21.158905510691024,21.322879691009874,20.806205706873396,20.815486907958984,18909000
2004-06-07,20.889752882334534,21.270298904968605,20.744343367126483,21.248641967773438,16008000
2004-06-08,21.143442494678613,21.51470718798012,21.0568147743701,21.455923080444336,15837800
2004-06-09,21.310506431436654,21.483764193285214,21.127969827858053,21.180564880371094,10728600
2004-06-10,21.347638202232464,21.613710403442383,21.23007234884393,21.613710403442383,13420600
2004-06-14,21.366197420958017,21.56111212090307,21.19294200805394,21.26100730895996,20986800
2004-06-15,21.406417089463456,21.604423931325016,21.279567702418653,21.47138786315918,16933000
2004-06-16,21.39404334512137,21.47757653033234,21.270288467407227,21.270288467407227,12266000
2004-06-17,21.251725461574498,21.25481762211973,20.991839989673327,21.1155948638916,11721400
2004-06-18,21.03825288351306,21.090847949219025,20.453513396614394,20.57107925415039,27809800
2004-06-21,20.577265207475296,20.75361514751219,20.026558460006683,20.261690139770508,22149200
2004-06-22,20.36378808090783,21.12487741952367,20.351412356650496,21.02277946472168,26161400
2004-06-23,21.028960156658602,21.044428035517086,20.710293054963103,21.00730323791504,17106800
2004-06-24,20.942350324462044,21.55493361108483,20.113195305458465,21.248641967773438,24476000
2004-06-25,21.24863584429228,21.675587780426625,21.08466160129348,21.372390747070312,16388000
2004-06-28,21.474493791310586,21.564213697577934,21.16510764150069,21.245546340942383,16823800
2004-06-29,21.242446426357045,22.24485652498361,21.168192077993492,22.136571884155273,34730600
2004-06-30,22.232477772392453,22.687275562360245,22.189163921960077,22.578990936279297,26640000
2004-07-01,22.712036527782768,22.739880145976095,22.204641112114786,22.291271209716797,24813200
2004-07-02,22.27578652600513,22.455230928411606,22.077779723497045,22.35931968688965,12986400
2004-07-06,22.21391909756816,22.455239836329305,21.672493515834947,21.836467742919922,23696800
2004-07-07,21.960222823091765,22.23866837918498,21.938565894052775,22.11491584777832,14224600
2004-07-08,22.037560553533467,22.275786678029945,21.712704386974615,21.858116149902344,15319400
2004-07-09,21.988071702556173,22.26342516363472,21.774594522005625,21.830284118652344,13768200
2004-07-12,21.70033740557195,21.743651263832316,21.31669936365377,21.486860275268555,18248400
2004-07-13,21.833371560692537,21.842652763719155,21.54873698587883,21.740554809570312,16039400
2004-07-14,21.64155640399424,21.935474610540986,21.517803854320434,21.542552947998047,14245800
2004-07-15,21.551826025434355,21.715800198340002,21.06299566665445,21.310503005981445,18235600
2004-07-16,21.502329267153513,21.508515949217564,21.09703431975711,21.1248779296875,16298600
2004-07-19,21.11559464735901,21.37547775616728,20.852617017609344,21.090843200683594,17909600
2004-07-20,21.177470678496753,21.520889326076947,20.954714742069573,21.511608123779297,17025400
2004-07-21,21.734363214696327,21.7776770593149,20.88355184330252,20.939241409301758,22986600
2004-07-22,21.192944388554015,22.557337999713187,21.100127629542335,22.43048858642578,35647400
2004-07-23,22.374792352159652,22.575893696621744,21.768396158706164,21.93546485900879,22247600
2004-07-26,21.783870563872078,22.06850513266829,21.4342628544071,21.81171417236328,17890600
2004-07-27,21.910718498567842,22.167509469365662,21.551831932035874,21.790058135986328,19611600
2004-07-28,21.746740792299445,21.901433782120527,21.1836584037678,21.675580978393555,19204000
2004-07-29,21.889063930511472,21.89525061317545,21.424984836578368,21.657024383544922,15472400
2004-07-30,21.72199516281244,21.77459022692965,21.369295240430173,21.412609100341797,13811600
2004-08-02,21.61989933709495,22.445961999636683,21.52399040356656,22.294361114501953,23704800
2004-08-03,22.22319492739438,22.504734934392328,21.94474708060744,21.957122802734375,15193200
2004-08-04,22.006639881269606,22.3098394003366,21.71891061660285,22.056142807006836,18304200
2004-08-05,22.176781008395576,22.1984379265898,21.53944682117091,21.579666137695312,16437200
2004-08-06,21.40332914696949,21.622992980909636,20.899030685424805,20.899030685424805,21413400
2004-08-09,20.939248328459612,21.403327411660907,20.827869159657038,21.23935317993164,15100600
2004-08-10,21.40641924350148,21.56111225179867,21.11559563256582,21.55801773071289,14219800
2004-08-11,21.24863391274556,21.46211104162142,21.038251305275672,21.19913101196289,21493000
2004-08-12,21.06300374453491,21.62299176346691,21.053722540309483,21.40332794189453,19615400
2004-08-13,21.53017005050493,21.653924919391812,21.180564729295195,21.40022850036621,12265400
2004-08-16,21.2114997928348,21.68795443495693,21.16818594904438,21.607513427734375,9093500
2004-08-17,21.712706098986445,21.81170950872241,21.421882550200017,21.632265090942383,11280500
2004-08-18,21.63844856012238,22.337658928656438,21.50850470045575,22.288158416748047,13559300
2004-08-19,22.244848712979255,22.362414515958935,21.842646062088416,21.97258758544922,10363300
2004-08-20,22.04684452761985,23.203947375842116,21.904527266965996,23.0183162689209,21609800
2004-08-23,23.104950590759763,23.952667717198967,22.99975810505163,23.49477767944336,18880400
2004-08-24,23.53808647758358,23.878410591488947,23.247262894218096,23.519521713256836,13381900
2004-08-25,23.494730003852233,23.866677275215082,23.35834823412042,23.75509262084961,10358400
2004-08-26,23.54431803697081,23.86047529446607,23.420334845105664,23.513322830200195,8319000
2004-08-27,23.55670974769793,24.083635204036266,23.513315997871572,23.823272705078125,10733000
2004-08-30,23.525723907398117,23.64350665166371,23.166172848930074,23.376943588256836,8032200
2004-08-31,23.414141967849073,23.618712269952763,23.24056687942373,23.587717056274414,9349100
2004-09-01,23.190970779458304,23.86667678831624,23.15997556827424,23.550521850585938,12677400
2004-09-02,23.414146767364066,24.17664053110963,23.40794630448747,24.06505584716797,9165100
2004-09-03,23.817081316375834,24.145637159183025,23.581515831836832,23.860477447509766,9067200
2004-09-07,23.9286693106229,24.715960040661166,23.916273116887833,24.381208419799805,15382900
2004-09-08,24.02166244388383,24.765559560264077,23.9906672233646,24.492795944213867,15800000
2004-09-09,24.790360688032774,24.796558787224562,24.25103383176607,24.57958984375,15331000
2004-09-10,24.418403473734916,24.511391486868767,24.12084514240336,24.480396270751953,12550100
2004-09-13,24.68496075171808,25.521843212892232,24.5361828036254,25.044511795043945,15148200
2004-09-14,24.821346914998806,25.4164635425945,24.78415123898035,25.354473114013672,12026200
2004-09-15,25.156095174671147,25.304873115289276,24.858534563869437,25.14989471435547,10598300
2004-09-16,24.82134250812208,25.385463821271085,24.728354516977017,25.044511795043945,13151600
2004-09-17,23.283958361313964,24.46799337971745,23.246762689688587,24.07124900817871,51237500
2004-09-20,23.556724511327527,23.9472708693126,23.500932174472517,23.817087173461914,17974400
2004-09-21,23.73648969237309,24.6477609757677,23.73648969237309,24.455589294433594,12832300
2004-09-22,24.00926097909985,24.145642770631284,23.742697858261202,23.9782657623291,14366300
2004-09-23,24.052647431285095,24.226224848955596,23.879072378397332,24.003055572509766,10338700
2004-09-24,23.996854400055657,24.065045273033036,23.587711526974054,23.711694717407227,10386900
2004-09-27,23.525724402369946,23.95346398612831,23.445134962606893,23.562917709350586,11908400
2004-09-28,23.69929438381214,23.8046809154475,23.432731372054025,23.612506866455078,9850600
2004-09-29,23.544322365567012,24.195231286549514,23.376945380494405,24.145639419555664,12337000
2004-09-30,23.984456281311843,24.226224571211542,23.773685563171934,24.201427459716797,14978900
2004-10-01,24.424593671582482,25.174688464391558,24.28201148075406,25.075502395629883,15423500
2004-10-04,25.273885877309983,25.720224569467376,25.236690198035706,25.397869110107422,13721100
2004-10-05,25.218095240995062,25.676830159054997,25.075515341339482,25.534250259399414,8888800
2004-10-06,25.385448390206356,25.92477226257324,25.10028885904974,25.924772262573242,12025300
2004-10-07,25.856603169675214,26.030180635949517,25.633433830739257,25.65203285217285,8485200
2004-10-08,25.571432027349477,25.763606064816052,25.267673370035517,25.366859436035156,9056900
2004-10-11,25.459850964492574,25.63342601304649,25.366862980034306,25.54663848876953,5750300
2004-10-12,25.280071767513736,25.81319775575752,25.280071767513736,25.75120735168457,9001100
2004-10-13,26.129357699804828,26.135555794947916,25.360663839019928,25.757408142089844,10549600
2004-10-14,25.819406049029933,26.216150430952634,25.726418049924217,26.135560989379883,10539800
2004-10-15,26.271958799094385,26.52612347175528,25.968199866019415,26.32775115966797,13447600
2004-10-18,26.11697407291119,27.034446389373105,26.067379824288636,27.02824592590332,11199200
2004-10-19,27.38156811908611,27.524150252809708,26.495094314755715,26.53228759765625,15647300
2004-10-20,26.38973180175097,27.084034635731964,26.3773332412605,26.910459518432617,12360200
2004-10-21,26.99723650030285,27.400181281637707,26.53850176579328,27.32579231262207,11257900
2004-10-22,27.505571847626317,27.530368964653462,25.992983180719115,26.036376953125,14411500
2004-10-25,25.91240277337472,26.17276786343227,25.34208307147047,25.503259658813477,15751800
2004-10-26,24.647771701658044,24.740759717775774,23.97826602587423,24.486595153808594,23278100
2004-10-27,24.81515342696997,25.75122476917024,24.015466268498187,25.428869247436523,17911600
2004-10-28,25.286271125101255,26.160349027228534,25.0692999907344,25.720211029052734,12109100
2004-10-29,25.621029875997955,26.129358831928815,25.39166014446176,25.78840446472168,12974200
2004-11-01,25.416462741196593,25.509450745919125,24.914331772304664,25.143701553344727,16685800
2004-11-02,25.168490308697734,25.453652351674428,24.957719597688506,25.34206771850586,16123600
2004-11-03,25.478449214400793,25.5962343174107,24.3378080420728,24.71595573425293,26121500
2004-11-04,23.724101872459674,24.021660218488865,23.4699373040941,23.60011863708496,40480400
2004-11-05,23.891477113539526,24.05265365222421,23.525727896941575,23.72410011291504,22191000
2004-11-08,23.525727882740707,24.021658422375005,23.414143215725073,23.965866088867188,11989500
2004-11-09,24.09605389820391,24.28822806863359,23.92867685262657,24.17664337158203,14958300
2004-11-10,24.096036909977045,24.430790765123017,23.953457089773906,24.07744026184082,13989100
2004-11-11,24.406000197761475,24.858536887005744,24.263420339351605,24.852338790893555,12600300
2004-11-12,24.901940830453967,24.976332202898387,24.498998204574313,24.92053985595703,13637000
2004-11-15,24.95772138582535,25.211885876300983,24.678762147700063,24.91432762145996,12540800
2004-11-16,24.697362733730582,24.827544047563624,24.43699774128132,24.573379516601562,10941000
2004-11-17,24.914340540889842,25.50325926024131,24.79655774293316,25.298688888549805,14885000
2004-11-18,25.29248676598414,25.72642697098157,25.044522623688376,25.565250396728516,11022200
2004-11-19,25.75121209432344,25.782207302068347,24.870933532714844,24.870933532714844,9795100
2004-11-22,24.722164057928975,25.478457318052254,24.49279423952647,25.410268783569336,10582100
2004-11-23,25.447452820884262,25.546638902346903,24.926725302009732,25.249080657958984,9998900
2004-11-24,25.447459525602063,25.893798192173467,25.354473879921912,25.825607299804688,9370100
2004-11-26,25.769801416159922,25.974373985697547,25.6644172668457,25.664417266845703,2645800
2004-11-29,25.633430972747384,26.20995091245856,25.515648219122628,25.782211303710938,10461700
2004-11-30,25.664413366574642,25.99916477482742,25.645814358218235,25.800792694091797,10608700
2004-12-01,25.838005522494264,26.774074252942118,25.81940886655699,26.6934871673584,17134100
2004-12-02,26.51991030887381,27.090232206638674,26.40832564115424,27.040637969970703,14356800
2004-12-03,27.201809668753413,27.635749665516478,26.94144472478248,26.96624183654785,16151700
2004-12-06,26.88553468984158,27.320174300154004,26.761351605667272,26.910371780395508,10367100
2004-12-07,27.03453691631447,27.295319088211194,26.54401536221111,26.612316131591797,12680400
2004-12-08,26.73030427641917,27.158735763925055,26.71788573214123,27.071805953979492,11731400
2004-12-09,26.63716259398167,27.171145663010886,26.214941660446325,26.966245651245117,16693900
2004-12-10,27.040754873795155,27.065591956928372,26.661997646094793,26.885526657104492,9417600
2004-12-13,27.09663325073444,27.320162229771285,26.9414050562471,27.258071899414062,9367800
2004-12-14,27.084210936591422,27.4132962736886,26.873100526764418,27.344995498657227,13174300
2004-12-15,27.220822154258748,27.63062458139634,27.040756841332968,27.531278610229492,12139800
2004-12-16,27.556111602678126,27.78584868277057,26.83585282653891,26.978662490844727,13545000
2004-12-17,27.251862105589282,27.307744351702635,26.70545818454699,26.922779083251953,17094100
2004-12-20,26.972462913232842,27.13390163787695,26.606124107119392,26.662006378173828,10797900
2004-12-21,26.817210182033975,27.475378288647686,26.74891179624548,27.30773162841797,12968200
2004-12-22,27.053182448420245,27.711351159645286,27.034555814148206,27.59337615966797,19654200
2004-12-23,27.636839315945764,27.934879669730066,27.58095704568563,27.66167640686035,9369000
2004-12-27,27.729966565292834,27.885194770958062,26.854479580084718,26.97245216369629,12580200
2004-12-28,27.251858596457375,27.28290375839069,26.860682924034315,27.015911102294922,10974800
2004-12-29,26.904161051367435,26.92899577088847,26.388802131635728,26.599912643432617,11980500
2004-12-30,26.46331689484718,26.686846000263102,26.2211611535118,26.50678062438965,6364000
2004-12-31,26.59369479569301,26.6682036641012,26.264609420417912,26.326702117919922,6024900
2005-01-03,26.512972711520103,26.866892760335787,25.898268097548982,26.27702522277832,13651100
2005-01-04,26.680624477688315,26.823434141223792,26.128012450087514,26.1590576171875,18800300
2005-01-05,26.165258514178586,26.593689755666546,26.090749659891287,26.270814895629883,13725000
2005-01-06,26.388794765915982,26.972451962162246,26.35774959873379,26.699251174926758,14199100
2005-01-07,26.953820415811354,27.140093753499293,26.531599587135226,26.835847854614258,12014000
2005-01-10,26.761349000941994,27.102853041331038,26.568867489371907,26.792396545410156,10470700
2005-01-11,26.62473953863119,27.0097047826721,26.562646842112215,26.848268508911133,10721700
2005-01-12,26.910365252932973,26.922783795197656,26.283244264432355,26.77376365661621,10684800
2005-01-13,26.61853363672224,26.643370719577224,26.109385281168016,26.140430450439453,12812000
2005-01-14,26.270834874679572,26.5129906117188,26.140441319769888,26.208742141723633,9216600
2005-01-18,26.003839716631887,26.680635049394645,25.780310635191654,26.463314056396484,16339800
2005-01-19,26.382594136307247,26.43847640046671,25.476059365654308,25.500896453857422,23923600
2005-01-20,23.824424679086402,23.99207142780612,23.30906826066163,23.458086013793945,51373600
2005-01-21,23.47671712337734,23.756126027808847,22.216262351413537,23.47050666809082,33592900
2005-01-24,23.4705111968114,23.545020094463585,22.57018686271488,22.688161849975586,23281400
2005-01-25,22.874419712901492,23.128993777860376,22.719191566741355,22.76265525817871,16445600
2005-01-26,22.762663917072896,23.079328413517267,22.750245376424857,22.911684036254883,13524000
2005-01-27,22.911689727879065,23.011035709148015,22.21005740283239,22.439794540405273,16776200
2005-01-28,22.45219881858696,22.669517274348273,22.129323992460495,22.570171356201172,15142000
2005-01-31,22.936523142867106,23.22835298251519,22.917896512624,23.122798919677734,15400900
2005-02-01,23.060700826150168,23.172465318732023,22.74403634289781,22.86821937561035,12610000
2005-02-02,22.824759333186947,22.899270593663577,22.359074613885355,22.595022201538086,10757200
2005-02-03,22.489464351942246,22.72540953130614,22.234890176295725,22.42116355895996,9473100
2005-02-04,22.43978596494586,23.029653539570184,22.290768234287704,22.942726135253906,10481500
2005-02-07,22.750250845030546,23.27802829076192,22.272147573831777,22.3404483795166,15333500
2005-02-08,22.247306495532595,22.61985322365066,21.955476725063697,22.501880645751953,13963000
2005-02-09,22.551551297865014,22.582596462206954,21.99272886533324,22.160375595092773,11344200
2005-02-10,22.290779173738997,22.34666144230919,21.91822992707262,21.924440383911133,9819500
2005-02-11,21.949265461800202,22.501879816461,21.334563146200374,22.452205657958984,17975000
2005-02-14,22.452211337813136,23.172470238140303,22.414955709511872,23.07933235168457,14373900
2005-02-15,22.955145625418904,23.42083019806163,22.688152947616203,22.899263381958008,18342100
2005-02-16,22.744036802453156,22.799919049873214,22.197632868634194,22.34665298461914,16187300
2005-02-17,22.34665455542621,22.352862641756204,21.7567868731054,21.949268341064453,14957200
2005-02-18,21.94926461044861,22.10449279685516,21.47737196595412,21.5084171295166,16165800
2005-02-22,21.13587834971831,21.750580871819864,21.111041262123592,21.446334838867188,20611400
2005-02-23,21.614322994454604,21.66409567381336,21.23479652404785,21.23479652404785,16148900
2005-02-24,21.178797512230066,22.161830918756653,21.147689295749725,22.09339141845703,21900300
2005-02-25,22.00628569621315,23.09508979944587,21.95028996168214,23.020429611206055,22554000
2005-02-28,23.020428788912426,23.15730777363324,22.062280642675745,22.429363250732422,20195700
2005-03-01,22.528916844811224,22.945774601148887,22.435592181801987,22.622243881225586,13193100
2005-03-02,22.354700337623516,22.93954273782884,22.217821369603545,22.572460174560547,12935000
2005-03-03,22.715561955896284,22.765336993788743,21.912959643818127,22.031171798706055,15917500
2005-03-04,22.273819386932637,22.44802964781001,22.087167739868164,22.087167739868164,12809600
2005-03-07,22.05605871956914,23.393730785696047,22.02495050843212,23.26307487487793,24949000
2005-03-08,23.063970780061517,23.5679321547362,22.52890120597806,22.578676223754883,21097500
2005-03-09,22.416914672185644,23.057755111929538,22.304923231197545,22.858659744262695,18515500
2005-03-10,22.895993517274082,23.24441167157728,22.609794161991726,23.07020378112793,14765700
2005-03-11,23.424845652366027,23.599053565302547,23.20708338779057,23.238191604614258,22351800
2005-03-14,23.38751052272607,23.518166435945826,23.020427928391225,23.30662727355957,13265400
2005-03-15,23.59282787064219,23.872806537687136,23.455951257179304,23.711042404174805,21539300
2005-03-16,23.574161751159835,23.978575616464788,23.393730803660432,23.49327850341797,21371400
2005-03-17,23.462167429418173,23.518163152036998,22.91465633426087,22.945764541625977,16148600
2005-03-18,22.771564264700306,22.858670606173963,22.416925324189776,22.690683364868164,22650200
2005-03-21,22.60357540835369,23.001766262636917,22.528912843122058,22.728008270263672,12594000
2005-03-22,22.877330402034204,23.11997779889316,22.379591847784468,22.398256301879883,15078900
2005-03-23,22.385808939992714,22.821330994922615,22.32359252074741,22.591127395629883,12659500
2005-03-24,22.62223173453079,22.80266264223594,22.248926162719727,22.248926162719727,12781700
2005-03-28,22.3111462667809,22.746668272998935,22.255150546361378,22.516462326049805,12621400
2005-03-29,22.491582475364506,22.67823412953009,22.006285326448523,22.242712020874023,15597700
2005-03-30,22.42935080974375,23.02041602007496,22.404463303889063,22.964420318603516,17994800
2005-03-31,22.90221170157876,23.15107972439486,22.62223309918215,22.790220260620117,14235900
2005-04-01,22.79022735844259,22.858666857388215,22.01873078860744,22.11827850341797,19724500
2005-04-04,22.18050121812481,22.616021063808372,21.931630700529787,22.448036193847656,13061300
2005-04-05,22.454261479158724,22.672021446517938,22.099622461799065,22.180505752563477,13062500
2005-04-06,22.00628194217553,22.385808258875375,21.72630331728186,21.850738525390625,14206500
2005-04-07,21.751197165122846,22.18049863939289,21.707645185617896,21.881853103637695,14157500
2005-04-08,21.9378458411931,21.981400188139478,21.639202719732904,21.713865280151367,14574400
2005-04-11,21.73253403687551,21.825861069176266,21.37789511158067,21.458778381347656,14597100
2005-04-12,21.371676270014436,21.589438597311933,21.091699864554858,21.527219772338867,17125600
2005-04-13,21.39655628044969,21.502327059029334,20.46329559448599,20.469518661499023,27062400
2005-04-14,20.712165621694485,21.13524398024852,20.34508299804921,20.88637351989746,27519300
2005-04-15,20.72461288896183,21.05436428733185,20.326419610339055,20.338863372802734,21681200
2005-04-18,20.00288960888413,20.63128413367209,19.959337630602032,20.23309326171875,18060200
2005-04-19,20.363745164740187,20.69349647027557,20.345080713001757,20.407297134399414,15603300
2005-04-20,20.53173004623813,20.799264900349318,20.351299121669364,20.662385940551758,21404100
2005-04-21,20.562843232738924,21.813413876578174,20.531735017998646,21.595651626586914,36225700
2005-04-22,21.446319456095114,21.707631164339737,20.89880615873065,21.104122161865234,15097400
2005-04-25,21.153912975164747,21.62676410325253,21.10413792304755,21.570768356323242,13101100
2005-04-26,21.402779906562976,21.80719145700214,21.247236454839133,21.464996337890625,19114300
2005-04-27,21.234790808173653,22.087168183373098,21.228567741550684,21.99384117126465,17604500
2005-04-28,21.77608236286114,22.0249528249414,21.57698694255878,21.67653465270996,13057400
2005-04-29,21.71385703654255,21.88806486457231,21.284555784035415,21.70763397216797,14668300
2005-05-02,21.676539708418662,21.975182908525987,21.62676465503152,21.80719566345215,8969900
2005-05-03,21.83208263312829,21.925409669145477,21.477443693711173,21.570768356323242,12396200
2005-05-04,21.695208381382653,22.24894290415806,21.595660628674775,22.180505752563477,11216100
2005-05-05,22.099614286483526,22.31115347940872,21.744975400315514,21.87563133239746,11445700
2005-05-06,22.03739753327676,22.280047338407282,22.00006861972205,22.136947631835938,10565600
2005-05-09,22.0871689792298,22.60357435093614,21.92540484227149,22.42314338684082,13549700
2005-05-10,22.17427380362975,22.379592296413765,21.93784709559489,22.143165588378906,9185200
2005-05-11,22.14317221396405,22.58491517355467,21.894301670681937,22.49159049987793,10849000
2005-05-12,22.37336859914119,22.640903514891374,22.062281708585598,22.205381393432617,10177000
2005-05-13,21.97517798296973,22.27382111613864,21.769861867280635,21.96273422241211,16743600
2005-05-16,21.800977214149587,22.074732915762283,21.657877481028944,21.987628936767578,7935100
2005-05-17,21.7387495864737,22.466694095282033,21.7387495864737,22.45425033569336,10160600
2005-05-18,22.547575672250087,23.144861847744377,22.45424866896473,22.740447998046875,17016700
2005-05-19,22.535135046000434,22.945769645407076,22.367147840778905,22.777782440185547,14241500
2005-05-20,22.790229689952962,23.331520296273105,22.609798696711255,23.225751876831055,13746800
2005-05-23,23.1573158197489,23.487067262890502,22.964441035482025,23.138648986816406,13447000
2005-05-24,23.007987131214108,23.21330562705431,22.88977496213942,23.0826473236084,8759200
2005-05-25,22.90801818678364,23.138781659866726,22.72091260376555,22.932966232299805,7602600
2005-05-26,23.169971001252648,23.500524321377103,23.02652090996181,23.344602584838867,10605000
2005-05-27,23.26350897791072,23.394482588819773,23.113825530921947,23.176193237304688,4976700
2005-05-31,23.11384022489549,23.425683713405903,23.007812201629907,23.244813919067383,9607400
2005-06-01,23.08264586206611,23.92462441270123,23.063936020666272,23.76246452331543,15292300
2005-06-02,23.6252508584499,23.94956820044481,23.57535478467726,23.856014251708984,9325900
2005-06-03,23.93086556943638,24.024419555648134,23.41944250427933,23.450626373291016,10080000
2005-06-06,23.456864206477423,23.70010171179867,23.425680337955125,23.569128036499023,7936900
2005-06-07,23.687626463861626,23.743758375970305,23.169967611460727,23.238571166992188,10885800
2005-06-08,23.36953861742885,23.394484274273857,22.98908939522841,23.032747268676758,8717200
2005-06-09,22.89554014770588,22.95791025055537,22.546277088453348,22.789514541625977,13919200
2005-06-10,22.770803673087357,22.83940960070686,22.28432873786005,22.45272445678711,16079000
2005-06-13,22.24691186315609,22.995336662125556,22.240676040634455,22.533809661865234,11838200
2005-06-14,22.452723637159238,22.55251342482401,21.81656284860525,21.87893295288086,18840000
2005-06-15,21.92258415605961,22.003661698147734,21.598266850180675,21.741714477539062,20447100
2005-06-16,21.66687417112332,21.89763755377354,21.65440015325363,21.810321807861328,11126900
2005-06-17,22.11593718756901,22.327990831464625,21.64193618430767,21.766674041748047,20838100
2005-06-20,21.604501755280776,22.209478471347566,21.579553722227935,21.960002899169922,10211600
2005-06-21,21.92882147942318,22.08474313453261,21.81655769741034,21.903873443603516,11871500
2005-06-22,21.92259122346031,21.991194770610775,21.4860100025254,21.772905349731445,12611300
2005-06-23,21.772899884817033,21.91634752241525,21.199109334424172,21.205345153808594,16695500
2005-06-24,21.205346687575176,21.448584107146875,20.94339942932129,20.94339942932129,11017100
2005-06-27,20.86231880215632,21.2864259121286,20.849844783724695,20.949634552001953,8907600
2005-06-28,21.14298266594762,21.161692507898195,20.86232314080781,20.89350700378418,12671200
2005-06-29,20.918466567993164,21.1305202838811,20.83115075189417,20.918466567993164,9445500
2005-06-30,20.98081962327714,21.024477500727734,20.581660527056904,20.5878963470459,13607700
2005-07-01,20.73135014864663,21.26771879477017,20.693928084378157,20.955875396728516,12764600
2005-07-05,20.731345177387873,21.0806081767704,20.644027048366496,20.949634552001953,10230700
2005-07-06,20.799952369685784,21.174165850949016,20.675216921774204,20.831138610839844,13323600
2005-07-07,20.644031993544633,20.987061634646057,20.569190244202645,20.874797821044922,12956300
2005-07-08,20.862320633442014,21.72924476754437,20.79371471563375,21.673112869262695,15089500
2005-07-11,21.62321979051762,22.07851323927614,21.616983969477328,21.95377540588379,13992100
2005-07-12,21.953775211322395,22.03485515918531,21.53590383003777,21.89140510559082,13653800
2005-07-13,21.829032731677323,21.9225866807691,21.704294925946876,21.779136657714844,11671800
2005-07-14,21.82902817480487,22.11592340267167,21.816554158918233,22.047317504882812,12202100
2005-07-15,22.109704478715628,22.25938802538045,21.85399290558424,22.190784454345703,13313800
2005-07-18,22.047321080803115,22.14087502553903,21.903873443603516,21.903873443603516,9952400
2005-07-19,21.99118682434327,22.34669034859509,21.691817564235507,22.327978134155273,9394000
2005-07-20,22.109691043533743,22.55874378983375,21.98495324432655,22.50885009765625,18627000
2005-07-21,23.382017233730096,24.51088872514848,23.313411310769084,24.330018997192383,48583900
2005-07-22,24.161622232055077,24.629387226606273,24.08054230016365,24.51088523864746,17202600
2005-07-25,24.317542695873897,24.7229375769572,24.286356461103452,24.504648208618164,13584000
2005-07-26,24.47347220130161,24.791551437052576,24.42357611300851,24.66057777404785,12280600
2005-07-27,24.560776701928248,25.115857343906857,24.517118834301304,25.041015625,15721500
2005-07-28,24.928758957469693,25.05973259765554,24.660573477559996,24.810256958007812,13470800
2005-07-29,24.835201514684908,25.04101924540487,24.585725910025992,24.62314796447754,11922100
2005-08-01,24.4734870169686,24.648118673359416,24.211537153204493,24.323801040649414,9241500
2005-08-02,24.34249565823598,24.841447014194515,24.273889727832863,24.729183197021484,9555400
2005-08-03,24.54205978971688,24.94745691627633,24.460982267744907,24.903799057006836,9491000
2005-08-04,24.6418579695359,24.897569395419566,24.510884346829176,24.673044204711914,8057700
2005-08-05,24.529594775921318,24.76659396759046,24.311303041478013,24.423566818237305,7360500
2005-08-08,24.37367131180199,24.747882286996706,24.37367131180199,24.44851303100586,7070800
2005-08-09,24.448529209990543,24.641870644143534,24.08055380989613,24.180343627929688,9320800
2005-08-10,24.673055260645185,25.07845032865712,24.41110551867702,24.454763412475586,17915900
2005-08-11,24.623149048684386,25.346625479040537,24.60443921022263,25.246835708618164,20087100
2005-08-12,24.991132156090877,25.446423275952565,24.959948289093116,25.440187454223633,11620900
2005-08-15,25.25308423962721,26.026454682024177,25.221897990530312,25.85805892944336,13779500
2005-08-16,25.82063236036186,25.864290242457926,24.928760118954614,25.103391647338867,15978500
2005-08-17,25.10962601610136,25.290495733856012,24.82273069915149,25.022310256958008,10297200
2005-08-18,24.7915353105496,25.228116282419418,24.7915353105496,24.903799057006836,10096700
2005-08-19,24.87262624617687,25.271785353252074,24.822730168204497,25.078441619873047,9713800
2005-08-22,25.103393173281614,25.664712233174573,25.103393173281614,25.290498733520508,10935200
2005-08-23,25.215657445899502,25.490078780651253,25.115867653337382,25.128341674804688,7432700
2005-08-24,25.02207105234407,25.54714085356786,24.69702761496721,24.76578712463379,10081900
2005-08-25,24.98456922995059,25.078330252840193,24.747037013192422,25.04082679748535,8373100
2005-08-26,24.953316784478176,25.090835832699167,24.697032802931783,24.909561157226562,7651100
2005-08-29,24.728283714062858,25.159590114752046,24.722031548899366,24.984567642211914,7119400
2005-08-30,24.903311497554093,24.940817343026588,24.547014311325384,24.915813446044922,9717600
2005-08-31,24.890805793982164,24.93456141484758,24.403241798908972,24.822046279907227,12051200
2005-09-01,24.672031221968066,25.165845068792077,24.647027325178716,25.003324508666992,9814400
2005-09-02,24.997071373069534,25.22209926047501,24.92205969276519,24.978317260742188,6774200
2005-09-06,25.122093758960926,25.484643171203043,25.009578588575664,25.347124099731445,9414300
2005-09-07,25.278355194912,25.53463912480061,25.240851741685898,25.378368377685547,9515100
2005-09-08,25.64715828195418,26.234737909481105,25.440882103303153,26.09096908569336,16919400
2005-09-09,26.140981739551336,26.853576274352054,25.85344401226392,26.759815216064453,19022600
2005-09-12,26.5535382136588,26.691057302263868,26.403519557456498,26.597293853759766,9531000
2005-09-13,26.59728466483082,27.197363851329534,26.522275362644162,26.784809112548828,13376900
2005-09-14,26.703540297975767,26.853558847682454,26.134714995959047,26.2972354888916,12493200
2005-09-15,26.422278643200503,26.566047555596164,26.247256034110865,26.40977668762207,8679900
2005-09-16,26.534778295879967,27.1036038263013,26.378507519560888,27.07859992980957,19866600
2005-09-19,26.984833769520993,27.066095232614437,26.466016084776477,26.697296142578125,10286800
2005-09-20,27.08485236828678,27.79744673394027,27.066098253478167,27.1411075592041,24303100
2005-09-21,27.316132912932428,27.772443305929457,27.034845031084156,27.334884643554688,23322900
2005-09-22,27.328631987239618,27.828697955429647,27.303628092704457,27.50365447998047,14952400
2005-09-23,27.434894318001856,28.078729087895823,27.397390861582448,27.978715896606445,14108400
2005-09-26,28.0537226109498,28.122482114880167,27.59741235745991,27.75368309020996,13015700
2005-09-27,27.84120039911832,28.0287248424704,27.55366276034496,27.72243309020996,9933100
2005-09-28,27.797449123428148,28.034979009395656,27.591170534321428,27.822450637817383,13407200
2005-09-29,27.753688919716204,28.159991479506616,27.634921611798386,28.122488021850586,18963100
2005-09-30,28.07248061844821,28.14124013776693,27.72243324032687,27.97246742248535,12115900
2005-10-03,28.116240402039498,28.29751509169622,27.953719828745808,28.159996032714844,15035800
2005-10-04,28.066228103672664,28.928840940657693,28.003718371969253,28.51003646850586,19054400
2005-10-05,28.416272140797933,28.847580929792432,28.222497940063473,28.222497940063477,15570400
2005-10-06,28.17248530907058,28.42251941574317,27.28486876093661,27.597410202026367,18393000
2005-10-07,27.941214035335765,28.06623112771029,27.297376844182914,27.45364761352539,10768100
2005-10-10,27.397384681015875,27.841192968212525,27.203608123386815,27.303621292114258,9254700
2005-10-11,27.29112234113188,27.43489113791414,26.94732718495672,27.166105270385742,10189500
2005-10-12,27.00359113852133,27.42864784895522,26.409761700311968,26.47226905822754,17922700
2005-10-13,26.353505233532314,26.52227796841096,25.89719482493581,26.065967559814453,20228600
2005-10-14,26.315996942975183,26.52852528740289,25.85343679507547,26.209733963012695,15003300
2005-10-17,26.191000085345514,26.49728967065449,25.978471596057823,26.372272491455078,9849000
2005-10-18,26.472270755892165,26.753558653556922,26.159729177265323,26.534780502319336,11950500
2005-10-19,26.566025069025482,27.59741287844735,26.365998718089468,27.516151428222656,19092400
2005-10-20,27.44114288764745,27.947458558978663,26.928575051397285,27.09734535217285,17803000
2005-10-21,27.684935623668974,28.22875734243183,27.416149655710775,28.12874412536621,23218300
2005-10-24,28.122477845679878,28.566286087036133,27.878693536616257,28.566286087036133,14469200
2005-10-25,28.22249091297855,28.503776280717773,27.841190002663172,28.228740692138672,12242800
2005-10-26,28.128734639782845,28.747567851039115,27.82869508976545,28.034971237182617,15901800
2005-10-27,27.847448930509962,27.90370649944039,26.822313127335576,26.90982437133789,18246700
2005-10-28,25.12834324124556,25.834687872182762,24.803299715367405,25.672164916992188,40710000
2005-10-31,25.384625994297007,25.57215045420591,24.390743733826653,24.853303909301758,39013200
2005-11-01,24.915806464498754,24.915806464498754,24.4282425324887,24.684526443481445,25237200
2005-11-02,24.640772722212482,25.403374807360468,24.45324828384075,25.240854263305664,27301900
2005-11-03,26.691042134486043,27.791187064634133,26.57852701402176,27.516151428222656,44420000
2005-11-04,27.759920312407697,28.05370992011501,27.15358938058658,28.00370216369629,19154600
2005-11-07,28.022484389460786,28.291268004223213,27.728694486890287,27.903717041015625,14144000
2005-11-08,27.70368520933487,28.42253179062049,27.67868131088078,28.310016632080078,15616000
2005-11-09,28.259994415325007,28.553784110994965,27.8036842316366,27.922449111938477,12935600
2005-11-10,28.1099932552055,28.547549602984592,27.69743842408288,28.54129981994629,13049500
2005-11-11,28.50379056315834,28.847588201776677,28.272510466317527,28.39127540588379,12494600
2005-11-14,28.278757335514154,28.753819389286473,28.222499767415886,28.46002960205078,8470800
2005-11-15,28.510039196533157,28.61630217384322,27.8349483365539,28.091232299804688,13667300
2005-11-16,28.222492100860258,28.278749653676332,27.916200450083437,28.097475051879883,10402900
2005-11-17,28.278757335514154,28.541291063637733,28.10373246559591,28.46002960205078,13469700
2005-11-18,28.603796678345752,28.95384401245313,28.32251123941385,28.71006202697754,19329200
2005-11-21,28.53505083874781,28.935103730532116,28.472541084091937,28.803836822509766,11127100
2005-11-22,28.722563972963773,28.89758644776627,28.42252442280133,28.71006202697754,12539900
2005-11-23,28.797576643140435,28.935095680621444,28.60380003437198,28.76007080078125,11393200
2005-11-25,28.853834874770588,28.897590499606352,28.710066052524112,28.866336822509766,3648700
2005-11-28,28.910079222908735,28.935083106949477,28.47877295346322,28.778812408447266,12526000
2005-11-29,28.872603777281633,29.07263029107694,28.4287950988298,28.46630096435547,12345800
2005-11-30,28.422519683837894,28.841324074287588,28.385013852132644,28.42251968383789,11542000
2005-12-01,28.234998295782567,28.722564662948635,28.19124267603083,28.5037841796875,14437300
2005-12-02,28.316272481225653,28.50379699080261,27.95372541397734,28.253765106201172,11473400
2005-12-05,28.19112621273182,28.385289469040725,27.771486051714522,27.865436553955078,11896000
2005-12-06,28.003219274803175,28.38528103278185,27.846636743779772,28.022010803222656,11078400
2005-12-07,27.9593790732848,28.278808805588053,27.903009261070114,28.184858322143555,8919400
2005-12-08,28.566915092862413,28.723497611556674,27.52720726430291,27.690052032470703,21431200
2005-12-09,27.884209268267615,28.0595808872365,27.60236031688254,27.84036636352539,10016000
2005-12-12,27.82786393707734,28.37277079585743,27.82786393707734,28.310138702392578,9310300
2005-12-13,28.3602336529102,28.96151252353549,28.297601582073984,28.710979461669922,14896100
2005-12-14,28.654596425571693,29.18697594990594,28.585699745873537,28.95523452758789,15212300
2005-12-15,29.14941353790507,29.174467324017314,28.46671339653993,28.64834976196289,11015000
2005-12-16,28.560643131519978,28.90512649573361,28.115949465864755,28.15353012084961,26690500
2005-12-19,28.44791554554276,28.504285357148273,27.33931323273433,27.364364624023438,14546000
2005-12-20,27.40194253226508,28.059588675187484,27.364361865230165,27.61489486694336,15948000
2005-12-21,27.690052345852916,28.090903215965312,27.401941081617085,27.552261352539062,11117000
2005-12-22,27.708847319745882,27.903008140149943,27.301731760187778,27.80279541015625,9768100
2005-12-23,28.040801539863754,28.090906710230627,27.71510957006926,27.80279541015625,5372400
2005-12-27,27.727634602693286,27.984429855429934,27.18899031908476,27.333045959472656,8683300
2005-12-28,27.38315642885099,27.621160178675925,27.26415216467848,27.339313507080078,7204400
2005-12-29,27.426994966150385,27.63368265156364,27.19525111468203,27.27041244506836,7923800
2005-12-30,27.0762536209625,27.245363057686934,26.91967107465395,26.9823055267334,8619800
2006-01-03,27.08876999941739,27.77773198011511,26.875817723504785,27.558517456054688,15828200
2006-01-04,27.5585329730741,28.491766163664167,27.514690043575953,28.454185485839844,16828300
2006-01-05,28.328915975155386,28.61076505609918,28.18486030917527,28.316389083862305,10866100
2006-01-06,28.52933235689665,29.68177970638442,28.410330511462494,29.66299057006836,26689700
2006-01-09,29.399940245815785,29.87595256037845,29.381151103408914,29.79452896118164,14562900
2006-01-10,29.53773605314577,30.06385358647958,29.49389312447299,29.67552947998047,12886200
2006-01-11,29.782014926411467,30.97204383728108,29.62543230073185,30.56492805480957,20006000
2006-01-12,30.43963733003047,30.878068811997856,30.23294967050517,30.690170288085938,16641700
2006-01-13,30.640078146155997,30.690185718664193,30.101436077256274,30.464706420898438,11708600
2006-01-17,29.700579724065037,30.27054255323635,29.631685402578924,30.13901138305664,13164900
2006-01-18,29.700574612803273,30.364485432979585,29.68805011233232,29.907264709472656,13203900
2006-01-19,30.201648977980774,30.514814139878506,29.819587098183845,30.483495712280273,14107500
2006-01-20,30.389540064922617,30.48975279632076,29.14314197822694,29.412464141845703,20935700
2006-01-23,29.53772374472746,29.55651288082621,29.124346025738962,29.38740348815918,10815900
2006-01-24,29.594105891933683,30.251752211680127,29.412469536317303,30.107696533203125,13906600
2006-01-25,30.201635916283454,30.439639616125536,29.506409175262615,29.800785064697266,17278000
2006-01-26,29.27466169580523,30.120206137408353,29.12434146278783,29.75067138671875,19732900
2006-01-27,29.7882722041076,30.170331709320063,29.50015842825629,30.076383590698242,14465000
2006-01-30,30.120216389377955,30.564910213306458,30.007476773556665,30.420854568481445,12418700
2006-01-31,30.295584983688816,30.602487770952585,29.775732265141947,30.038789749145508,12809400
2006-02-01,29.64422032257141,30.25175921341281,29.5189537590411,30.020017623901367,12480900
2006-02-02,29.807048053751277,30.00747348451885,29.356089639894442,29.362354278564453,9859400
2006-02-03,29.155675038944988,29.312257614223167,28.654611275906912,28.86130142211914,11569600
2006-02-06,28.698448726217723,29.0241407073206,28.504285509812156,28.767345428466797,8961700
2006-02-07,28.71724117580492,28.88635063101141,28.23496898301567,28.64208221435547,11864700
2006-02-08,28.717236387330626,29.51894060306519,28.692184997198225,29.41872787475586,11592300
2006-02-09,29.468823576012756,29.63793294868652,28.8487582654681,28.91139030456543,9714900
2006-02-10,29.061718817063312,29.312249434036378,28.64834102926092,29.224563598632812,8898900
2006-02-13,28.999087506499343,29.13688091375279,28.485496938522047,28.77987289428711,9316200
2006-02-14,29.03667009856913,30.038797519613524,28.867560648281593,29.813318252563477,16978800
2006-02-15,29.606633525891244,30.038800572147025,29.28094148364003,29.650476455688477,12619900
2006-02-16,29.74442823996323,30.132752373180985,29.437525328876877,30.126487731933594,13906100
2006-02-17,29.907261344341602,30.615015004310347,29.86341842984669,30.258007049560547,14806500
2006-02-21,30.113964829528307,30.182859162089557,29.255890516804772,29.399946212768555,11795200
2006-02-22,29.494077518674292,30.42282690646835,29.399946526499996,29.983552932739258,11531300
2006-02-23,29.789006650078402,29.91451139555929,29.399934278769003,29.450138092041016,8423400
2006-02-24,29.550551747556778,29.669782247287834,29.230510725199597,29.613304138183594,7123000
2006-02-27,29.57565822075171,30.429104270405706,29.4752529439601,30.34124755859375,11439200
2006-02-28,30.22829026049775,30.372625085047524,29.48780286634317,29.594482421875,14225100
2006-03-01,29.638402300076546,30.30358856822668,29.362288464881185,30.14042854309082,10745900
2006-03-02,29.713708739303552,30.59853083304373,29.64468206868782,30.01492691040039,12840000
2006-03-03,29.78273952254046,30.58598403540384,29.663509018577695,29.889421463012695,11380300
2006-03-06,29.839204253376472,30.3475070254259,29.556813824460125,29.644670486450195,12531500
2006-03-07,30.052570045412978,30.385161936033164,29.77017957514602,30.03374481201172,23360400
2006-03-08,30.096502599538326,31.30136802478655,29.93334496173026,31.081729888916016,27269000
2006-03-09,31.10055927162351,31.339020263865304,30.140431445922992,30.184358596801758,17084100
2006-03-10,30.102779682390974,30.529502610257623,29.807838201522827,30.121604919433594,11782900
2006-03-13,30.52950370489759,30.642459918903533,30.09022980530227,30.253387451171875,10254100
2006-03-14,30.184356723347122,30.98132445873234,30.12160433851523,30.906021118164062,12899100
2006-03-15,31.006422456971503,31.276261986623012,30.811886258384448,31.257436752319336,12722800
2006-03-16,31.57120787157351,32.11716128792867,31.295091629028317,31.29509162902832,23760100
2006-03-17,31.35156799636811,31.991652349729183,31.32646608591867,31.85987091064453,20416200
2006-03-20,31.77200987036292,31.97909460296647,31.502170374963267,31.571199417114258,9716700
2006-03-21,31.119382858276367,32.004204897935885,31.069179034878633,31.119382858276367,17392000
2006-03-22,31.037819397681684,31.495918758209864,30.949965053724405,31.219804763793945,11553200
2006-03-23,31.175860064864363,31.31391818138224,30.843268122907656,31.113107681274414,10005000
2006-03-24,31.18212474131909,31.502168023061696,30.680098645677912,30.96876335144043,10102900
2006-03-27,31.050352586438294,31.464524537908268,31.02525067571891,31.194684982299805,8258300
2006-03-28,31.113111922569203,31.709266829490666,30.8558208907669,30.975053787231445,12904700
2006-03-29,31.138203112770515,32.06695215237094,31.075450737414275,31.8284912109375,15647800
2006-03-30,31.966559981849283,32.47486304786294,31.84732946239699,31.91008186340332,13533200
2006-03-31,32.10459942661368,32.26148273155097,31.646500463458693,31.759456634521484,12090000
2006-04-03,32.09207032080966,32.45604098507551,32.0230412366316,32.11717224121094,13950400
2006-04-04,32.02930359820711,32.60663314629455,32.02302692398669,32.51250457763672,13997500
2006-04-05,32.43719923965385,32.506228293808505,32.1171582722139,32.42464828491211,9794500
2006-04-06,32.474858225695506,32.62546731713779,32.104613369493954,32.48113250732422,9981800
2006-04-07,32.57525604399255,32.93294986133943,32.46229984968831,32.606632232666016,14131900
2006-04-10,32.49367261868281,32.67565784522614,32.0041974241106,32.368167877197266,7279000
2006-04-11,32.399552408826885,32.650564350309175,31.947727562768602,32.24894332885742,11033000
2006-04-12,32.40583802260957,32.44349090423204,31.98539161682129,31.98539161682129,7223400
2006-04-13,31.96026947445824,32.531324651578494,31.96026947445824,32.30541229248047,7865000
2006-04-17,32.26777760628814,32.58782109319273,31.77202786558526,32.01676559448242,9425600
2006-04-18,32.2426594754762,32.93922177506997,32.205006618199725,32.65055465698242,12104600
2006-04-19,32.93920988435386,32.995687952955876,32.53758673326811,32.94548416137695,13482800
2006-04-20,32.82627155959076,32.88274965883935,32.12970913347474,32.53133010864258,13473900
2006-04-21,32.45603051458417,32.69449149991483,31.947727562768602,32.24894332885742,14823200
2006-04-24,32.048122646268,32.93922109940414,32.041848367108656,32.81998825073242,14477400
2006-04-25,32.91413137295879,32.91413137295879,32.161090721204445,32.31797409057617,10246400
2006-04-26,32.38071274630419,32.550147000621095,31.9037885589986,32.05439758300781,8972500
2006-04-27,31.859863804971567,32.920394149507025,31.859863804971567,32.65055465698242,12374500
2006-04-28,32.763509237473414,32.782336862118356,32.20500504794232,32.21755599975586,8186100
2006-05-01,32.29287320215565,32.44975657650796,31.55238348370471,31.78457260131836,11135400
2006-05-02,31.815953824710054,32.230125902690155,31.621417547988077,32.041866302490234,8765700
2006-05-03,32.7823382339059,32.7823382339059,32.03557212977245,32.47484588623047,17971900
2006-05-04,32.644286101813904,33.265542795791,32.60035895754683,32.845096588134766,15770100
2006-05-05,33.0772790390769,33.25926426713796,32.82626716016293,32.983150482177734,9867200
2006-05-08,32.85764654093993,33.10238416406588,32.70703748386641,33.04590606689453,8924900
2006-05-09,33.12121844849757,33.253002307138985,33.00826222329088,33.09611892700195,7634900
2006-05-10,32.92668373758824,33.05846519897091,32.26777164297426,32.41838073730469,10550300
2006-05-11,32.336801057516666,32.468584914159955,30.636185817140365,31.00015640258789,20572400
2006-05-12,30.96250227855657,31.14448756392402,30.46675025035569,30.74286651611328,15023700
2006-05-15,30.473025364410493,30.629908727788912,29.719984741424042,30.516952514648438,18531500
2006-05-16,30.592247055048084,31.062897009741132,30.11532282091956,30.240827560424805,14159100
2006-05-17,29.073624426069685,30.00237359812113,29.01714632265473,29.431318283081055,22356000
2006-05-18,29.65096089840527,29.93335148096972,29.042252575305294,29.086179733276367,15346900
2006-05-19,29.054784040674793,29.93333139837037,28.866524576554013,29.53798484802246,22835700
2006-05-22,29.14892847973535,29.607027599162354,28.929290341588107,29.261884689331055,14452700
2006-05-23,29.425042942125547,29.600751541225513,28.477468490600586,28.477468490600586,16391300
2006-05-24,28.389367663782387,28.867558722768866,27.74758644263488,28.685091018676758,23278700
2006-05-25,28.94307653586076,29.19475642233846,28.56555910634149,28.9808292388916,13203300
2006-05-26,29.087790239344372,29.213630176564717,28.69139527716929,28.961950302124023,9158300
2006-05-30,28.697666734939038,28.880134384911884,28.13768196105957,28.13768196105957,14906500
2006-05-31,28.14398106375131,28.603294578249482,27.97409758849373,28.445995330810547,13529800
2006-06-01,28.43970983334473,29.603723526000977,28.18173911442216,29.603723526000977,15979600
2006-06-02,29.94978101779812,30.056745772964124,29.232496707401413,29.572263717651367,11744300
2006-06-05,29.364629754235256,29.55339081885151,28.729141690643335,28.74172592163086,11276000
2006-06-06,28.741730172579558,29.2387965692189,28.63476539346364,29.05003547668457,13510800
2006-06-07,29.169584752294412,29.402387061608042,28.52780327238923,28.615890502929688,12261300
2006-06-08,28.19432100178424,28.38307963893565,26.577284756533174,27.967809677124023,27982300
2006-06-09,28.313875434850473,28.578137120147872,27.080649436402034,27.332326889038086,17768100
2006-06-12,27.225363021384425,27.370078088772704,25.828544474997866,25.9166316986084,23465800
2006-06-13,26.873012009992003,27.00514284680049,26.155727581378105,26.325611114501953,37462700
2006-06-14,26.55840127792235,27.24422601313479,26.37593359603194,27.212766647338867,20368000
2006-06-15,27.46444518102852,28.313860021598206,27.33860532311562,28.244647979736328,19466200
2006-06-16,28.150273969679052,28.31386412855781,27.06805439492479,27.653207778930664,27558500
2006-06-19,27.879735616447192,27.93007015665846,27.080654688939916,27.300872802734375,14534400
2006-06-20,27.45187539682312,27.93635754453209,27.118399237892817,27.628049850463867,13471500
2006-06-21,27.70983920140976,28.31386780520706,27.565124165095593,27.810510635375977,15806700
2006-06-22,27.60287409497702,27.621751638736,25.935503341508408,26.036174774169922,34940400
2006-06-23,25.300012248095943,25.369224306105348,24.39396938009083,24.853282928466797,52917600
2006-06-26,25.16789758608356,25.583167800246027,24.97913883422748,25.224525451660156,16723400
2006-06-27,25.104973761749843,25.406988184122213,24.249265031596163,24.343643188476562,16616900
2006-06-28,24.519820587168986,24.87216955396031,24.26814069643462,24.83441925048828,13703600
2006-06-29,25.155304787066807,25.658662087419426,24.50093909650994,25.50765609741211,20038800
2006-06-30,25.633498472812203,25.746751776044917,25.11126357364142,25.21193504333496,12742100
2006-07-03,24.834406870147774,24.991706123391282,24.633064018011776,24.828113555908203,7048400
2006-07-05,24.777777221129845,24.796652362068468,23.85914782558302,24.016447067260742,18874200
2006-07-06,24.022747702100336,24.312177818945717,23.852864181291956,24.205215454101562,13692200
2006-07-07,24.003863453994867,24.230372328991887,23.682971680739826,23.909482955932617,12650800
2006-07-10,24.003887190565894,24.054221745829544,23.343227851219677,23.783666610717773,14609000
2006-07-11,23.63265083040409,24.53869405449924,23.52568604411529,24.456897735595703,20633300
2006-07-12,24.400264510358685,24.557563796578524,23.399840953992637,23.626352310180664,14079400
2006-07-13,23.38725866780299,23.815112953914248,22.997157077594544,23.003450393676758,15504500
2006-07-14,22.95940507491269,23.33692240508604,22.48121389648336,22.883899688720703,16502400
2006-07-17,23.274005380488198,23.525682819249816,22.83356686240933,23.003450393676758,14544900
2006-07-18,23.122991929161685,23.594889723634374,22.795809170303734,23.531970977783203,14295400
2006-07-19,23.531979849109828,23.777366410712553,22.915364386368093,23.110416412353516,33124500
2006-07-20,22.814687655026702,23.45017812208841,22.393126715658166,22.556716918945312,36654300
2006-07-21,22.02190122569861,22.11628176245888,21.46191612141947,21.6695499420166,25940800
2006-07-24,21.74505625642778,22.393128609143943,21.606632103343998,22.260997772216797,16133000
2006-07-25,22.210657609789923,22.449753184794947,21.550001121151585,21.568876266479492,16285900
2006-07-26,21.61921019205658,22.185486075199144,21.35494619309978,22.00931167602539,21221000
2006-07-27,22.12257841608559,22.38684254743849,21.70730826698593,21.719892501831055,16460600
2006-07-28,21.990452145939894,22.63852477461126,21.883487327502145,22.518978118896484,15672800
2006-07-31,22.393125858663357,22.468628841891228,22.14144604764171,22.185489654541016,10633400
2006-08-01,21.971569083751625,21.996737552394443,21.392708706150483,21.69472312927246,16525700
2006-08-02,21.707311322037373,21.86461067944344,21.266872641260843,21.62551498413086,12716400
2006-08-03,21.474506931944948,22.185498232624184,21.449338461072013,21.933820724487305,13833300
2006-08-04,22.298751011542453,22.632227206150432,21.927524515799465,22.216957092285156,16099700
2006-08-07,22.21066800489275,22.349092202607128,21.675851168592413,21.77022933959961,13443800
2006-08-08,21.39270797985984,21.770225395896137,20.996313012883693,21.30462074279785,19591000
2006-08-09,21.493381780572932,22.12257914229954,21.027774676808363,21.096986770629883,17762100
2006-08-10,21.015189576032462,21.392706974324053,20.61250131093846,21.329788208007812,14521600
2006-08-11,21.147319635700406,21.310909862131844,20.857889481138706,20.958560943603516,8743700
2006-08-14,21.443046677366294,21.675849023044314,21.084401982406384,21.13473892211914,12297100
2006-08-15,21.663253394827915,22.399412749480515,21.455617228010333,22.305034637451172,22562600
2006-08-16,22.82727091782952,23.802528381347656,22.783227311112817,23.802528381347656,27239100
2006-08-17,23.71443503553188,23.90948697757748,23.280289951851756,23.406129837036133,16916800
2006-08-18,23.431309139503973,23.821410803961047,22.965702068870208,23.481643676757812,14042900
2006-08-21,23.280300984767738,23.51310332256017,23.04120532962569,23.343219757080078,13028400
2006-08-22,23.374690991759305,24.003888570001028,23.30547887412099,23.601200103759766,14493800
2006-08-23,23.752680472908445,23.979918825951653,23.014155825518017,23.13408851623535,11923000
2006-08-24,23.35501903919783,23.620128910336913,23.171965609372805,23.525447845458984,8763900
2006-08-25,23.31713662747559,23.885232440253496,23.228766702798996,23.594873428344727,10448000
2006-08-28,23.639058582250637,23.765302364768772,23.361321779130762,23.468629837036133,10442800
2006-08-29,23.506513071408992,23.784247577423187,23.134095088759977,23.72743797302246,10962700
2006-08-30,23.76530332546486,24.30183641298108,23.73374057263452,23.929418563842773,11706200
2006-08-31,24.11246995488639,24.144030297224376,23.68324255697042,23.777923583984375,8546800
2006-09-01,24.19453301483191,24.491203174322518,24.04303997397911,24.207155227661133,13679200
2006-09-05,24.213468651877797,24.825749511525128,23.689557729107356,24.737377166748047,16198800
2006-09-06,24.680560552442248,24.926736973826802,23.85997970485891,24.011472702026367,19418000
2006-09-07,23.885236415617204,23.986230976042425,23.29189367410656,23.336078643798828,18274400
2006-09-08,23.41813893454238,23.500197780902848,22.906854941444106,23.064659118652344,16883400
2006-09-11,22.81216627565107,23.430758220452276,22.717485235633596,23.235082626342773,13755300
2006-09-12,23.607496635277094,24.043035127089905,23.563311675581577,23.765300750732422,21906100
2006-09-13,23.878930513427,23.94836233243295,23.52544827094763,23.544384002685547,16226000
2006-09-14,23.430742778481093,23.74003975099037,23.361308616821958,23.48124122619629,15214000
2006-09-15,23.676932295557847,23.866299191392997,23.22876911226821,23.235082626342773,27469800
2006-09-18,23.298201792897267,23.758989566239322,23.039403114502417,23.102523803710938,19695600
2006-09-19,23.29189519383646,23.54438040742333,23.165651383092822,23.418136596679688,13963000
2006-09-20,23.355004019896082,24.112464091310386,23.247698400461143,24.055654525756836,20166400
2006-09-21,24.137718762159682,24.756310610989697,24.118780630774253,24.289209365844727,23147500
2006-09-22,24.3018416695114,24.308152776702592,23.727434599093517,23.897863388061523,12617400
2006-09-25,24.11247329927122,24.60482145015154,23.67693232773853,24.409143447875977,15413000
2006-09-26,24.421757925472612,24.806800256027575,24.125087900078725,24.25764274597168,15802800
2006-09-27,24.295525231179973,24.484889708070003,23.859984285642945,24.068286895751953,18369200
2006-09-28,24.087228068638414,24.13141304297563,23.19721265885942,23.36764144897461,23546700
2006-09-29,23.48756785420771,23.531752821216855,22.83110204735743,22.944721221923828,16856000
2006-10-02,22.79323241009898,23.033095398612847,21.524485662341714,21.877967834472656,33287100
2006-10-03,21.922155358129082,22.597557023901086,21.852721136954294,22.34507179260254,19379500
2006-10-04,22.3450644125877,22.61017417907715,22.016831553196155,22.61017417907715,18615600
2006-10-05,22.635427556156696,22.919475506417772,22.370315333279617,22.88791275024414,14728300
2006-10-06,22.71117188564031,23.146710451827563,22.584928090138174,22.957345962524414,12749000
2006-10-09,22.89422946171774,23.05203363302164,22.723800667761463,22.875293731689453,7990500
2006-10-10,22.988912411831507,23.916801785995307,22.092585800846663,23.39920425415039,33428900
2006-10-11,23.32344827301054,23.979913957891245,23.272949801296797,23.834732055664062,16964200
2006-10-12,23.948357958052746,24.623759556212487,23.92942222977361,24.579574584960938,16636600
2006-10-13,24.705811125987164,25.147663116455075,24.45963709915637,25.147663116455078,22416800
2006-10-16,25.059302585488172,25.248667107212157,24.970932635877013,25.135047912597656,14313500
2006-10-17,24.914121034594515,24.996177462404333,24.352338621910278,24.579574584960938,15012100
2006-10-18,24.72475045006851,24.75631320304903,23.92310757184299,24.061973571777344,17854000
2006-10-19,23.550693803399675,24.150347687578623,23.38026502094131,24.099851608276367,21946300
2006-10-20,24.20084410718065,24.25134018216877,23.48125758132351,23.935731887817383,16516000
2006-10-23,23.910484110933538,24.390207639945043,23.676932248639684,24.036727905273438,13494800
2006-10-24,23.76530793251146,23.954672446703093,23.083592791941044,23.17196273803711,20196800
2006-10-25,23.153035960581757,23.82212673784137,23.134100224211654,23.676944732666016,15486300
2006-10-26,23.84105101257066,24.017790888127166,23.380263188512476,23.97991943359375,15014100
2006-10-27,23.935728453859976,23.98622692950349,23.30451195571515,23.44338035583496,13137900
2006-10-30,23.159334234256363,23.310827264957894,22.976283265696228,23.19089698791504,15543100
2006-10-31,23.33608522220356,23.481264793246936,22.761678046379362,22.96997833251953,14697600
2006-11-01,23.22877111221713,23.291894218896985,22.477624201979214,22.553369522094727,18774600
2006-11-02,22.565988307680296,22.97627996734345,22.351374616270288,22.951030731201172,21291000
2006-11-03,22.906848589462886,23.746365327307608,22.666985632407258,23.02046775817871,33224500
2006-11-06,23.007848062888886,23.159338714999972,22.69855083565296,22.812170028686523,18815000
2006-11-07,22.786924887677518,23.38658131270081,22.73011528093003,22.96997833251953,17794000
2006-11-08,22.91946608159815,23.102516989470764,22.69222781483299,22.900527954101562,15973000
2006-11-09,22.767984477060978,22.850043316148625,21.89059371480985,21.98527717590332,31773800
2006-11-10,22.023135284373005,22.25037352693318,21.68227792053274,22.244062423706055,20316800
2006-11-13,22.66068729462632,23.127786444398915,22.4145106851014,22.850051879882812,21433100
2006-11-14,22.91946982108974,23.822109523624537,22.755352198138162,23.7084903717041,24482400
2006-11-15,23.68955359543348,24.005161833722333,23.519124857809526,23.79686164855957,19185500
2006-11-16,24.01780677034094,24.238734168779065,23.70851178359009,23.860002517700195,17215100
2006-11-17,23.733741690658785,23.85367437810382,23.61381141111384,23.7526798248291,13663300
2006-11-20,23.550688222380895,23.639058146143327,23.241391081312553,23.44969367980957,13358000
2006-11-21,23.48756938543578,23.809491203661036,23.32976523357249,23.74005699157715,11977800
2006-11-22,23.689556443192473,23.765304163175383,23.24139326884384,23.575937271118164,10503700
2006-11-24,23.40551818225327,23.90417758339494,23.35501968659797,23.721126556396484,7461700
2006-11-27,23.56331228521541,23.6706179307094,22.944718017674404,23.007841110229492,15634200
2006-11-28,22.963664457528004,23.16565361098339,22.534436904460144,22.629117965698242,21740800
2006-11-29,22.75535712519662,23.216144937578616,22.704861051131545,23.13408851623535,14628600
2006-11-30,23.05833662510874,23.241389977292506,22.610173514231004,23.096210479736328,18364300
2006-12-01,23.0394046700292,23.203519917791713,22.59755259203766,22.944721221923828,14102800
2006-12-04,23.1593299742206,23.721114620147272,23.064648954360745,23.670616149902344,20931800
2006-12-05,23.904918330131608,24.96876654443156,23.81626471487825,24.531829833984375,33695000
2006-12-06,24.544495840090967,24.937108210919515,24.34819207030686,24.81045913696289,19753700
2006-12-07,25.025760627081596,25.956628497646285,24.766131125066753,24.785127639770508,26866400
2006-12-08,24.696481216813147,25.500700254005572,24.557166960024155,25.038433074951172,18041500
2006-12-11,24.854786759110443,25.298057324564574,24.62048753482778,24.652149200439453,19600900
2006-12-12,24.5824969584847,24.740807733547395,24.145560088938726,24.614158630371094,15862200
2006-12-13,24.854780615699877,24.886442273485667,24.132884189413414,24.335521697998047,21437800
2006-12-14,24.430508290643665,25.0764138184346,24.30385924799913,24.956098556518555,16745600
2006-12-15,25.0764115340573,25.329709596271755,24.880107830688978,25.01308822631836,21097000
2006-12-18,25.133410794208036,25.393040296528973,24.59515527484001,24.740800857543945,13646200
2006-12-19,24.519163553530163,24.639478823580642,24.29752711001015,24.373517990112305,14448100
2006-12-20,24.379852026394797,24.75979680600869,24.221541298950676,24.259536743164062,9897200
2006-12-21,24.25953630800517,24.44950869440446,24.063230139868928,24.405181884765625,11799200
2006-12-22,23.77193340839286,24.246865470765833,23.746603118648583,23.942909240722656,23678700
2006-12-26,23.77193742389724,24.170878684425674,23.69594654182819,23.822595596313477,11148300
2006-12-27,23.949250081149877,24.15822143077809,23.78460796392823,23.790939331054688,9025100
2006-12-28,23.75927984748008,24.06956759342702,23.714953026630518,23.86693000793457,11384300
2006-12-29,23.936583441927834,24.297531736436166,23.790937850777993,23.930252075195312,10856200
2007-01-03,23.91125538193466,24.550832185144795,23.297011294916423,23.721282958984375,24184800
2007-01-04,23.93025484612221,24.949776517853497,23.683290449244293,24.791465759277344,26164600
2007-01-05,24.633150696526588,24.65847857759405,23.980908842530987,24.500167846679688,18403600
2007-01-08,24.538161007750137,24.538161007750137,24.063228859213037,24.22787094116211,13545200
2007-01-09,24.37986402882637,24.474851478308036,23.961923599243164,23.961923599243164,15948700
2007-01-10,23.84159709895045,24.41784806423111,23.803601653813356,24.411514282226562,14333700
2007-01-11,24.481164570658915,25.10174217457383,24.126547761723515,25.000423431396484,20549100
2007-01-12,24.854785413644812,25.29172217294574,24.772463155006626,25.08908462524414,14336000
2007-01-16,25.203077185924723,25.298064625804177,24.721813449091815,24.994108200073242,13712200
2007-01-17,24.804130197689535,25.304392808898175,24.696480033967255,24.816795349121094,17002100
2007-01-18,24.75979409363112,24.918104803732675,24.2721992322725,24.373517990112305,16412400
2007-01-19,24.23421373647292,24.810464861075896,24.145560088938726,24.614158630371094,17489500
2007-01-22,24.721807028680043,24.74713732815358,24.13922221894023,24.386186599731445,19125900
2007-01-23,24.373519504731927,24.740799118863567,24.094891091635635,24.145551681518555,17228000
2007-01-24,24.354522293172252,24.88644644630436,24.259537303888333,24.455841064453125,25559900
2007-01-25,25.253731417328456,25.27272793425224,24.158221321500815,24.164552688598633,28175800
2007-01-26,24.234218784883538,24.310207296366762,23.651633755162223,23.752952575683594,20681700
2007-01-29,23.429987421254488,23.78460431671648,23.303338357473063,23.524974822998047,18989500
2007-01-30,23.537633895874027,23.68961323190925,23.391988340639635,23.537633895874023,13357700
2007-01-31,23.512307254966633,23.9999045301779,23.30966974002555,23.847925186157227,15702600
2007-02-01,23.93659499591191,23.949260151120498,23.461662545930995,23.68963050842285,16678300
2007-02-02,23.70227994422316,23.759271897048926,23.429985326903363,23.55030059814453,15597800
2007-02-05,23.556635173485954,24.139217452562427,23.4299861167559,24.006237030029297,18370500
2007-02-06,23.980903331951282,24.044229059143415,23.5756283404396,23.86058807373047,18493800
2007-02-07,23.930252171103195,23.993575501202933,23.645292354393973,23.797271728515625,16080400
2007-02-08,23.784602868364676,24.500165566240433,23.50597446188649,24.22787094116211,20890600
2007-02-09,24.595154712344,24.690142115062475,23.99357346493034,24.259536743164062,21304300
2007-02-12,24.52550758569477,24.56983441416621,24.006248381631337,24.09490203857422,16559600
2007-02-13,24.22787257955851,24.493835856852414,24.06323048647561,24.10755729675293,16057400
2007-02-14,24.221536272182785,25.29804947851681,24.221536272182785,25.114408493041992,31705600
2007-02-15,25.49435481152107,26.24158153064799,25.42470013061064,26.15926170349121,37990000
2007-02-16,26.038958929737632,27.470089871737567,25.86798298096962,26.919166564941406,53781900
2007-02-20,26.58352378814484,27.090117379874165,26.507535353292642,27.039459228515625,22376400
2007-02-21,26.754510074475046,26.963481371837126,26.49488060588048,26.62786102294922,21788600
2007-02-22,26.735517780809865,27.102797430995057,26.615200075842033,27.096466064453125,18040600
2007-02-23,27.35609395165351,27.615723445817576,26.957150245527757,27.457412719726562,24741700
2007-02-26,27.39409060094061,27.4194209002146,26.754516245869347,27.007814407348633,24297600
2007-02-27,26.00095715404919,26.387233335672303,25.329718737868788,25.48802947998047,38780800
2007-02-28,25.596006393432617,26.091414625708907,25.405465883874363,25.596006393432617,27334400
2007-03-01,25.12600128470926,25.90086618173985,24.992620775832467,25.46897315979004,26715500
2007-03-02,25.437219148945832,25.6087063136221,25.030732131722264,25.075191497802734,22620900
2007-03-05,24.903700845449794,25.443568308161947,24.7957288066194,24.859241485595703,17759000
2007-03-06,25.14505211183148,25.265727164909535,24.916402602543982,25.119646072387695,20707700
2007-03-07,25.157757005829758,25.538837934464286,25.12600066558579,25.208566665649414,18427200
2007-03-08,25.557884216308594,25.81193726707274,25.37369411907911,25.557884216308594,15779900
2007-03-09,25.811951823262014,25.977088701094633,25.380058728266754,25.500736236572266,14031600
2007-03-12,25.38641277955358,25.596006615025974,25.28479101205247,25.48168182373047,15150200
2007-03-13,26.421669355670836,26.85356223750079,26.167616287028512,26.567752838134766,49881400
2007-03-14,26.97424853571235,27.65384441213665,26.94248977171679,27.44424819946289,40343800
2007-03-15,27.4124865069081,27.901541818154243,27.310864781379877,27.755460739135742,29402200
2007-03-16,27.61573193288201,27.780868762958157,27.329920052252696,27.742759704589844,26267500
2007-03-19,27.95235121754905,28.022216607504934,27.075864751338063,27.25370216369629,24305600
2007-03-20,26.942490612475783,27.456952077303526,26.917086992481536,27.33627700805664,18589600
2007-03-21,27.374374772175464,27.787214354584705,26.904375246175494,27.774511337280273,24185400
2007-03-22,27.577628157912013,27.812630428592517,27.482359128019155,27.53316879272461,16597000
2007-03-23,27.393435149749248,27.558569556973474,26.99964881516654,27.037757873535156,17486400
2007-03-26,26.885339180503678,27.0314203389469,26.40263390465667,26.9424991607666,16101700
2007-03-27,26.82181493688797,27.215598900713246,26.69478714837395,27.075870513916016,12307600
2007-03-28,26.999657413971384,27.310875432631548,26.859929001159102,26.99330711364746,16064600
2007-03-29,27.18385076878066,27.234662868672864,26.440741979264235,26.83452606201172,14227200
2007-03-30,26.840863671092215,27.25370330751094,26.771000701057275,27.094919204711914,17590000
2007-04-02,27.10763108982876,27.393443052918762,26.866278496235655,27.36168670654297,15746500
2007-04-03,27.56492336522857,27.78722015734601,27.418839847147602,27.76181411743164,18455900
2007-04-04,27.901552309320394,27.920605632879532,27.514118577924854,27.72371482849121,15169400
2007-04-05,27.348981923401123,27.59033207860842,26.85992646755408,27.501413345336914,21872600
2007-04-09,27.52680433251509,27.603020001792274,26.98058678651498,27.107614517211914,14131200
2007-04-10,27.01870323754312,27.33627143989454,27.012350516698355,27.31086540222168,11875000
2007-04-11,27.253707818863866,27.30451990314007,26.707490027162343,26.739246368408203,13662000
2007-04-12,26.478841936629294,27.196546917595075,26.421679550130186,27.05681610107422,14082900
2007-04-13,26.999652703766397,27.126680493770287,26.56776209431888,27.02505874633789,13379800
2007-04-16,27.164798212009423,27.564935030001767,27.133041860104644,27.558582305908203,14774300
2007-04-17,27.444251882961737,27.628442078302008,27.317224078490728,27.545873641967773,12714000
2007-04-18,27.31721269405543,27.577618494412775,27.18383464523034,27.29180908203125,10603800
2007-04-19,27.113981285441344,27.583983447694653,27.069521916115832,27.53952407836914,10986400
2007-04-20,27.88250440820914,28.073044949417756,27.355339740582384,27.59033966064453,20041500
2007-04-23,27.514117694104797,27.749117560916588,27.11398095223854,27.241008758544922,12977300
2007-04-24,27.38074454642308,28.530340465695808,27.329932445556896,28.174665451049805,27232200
2007-04-25,28.327090305693467,28.80979545999997,28.136549817563537,28.79709243774414,24648400
2007-04-26,29.343302663419635,29.4258710752222,28.65100387873613,28.771678924560547,22980500
2007-04-27,28.523971577228526,28.695458671623015,28.13653804058017,28.346134185791016,13446600
2007-04-30,28.358848706716792,28.466820760217054,27.799927848943366,27.818981170654297,15982100
2007-05-01,27.95235817122458,28.022223578560798,27.444249421761583,27.7999267578125,18144900
2007-05-02,27.91424351232171,28.28262134131408,27.774512737779983,28.11748695373535,12108800
2007-05-03,28.168303509010055,28.26357495552966,27.90154733532082,28.123844146728516,10549900
2007-05-04,28.27628972852881,28.403317569064615,27.679262027721425,28.009531021118164,12679500
2007-05-07,28.02222912017529,28.28898778068049,27.838041327782253,27.914257049560547,7631700
2007-05-08,27.7745131142443,28.263568408916218,27.723703464628667,28.053972244262695,9794800
2007-05-09,27.91424351232171,28.26991832336911,27.80626907121594,28.11748695373535,9649000
2007-05-10,27.94600974063968,28.066684819565076,27.641144470575156,27.88884735107422,17208400
2007-05-11,28.060338240118313,28.57479981441675,27.895201349321923,28.492231369018555,14464600
2007-05-14,28.562094597986473,28.746282376554674,27.850739838601825,28.104795455932617,14864100
2007-05-15,28.282621724665457,28.701811631119533,27.984109278897822,28.053972244262695,19095400
2007-05-16,28.19370413520278,28.93046225515094,28.19370413520278,28.61289405822754,28226800
2007-05-17,28.460461836094353,28.689108895898784,28.352487392460354,28.466812133789062,14988800
2007-05-18,28.53667448060807,28.816133583591036,28.333431056101777,28.71451187133789,22204100
2007-05-21,28.72088056372786,29.317908152382955,28.49858127883573,29.29885482788086,24026000
2007-05-22,29.52115048117441,30.308720974019685,29.06385132901561,29.457637786865234,35405300
2007-05-23,29.540191656125064,29.654516397147294,28.46046175979755,28.479515075683594,21582400
2007-05-24,28.422356569702412,28.58114068461695,27.61573297519416,27.685598373413086,29119200
2007-05-25,27.749115319143588,27.876143115187755,27.20925021452298,27.53316879272461,21643700
2007-05-29,27.564925757231013,28.56208989329445,27.202898137022174,28.123844146728516,26603700
2007-05-30,27.620493727297628,27.849868466629502,26.95785856210764,27.282804489135742,31485200
2007-05-31,27.35288398118055,27.493057934659074,26.849534266905316,27.36562728881836,22806500
2007-06-01,27.73517192579952,27.90720292341309,27.193594749656153,27.250938415527344,14388800
2007-06-04,27.059808739691228,27.442098437999707,26.855920576521555,26.87503433227539,14159600
2007-06-05,26.938742453250235,27.1235168193844,26.569196151519986,27.072546005249023,20356000
2007-06-06,26.996076325568907,27.098020347322617,26.77307453752554,26.906875610351562,15910900
2007-06-07,26.702994944602054,27.008827094361404,26.110444394900234,26.13593101501465,31490500
2007-06-08,26.84317951013758,27.07892476281593,26.26337204184943,26.677518844604492,37440800
2007-06-11,26.50547276360778,26.581932610909625,26.12955368792149,26.371671676635742,18631300
2007-06-12,26.13593239023794,27.02794226633744,26.123189079510205,26.6392822265625,23645600
2007-06-13,26.79856618968729,27.25731315857122,26.639278473836757,27.14262580871582,17187000
2007-06-14,27.21271439057534,27.35925880609877,27.015199166866186,27.155370712280273,17110500
2007-06-15,27.422978783538376,27.569523217386074,27.078916670745638,27.161746978759766,30129600
2007-06-18,27.047063297758434,27.29555182516307,26.926003039405508,26.970605850219727,12358500
2007-06-19,26.919624732607048,27.34651465638318,26.887767674652334,27.199970245361328,17364100
2007-06-20,27.308303159470707,28.028284757678232,27.015214165700968,27.44210433959961,22746200
2007-06-21,27.416607472184655,27.843499917274652,27.212719341273633,27.75429916381836,16279300
2007-06-22,27.563153370071063,27.830758075111287,27.270064470224735,27.391124725341797,17437900
2007-06-25,27.24458602836471,27.49307705430527,26.95149704048294,27.098041534423828,16443400
2007-06-26,27.42298774594701,27.690590078551804,27.07892552070751,27.295557022094727,19392000
2007-06-27,27.136256584491385,27.684206740436643,27.11714283550559,27.665090560913086,15884100
2007-06-28,27.62049337297434,27.888098042274645,27.403861947555253,27.690580368041992,13805100
2007-06-29,27.77979345788668,27.875367117361858,27.454847390641508,27.645992279052734,17654400
2007-07-02,27.779784536381147,28.028275485105667,27.64598340051757,27.99004554748535,13155800
2007-07-03,27.945432662963867,28.034633380287914,27.843488638802494,27.945432662963867,5945200
2007-07-05,27.792532718200647,27.9008496784996,27.620501614576735,27.741561889648438,13283300
2007-07-06,27.716074624158676,27.792532080502067,27.46758606813862,27.767047882080078,6935700
2007-07-09,27.728819945222945,27.970938076792955,27.58864590633417,27.773420333862305,12946300
2007-07-10,27.677838305982537,27.84986936603716,27.493066364920743,27.531293869018555,13915300
2007-07-11,27.493060268046648,28.091981194630897,27.2573127025449,27.932693481445312,16223400
2007-07-12,28.034661224533842,28.882073741843566,27.932717099120758,28.831100463867188,20896200
2007-07-13,28.66543730258552,28.971269626877937,28.512519925169684,28.89480972290039,12374000
2007-07-16,28.799234937425037,28.94577942283565,28.582603430613922,28.69091796875,9798800
2007-07-17,28.69091796875,28.926665664467862,28.531630167581213,28.69091796875,11120500
2007-07-18,28.51249663359299,28.792842094214784,28.455152967722928,28.735498428344727,14220300
2007-07-19,28.665422543340764,29.04134170412315,27.3974910730801,27.620492935180664,37717800
2007-07-20,27.95182378890452,28.034654129383178,27.168128067406904,27.397502899169922,36446100
2007-07-23,27.416616055562997,27.556790100900752,26.86229517801487,27.23821449279785,23490000
2007-07-24,27.091661806542085,28.149332408161023,27.085288935206677,27.448467254638672,26145400
2007-07-25,27.58863932766682,27.894471532783093,26.970604476521526,27.047061920166016,24581400
2007-07-26,26.887782540713822,27.550420406905527,26.314345458328873,26.811325073242188,42782700
2007-07-27,27.034321262979475,27.193609037363967,26.537344184672186,26.550085067749023,24072100
2007-07-30,26.696638002101054,27.55679120626597,26.295232039239178,27.098041534423828,18343800
2007-07-31,27.38474185862303,27.38474185862303,26.486359302705733,26.53733253479004,21111500
2007-08-01,26.454501962610678,26.766704498878767,25.84283776742068,26.371671676635742,30336800
2007-08-02,26.473620703664164,26.93874059174771,26.12318817763277,26.785825729370117,16433500
2007-08-03,26.77944971074218,26.983337790301658,25.90655371821957,25.976640701293945,20152900
2007-08-06,26.21876153841559,26.652024361899112,25.721782164103374,26.62016487121582,20773300
2007-08-07,26.14230813132599,26.441769917805992,25.301268897058133,25.80461883544922,34372300
2007-08-08,25.62621009471614,25.900185177430817,24.880742274376395,25.58160972595215,40264100
2007-08-09,24.982683791703426,25.645321247004738,24.35190582275391,24.351905822753906,28741900
2007-08-10,24.211743891551045,24.390145437190068,23.810337983324477,24.14165687561035,28385500
2007-08-13,24.307310398575684,25.263036850464037,24.307310398575684,24.797914505004883,29142600
2007-08-14,24.676863515661832,24.963582016571976,24.014225742566992,24.071569442749023,25852300
2007-08-15,24.020593081197866,24.19899458264648,22.784518591051977,22.994779586791992,35628700
2007-08-16,22.771774805519936,23.625557130115585,22.446826477283803,23.529983520507812,48200400
2007-08-17,23.81032704095746,24.135275341795474,23.249636032182806,23.918643951416016,36892900
2007-08-20,23.829450813735182,24.065196027338498,23.740247622943524,23.842191696166992,17886700
2007-08-21,23.68926953831718,23.848557255798852,23.351580355028094,23.510868072509766,24645600
2007-08-22,23.631930895420567,24.154394525580454,23.479013584636554,23.746618270874023,23147000
2007-08-23,23.87403778184611,24.211726878965077,23.670149749939895,24.122526168823242,18628700
2007-08-24,24.154395857981967,24.523944628281043,23.99510809779202,24.35828399658203,13293300
2007-08-27,24.562176918367598,24.81703835651801,24.21174426381488,24.5812931060791,17590200
2007-08-28,24.377388955316242,24.61313650533349,24.122530089281657,24.1289005279541,14665200
2007-08-29,24.35913623768479,24.915513828221016,24.2184421004809,24.88993263244629,14499000
2007-08-30,24.69168134372614,25.36317179083335,24.54459314594508,24.99225425720215,12222300
2007-08-31,25.18410231755257,25.574206872356697,25.100964681391964,25.51025390625,11942100
2007-09-04,25.516668591158666,25.727707430685292,25.222489616717322,25.587013244628906,19183100
2007-09-05,25.36316407961804,25.42072052556004,24.730043174256032,24.896318435668945,15631800
2007-09-06,25.00503886133053,25.164917632667823,24.64691197485111,24.82597541809082,13181600
2007-09-07,24.44228443023562,24.800411567080705,24.071364250436755,24.231243133544922,18903300
2007-09-10,24.16088388362612,24.16088388362612,23.45741812756131,23.51497459411621,21082000
2007-09-11,23.668456747091017,24.33994966635397,23.55334625417753,24.307971954345703,17966600
2007-09-12,24.205646599527704,24.301574844473265,23.92426082167418,24.21843719482422,14879600
2007-09-13,25.075385876372142,25.32479636898439,24.263201426355042,25.0498046875,38801000
2007-09-14,24.80039018372423,25.414326419576586,24.48063269320873,25.216075897216797,20088400
2007-09-17,25.017832674515002,25.10097032938248,24.83237512996614,24.941091537475586,12286300
2007-09-18,25.09458030030785,25.452707290649414,24.76203206673557,25.452707290649414,20534300
2007-09-19,25.529442342436596,25.734089424611597,25.100968384315685,25.606185913085938,16994800
2007-09-20,25.587000586844592,26.073033476660193,25.516655968173545,25.925945281982422,18892000
2007-09-21,25.925938760866764,26.188139814046806,25.555018888801467,26.111398696899414,29099500
2007-09-24,26.220126128697846,26.65499670843594,26.220126128697846,26.62941551208496,16600700
2007-09-25,26.405588355987252,26.616627144677363,26.07304009422471,26.571861267089844,22633900
2007-09-26,26.750932762649377,27.179406948257665,26.527100888752535,27.013134002685547,17939000
2007-09-27,27.204966285285323,27.537514348692394,26.866021706291168,27.006715774536133,14006200
2007-09-28,27.109050903630493,27.24334851987616,26.821268554849024,27.02591323852539,16260200
2007-10-01,26.891628417723407,27.173016821335064,26.514314145246317,26.91720962524414,19091800
2007-10-02,26.917188858764302,26.917188858764302,26.27127972430989,26.84684181213379,18093900
2007-10-03,26.686973540975103,27.192191220373488,26.61023238700234,27.032312393188477,12932300
2007-10-04,27.057888987584438,27.473572403809502,26.846847800617848,27.35845947265625,12359100
2007-10-05,27.58868742597138,27.754962756709293,27.051494519726777,27.729381561279297,14555900
2007-10-08,27.473574968478015,27.595084429125446,27.14102674072033,27.352067947387695,14400100
2007-10-09,27.35845143348526,27.371242026472366,26.86602458148442,27.27531623840332,13592900
2007-10-10,27.256135439754125,27.345667171836972,26.898008511422738,27.051490783691406,13143900
2007-10-11,27.077070297024605,27.1090455651353,26.424764581428708,26.520692825317383,21030800
2007-10-12,26.661381265936296,26.961954116821293,26.527083692392214,26.96195411682129,11322300
2007-10-15,26.782890678812983,26.859631800882603,26.258488538817396,26.405576705932617,14736800
2007-10-16,26.341634864688,26.84045846773566,26.11780548095703,26.11780548095703,17943400
2007-10-17,26.463134206784716,26.520690660508436,25.836409732657756,26.482318878173828,21994300
2007-10-18,26.463144302368164,26.789296038190567,26.20733720166083,26.463144302368164,17009400
2007-10-19,26.373615312039192,26.693373001644353,25.66375285078652,25.778865814208984,31004600
2007-10-22,25.753273872444044,26.220119611809974,25.708508009734746,26.136981964111328,13097800
2007-10-23,25.836424368440213,26.316060941322956,25.644567787640906,26.30327033996582,12114300
2007-10-24,25.945125304020774,26.348020467364883,25.612577186290622,26.335229873657227,15826200
2007-10-25,26.642206390040194,26.85964168219261,25.861996970042014,26.08582878112793,15620000
2007-10-26,26.26489226415855,26.565465225383733,25.753280529828483,26.431167602539062,18399700
2007-10-29,26.584638856411807,26.85323643004866,26.25848727366295,26.623010635375977,13257700
2007-10-30,26.392789099486073,26.80207838292279,26.322442046478532,26.71894073486328,9486700
2007-10-31,26.834055801856795,27.33927336890444,26.654992335888213,27.32648277282715,15850100
2007-11-01,27.02590463862616,27.30729281880857,26.348020254491335,26.405576705932617,17843400
2007-11-02,26.661392324585275,26.73173939882691,26.21373356042449,26.437562942504883,14702900
2007-11-05,26.29047617647903,26.667790326939663,25.72770199080475,26.12420082092285,14237700
2007-11-06,26.149778213130073,26.597439376571483,25.925948851187908,26.57825469970703,14703300
2007-11-07,26.411977999936635,27.083468490529857,26.284074468500556,26.341630935668945,17902000
2007-11-08,26.49511173236958,26.827659888967364,25.318403808853034,25.427120208740234,29596000
2007-11-09,23.553344106978592,24.877140270149713,23.40625347590919,24.36552619934082,48796000
2007-11-12,24.627729631889395,24.941093157789748,23.847522735595703,23.847522735595703,32753700
2007-11-13,24.045770481922514,25.094577456434923,23.847522331752184,25.043415069580078,24835500
2007-11-14,25.868387013913086,26.60382793596164,25.567814127761267,25.606185913085938,33688200
2007-11-15,25.714912587849074,26.47593744377615,25.580614944882253,26.098623275756836,25080500
2007-11-16,26.411978016417404,26.520696872050845,25.842809862706503,26.450349807739258,21203100
2007-11-19,26.680571949112224,27.070676567934978,26.58464370398785,26.699756622314453,25074700
2007-11-20,26.70615820100135,26.974755899055122,25.740491158880847,26.437562942504883,21201500
2007-11-21,26.200932794378875,26.629406713682112,25.798037623418203,25.874778747558594,16237200
2007-11-23,25.74048646897756,26.0410593897704,25.66374532904038,25.9195499420166,6664600
2007-11-26,25.906761669660135,25.906761669660135,25.00504526594096,25.05620765686035,17468600
2007-11-27,25.254459199103163,25.58061091486251,24.998652114131673,25.465497970581055,19538800
2007-11-28,25.94512459388477,26.859631282722933,25.881174066653166,26.533479690551758,23109600
2007-11-29,26.11780049073004,26.52708982252667,26.060244025973834,26.488718032836914,14781900
2007-11-30,26.846842480169666,26.87881774591836,25.791644073124274,26.079423904418945,25477500
2007-12-03,25.977101129249128,26.316045770927666,25.420723708515883,25.555021286010742,25831800
2007-12-04,25.286430982582683,25.484679128476674,25.10097099356968,25.17131805419922,15306700
2007-12-05,25.517894128292305,26.198201068970302,25.351027681549404,25.909391403198242,20792000
2007-12-06,25.928637876859185,26.03774235200354,25.601319554896406,25.935054779052734,10826600
2007-12-07,25.845204466625727,25.928638887984672,25.530722385051213,25.748933792114258,9470300
2007-12-10,25.89012558708535,26.153262609892337,25.825946780845413,26.037738800048828,12095100
2007-12-11,26.018486977810905,26.416400983020555,25.723260536792925,25.787439346313477,16536400
2007-12-12,26.1917850663341,26.679550614447997,25.845213455474696,26.32014274597168,21662700
2007-12-13,25.351019828577883,25.84520455953436,25.26116850445215,25.582067489624023,22227900
2007-12-14,25.363853389784676,25.511466613505018,25.25474647330852,25.274002075195312,14552600
2007-12-17,25.19057593495434,25.44087680729892,25.062215822702743,25.107141494750977,13652100
2007-12-18,25.13923100619697,25.351025559456073,24.47176282683232,24.85042381286621,18637500
2007-12-19,24.766978073334748,24.766978073334748,24.227867804392524,24.56801986694336,19576700
2007-12-20,25.107141494750977,25.19057593495434,24.458926477865408,25.107141494750977,17332700
2007-12-21,25.312512605145294,25.64624786376953,25.164899356799687,25.64624786376953,24921900
2007-12-24,25.646247451008136,25.979982704261097,25.47938104851419,25.870878219604492,4579700
2007-12-26,25.659080831979594,25.954307290865646,25.543557009239,25.851619720458984,5270300
2007-12-27,25.755362413603045,25.92864822113987,25.453716476601993,25.466552734375,7925700
2007-12-28,25.575654920633582,25.671925621018644,25.094306315239482,25.395952224731445,8925100
2007-12-31,25.184157381530756,25.51147332048131,25.062214181159387,25.25475311279297,6393000
2008-01-02,24.53595180706388,25.5435750691765,24.465353593444974,24.638639450073242,28963200
2008-01-03,24.561605077985583,24.638620137809962,24.21503363637896,24.324140548706055,15127300
2008-01-04,23.996831022037544,24.529524630299953,23.682351318106544,23.765783309936523,29638500
2008-01-07,23.778615340932152,23.94548419147347,22.963531589519746,23.393537521362305,27665700
2008-01-08,23.399953857577238,24.035334937576028,23.08547421713749,23.098310470581055,27124200
2008-01-09,23.14323011186828,24.30488259121293,23.10472136155718,24.2535400390625,27370900
2008-01-10,24.093106350487606,24.895354144936984,23.74653471570164,24.381916046142578,22563300
2008-01-11,24.285636835863873,25.0750480956571,23.958320927467703,24.79265785217285,32469400
2008-01-14,25.09429971515965,26.044162867786508,25.06221030622637,25.671918869018555,29197700
2008-01-15,25.421621982269997,25.671922838220187,25.03012476726468,25.25475311279297,19677400
2008-01-16,25.639830960913248,25.845206128025836,25.402366382989022,25.64624786376953,29029200
2008-01-17,25.710422336067865,25.80027364189066,24.965936940053275,25.06862449645996,23282800
2008-01-18,24.568021808715336,25.50504856449971,24.38831918761965,24.612947463989258,29243100
2008-01-22,23.958313503218875,24.612945117152695,22.572027878612595,23.70159339904785,29688500
2008-01-23,23.03413581473144,24.125193187944674,22.88652253015931,23.50906753540039,40732800
2008-01-24,25.274003681198483,26.28162625586102,24.953104709694113,25.935054779052734,46049200
2008-01-25,25.76818954408336,26.313716840744018,25.50505247360652,25.671918869018555,24946200
2008-01-28,25.511472207528573,26.108344583339516,25.41520152177897,25.992820739746094,13363300
2008-01-29,26.06342018316737,26.069837086672162,25.56923537227598,25.86446189880371,14903800
2008-01-30,25.864455972792918,26.352223768423162,25.601318920609295,25.851619720458984,16149000
2008-01-31,25.95430752531134,27.379099719805648,25.845203051884567,27.225067138671875,31506500
2008-02-01,27.128803230060075,27.308505896394134,26.64745470386653,27.083877563476562,21233700
2008-02-04,26.981180823057386,27.276407231390156,26.557594361629903,26.859237670898438,12059100
2008-02-05,26.345811955121853,26.782234866268038,26.037749155771397,26.13401985168457,20432600
2008-02-06,26.275211877703992,26.31372064294724,25.351023546254044,25.447294235229492,19952800
2008-02-07,25.107142722042806,26.615369830259834,24.998038212668263,26.27521514892578,29025900
2008-02-08,26.037735439509845,26.923417051245465,26.031318539019853,26.90416145324707,20466300
2008-02-11,26.910596832822005,27.21224274909248,26.73731103719422,26.865671157836914,18786600
2008-02-12,27.115971599419503,27.154480369457026,26.153274382872063,26.27521514892578,22978800
2008-02-13,26.596110350152482,27.180146478589887,26.519095269552295,26.96193504333496,17547200
2008-02-14,26.917009362865006,26.942681872474648,26.146853660697804,26.23028564453125,15620700
2008-02-15,25.87087966919126,27.128803230060075,25.806698396739662,27.083877563476562,21906900
2008-02-19,27.308501547413528,27.719251832629407,26.77581053635694,26.923423767089844,18927600
2008-02-20,26.955515280998597,27.91179535272777,26.795065785278364,27.83477783203125,18768800
2008-02-21,27.828358762492257,27.97597199326868,27.045364500903162,27.225067138671875,17283500
2008-02-22,27.44327603984591,28.784633695650722,27.180139009198292,27.898954391479492,25326600
2008-02-25,27.8347774281582,28.405977232911905,27.610149116715164,28.05940818786621,18324800
2008-02-26,28.03373677754975,28.4894127690183,27.674329016921906,28.00806427001953,17222600
2008-02-27,27.975874254196437,28.47164952701171,27.699012706310704,28.194787979125977,14583900
2008-02-28,27.94367639574741,28.28492325883754,27.686130017775504,27.892166137695312,11547800
2008-02-29,27.441467169832407,27.621750656062385,27.113097799870904,27.293378829956055,19701800
2008-03-03,27.048711954326755,27.119537351686375,26.140864269202094,26.47567367553711,22835700
2008-03-04,26.32757519698984,26.60443666772173,25.97345080256238,26.533611297607422,20366500
2008-03-05,26.572237213910487,27.113082454199006,26.37907872583818,26.720325469970703,15091200
2008-03-06,26.59799343493733,26.726764128220157,25.941252583392068,26.03139305114746,13658400
2008-03-07,25.889740049989804,26.198794107576475,25.432597743318475,25.9090576171875,17413000
2008-03-10,25.81248463737538,25.91550268645466,25.123550973630717,25.220129013061523,16535900
2008-03-11,25.458353615626862,25.70301988336796,24.376663153987792,25.381088256835938,29063000
2008-03-12,26.08934583279865,26.237434123297156,25.471237544767316,25.593570709228516,23217300
2008-03-13,25.432619959671303,26.08936132678508,25.097810490781214,25.915517807006836,17828200
2008-03-14,25.986320882594427,26.082898895366338,24.936823108698203,25.25875473022461,27294200
2008-03-17,24.853140812118117,25.48412947504639,24.763000276312763,24.788755416870117,20573300
2008-03-18,25.27164103937332,25.876871813174425,25.02053468062759,25.838241577148438,17890800
2008-03-19,25.439040920274312,25.567814086780114,24.370227813720703,24.370227813720703,27989800
2008-03-20,24.537641258427996,24.653536898524393,23.765004476500202,24.64065933227539,37463300
2008-03-24,24.6921672282894,25.79961336816664,24.6921672282894,25.683717727661133,19831400
2008-03-25,26.108664556373036,26.39840362396247,25.62576692910543,26.269630432128906,22108900
2008-03-26,25.93482082630439,26.16017452353355,25.709469585219544,26.07003402709961,14585800
2008-03-27,25.9477099653821,26.05716808569493,25.55495266474293,25.574270248413086,12823400
2008-03-28,25.812493816919943,26.617323379113575,25.670843028007496,25.84468650817871,15347400
2008-03-31,25.934828163008206,26.520744011722854,25.593581199645996,26.39841079711914,19161800
2008-04-01,26.559380793876244,27.274069979131085,26.29539674362535,27.183929443359375,27579300
2008-04-02,27.280488403746208,27.338436201265782,26.68169531475852,27.010066986083984,20230500
2008-04-03,26.855541845640992,27.261176475680234,26.84910429233927,26.971437454223633,15363600
2008-04-04,27.10021420482415,27.467216195093116,26.86198540289299,27.074459075927734,15688900
2008-04-07,27.11309547433955,27.267621356545813,26.726775856534665,26.82979393005371,12146600
2008-04-08,26.591559641016428,27.216107965197505,26.57224452373878,27.093774795532227,14403100
2008-04-09,27.093784490351407,27.164607431092996,26.5143062032294,26.72677993774414,12227900
2008-04-10,26.791156443748427,27.53159787941991,26.726768630117895,27.41570472717285,16733400
2008-04-11,27.0744603580001,27.28049648663942,26.649510535663445,26.65595054626465,15012200
2008-04-14,26.54649077088397,26.939247883489383,26.398402466419412,26.63019371032715,8259300
2008-04-15,26.681694893717523,27.042259234387732,26.17304474145415,26.520729064941406,10834500
2008-04-16,26.778281767974754,27.332004744174153,26.765404203860324,27.20966911315918,16010200
2008-04-17,26.984311830830446,27.183910345631848,26.675257729815918,27.087329864501953,13976900
2008-04-18,27.422140316478714,27.68612419309738,27.17103400166386,27.396385192871094,29488700
2008-04-21,27.222553552213647,27.49297755462267,27.145290604158856,27.44146728515625,16523700
2008-04-22,27.325563395825288,27.325563395825288,26.559366789621414,26.752525329589844,16060500
2008-04-23,27.087333062806273,27.241861359631113,26.855541845640992,26.971437454223633,18246000
2008-04-24,26.958567533800633,28.278487387785898,26.93925241227598,27.789152145385742,20446800
2008-04-25,27.73120771755809,27.99519172065337,27.33845049087231,27.840665817260742,14281500
2008-04-28,27.80201933536216,28.33642463262927,27.756949097862904,27.872844696044922,14297100
2008-04-29,27.827791522615406,28.2656190606369,27.80203638363879,28.17547607421875,11307500
2008-04-30,28.104656624540507,28.330007978273095,27.750529559895657,27.8084774017334,15928400
2008-05-01,27.81491248317172,28.56179428100586,27.576683600590993,28.56179428100586,14911000
2008-05-02,28.76138024825175,28.909471008903278,28.33643045301302,28.542469024658203,15634700
2008-05-05,28.38150214638698,28.56822068081899,28.085323091763218,28.284921646118164,9921600
2008-05-06,28.181922395278534,28.78715355983252,27.930815874411937,28.68413543701172,13544600
2008-05-07,28.658372963321973,28.767831072408818,27.988756564303984,28.03382682800293,14031000
2008-05-08,28.239871771075222,28.722769708457093,28.046713087351655,28.394397735595703,12364000
2008-05-09,27.943688749321172,28.503849544484588,27.943688749321172,28.14972496032715,8393500
2008-05-12,28.14325936628268,28.748492335112292,27.988733576557394,28.735614776611328,13162700
2008-05-13,28.735623654235006,28.832201688614475,28.25916366707368,28.696990966796875,13056700
2008-05-14,28.838655770413613,28.97386655821044,28.35575799444344,28.413705825805664,15918300
2008-05-15,28.3621833212305,28.999609191362588,28.336428194809315,28.973854064941406,15732400
2008-05-16,29.173459498896257,30.22939537005088,28.941668218663363,30.197202682495117,31348300
2008-05-19,30.01692400797772,31.13724788942188,29.965416190886216,30.4869441986084,29011100
2008-05-20,30.216519371059363,30.268027182591247,29.4052498481656,29.65635871887207,20302900
2008-05-21,29.79156177595995,30.486933016589095,29.611280798045744,29.733613967895508,21791300
2008-05-22,29.86238931780994,29.907459565563894,29.45675463188004,29.53401756286621,16485600
2008-05-23,29.476060779384284,30.969823423251306,29.45674566655248,30.75090980529785,28220100
2008-05-27,30.924769820310484,31.523563201558215,30.519137495835466,31.45273780822754,23223200
2008-05-28,31.601312718290092,31.614232602671855,31.013471532107843,31.213726043701172,16655700
2008-05-29,31.246011672289246,31.846772495783906,31.174953569520955,31.795095443725586,21431200
2008-05-30,31.943691554239194,31.975990041235505,31.33001044444287,31.355850219726562,20200200
2008-06-02,31.401056361240666,31.452733427459258,30.348109338691785,30.813215255737305,18561100
2008-06-03,31.362300527350836,31.362300527350836,30.10264015831036,30.35457420349121,22860800
2008-06-04,30.141408242760832,31.368770476808525,30.102648579378812,31.297712326049805,25562200
2008-06-05,31.168498903091088,31.90491485595703,30.961785739627498,31.90491485595703,23046500
2008-06-06,31.672372113003178,31.724051652590596,30.277056578951935,30.45147132873535,25267200
2008-06-09,30.619431139074464,30.671108220810027,29.908852167533524,30.432096481323242,18893500
2008-06-10,30.096176026508648,31.07160369630383,30.005739317758625,30.63233757019043,19610400
2008-06-11,30.541910258578167,30.61942957354262,29.908850638332662,29.915311813354492,18079500
2008-06-12,30.87780478360455,31.88553320694076,30.50313813486375,31.640060424804688,42783200
2008-06-13,31.89845562546503,32.2989620650919,31.491488013464604,32.292503356933594,25822200
2008-06-16,31.90492171629255,32.41524602641963,31.775725345293615,32.0018196105957,21733000
2008-06-17,32.15685144774759,32.17623250403074,31.29123901497572,31.413976669311523,17363500
2008-06-18,31.23310386138778,31.99535977144227,31.039310528913024,31.717588424682617,24226000
2008-06-19,31.568999410916923,32.82865920797002,31.517322361879497,32.53150939941406,25733000
2008-06-20,32.2020692127629,32.20853038614361,30.935950293864515,31.349376678466797,37479400
2008-06-23,31.569008111509792,31.652986111582084,30.83259209420869,30.8842716217041,15831500
2008-06-24,30.696929738976824,30.845504648909763,29.5793860966174,29.889455795288086,30509900
2008-06-25,30.218922603739053,30.86490215466441,30.044507829283233,30.46439552307129,24585700
2008-06-26,30.147843465894997,30.26411990123164,29.127197767535744,29.140117645263672,23792400
2008-06-27,29.140115724309553,29.766716199626867,28.946322499595148,29.48894500732422,26744900
2008-06-30,29.52772592290123,29.676300930155037,28.642734590903974,28.662113189697266,21945600
2008-07-01,28.519984098865375,29.61814682267791,28.519984098865375,29.59876823425293,30055100
2008-07-02,29.837785938535095,30.128477145202524,29.07553009181416,29.101369857788086,23219000
2008-07-03,29.42435953981507,29.66983238813598,29.023853024082012,29.101369857788086,8972900
2008-07-07,29.69567210377522,30.096178618829413,28.907576492416187,29.301624298095703,20156000
2008-07-08,29.35330128416314,30.748616605708214,29.327463982520527,30.716318130493164,28476300
2008-07-09,30.813208152735164,31.084518232326076,30.057411211761067,30.089712142944336,24826300
2008-07-10,30.277043135325826,31.25247306609083,30.025111652240092,31.1168155670166,26129600
2008-07-11,30.755076509439988,31.652987390109413,30.503144963262592,31.220182418823242,23071100
2008-07-14,31.523791775521456,31.820941685000022,30.74861606296444,30.90365219116211,25793800
2008-07-15,30.774457771511717,31.226643837739648,29.676292314734116,30.29643440246582,28348500
2008-07-16,30.283501828583653,30.425615559284765,29.656901293779686,30.348098754882812,25861900
2008-07-17,30.722791128760974,30.98118149414724,29.114300816126946,29.430831909179688,31480500
2008-07-18,29.3274490037863,29.547081972975015,29.075515111664245,29.191791534423828,22396700
2008-07-21,29.385604141741663,29.715052553185036,28.778381925513205,29.24994659423828,14501800
2008-07-22,28.97217839159231,29.702135886396125,27.57686282784385,28.487693786621094,29561900
2008-07-23,28.04841738598601,29.120745288809598,27.615612478502964,28.952789306640625,44275500
2008-07-24,34.559895839775436,35.21233391062657,33.332534067256006,33.86869812011719,106860800
2008-07-25,34.127090490384866,35.561162982100115,34.04311248429653,35.17357635498047,34570700
2008-07-28,35.14774140562467,35.67098564172969,34.398405350088105,34.50822067260742,23127200
2008-07-29,34.54051622070865,35.50948523414122,34.36610150258492,35.4771842956543,21181100
2008-07-30,35.567613186897184,35.94874098718881,34.86349580887418,35.94227981567383,24541600
2008-07-31,35.599929653491955,36.17485099829745,35.38029653100507,35.748504638671875,21966100
2008-08-01,35.84539745309237,36.110248904554794,34.86996719374884,35.83247756958008,21655200
2008-08-04,35.16711477671366,35.19941571544826,33.88161725566369,34.15292739868164,26330900
2008-08-05,34.57280254851965,36.01333568001446,34.45652611062188,36.00041580200195,23779000
2008-08-06,35.72264995133644,36.11023895728881,35.39320163728131,35.89060592651367,14692600
2008-08-07,35.71620714438387,36.103793858675374,35.33507914083687,35.77434539794922,14672300
2008-08-08,35.13482106341782,36.17484834768842,35.01854456802011,36.08441162109375,26045000
2008-08-11,36.10377644424571,36.17483454924184,34.79889818801368,35.1541862487793,20973500
2008-08-12,35.19295797990735,35.40613236814493,34.760152957799605,35.0185432434082,14602200
2008-08-13,34.91517989502603,36.187759876250304,34.81828448071198,35.780792236328125,17479700
2008-08-14,35.56115599409892,36.49782636716114,35.53531623357778,36.40092849731445,16256500
2008-08-15,36.510742923280425,36.74329581836739,35.767865893332036,36.41384506225586,18915800
2008-08-18,36.459081083309115,36.646415724533604,35.53533022675101,35.748504638671875,12256900
2008-08-19,35.586997017708036,36.071481455706845,35.147730930118556,35.39320373535156,10957000
2008-08-20,35.56116372358924,35.909993173799805,35.22525415644748,35.49656677246094,16899800
2008-08-21,35.49656597531972,35.5934613998362,34.96040192897562,35.341529846191406,13137600
2008-08-22,35.61284299744472,36.01980822218823,35.134817184230556,35.79371643066406,8053500
2008-08-25,35.438437607424504,35.56763400698724,34.695560158101024,34.80537796020508,11772800
2008-08-26,34.86350563899005,35.20587389937071,34.16584677155517,34.55989456176758,11598100
2008-08-27,34.68298476331884,35.46696595279185,34.346067738009445,35.03934097290039,11245200
2008-08-28,35.22724391054581,35.30499572417149,34.89680735326121,34.96807861328125,9641600
2008-08-29,34.449749633842636,34.72187609012404,33.83423039090663,34.11283493041992,14512200
2008-09-02,34.54046001623163,34.68948064627696,32.972499415932596,33.15391540527344,20056700
2008-09-03,32.92066866742633,32.92066866742633,31.48877000119505,31.91639518737793,29896600
2008-09-04,31.773862108832574,32.45417471792508,31.43046429022525,31.44990348815918,30974100
2008-09-05,30.827887894419472,31.391574916451134,30.283637588855733,30.886198043823242,26351600
2008-09-08,31.29439421261281,31.469332119368698,29.856019987521346,29.9856014251709,32833200
2008-09-09,30.07631937214451,30.35492400417223,29.467278010199987,29.5515079498291,27672200
2008-09-10,30.160552488623825,30.75015718491481,29.966177775751476,30.277177810668945,26323500
2008-09-11,30.1216716148488,31.90992199336543,30.06983705265019,31.806255340576172,26527600
2008-09-12,31.36565231788029,31.74792333031363,30.776048126324437,31.048171997070312,19513000
2008-09-15,30.147592653688505,31.28792854160403,30.050406536896645,30.33548927307129,20254700
2008-09-16,30.160526669476656,31.553548783837083,29.486692601525267,31.048171997070312,31298300
2008-09-17,30.341962860122475,30.627045530805944,29.11739730834961,29.11739730834961,30118500
2008-09-18,29.79772118471315,30.77607533414338,28.624989845359313,30.257741928100586,39321300
2008-09-19,31.58596302397006,31.9099216190877,24.50422793696978,31.579484939575195,37686800
2008-09-22,31.365666176289583,31.579480002008463,29.635728735215206,29.778268814086914,18505500
2008-09-23,29.998563605762605,30.821418684366485,29.434876376277725,29.74587631225586,20851900
2008-09-24,29.875449854214832,30.102219789678873,28.845261842979596,29.344158172607422,19089900
2008-09-25,29.752344363883573,30.601116435518215,29.370075746324623,30.154054641723633,16771700
2008-09-26,29.473741997330645,29.95967969094172,29.04611692581718,29.700511932373047,21144100
2008-09-29,29.15627086760351,29.525583434197873,24.620850954865187,25.83893585205078,50886600
2008-09-30,26.59699561809639,27.970579134531693,26.383184267105793,27.84099769592285,29727700
2008-10-01,27.724370903081223,27.724370903081223,26.240640279288755,26.90151596069336,21609000
2008-10-02,26.700662015126877,26.91447583582857,25.6316003264409,26.285995483398438,27523500
2008-10-03,26.285998730758635,28.015938816563114,26.240644727723293,26.48037338256836,29484800
2008-10-06,25.787099798081723,26.409099613958897,24.452392168796223,26.065704345703125,34690200
2008-10-07,26.279509594161983,27.244904363157158,25.22988246694483,25.38538360595703,32704800
2008-10-08,24.977205251985385,27.95114502336717,24.82818460638245,26.609956741333008,40195400
2008-10-09,27.147733373211647,27.91227591494485,25.288209112896965,25.7093563079834,34036700
2008-10-10,25.24284351908151,27.504074738821966,23.337968595459987,25.255802154541016,47317600
2008-10-13,26.26006825014765,27.52998711155607,24.95775651326435,27.40688133239746,29271300
2008-10-14,27.782690466144846,27.92523057067298,25.508499690554817,26.124021530151367,28862700
2008-10-15,25.66398893392591,25.94907148158563,23.40923840714404,23.525863647460938,30817000
2008-10-16,24.219138983410915,25.352993772332304,23.137116271032998,25.197492599487305,37436900
2008-10-17,24.40703483032057,26.44797458860997,24.394078663940565,25.754703521728516,33885400
2008-10-20,25.955557396246967,26.240640002794983,24.296888891476836,26.104578018188477,27327100
2008-10-21,25.48906476803073,25.592731429386706,23.558271655520613,23.73320960998535,32346400
2008-10-22,23.888702165826086,24.594931885387027,22.547514001314283,23.091764450073242,30380700
2008-10-23,22.864986526827604,23.823903180696412,21.61450679234846,22.852027893066406,30951900
2008-10-24,20.895322542504875,23.227822674885825,20.869405270196676,22.670616149902344,26030700
2008-10-27,22.184677980511363,23.435155449725677,21.931988287881524,22.016218185424805,19371600
2008-10-28,22.871466829820925,25.3076358382487,22.106924664883085,25.210447311401367,28061900
2008-10-29,24.957769187493795,25.96852084232467,24.12843601733994,24.56901741027832,25847300
2008-10-30,25.527945719713077,25.884299783819984,24.67269497721304,25.735279083251953,21726500
2008-10-31,25.57328622599874,25.6251183036919,24.426472774602225,24.789304733276367,26963100
2008-11-03,24.75689567279002,24.78929101236829,23.525855467573724,24.102500915527344,18155000
2008-11-04,24.510699410145374,25.191011713470353,23.70080322247111,24.594926834106445,24621100
2008-11-05,24.368162172253697,24.38112081065825,22.49568217592835,22.787242889404297,29314300
2008-11-06,22.02269783153303,22.722446840017557,21.361822257537824,21.413654327392578,42323500
2008-11-07,22.23003774236469,23.61009945729877,22.074536542801898,23.104724884033203,38821700
2008-11-10,23.39627988441084,23.694321068154544,22.528071131013252,22.877946853637695,20949900
2008-11-11,22.6446952016056,23.40923730933687,22.541028600808485,22.722444534301758,24321900
2008-11-12,22.346657272247622,22.379052626265928,21.02490606680125,21.1026554107666,27448500
2008-11-13,21.141533188078135,22.664137206044654,19.968802484698195,22.560470581054688,29353600
2008-11-14,21.52380661980451,22.41793042856339,20.92772160902436,21.342388153076172,24136000
2008-11-17,20.88236453250056,21.219281667788074,20.441780776478982,20.506572723388672,21562400
2008-11-18,20.649122581749527,20.733351277560843,19.424558181571847,20.610246658325195,26651400
2008-11-19,20.389953002075963,21.167452868676172,19.437515202064233,19.443994522094727,22186800
2008-11-20,19.282014350306437,20.480661313653986,18.84143049473619,18.9256591796875,35930600
2008-11-21,19.288486681746125,19.567091150405677,18.245340062570627,19.547653198242188,36280100
2008-11-24,20.085433586491924,21.49141275117451,19.858662314967503,21.2646427154541,26755500
2008-11-25,21.66634043497061,21.70521633908774,20.111341344388137,21.180402755737305,21889000
2008-11-26,20.824056337129758,21.672828674316406,20.733348333627372,21.672828674316406,16502600
2008-11-28,21.523806031583504,21.770012740630992,21.27111876768306,21.75057601928711,6553700
2008-12-01,21.167453177955235,21.199851014385004,19.379202840744544,19.411598205566406,20584000
2008-12-02,19.949367114883973,20.240929053972184,19.366240765100084,19.78738784790039,20637300
2008-12-03,19.178346212010396,19.806825347725905,19.12003357473946,19.631887435913086,25503400
2008-12-04,19.424549793914277,20.195571307641174,19.178341897561324,19.489341735839844,21984900
2008-12-05,19.43102921369187,20.733342433598708,19.009883442670095,20.668550491333008,27007500
2008-12-08,20.934198130909294,22.100448179269257,20.843487679217457,21.724655151367188,29331600
2008-12-09,21.43169062506151,22.369165975611953,21.10617890244424,21.7962646484375,20545700
2008-12-10,22.206411784384606,22.753271618847695,21.874388411608336,22.440780639648438,20765400
2008-12-11,22.108759491585264,22.453803666980733,21.086652701523498,21.21685791015625,19825700
2008-12-12,20.689525546427134,22.323594543751316,20.630933336989834,22.082714080810547,19727500
2008-12-15,22.06971400766129,22.395225999022315,21.399157616705182,22.01112174987793,18018200
2008-12-16,22.180372225146595,23.684237524798423,22.160842313286754,23.475910186767578,27979900
2008-12-17,23.215503400510713,23.599607455679408,22.623071974754744,22.850929260253906,19988900
2008-12-18,22.701190717247133,22.75978293666389,22.03063724883364,22.212923049926758,17718600
2008-12-19,22.427762689348707,22.85092652366375,22.3170873900333,22.805355072021484,23157000
2008-12-22,22.72723745503425,22.779320543523642,22.017621516845555,22.66213607788086,16026400
2008-12-23,22.46030904069851,22.753270090094748,22.134797315470998,22.251981735229492,14039100
2008-12-24,22.173858916506003,22.518900539647717,21.985061525804678,22.23896026611328,5426800
2008-12-26,22.056686559981795,22.505892078173492,22.056686559981795,22.414749145507812,8277700
2008-12-29,22.414734762296433,22.69467500925521,21.90042570546919,22.19989585876465,13043300
2008-12-30,22.265010899766743,22.85093073608847,22.13480566387581,22.746767044067383,12049900
2008-12-31,22.779321379819457,23.632160875747527,22.72723828941794,23.326181411743164,15051800
2009-01-02,23.208996376621435,24.172511174460354,23.01368727583029,24.12042808532715,14756600
2009-01-05,23.82746084944112,24.02276990049276,23.46939839494269,23.729808807373047,16601600
2009-01-06,24.02276811202883,24.55009555692773,23.664703200730123,24.185523986816406,16507800
2009-01-07,23.762357473303286,23.879541900615358,22.863944358396587,23.143884658813477,16718900
2009-01-08,23.026699435140408,23.1699253932257,22.453800569714154,22.968107223510742,16352300
2009-01-09,23.14389014574699,23.378259055935114,21.81580131031972,22.78582763671875,15970000
2009-01-12,22.77931683825077,23.12435855126445,22.349641361937493,22.694683074951172,13900700
2009-01-13,22.759785837369176,23.306645793802904,22.46682470294788,22.876970291137695,16203600
2009-01-14,22.317094060073163,22.701198184041615,21.8678885524322,21.978561401367188,15782900
2009-01-15,21.82881296157469,22.90300252333998,21.67256874236412,22.65561294555664,22940100
2009-01-16,23.013676459458424,23.684232257867787,22.727227054231445,23.44986343383789,29298500
2009-01-20,23.2480453509605,23.501944083244034,22.19338812322227,22.22593879699707,21074100
2009-01-21,22.681659476746088,23.35221290588379,22.57098418723792,23.35221290588379,20421800
2009-01-22,22.525413913111855,23.9446454556081,22.525413913111855,23.475910186767578,27819500
2009-01-23,23.111340577676813,24.224590471444788,23.072278262937182,23.80793571472168,24189900
2009-01-26,23.606109977950936,24.100889206903076,23.345702079490692,23.81443977355957,22296100
2009-01-27,23.879540861174824,23.970683748793004,22.935556341565608,23.195966720581055,24662800
2009-01-28,23.488931810776318,24.13344376018763,23.436848732644005,23.970687866210938,30818500
2009-01-29,22.395209829320557,22.90300737449875,21.985064320968686,22.87045669555664,40280000
2009-01-30,22.681663969848397,22.82488996695202,22.34964300246779,22.49286651611328,20790900
2009-02-02,22.23896538592165,23.16992930368264,22.01761726945838,22.97462272644043,18521700
2009-02-03,22.570989055157423,22.824890368156282,21.724658795535746,22.278030395507812,32477900
2009-02-04,22.330109274796435,22.75327561370345,21.926475332895787,22.02412986755371,20389700
2009-02-05,21.854866788254718,23.065771343954584,21.52284577304273,22.811872482299805,30422000
2009-02-06,22.95509560859442,23.84699990606632,22.538440819083267,23.64518165588379,27404600
2009-02-09,23.593092521174984,24.022767927984017,23.436845789854633,23.86001205444336,16853600
2009-02-10,23.60610916226763,23.860010393419962,22.584002546263235,22.79884147644043,24623000
2009-02-11,22.64911347226976,23.15040198283733,22.082721106360733,22.53192901611328,21463000
2009-02-12,22.297555837978624,23.306641809867145,22.219433709972833,23.13737678527832,26075000
2009-02-13,23.013684265014405,23.677728663837453,23.013684265014405,23.22852325439453,18238700
2009-02-17,22.916031453749884,23.13737957937797,22.19990399626703,22.603540420532227,22286800
2009-02-18,22.785826365471564,22.903010814027773,22.13480275502952,22.343130111694336,23205400
2009-02-19,22.59052036530099,22.844419182609307,21.991577336752353,22.0306396484375,20371600
2009-02-20,21.815801906658326,22.499378741212077,21.76372130489185,22.180376052856445,22740400
2009-02-23,22.0241261286365,22.297554805727398,21.268936486863414,21.34054946899414,20273700
2009-02-24,21.594454287859126,22.597031351753905,21.522843769116573,22.453807830810547,25690400
2009-02-25,22.29683169469103,22.71542830988092,21.655855315802427,22.192182540893555,21050600
2009-02-26,22.40802250140342,23.13402716783378,21.956723449718574,22.015588760375977,24745800
2009-02-27,21.838987543247796,22.375314690539838,21.7932037010423,21.865150451660156,25019800
2009-03-02,21.53812761607194,22.094075852920547,21.34845021948765,21.44655990600586,22922500
2009-03-03,21.87822914123535,22.322988547914612,21.53157688615678,21.87822914123535,24766800
2009-03-04,22.322993937898563,23.062077472866772,22.159479484050852,22.721969604492188,25827000
2009-03-05,22.597696684649847,23.186349707707453,22.5649942933761,22.650022506713867,27301300
2009-03-06,22.721970562541923,22.937808353304558,21.368068532166966,21.9959659576416,33408800
2009-03-09,21.780123003551456,22.61731863660812,21.47271755163886,21.583906173706055,22845300
2009-03-10,21.910940925918492,23.147110029697863,21.82591269535792,23.12748908996582,33440400
2009-03-11,23.160181705332967,23.376021931349737,22.59769171696051,23.12093734741211,23658500
2009-03-12,23.186354099037622,24.18052245124968,23.10786784610938,24.06279182434082,27304400
2009-03-13,23.95812916297677,24.08894117421005,23.49374639834705,24.0366153717041,17724000
2009-03-16,24.121653701443233,24.173977030930455,23.37602816726367,23.44143295288086,15483800
2009-03-17,23.742291553223996,24.435593541665884,23.539535284033605,24.402891159057617,20393000
2009-03-18,24.036621469960142,25.24662726703368,24.0235400160148,24.821491241455078,26388400
2009-03-19,24.893441852494156,25.03733287815107,24.468303265929258,24.618736267089844,25166300
2009-03-20,24.62527791095343,24.88689954182701,23.97122009122062,24.239383697509766,27983000
2009-03-23,24.74954569879819,25.52787353374739,24.527165960950942,25.390522003173828,22472300
2009-03-24,25.1419791153018,25.233549296505952,24.697219643868074,24.873815536499023,18068600
2009-03-25,24.939224140191307,25.495172261647113,24.442138824389275,25.181224822998047,24416600
2009-03-26,25.36435169485242,25.96608595497648,25.318567864683715,25.86143684387207,23676300
2009-03-27,25.56058532829833,25.782962631235314,25.253177300066355,25.46901512145996,15805000
2009-03-30,24.93921760177774,25.227002054665018,24.409430034498193,24.769161224365234,18252500
2009-03-31,25.17468165637756,25.913765051723146,25.01116723341989,25.449384689331055,27691200
2009-04-01,25.03079663091114,26.00534152410152,24.89344506798357,25.953018188476562,20333000
2009-04-02,26.12960978620112,27.163019819792154,25.979176790584876,27.019128799438477,34497000
2009-04-03,27.130309170816314,27.130309170816314,26.574361204275327,26.940631866455078,18373700
2009-04-06,26.456634990305858,26.607067964894554,25.946468277535317,26.59398651123047,16877900
2009-04-07,26.253877624300962,26.33890583021085,25.51479166992306,25.74371337890625,16011600
2009-04-08,26.090369259365115,26.495884459184428,25.854908015911036,26.306209564208984,16422300
2009-04-09,26.665935051780117,27.47042579347074,26.613609233605604,27.241506576538086,21033400
2009-04-13,26.777124483922915,26.907936538289118,26.502421415283063,26.737882614135742,13082000
2009-04-14,26.67902265252688,26.92102337975429,26.417398491447088,26.685562133789062,15840400
2009-04-15,26.371599113565466,26.78365605144252,26.240787110029576,26.750953674316406,15440100
2009-04-16,26.953709899745174,27.280738660950618,26.652844038243714,27.234954833984375,19057100
2009-04-17,27.215352352506258,27.313459550343268,26.646322620945583,26.803295135498047,20677000
2009-04-20,26.23425648416693,26.463175696319478,25.684847879968537,25.92030906677246,18013500
2009-04-21,25.913783697014875,26.384706372378,25.69140382198605,26.33892250061035,18350600
2009-04-22,26.10344550990705,26.881773358263995,26.06420114548185,26.24079704284668,24932500
2009-04-23,26.888316989111196,26.98642416366759,25.972635056389635,26.639774322509766,22301000
2009-04-24,26.71172182870767,27.22188613677488,26.1688526331735,27.05183219909668,18937200
2009-04-27,27.699357937091325,29.164449094283505,27.66665553298692,28.235685348510742,38182100
2009-04-28,27.882485408437915,28.47113594610864,27.516212133085585,27.627403259277344,17556000
2009-04-29,27.849782318300647,28.49075866282045,27.4704275967302,28.17681121826172,17932600
2009-04-30,28.34687661628323,28.490770188889293,27.287303250363294,27.679737091064453,22733500
2009-05-01,27.67319177713297,27.96751584812418,27.13686447683688,27.902111053466797,14351600
2009-05-04,28.098330413441126,28.74584891586762,28.01330467188569,28.353412628173828,16111500
2009-05-05,28.438432924055512,28.51037968146174,27.908645206363538,28.444974899291992,15643800
2009-05-06,28.706595020087455,28.91589330611197,28.00675340837441,28.601945877075195,16793600
2009-05-07,28.615033517800462,28.896278618263764,27.280754784676837,27.692811965942383,19988700
2009-05-08,28.013293288586166,28.19642865140565,27.02566473616464,27.333072662353516,19262800
2009-05-11,27.20881153545176,27.81054618697452,26.69210761673862,27.418109893798828,12694800
2009-05-12,27.43773699998336,27.627414442302342,26.437026439320142,26.770597457885742,16794600
2009-05-13,26.52204826347192,26.60707649202251,26.064207218627224,26.1099910736084,19149500
2009-05-14,26.29966432854634,26.724802909319383,26.18193372141019,26.508962631225586,13919400
2009-05-15,26.39122706513651,26.921014697701253,26.293119907645924,26.633230209350586,14971800
2009-05-18,26.868703133136382,27.588165916259236,26.770593437695446,27.463895797729492,16000800
2009-05-19,27.306917699843872,27.967515090097468,26.97988874535472,27.692811965942383,14572400
2009-05-20,27.843240737915036,28.25529785631828,27.339615925429417,27.84324073791504,14100000
2009-05-21,27.463890941267245,27.84324320682241,26.809833074073797,27.267671585083008,16613600
2009-05-22,27.241508552747817,27.52929308848769,26.94718204174538,27.019128799438477,11479000
2009-05-26,26.63976713712848,28.490751439221718,26.626685685042833,28.31415557861328,20202000
2009-05-27,28.366692395169224,28.681877560076003,27.710056008729516,27.861082077026367,21180500
2009-05-28,28.169696687698085,28.366687065645706,27.427697009064534,28.20252799987793,13887800
2009-05-29,28.438922461723354,28.66217893066413,27.86108174713505,28.622779846191406,15805100
2009-06-01,28.957660649709815,29.38447525876792,28.504582491606712,29.154653549194336,17425400
2009-06-02,28.832908630371094,29.220324265775027,28.616219887786233,28.832908630371094,13659700
2009-06-03,28.832905377685766,28.832905377685766,28.136869864077855,28.6162166595459,22991000
2009-06-04,28.727840759681488,29.837555306702654,28.66217812560693,29.73906135559082,20563200
2009-06-05,29.890086400147183,30.001713375246997,29.46983954469333,29.811290740966797,16203400
2009-06-08,29.482979913994757,30.01485387699763,29.154661663303813,29.791597366333008,12900300
2009-06-09,30.11992145494237,30.415408438810143,29.634011752466442,30.22498321533203,14891200
2009-06-10,30.336599387416683,30.513891499674962,29.811290816763737,30.251235961914062,13687600
2009-06-11,29.640560299990387,30.507319960589285,29.502667286910686,30.192134857177734,25319500
2009-06-12,30.297206972380554,30.46136609338814,29.601173902424815,30.238109588623047,13901200
2009-06-15,29.752206232325396,29.77846979349344,28.71471916765492,29.095569610595703,19721800
2009-06-16,28.918261130852102,29.226878465891904,28.530845642089847,28.530845642089844,17871200
2009-06-17,29.180916268555777,29.77845520132639,28.885431937467864,29.607730865478516,27049800
2009-06-18,29.56176999834028,29.982016878915392,29.115257061511976,29.732494354248047,18875000
2009-06-19,29.817857120496424,30.205272674560547,29.64713276839124,30.205272674560547,22336800
2009-06-22,29.85068644382791,30.041111577399604,29.062722360496135,29.154653549194336,19886300
2009-06-23,29.167793514311374,29.404183066328542,28.445494331920763,29.213760375976562,21305900
2009-06-24,29.318811643056765,29.824419387118443,29.062721383311246,29.72592544555664,19722300
2009-06-25,29.633998468686993,30.664917313161173,29.52236898932283,30.42852783203125,18790400
2009-06-26,30.270929265566227,30.68461079271103,30.067373636948204,30.330026626586914,18394600
2009-06-29,30.146180918984072,30.494197454393078,29.81129741385627,30.264375686645508,12572300
2009-06-30,30.139608083072027,30.205270713109538,29.555199654315572,29.679962158203125,16604900
2009-07-01,29.79159675084789,29.93605757972562,29.496109830356815,29.653703689575195,12686700
2009-07-02,29.456712909553843,29.640570322495346,29.03646596290504,29.338518142700195,12659400
2009-07-06,29.043024126390417,29.77189084220315,28.813202416390354,29.679962158203125,16580700
2009-07-07,29.67996078201072,29.765324200996396,28.57681161542339,28.681873321533203,19433000
2009-07-08,28.543991755864173,28.832910937384494,28.274770869372386,28.596521377563477,16496200
2009-07-09,28.6621864012787,28.734414317667607,28.23537164195249,28.274770736694336,15676200
2009-07-10,28.320721106613284,28.629338429281606,28.10402994986577,28.524276733398438,10338700
2009-07-13,28.708153903580392,29.102134874670234,28.018683446868277,29.095569610595703,15653400
2009-07-14,29.06273628436677,29.443586733974477,28.859180531184002,29.31882667541504,11370300
2009-07-15,29.607725344768912,30.303760594697316,29.384468944215893,30.24466323852539,19696300
2009-07-16,30.15930767853502,30.75684665530766,30.047678196789512,30.678050994873047,17450900
2009-07-17,30.7896848315786,31.262463909257477,30.369437875806018,31.124570846557617,23154400
2009-07-20,31.170530580936706,31.183663609466805,30.461362069525844,30.881608963012695,18371700
2009-07-21,30.875048342475083,31.51855180797014,30.44166835531027,31.50541877746582,21631600
2009-07-22,31.380664880493747,31.991337141560724,31.15740832800829,31.814044952392578,25564800
2009-07-23,30.428535260515876,31.15740217031433,30.205278752153013,31.124570846557617,40704900
2009-07-24,30.927580516967158,31.255898792114877,30.638661336590243,31.091739654541016,13586600
2009-07-27,30.842203435521004,31.091723390604383,30.31032720625062,30.520450592041016,15153300
2009-07-28,30.42853452660288,30.546729293171833,30.172446700659943,30.441667556762695,15059600
2009-07-29,30.21182723194471,30.533580037709832,30.073934245845965,30.369421005249023,11081000
2009-07-30,30.66493055515465,31.157408018551557,30.454807037828232,30.546735763549805,15013700
2009-07-31,30.376001487988294,30.763417098952136,30.23154317033468,30.343170166015625,13433700
2009-08-03,30.64522922786804,30.96698226724671,30.408842153581315,30.842222213745117,11902600
2009-08-04,30.73715460554714,30.763418161110486,30.179012093263722,30.408836364746094,13239600
2009-08-05,30.349733811895387,30.461360792417597,29.752194815607954,30.08051300048828,12777800
2009-08-06,30.13960457123259,30.185568907876878,29.739056062016505,29.942611694335938,11257800
2009-08-07,30.2512323874307,30.48762184250998,30.1067716082448,30.185569763183594,11958300
2009-08-10,29.922918323551215,30.251236499148547,29.857255690379308,30.034547805786133,9914700
2009-08-11,29.949183770749684,30.297200228259502,29.79815771362526,29.811290740966797,14612400
2009-08-12,29.82442002531439,30.842208310646182,29.81785476435059,30.448225021362305,15555500
2009-08-13,30.540161377092847,30.78968393917675,30.27094052229974,30.58612823486328,11200300
2009-08-14,30.546739230664823,30.546739230664823,29.87040423905942,30.290651321411133,11838100
2009-08-17,29.857263209359477,30.001721539690518,29.456714533481193,29.515811920166016,13715200
2009-08-18,29.574900569924324,29.74562491165143,29.312245038947008,29.647130966186523,14128300
2009-08-19,29.450145876825616,30.133048434603523,29.325385844198085,30.021421432495117,11224100
2009-08-20,30.0739363516508,31.058890615383042,30.041105043833372,30.920997619628906,18917400
2009-08-21,31.170540063738315,31.183673096263785,30.618965222017692,31.052345275878906,20702400
2009-08-24,30.769980715782427,31.19022759203289,30.769980715782427,31.13113021850586,11622100
2009-08-25,31.039202158217577,31.42004995823334,30.783114369352514,30.855344772338867,21489900
2009-08-26,30.967373043711675,31.48799730527808,30.815796123067884,31.3232421875,14478300
2009-08-27,31.22437762942337,31.349590561793384,30.842144708563517,31.138704299926758,10719700
2009-08-28,31.455053106508213,31.764793594652534,30.934426226340044,31.118953704833984,11981100
2009-08-31,30.9739670732938,30.9739670732938,30.308357397650152,30.591733932495117,15871600
2009-09-01,30.34131496217531,30.789449258948434,29.68888333441414,29.88658905029297,19279500
2009-09-02,29.655928906537397,30.189736531882197,29.445042502096936,29.932716369628906,14383600
2009-09-03,29.78773517509454,29.853636237367862,29.082583250119594,29.669111251831055,31352700
2009-09-04,29.675696769894728,30.29517774192082,29.491171806634572,30.130422592163086,14684900
2009-09-08,30.249045142925628,30.34130762041313,29.992025009113924,30.328126907348633,15377600
2009-09-09,30.16337633796602,30.67082255504361,29.794323858101134,30.459936141967773,22253000
2009-09-10,30.407205253199468,30.809208157596952,30.24245012936205,30.74330711364746,14269700
2009-09-11,30.743316616249977,30.7828562492557,30.26222929365504,30.716955184936523,10466300
2009-09-14,30.42039668902253,30.63128312076208,30.183148824824396,30.466527938842773,11977800
2009-09-15,30.31493973862278,30.400613098315603,30.07769198191245,30.150184631347656,15419600
2009-09-16,30.20950035100499,30.268812297604992,29.61638088500497,30.12382698059082,20764900
2009-09-17,29.985440875878886,30.08429498325325,29.57025714445669,29.669111251831055,17542300
2009-09-18,29.8865824674741,29.912943894175463,28.99690568499729,29.3000545501709,30873500
2009-09-21,29.02326196980187,29.649331916239635,29.003489646296796,29.570247650146484,14616500
2009-09-22,29.649343856649782,29.649343856649782,29.21439027382687,29.38573455810547,14733400
2009-09-23,29.392308675043527,29.59660590296258,29.115521315246717,29.14847183227539,17875800
2009-09-24,29.27367874275868,29.563649266097443,29.11551528817643,29.43184471130371,19006700
2009-09-25,29.306645101107847,29.74159857005192,29.194610298671684,29.458219528198242,19489800
2009-09-28,29.748191033824533,30.545605398076823,29.669109261608526,30.29517936706543,18495300
2009-09-29,30.268816453186286,30.33471750780546,29.820682242676455,29.985437393188477,15807800
2009-09-30,30.130422316647415,30.20291498411219,29.33300548849894,29.642745971679688,20262600
2009-10-01,29.398905868677424,29.41867567985558,28.008372165968094,28.14017677307129,31958800
2009-10-02,27.929299365719025,28.08746293380339,27.164835416072364,27.309818267822266,34710100
2009-10-05,27.41525329074696,27.869979069502794,27.24390905753897,27.639320373535156,17797200
2009-10-06,27.863388657067585,28.601493499215294,27.817257418678846,28.08745574951172,24579800
2009-10-07,27.955656539167336,28.113822611342066,27.69204977082869,27.79749298095703,15330100
2009-10-08,28.127005269924826,28.127005269924826,27.263687199008675,27.316410064697266,24421700
2009-10-09,27.322993161859962,27.52729045056323,26.6903339964076,27.481159210205078,34598100
2009-10-12,27.50093784017181,27.685462860762183,27.145066002777646,27.37572479248047,13729700
2009-10-13,27.43501787097087,27.573411541102374,27.072557181308927,27.21095085144043,15438400
2009-10-14,27.573413432632044,27.91610433977318,27.42183904342865,27.83043098449707,23035100
2009-10-15,27.751351041382403,27.99518789948842,27.5997766423455,27.975418090820312,15883200
2009-10-16,27.99518532844314,28.047908165334036,27.23072179126773,27.652494430541992,22745600
2009-10-19,27.672277341642204,27.902933556404808,27.388898269811467,27.718408584594727,13123100
2009-10-20,27.56683115921335,27.645912922296073,27.085743939386663,27.224140167236328,17423000
2009-10-21,27.19119638361703,27.64592233254323,27.19119638361703,27.290050506591797,17578200
2009-10-22,26.84191205389416,27.17801400925511,26.459681365913056,27.07257080078125,25352700
2009-10-23,26.88803314827274,27.092330387413067,26.710097329788606,26.822132110595703,16368300
2009-10-26,26.72986297390159,27.32297970669716,26.604647514051035,26.808944702148438,17075000
2009-10-27,26.89463104872763,27.230730441806372,26.815546768268135,27.01984405517578,15087200
2009-10-28,27.07256348738384,27.665680432087722,27.019840640407292,27.43502426147461,22598900
2009-10-29,27.67886043162663,28.041321196390914,27.59318706447606,27.856796264648438,20375900
2009-10-30,28.094057943933905,28.39061781238512,27.230739774434785,27.23733139038086,21347500
2009-11-02,27.25050042727521,27.6788648169324,27.072567080026147,27.553651809692383,14658200
2009-11-03,27.50092943046426,27.869981872754654,27.34276589374273,27.823850631713867,18756500
2009-11-04,27.949071879847068,28.159958333616224,27.355952157393297,27.415264129638672,24228800
2009-11-05,28.370834367438782,28.917822634357304,28.285160991446887,28.89805030822754,36536700
2009-11-06,28.68056370898041,28.977123346269487,28.601481977024303,28.930992126464844,15993400
2009-11-09,29.155065837507422,29.65592027376484,29.09575389640135,29.491165161132812,17822100
2009-11-10,29.4318553957796,29.491167341270312,29.188018514968316,29.227558135986328,12513100
2009-11-11,29.240728232550943,29.49115663526275,29.22754752567529,29.43184471130371,15688700
2009-11-12,29.458214405336154,29.781133015687658,29.339590524074605,29.557065963745117,14235300
2009-11-13,29.847027366490025,30.31493113500536,29.814076857179302,30.16335678100586,16408000
2009-11-16,30.249041664928804,30.479697832126995,29.84703876155737,29.992021560668945,13389700
2009-11-17,30.038160794917886,30.308359146118164,29.959076511178193,30.308359146118164,10331600
2009-11-18,30.202920367828504,30.268821433290327,29.787736616318423,29.978853225708008,13170700
2009-11-19,29.68887904981229,29.89317635131682,29.359368732913232,29.715240478515625,14917900
2009-11-20,29.497759460102436,29.820680643937838,29.497759460102436,29.721826553344727,12558200
2009-11-23,29.933511919233265,30.363497077739698,29.933511919233265,30.13196563720703,9401500
2009-11-24,30.363506724445042,30.429657143627452,30.019518993047697,30.138591766357422,11106300
2009-11-25,30.231197287085312,30.323808864719368,29.993051788325605,30.059202194213867,8328900
2009-11-27,29.602757789032413,30.02612643521993,29.563066032148765,29.76152229309082,6171900
2009-11-30,29.649056629481816,29.81443512586379,29.318299636717875,29.768129348754883,11359600
2009-12-01,29.76814285964632,30.079055381470738,29.688761851927417,29.80783462524414,14140300
2009-12-02,29.913676810028257,30.131975212124427,29.701992440460025,29.80783462524414,12581400
2009-12-03,29.801193861776003,29.953341721096407,29.50351217029057,29.523359298706055,10750100
2009-12-04,29.787974413089394,30.217959519601365,29.55644552402949,29.873971939086914,14667900
2009-12-07,29.840901723935467,30.04596948176062,29.635831442634263,29.69536781311035,8485800
2009-12-08,29.576296808062573,29.90043984934069,29.192619916290234,29.496915817260742,13153600
2009-12-09,29.338144863711456,29.682132446213153,29.22568869508287,29.615982055664062,11420800
2009-12-10,29.781373446428248,30.29073974925835,29.735067648305215,30.138591766357422,14892100
2009-12-11,30.178274784396873,30.350269876361008,29.589527595277936,29.70198631286621,16493100
2009-12-14,29.834288410772047,29.91367192901468,29.490303258959273,29.549837112426758,11754500
2009-12-15,29.49028993233561,29.94011704838595,29.40429242150642,29.688743591308594,11314100
2009-12-16,29.701995953572375,29.794607560777862,29.53661736256914,29.56307601928711,9732900
2009-12-17,29.549838091062732,29.655682785558287,29.26538930677335,29.311695098876953,9368300
2009-12-18,29.32490928236978,29.503515795733833,29.13968369408762,29.483671188354492,18465600
2009-12-21,29.68874701357906,30.257649418761723,29.642441238596795,30.039348602294922,11653500
2009-12-22,30.19812189027265,30.36350042740782,30.026126798505395,30.323808670043945,9687400
2009-12-23,30.41642436206021,30.42965494963811,30.244431770500636,30.39657974243164,8751300
2009-12-24,30.389959760446217,30.502418480440394,30.290734150014462,30.49580192565918,3760100
2009-12-28,30.462723347990853,30.621487839962953,30.26426962563272,30.601640701293945,7410700
2009-12-29,30.601639884066053,31.01178042592603,30.509028317670552,30.85963249206543,8834400
2009-12-30,30.63471440319907,31.084544127349385,30.58840862484321,30.998546600341797,7559300
2009-12-31,31.01178125410687,31.03823989987223,30.601640701293945,30.601640701293945,7696900
2010-01-04,30.952257514369194,31.296245284434608,30.806723547636164,31.051483154296875,14570200
2010-01-05,31.43514659848176,31.964357310885347,31.421916015237205,31.798978805541992,24241000
2010-01-06,31.92465326045681,32.03711191296691,31.34252296284783,31.488054275512695,22743800
2010-01-07,31.587285850658414,32.42740873002696,31.454982578002536,32.40094757080078,25266300
2010-01-08,32.48696736556397,32.94341131974005,32.341433413445465,32.72511291503906,25938200
2010-01-11,32.79788071017756,32.87064516457723,32.176055643579694,32.606040954589844,14672400
2010-01-12,32.32159526341067,32.55312430315769,31.798998261150526,32.07683563232422,18009100
2010-01-13,32.31496581410173,32.38111874440754,31.904827740110804,32.21574020385742,12426700
2010-01-14,31.924669568196915,32.228967974064446,31.898210921862557,31.9974365234375,13751800
2010-01-15,32.15619763312092,32.44064886994296,31.825440615744196,32.103275299072266,21540300
2010-01-19,32.16281321431834,32.87724961757696,32.11650743153038,32.62587356567383,16564800
2010-01-20,32.3546636920678,32.37450831317496,31.613768396838637,31.984214782714844,18151500
2010-01-21,31.96436567431041,32.414195528419654,31.699758987136835,31.812217712402344,18703200
2010-01-22,31.825455862964986,32.1297518591022,30.87287358152399,30.945640563964844,22205300
2010-01-25,31.071327050328495,31.547615623800695,30.892717888972637,31.031635284423828,15304700
2010-01-26,31.025005300822972,31.40206805088772,30.800090456619834,31.018388748168945,18325500
2010-01-27,30.773635191197215,31.29623191810875,30.608256671805663,31.223464965820312,27302900
2010-01-28,27.856356190811198,27.856356190811198,26.467175214535867,26.778087615966797,130892200
2010-01-29,27.009621239568673,27.042696439047248,25.46167818329722,25.92473602294922,112830300
2010-02-01,25.964428727749077,26.44071969281503,25.58736588823055,26.30841636657715,54762600
2010-02-02,26.34149917825782,26.38780497729905,25.785827066286245,25.971050262451172,45670300
2010-02-03,25.77258365965934,26.27533568989042,25.534438226757832,26.21579933166504,36836200
2010-02-04,25.97765744346701,25.984271473738755,25.23676240271334,25.249990463256836,39883900
2010-02-05,25.40876294489406,25.534449747421586,24.760479264766285,25.164003372192383,39365100
2010-02-08,25.21030067312401,25.26322048454685,24.786932087838014,24.813390731811523,27373800
2010-02-09,25.08461505342936,25.32937710287278,24.89939190118131,25.078001022338867,28585600
2010-02-10,24.945702158823597,25.24338408075589,24.687712000974486,24.760478973388672,23742400
2010-02-11,24.65462701997036,25.216912909146785,24.47601793760857,25.144145965576172,34201400
2010-02-12,25.256603848449686,25.799045107812834,25.12430054832989,25.69320297241211,37313700
2010-02-16,25.858586440334275,25.997503796615426,25.600596343390414,25.812280654907227,34301800
2010-02-17,25.86520094607967,26.26211093007024,25.812281128966585,26.0835018157959,24733000
2010-02-18,26.109969685294967,26.42087968386227,26.057047331127155,26.334884643554688,19503800
2010-02-19,26.3348821575717,26.361340808681195,26.109967220543695,26.189348220825195,26638700
2010-02-22,26.334879310448187,26.387799130422405,25.5939816429993,25.805665969848633,27657900
2010-02-23,25.799056471177458,25.898284620841885,25.40214891947309,25.494760513305664,17926000
2010-02-24,25.65420963600445,25.694074694835862,25.029630011322272,25.162519454956055,27111500
2010-02-25,24.73729470562616,25.248917818206593,24.232317464511244,24.704072952270508,34843000
2010-02-26,24.664194371500024,24.670840240013412,24.25888257049344,24.37183952331543,30557500
2010-03-01,24.464862156497517,24.464862156497517,23.561216644798055,23.627662658691406,59161000
2010-03-02,24.41835856484513,25.554559130565135,24.29875823848965,25.202404022216797,77896200
2010-03-03,25.567843636560674,26.01966644535423,25.494754280041636,25.70737648010254,42163800
2010-03-04,25.87349079121301,26.099402222318194,25.634292688857688,26.079469680786133,29404500
2010-03-05,26.238932315468148,26.258864852972863,25.660863381267898,25.75388526916504,26466900
2010-03-08,25.800389737493905,25.919987455411412,25.654211087759062,25.77381134033203,13854600
2010-03-09,25.733960657819424,25.853560988997778,25.581138575681997,25.70073890686035,20134400
2010-03-10,25.62763744249974,25.97979239889738,25.581126506170087,25.833616256713867,15250000
2010-03-11,25.820324407016148,26.079457464172574,25.720656676730293,25.97978973388672,16325300
2010-03-12,25.99308327465006,26.172483698332705,25.780461113542355,25.880128860473633,20712100
2010-03-15,25.91334768203894,25.95321528325663,25.687436344450315,25.826969146728516,17334500
2010-03-16,25.846911348524316,25.98644418931418,25.64093248736558,25.919998168945312,27699200
2010-03-17,25.94656995778131,26.046237695579812,25.720658615473127,25.846904754638672,23287400
2010-03-18,26.06617011486923,26.92994787826017,26.019659180008972,26.86350440979004,45529100
2010-03-19,26.92330713526727,26.983107276505432,26.43161680345836,26.61101722717285,33417800
2010-03-22,26.630954667477717,26.936598734494222,26.491419302399468,26.76384162902832,16394500
2010-03-23,26.863509180067428,26.96317693512694,26.597730189679606,26.923309326171875,13840700
2010-03-24,26.737270530364466,26.86351418023574,26.591091804976948,26.70404624938965,12980800
2010-03-25,28.265491464210353,29.129269474266827,27.906690548836306,28.032934188842773,67289200
2010-03-26,27.906684191960885,28.265485025603535,27.647551101437635,27.793729782104492,29773800
2010-03-29,27.886744862249053,27.966477516523128,27.6408984983663,27.747209548950195,11592700
2010-03-30,28.205685127816132,28.23890686425464,27.866816826037706,27.99306297302246,20721000
2010-03-31,27.900037224413566,28.052859218542764,27.800369494276598,27.880102157592773,14932000
2010-04-01,28.019636456618304,28.21232606008019,27.999703923382867,28.086082458496094,16319600
2010-04-05,28.305351500770275,28.577773806215003,28.16581868119871,28.258840560913086,14692200
2010-04-06,28.052870940563295,28.278782359903637,28.03293586541254,28.19240379333496,10067800
2010-04-07,28.152527398603414,28.484749821406186,28.152527398603414,28.418306350708008,16091300
2010-04-08,28.365153383025657,28.385088454656227,27.966487435602126,28.172466278076172,12994300
2010-04-09,28.039567404439566,28.152521789050848,27.80701023402242,28.01963233947754,16152000
2010-04-12,27.926614088577658,28.212325554896562,27.906681555699144,28.05950355529785,8808700
2010-04-13,27.92661385334621,28.165814384496578,27.77379185503475,28.106014251708984,10762400
2010-04-14,28.059503576534766,28.438236909447728,27.9731250429029,28.305347442626953,19717700
2010-04-15,28.34522106305409,28.690732736305883,28.22562077098015,28.37179946899414,16214200
2010-04-16,28.358505048571324,28.557837987135464,28.07279357392225,28.398372650146484,23840800
2010-04-19,28.325277571061594,28.56447806269814,28.072787881594653,28.405010223388672,14960500
2010-04-20,28.39838022230483,28.8036895404396,28.23226897343342,28.763824462890625,14784600
2010-04-21,28.790408496631,28.83027358196955,28.08609575131821,28.32529640197754,34304500
2010-04-22,26.411693217753733,26.810359271328743,25.833626679672882,26.132627487182617,96916600
2010-04-23,25.900066454539317,25.933288198452917,25.116021131826724,25.415021896362305,64242900
2010-04-26,25.428317353042644,25.720672319884283,25.1027380994618,25.322006225585938,25646700
2010-04-27,25.401730036367372,25.807041859849107,25.142596912411857,25.195751190185547,35398400
2010-04-28,25.39508671547889,25.813685207631647,25.248908015875898,25.793752670288086,27704200
2010-04-29,25.893417320254347,26.059528537274904,25.7605278397067,25.900060653686523,17668400
2010-04-30,26.013028942121295,26.106050858669544,25.65422794858623,25.70073890686035,18461000
2010-05-03,25.853560497015728,25.946582411793813,25.45489442377907,25.67416000366211,19361900
2010-05-04,25.428316708250566,25.448249252062883,24.59111438293309,24.983137130737305,25189600
2010-05-05,24.71735356734127,25.175819687437077,24.584464065461543,25.00306510925293,18405100
2010-05-06,24.823664886935507,25.003065335900907,23.627664428489314,24.365196228027344,28231500
2010-05-07,24.21237923705126,24.491447505204658,23.408401250941694,24.252246856689453,36415300
2010-05-10,24.856891141254714,25.122670195669638,24.6509122473503,24.830312728881836,22752400
2010-05-11,24.630966730376816,25.189100422910744,24.61767753119082,24.90338897705078,17506700
2010-05-12,25.2489134960411,25.508046676376424,25.062869681370998,25.355224609375,17607400
2010-05-13,25.22897977809906,25.700735163107122,25.09609025896329,25.222333908081055,18366800
2010-05-14,25.089436519614477,25.275482801913626,24.518016075473838,24.78379249572754,19744400
2010-05-17,24.890112889392352,25.04958082897269,24.43164668191636,24.830312728881836,22359900
2010-05-18,24.597759762291012,24.890114715875455,24.252247980060073,24.391780853271484,22975400
2010-05-19,24.371839051125352,24.511371871328983,24.032970733880948,24.219017028808594,18550600
2010-05-20,23.753903620210927,24.07948271514916,23.421681191956228,23.647592544555664,27571300
2010-05-21,23.322023012034194,24.106068466959417,23.142625057717776,23.846935272216797,28635800
2010-05-24,23.65423179240762,24.019678428094085,23.541277402944925,23.700742721557617,16315100
2010-05-25,23.18247808014135,23.694100867360465,22.93663422006266,23.660879135131836,24935000
2010-05-26,23.88132669107942,24.115128870152567,23.219996523018366,23.300159454345703,26677500
2010-05-27,23.61412401512071,23.781126313808276,23.44712171643314,23.75440788269043,23507900
2010-05-28,23.65420548417675,24.001570571237227,23.487203185489182,23.75440788269043,21246900
2010-06-01,23.6809224111471,24.101768845333176,23.35359684050184,23.427078247070312,19262600
2010-06-02,23.467157933259315,24.075046048521692,23.17991384654995,24.06168556213379,21472100
2010-06-03,24.215330422643756,24.589416444474825,23.90136532310246,24.362293243408203,20295100
2010-06-04,23.88133130343886,24.195296474477516,23.480526762402672,23.580726623535156,23085900
2010-06-07,23.6141319716643,23.894697253084534,23.360290226871832,23.387008666992188,18554400
2010-06-08,23.28011713734901,23.58740327350618,23.09307539658146,23.56068229675293,22531100
2010-06-09,23.580725200221472,23.634167161535583,23.133160241354165,23.193281173706055,24109300
2010-06-10,23.487202011911002,23.493880982293526,22.93275573306362,23.400360107421875,30719400
2010-06-11,23.073040262855272,23.69428907342326,23.059679771974416,23.620807647705078,14716800
2010-06-14,23.84792415868956,23.96816599439364,23.193275579996417,23.240036010742188,15705300
2010-06-15,23.380324172056348,23.781128709990355,23.373645200667127,23.767770767211914,13798100
2010-06-16,23.647524315268907,23.6742427439031,23.246717306724666,23.433761596679688,22472000
2010-06-17,23.540638407499454,23.89468236395782,23.386994094213478,23.85460090637207,15326600
2010-06-18,23.881317564848523,24.095080203526894,23.761075762060482,23.841236114501953,25396000
2010-06-21,23.948125462854474,24.161888173200403,23.620802427497743,23.807844161987305,12371800
2010-06-22,23.88800825024774,24.288815305566583,23.747726927599953,23.76108741760254,16287900
2010-06-23,23.78780440205974,23.921406731392008,23.56068120667063,23.66088104248047,15067500
2010-06-24,23.527280112896122,23.58071951306885,23.133154662144374,23.240036010742188,21380600
2010-06-25,23.179916696656967,23.31351902871097,22.89935154451831,23.093074798583984,22399500
2010-06-28,23.133160197773638,23.30016250418616,22.71899264312844,22.73903465270996,13573600
2010-06-29,22.565350502759152,22.5720320219413,21.95746221808293,22.13782501220703,27848100
2010-06-30,22.044308916599263,22.47851602062155,21.863946083309397,21.937427520751953,19652800
2010-07-01,21.90402003025226,21.964140954008542,21.129128265629735,21.349571228027344,31598700
2010-07-02,21.28945363117598,21.830540723029113,21.142490792656208,21.623456954956055,16296400
2010-07-06,21.817178161376763,22.258064086812933,21.67689685515903,21.81049919128418,19301000
2010-07-07,21.924064893066532,22.35827195481153,21.670220647050076,22.29815101623535,16002300
2010-07-08,22.572027460955468,22.705629786820065,22.211301945596773,22.66554832458496,19367000
2010-07-09,22.745710124242827,22.80583104723168,22.418387081055524,22.652189254760742,12516300
2010-07-12,23.206637619908356,23.600763097031884,23.052993282031746,23.447118759155273,23745400
2010-07-13,23.721003168631935,24.034968276278786,23.60744283929314,24.014928817749023,21447600
2010-07-14,24.208652114075853,24.776458858127953,24.03496831238166,24.649538040161133,31169000
2010-07-15,24.709658473920257,24.79649782479208,24.30217250293571,24.63617706298828,18840400
2010-07-16,24.696299019223343,24.863301306238373,23.87464807289972,24.021608352661133,24808900
2010-07-19,24.22201601015154,24.769785978585723,24.18193708317694,24.562702178955078,19903100
2010-07-20,24.10175747864129,24.569361575817386,23.87463439647667,24.5493221282959,17065100
2010-07-21,24.622811571659792,24.7163324217515,23.921402647719958,24.15520477294922,22929300
2010-07-22,25.611468123433635,26.399719038440782,25.58474714876333,26.125835418701172,56097800
2010-07-23,26.072390510594104,26.493236895009176,25.905388260235185,26.105792999267578,31483800
2010-07-26,25.86531950839978,26.23940306522587,25.86531950839978,26.212684631347656,13197900
2010-07-27,26.352959720597614,26.38635966622081,26.13919701070615,26.199317932128906,12596900
2010-07-28,26.286156173495087,26.339598122842357,25.791830883294853,25.892030715942383,12468500
2010-07-29,26.28616054129767,26.332920980620212,25.558030424093026,25.9053955078125,21457700
2010-07-30,25.558021555380204,25.64486343323888,25.22401707711817,25.437782287597656,22121300
2010-08-02,25.604789157084213,26.052354015731787,25.39770542574215,25.892030715942383,14618500
2010-08-03,25.778477047807637,25.918758378663657,25.584753753814248,25.691635131835938,10250000
2010-08-04,25.64486601782198,25.79850778751686,25.39102187524895,25.671586990356445,9949000
2010-08-05,25.524637570823906,25.851963285339373,25.464516625229372,25.718360900878906,8991900
2010-08-06,25.51794553576903,26.038991765364248,25.350943277744694,25.81855010986328,15794700
2010-08-09,25.96551689772289,26.680286538061786,25.938798466387627,26.55336570739746,18715600
2010-08-10,26.386366345393323,26.720370982676783,26.105803673236732,26.573408126831055,17159200
2010-08-11,26.185955794731246,26.34627654292471,25.678267479529794,26.292837142944336,21455400
2010-08-12,25.270792125887038,25.978880327330923,25.250750114801516,25.544675827026367,19582900
2010-08-13,25.384346372494374,25.611469573546795,25.270786046094436,25.3509464263916,16372000
2010-08-16,25.304197881631392,25.978886283625766,25.016953623328334,25.8118839263916,14222100
2010-08-17,26.02563218959243,26.580080928794956,26.00559273336902,26.1458740234375,22319800
2010-08-18,26.11916332457564,26.32624713060673,25.791840185651218,26.079084396362305,13506000
2010-08-19,25.885355899437734,25.945476827972993,25.197307254841967,25.45783042907715,21575900
2010-08-20,25.457826520465424,26.112475114976636,25.384345113731605,25.992233276367188,19152600
2010-08-23,26.179271919590033,26.35295568745352,25.658225712503803,25.745067596435547,12942000
2010-08-24,25.65155935919809,25.704998780647788,25.224031246333645,25.411075592041016,15738700
2010-08-25,25.290227269185507,26.001872529053838,25.276802271246776,25.82060432434082,18753000
2010-08-26,25.96157410967706,26.06227946046751,25.49833513033657,25.699743270874023,14506600
2010-08-27,25.847461666438285,26.08243756626054,25.33722718637629,25.941452026367188,16263700
2010-08-30,25.773601889771026,26.02872031652283,25.706466674804688,25.706466674804688,11909900
2010-08-31,25.63261016204036,26.02199892393702,25.38420685387989,25.713172912597656,18049100
2010-09-01,26.156292447358485,26.955215768763225,26.12943732237692,26.58596420288086,27619100
2010-09-02,26.646376697018017,26.874640049408356,26.485251131239362,26.86792755126953,12671500
2010-09-03,27.042483254955187,27.170043781167763,26.69337441439408,27.109621047973633,14187700
2010-09-07,26.92834886868396,27.405015603966724,26.80078836132339,27.23717498779297,18520500
2010-09-08,27.28416823789469,27.61984944665037,27.277455740579104,27.472148895263672,14073500
2010-09-09,27.633264647798203,27.673547296814935,27.20359330245935,27.458711624145508,12190400
2010-09-10,27.53929176361114,27.55271932176845,26.901496836885556,27.136472702026367,15098000
2010-09-13,27.485577164690945,27.76755071911115,27.35130672653741,27.525859832763672,16787200
2010-09-14,27.425162376109355,27.78098631106634,27.243896719960272,27.59971809387207,12885900
2010-09-15,27.592994376227693,28.338207070537774,27.532571656120272,28.183794021606445,18992800
2010-09-16,28.06295101632396,28.39863225470354,27.96224818143685,28.17708396911621,16596100
2010-09-17,28.277788649185144,28.700747754234825,28.15694319059952,28.55304718017578,31733900
2010-09-20,28.586606498940526,28.935712623338766,28.579891442099907,28.875289916992188,15241800
2010-09-21,29.009573130394045,29.45267227978585,28.94243790453411,29.210981369018555,16763100
2010-09-22,29.237836505948756,29.37882201698834,28.667179402572515,29.069995880126953,16158500
2010-09-23,28.835015595337797,29.365392506045985,28.707455100255597,29.304969787597656,20206800
2010-09-24,29.50638605009631,30.191176192430703,29.44596331515372,29.909202575683594,22619300
2010-09-27,29.7547784626861,30.211305055068436,29.633933037582302,29.936046600341797,14009400
2010-09-28,30.00318667050248,30.110604558993717,29.33853928578934,29.586942672729492,23000500
2010-09-29,29.378816499538004,29.882338282440156,29.338536395974135,29.74806785583496,14499000
2010-09-30,30.258297511226104,30.714824062835913,30.056889341055616,30.298580169677734,35751700
2010-10-01,30.55369367002626,30.614116372593685,29.486227632030836,29.71449089050293,22457600
2010-10-04,29.828615830453817,29.828615830453817,29.10354359337431,29.466079711914062,13941400
2010-10-05,29.82190874384017,30.14416486489553,29.593648046411715,29.71449089050293,18459700
2010-10-06,29.680932508966883,29.99647367159317,29.45266917960744,29.976333618164062,21696900
2010-10-07,30.15089351545397,30.184461132412075,29.633944018955116,29.909202575683594,11965000
2010-10-08,29.862201674766204,30.150887735142106,29.5735156143903,30.050182342529297,12349900
2010-10-11,29.989749828893284,30.00989243746692,29.499655704329523,29.660783767700195,10971300
2010-10-12,29.660783043941425,30.21129985870546,29.38552463655941,30.070314407348633,13712800
2010-10-13,30.191162153705037,30.553695833739404,30.036749138662955,30.426137924194336,13543300
2010-10-14,30.224739252114386,30.446287539468926,30.08375374552108,30.23816680908203,11317500
2010-10-15,30.486558266087474,30.55369346357826,29.868906253832655,30.070314407348633,18075400
2010-10-18,30.063614474991716,30.077042033453562,29.627230349683828,29.868921279907227,12225400
2010-10-19,29.70778119287012,29.922616919776857,29.204259477736727,29.687641143798828,15934400
2010-10-20,29.71450149396113,30.144175621680606,29.71450149396113,29.795066833496094,11523700
2010-10-21,29.835347810140156,29.882342979047046,28.499337903710583,29.526521682739258,24931600
2010-10-22,29.439233000695978,29.721206471333737,29.27810749836899,29.660783767700195,12473200
2010-10-25,29.774922492325082,29.87562788038459,29.67421966530998,29.761497497558594,10215900
2010-10-26,29.526515600370836,29.533230657999756,29.009566287840315,29.49966049194336,15805500
2010-10-27,29.1908504224884,29.882353196599382,29.16399529934639,29.862213134765625,11449300
2010-10-28,30.110600691285878,30.150883354687462,29.81520217614004,29.821914672851562,11982900
2010-10-29,29.9091978793336,30.634270584793622,29.9091978793336,30.318729400634766,16651700
2010-11-01,30.56041735731309,30.882671008335613,30.305298923195284,30.432859420776367,11199500
2010-11-02,30.714828300799546,30.84238622859745,30.365719562514336,30.4664249420166,12590900
2010-11-03,30.35229921204727,30.721548089457507,29.956195218923067,30.67455291748047,27224200
2010-11-04,32.634927215954036,33.19887174376502,32.265678402028314,32.45365905761719,58099900
2010-11-05,32.13812788311163,32.46709669357501,31.822589193410803,32.446956634521484,20629500
2010-11-08,32.238814554150366,32.44693776718222,31.943416095272205,32.09111404418945,18567300
2010-11-09,32.13140416109848,32.38652258453241,31.815863020562947,32.17168426513672,17430300
2010-11-10,32.22539484276615,32.22539484276615,31.721873048347927,32.01055908203125,12413500
2010-11-11,31.5406045451099,32.23210698223833,31.480181828008295,32.17168426513672,13923000
2010-11-12,31.96357157022265,32.04413435952064,31.345916689484994,31.86958122253418,20070400
2010-11-15,31.963564215280517,32.104549704371905,31.460042416201855,31.466754913330078,11573600
2010-11-16,31.171365927337327,31.34591907762239,30.936390040214143,31.137798309326172,18386800
2010-11-17,31.258648901979672,32.47381377587889,31.21836621714246,32.21198272705078,25860200
2010-11-18,32.51408898308693,32.80277508874747,32.02399462165146,32.03742218017578,20716700
2010-11-19,31.970280205618852,32.258966273517245,31.82929470112278,32.198543548583984,15850900
2010-11-22,32.22549519049926,32.43444362276411,31.67278873865358,32.09742736816406,13112100
2010-11-23,31.83456941302471,31.92893359533978,31.497553006910245,31.746944427490234,17892100
2010-11-24,31.955899048362742,32.488385645830725,31.773909860447176,32.400760650634766,11961200
2010-11-26,32.20527701471923,32.31312212857161,32.05024982425833,32.1513557434082,4296600
2010-11-29,31.99633109522513,32.11765717935285,31.517765953952228,31.868263244628906,12906500
2010-11-30,31.349255523724786,31.78063855346244,31.315554407509595,31.55820655822754,18176000
2010-12-01,31.895239437585445,32.52209029561395,31.881758469847753,32.27943801879883,14431100
2010-12-02,32.380537860819864,32.79169829966631,32.279431907544726,32.68385314941406,11108300
2010-12-03,32.62318798069618,32.987163732225675,32.51534283742243,32.906280517578125,12608700
2010-12-06,32.724286854984825,32.81865102096572,32.41423243212455,32.56925964355469,10488700
2010-12-07,32.852353509565496,33.03434006801759,32.65688341791773,32.67036437988281,14015800
2010-12-08,32.73777284463655,32.953463134637204,32.535563519164825,32.94672393798828,8634400
2010-12-09,33.128705975349156,33.223070135520125,32.83212996197694,33.08152389526367,8862300
2010-12-10,33.02759611237013,33.36461239923105,32.96019388349003,33.351131439208984,11851800
2010-12-13,33.37809259797411,33.53985897208891,33.094997586427986,33.10847854614258,11988400
2010-12-14,33.22980897893593,33.36461602256613,32.913015383320015,33.14892578125,10036300
2010-12-15,33.27025359803677,33.411799844174695,32.90627533262729,33.08826446533203,10329900
2010-12-16,33.12196304895218,33.53986255988711,32.93323473521971,33.465721130371094,12338900
2010-12-17,33.465718132974835,33.512900207182035,33.202843270810185,33.337650299072266,21421200
2010-12-20,33.512900025974055,33.58704401967881,33.128701668804155,33.32416915893555,11902200
2010-12-21,33.499426592718414,33.701635893835274,33.418543386517825,33.69489669799805,9271500
2010-12-22,33.566828836013784,33.701635893835274,33.44550274109751,33.69489669799805,6859600
2010-12-23,33.61400336820129,33.68140816758297,33.216324051155055,33.32416915893555,8194300
2010-12-27,33.29723540761148,33.5668470987112,33.01414017503979,33.43878173828125,5871100
2010-12-28,33.54661385967432,33.67467917021182,33.411806781027344,33.607276916503906,7138200
2010-12-29,33.68141573509282,33.910586962020126,33.60727172472946,33.69489669799805,7771700
2010-12-30,33.701646333759854,33.84319263126607,33.45225487083487,33.519657135009766,5090200
2010-12-31,33.45898682775125,33.587054701692,33.02760625943316,33.35788345336914,6304700
2011-01-03,33.62749739199725,34.240867162892016,33.600535461770164,33.822967529296875,15167700
2011-01-04,33.9712549913768,34.41611654756533,33.42528748418724,34.35545349121094,24330000
2011-01-05,34.746380428191664,35.319309687730495,34.544171160037514,35.069915771484375,25904400
2011-01-06,35.1238365998746,35.74394531182499,35.07665452706229,35.50129318237305,17894300
2011-01-07,35.59567832274697,35.65634138650779,34.64529203798184,34.86772155761719,12865500
2011-01-10,34.67223207303183,35.18449823063045,34.67223207303183,34.84074020385742,17421100
2011-01-11,34.75986552237833,35.3462732411273,34.75986552237833,35.09688186645508,10288000
2011-01-12,35.21821039462001,35.278873443603516,34.77334889248457,35.278873443603516,10673200
2011-01-13,35.23841988515155,35.353006752419766,34.71941452792151,34.962066650390625,12550700
2011-01-14,35.00250853916979,35.137315555759216,34.66549228331122,35.07665252685547,11536900
2011-01-18,35.299095987344955,35.764180251379045,35.24517470195653,35.74395751953125,14715100
2011-01-19,35.52825659154132,35.79112888572916,34.9755500829335,35.14405822753906,11567000
2011-01-20,35.15755229591376,35.2114761564832,34.55092172066348,34.598106384277344,14213700
2011-01-21,34.746401286076264,35.04971665599956,34.43634671736884,34.537452697753906,18452800
2011-01-24,34.456561478547606,34.7126947030978,34.26783308742193,34.705955505371094,11508500
2011-01-25,34.66550653234275,34.75987071137413,34.11953904779267,34.72616958618164,15922200
2011-01-26,34.67224622672138,35.09688760969076,34.37567272104574,34.95534133911133,23536600
2011-01-27,36.53257114902701,37.07179676961161,36.24273689585705,37.00439453125,50785700
2011-01-28,36.46516469610613,36.8628440554713,35.98660214010597,36.22251510620117,22935600
2011-01-31,36.29666640045589,36.7145686009707,35.770921622607716,36.48539733886719,16182100
2011-02-01,36.5999624607524,37.25377477683781,36.471897217606,37.125709533691406,17000000
2011-02-02,36.916774080897405,37.004399058472245,36.31688534390305,36.391029357910156,17626200
2011-02-03,36.39777107334051,37.233572873773696,36.26970576742934,37.05832290649414,17150900
2011-02-04,37.09876042674867,37.32793164760811,36.734782151637084,37.22682571411133,12603100
2011-02-07,37.1459461501508,37.48970172951077,36.957217798441874,37.11898422241211,11605200
2011-02-08,37.40208973867004,37.81324768066406,37.307722965301004,37.81324768066406,13862700
2011-02-09,37.71214270737763,37.995235301982106,37.57733560799055,37.88739013671875,12581500
2011-02-10,37.86042378666267,38.54793759923874,37.66495621514332,38.41987228393555,16392900
2011-02-11,38.25809601284091,38.85798729280024,38.20417473234154,38.824283599853516,12165500
2011-02-14,38.918645353658576,39.63311829892069,38.83102039144004,39.20847702026367,17488200
2011-02-15,39.100627325728176,39.740958766266495,39.0399642930197,39.5252685546875,16375300
2011-02-16,39.693773198640024,39.75443622600787,39.26239281345974,39.457862854003906,11659200
2011-02-17,39.30285121248251,39.77467208811288,39.2287071973889,39.7679328918457,11068600
2011-02-18,39.794896532701124,40.057768909364555,39.53876335259501,39.895999908447266,17282600
2011-02-22,39.47135124394156,39.76118547690892,39.01974805045947,39.25566101074219,19936700
2011-02-23,39.154242161014686,39.492361687173194,38.22103154651595,38.55238723754883,16344700
2011-02-24,38.74848564652018,39.29624004450503,38.5456145071487,39.086605072021484,15159100
2011-02-25,39.30300128154612,40.03334047855405,39.154230488547334,39.911617279052734,11344000
2011-02-28,39.89132890127607,40.43908069140509,39.83722855775172,40.29030990600586,13613700
2011-03-01,40.466122849941335,40.466122849941335,39.08659531900512,39.24889373779297,16764200
2011-03-02,39.14071897302937,39.343590182656534,38.52534150869345,38.613250732421875,16651100
2011-03-03,39.01898596724194,39.88457095419311,38.99869704560314,39.78989791870117,13214700
2011-03-04,39.7560765342783,39.816938124662045,38.951350774799195,39.32328414916992,11720000
2011-03-07,39.55320521696897,39.62082805941713,38.42388517463295,38.937828063964844,13540500
2011-03-08,38.35626605607409,38.8769702483459,37.56506530845583,38.64704895019531,22049900
2011-03-09,38.444179009367836,38.444179009367836,37.132276520626725,37.193138122558594,24466200
2011-03-10,36.794149104982125,37.17284372151674,36.40869323620851,36.543941497802734,22114400
2011-03-11,36.31403162125941,36.57100314095393,36.10439662102878,36.253170013427734,18941000
2011-03-14,35.82037201379431,36.24640062366869,35.671598644198944,36.165252685546875,18606600
2011-03-15,34.582855384790264,36.03000615324983,33.879566341165216,35.840660095214844,35441300
2011-03-16,35.50253632045028,35.718932525936566,34.082435899490775,34.15005874633789,31062900
2011-03-17,35.583688558064196,36.15849314439851,35.15765992801652,35.38081741333008,24685600
2011-03-18,35.72568900875735,35.94884642116088,34.32587263425308,34.968299865722656,33360000
2011-03-21,36.002948994755805,36.59127593282214,35.86093690930871,36.26668167114258,17208200
2011-03-22,36.232873660120966,36.35459426250797,35.401097723012484,35.49577331542969,13843400
2011-03-23,35.48226746256724,35.556654178533236,34.961563030452815,35.46874237060547,12067700
2011-03-24,35.57693097545535,36.36136804111087,35.211761329465666,36.32755661010742,14733200
2011-03-25,36.40194345138839,36.51014157881937,35.65131781374047,35.67160415649414,13574400
2011-03-28,35.806840751320436,36.029998187575515,35.23203629134998,35.286136627197266,10237600
2011-03-29,35.46195998706134,36.57775498365972,35.40786222715663,36.456031799316406,14946800
2011-03-30,36.767097624040765,36.92939604808851,36.38164176902906,36.86177062988281,11044700
2011-03-31,36.89559360167133,37.15932634769748,36.74682022508363,37.07817840576172,13222200
2011-04-01,37.240470488882245,37.32161842253607,36.68595487956286,36.8347282409668,12306100
2011-04-04,36.882072396906366,36.99703177844531,35.48901925220399,35.9150505065918,18238600
2011-04-05,35.85418479579812,36.273452168206056,35.43491742339019,35.556640625,13467000
2011-04-06,35.91504291662116,36.44250835272396,35.83389498329295,36.20582580566406,13380900
2011-04-07,36.0841161751545,36.733305045018064,35.874481140665374,35.9962043762207,12491700
2011-04-08,36.51688926417031,36.753571773838985,36.05704674854612,36.26668167114258,10353400
2011-04-11,36.42898312810005,36.83472795248408,36.07057739259349,36.11115264892578,11699300
2011-04-12,35.70541940594558,35.820381379686296,34.98184386768844,35.33348846435547,11995000
2011-04-13,35.74597931054496,35.793315814783305,35.171174848207,35.6242561340332,9503100
2011-04-14,35.15764886935322,35.73921194675749,34.79247937590611,35.570152282714844,11655600
2011-04-15,35.73246969256825,36.15173715999864,35.23881552066774,35.935340881347656,17165100
2011-04-18,35.299669398208,36.0638200407576,35.191471282597604,36.03676986694336,14744200
2011-04-19,36.036774174193276,36.307268205726444,35.75951630857484,36.12468338012695,12006400
2011-04-20,36.99026504554648,37.463632749240524,36.855016761684396,37.3757209777832,19894600
2011-04-21,38.71468185832707,38.96488956026313,38.248077887746796,38.50504684448242,23134900
2011-04-25,38.11958496276877,38.66733938452131,38.011386845099366,38.423892974853516,9934800
2011-04-26,38.62676771584639,38.8905004909684,38.49828324530273,38.694393157958984,12100000
2011-04-27,39.10689197016824,39.532920566931814,38.613235364365885,39.34357452392578,15949400
2011-04-28,39.05954866444231,39.221847097822405,38.64704519807482,38.937828063964844,12300000
2011-04-29,38.93784169461508,39.21509957314364,38.43742371452482,38.606483459472656,32037700
2011-05-02,38.84313900960081,39.1542106841215,38.53206991472531,38.70789337158203,12022000
2011-05-03,38.75525269699665,38.91078733608177,37.842328624566555,38.20073699951172,11700000
2011-05-04,38.085773057498926,38.55237695041833,37.477157040954864,37.92347717285156,12761100
2011-05-05,37.62591354228626,38.42387525956614,37.59210212978703,37.957271575927734,11000000
2011-05-06,38.37654494565759,38.91077411996324,38.09252593935585,38.25482177734375,10727500
2011-05-09,38.37655832167862,38.49151769868494,37.86261788272361,38.315696716308594,8056600
2011-05-10,38.505038994939476,38.61323710720458,38.09929671885695,38.4847526550293,9149700
2011-05-11,38.42389094795945,39.032506940023914,37.99785975351432,38.26835632324219,11009200
2011-05-12,38.045207619173155,38.985182060665586,37.964059655898375,38.77554702758789,10900000
2011-05-13,38.77553576262528,39.1068939341735,38.39007982449264,38.62676239013672,11209100
2011-05-16,38.66734110204516,39.05955832865073,38.19397334884803,38.34274673461914,13330200
2011-05-17,38.126345131999074,38.20073181443151,37.639452359456854,38.106056213378906,13989800
2011-05-18,38.02491739536104,38.39684831705756,37.71384808482555,38.17369079589844,12429000
2011-05-19,38.28865424937781,38.99870473521916,38.28865424937781,38.748497009277344,11938100
2011-05-20,38.69438748992243,39.05279325185518,38.56590045855297,38.80258560180664,15272900
2011-05-23,38.20074091768812,38.34275048363843,37.81528232780631,38.1263542175293,12499600
2011-05-24,38.214244229312996,38.552363547702285,37.83555224369023,38.07899856567383,10251800
2011-05-25,38.24531683556328,38.9784525509609,38.23852966882871,38.68655776977539,10928000
2011-05-26,38.516866689895274,39.06671806565468,38.381099990985575,38.80876159667969,12897000
2011-05-27,38.92415918131724,39.236420735897404,38.73408738105698,38.930946350097656,7678400
2011-05-31,39.33823859655458,39.77268981933594,39.141377077002545,39.77268981933594,15104300
2011-06-01,39.66407216977262,40.017064392557636,38.67976728175157,38.795169830322266,14968700
2011-06-02,38.92415434723742,39.58262098712551,38.92415434723742,39.23641586303711,12697400
2011-06-03,38.77481369165032,39.480798329129165,38.659413701243516,38.72050857543945,12474800
2011-06-06,38.62545361067633,39.02596367944515,38.29961271614182,38.3403434753418,10121500
2011-06-07,38.43538191283961,38.747645908674,38.333558892280145,38.36071014404297,10225200
2011-06-08,38.177441978893874,38.367513757552096,37.68868301716271,38.218170166015625,12158000
2011-06-09,38.10276312650562,38.33356563907481,37.79728883199739,37.926265716552734,9161600
2011-06-10,37.81086701872949,37.838020865711805,36.90123386108886,37.064151763916016,14544000
2011-06-13,37.19313021516524,37.26101224121299,36.81977389283605,36.92838668823242,10670800
2011-06-14,37.24744030704294,37.926271016576614,37.16598134696833,37.72941207885742,12006100
2011-06-15,37.49181458053713,37.71582992661148,36.521086593281545,36.724735260009766,16790500
2011-06-16,36.738317846559376,36.79941271494942,35.58430510448839,35.97124099731445,19464800
2011-06-17,36.60254323328946,36.86049957595853,35.706487084579145,35.767581939697266,25241200
2011-06-20,35.65898511881163,36.33781599540524,35.38745432189476,36.30387496948242,14746000
2011-06-21,36.42605719411039,37.32890331606404,36.07985465810788,36.94875717163086,12010100
2011-06-22,36.75189324048163,36.93517783801543,36.432841986678326,36.65007019042969,9110300
2011-06-23,36.05948418806644,37.322109638883376,36.018756005481045,37.30853271484375,15571600
2011-06-24,37.17956603219319,37.308542961693135,36.717960846199254,36.78584289550781,9494400
2011-06-27,36.71116972899226,37.41036460190569,36.41248252927475,37.165985107421875,9797900
2011-06-28,37.22029233498751,37.79050769541999,37.1388307781824,37.64116668701172,9556000
2011-06-29,37.742974862980596,37.96699017154273,37.505385223171835,37.6275749206543,11919400
2011-06-30,37.78370212890658,38.59150941903669,37.68187652724961,38.55078125,12463000
2011-07-01,38.55078509340311,39.3585924640693,38.31319286236043,39.29071044921875,12142000
2011-07-05,39.202472932970764,39.541888283039775,39.03955242554285,39.46721649169922,10848700
2011-07-06,39.29072531413333,39.88130735327404,39.29072531413333,39.84736633300781,11176800
2011-07-07,39.983131653536354,40.37685213649117,39.9559778024267,40.227508544921875,12644800
2011-07-08,39.90845778788779,40.30217825042218,39.42648860859097,40.29539108276367,12385600
2011-07-11,39.86773614529613,40.00350283536725,39.209269381648426,39.53511047363281,12988300
2011-07-12,39.54866392917594,39.772679237936615,38.15706191720662,38.36750030517578,23141300
2011-07-13,38.72728791448806,38.75444176187084,38.021303419736405,38.07561111450195,18093300
2011-07-14,38.08240790252525,38.31321048452078,36.853725777681,37.28138732910156,19155100
2011-07-15,37.369627578255326,37.67510189531321,37.09130710927669,37.30853271484375,17684400
2011-07-18,37.247455309991274,37.54614259979624,37.0166526722032,37.52577590942383,16182500
2011-07-19,38.00773800428017,38.85627651260499,37.9262764430165,38.679779052734375,15014500
2011-07-20,39.84056972917724,40.322541456459305,38.76122889716447,38.896995544433594,27542500
2011-07-21,38.014522246003224,38.863060688994366,37.92627352286268,38.65262222290039,24125900
2011-07-22,38.80197031704578,39.17532675735002,38.53043694798771,39.005619049072266,13586300
2011-07-25,38.639038396098975,39.039548573240644,38.46254357087385,38.564369201660156,11346900
2011-07-26,38.59152795136478,38.68656643366566,38.218171548551275,38.3810920715332,10082700
2011-07-27,38.0145165337672,38.11634216743888,36.92159876909604,37.05736541748047,15638100
2011-07-28,37.13883262713193,37.749781385916805,36.96912492630658,37.32890701293945,11737400
2011-07-29,36.921589230923225,37.58684278766125,36.69757652006287,37.18633270263672,15256200
2011-08-01,37.566493739091534,37.63437577815244,36.25635018685231,36.738319396972656,16892000
2011-08-02,36.40569830052389,36.67044191108053,35.94409312690006,35.98482131958008,16681900
2011-08-03,36.12737305173329,36.52788329457842,35.77438075384149,36.473575592041016,15274300
2011-08-04,35.87621721473988,36.03913779368357,34.75614762156549,34.79008865356445,19556100
2011-08-05,35.17022238355624,35.285622369044106,33.24234293386873,34.63394546508789,28090800
2011-08-08,33.43920854633805,33.94154454499915,31.823592890460816,32.10191345214844,33418800
2011-08-09,32.50918720195464,33.86684799194336,31.701379964143037,33.86684799194336,32115100
2011-08-10,32.85540836130783,33.27628268875505,31.993293023634493,32.081539154052734,32161800
2011-08-11,32.4005982325881,33.96869852863982,32.27840846460826,33.636070251464844,25079800
2011-08-12,33.87365504443337,34.78328834183337,33.38489608179045,34.28095245361328,19422000
2011-08-15,34.45064967809119,34.89867772795893,34.08408056741767,34.796852111816406,13058700
2011-08-16,34.26737459639082,34.93262839438275,33.914382309582784,34.667884826660156,17782900
2011-08-17,34.60679502262688,34.92584633787419,33.9211770312509,34.627159118652344,14115400
2011-08-18,33.289879501868874,33.36455134108933,32.14944298722157,32.54995346069336,23793700
2011-08-19,32.061179545506114,32.699279588604675,31.524902572410106,31.57921028137207,24555800
2011-08-22,32.38021902359439,32.454890801350004,31.212629603124437,31.497739791870117,15673200
2011-08-23,31.721749809765075,32.624595642089844,31.613137030417196,32.624595642089844,15315600
2011-08-24,32.88030226429047,32.9553095895923,31.966581631028262,32.68255615234375,15209800
2011-08-25,32.8394076761967,33.098523333023195,31.898410628584408,32.01433181762695,13935000
2011-08-26,32.04159181018252,33.828119439889655,31.564274553069065,33.37125778198242,20783600
2011-08-29,33.85540292767956,34.8236729919041,33.7122058974907,34.72138977050781,14572200
2011-08-30,34.46908704351834,35.253251302548385,34.20997151253548,34.9395866394043,15801300
2011-08-31,35.34871514704554,35.56691688366181,34.707747870881455,35.089599609375,15897300
2011-09-01,35.403272054467614,36.051059740300275,34.789580510918604,34.816856384277344,13690400
2011-09-02,34.08042214715064,34.400907144308405,33.58264918207455,33.875858306884766,14692800
2011-09-06,33.00305367765827,33.794035826899474,32.45754659445423,33.71902847290039,14432600
2011-09-07,34.325891094918305,35.246429443359375,34.27815963099438,35.246429443359375,18934900
2011-09-08,35.16460076087657,36.33061657361237,34.9736749252013,35.150962829589844,18431400
2011-09-09,34.82367281695667,34.96004957774313,33.95768337730861,34.36681365966797,19825100
2011-09-12,33.828126246268056,35.06914980376094,33.828126246268056,35.041873931884766,16409200
2011-09-13,35.10323755217159,35.81239449694351,35.048688418588306,35.67601776123047,18400800
2011-09-14,35.86695393402783,36.65111843876739,35.3760011860627,36.18743896484375,15498700
2011-09-15,36.64429368818667,36.76702990057835,35.764666391383756,36.56928634643555,16107300
2011-09-16,36.68520919641683,36.78067215123943,36.22152975770381,36.732940673828125,19353600
2011-09-19,36.18061232857038,36.760210226725206,35.737388570332,36.5965576171875,12067400
2011-09-20,36.76702458622586,37.026140110866805,36.16697114128965,36.21470260620117,14759300
2011-09-21,36.05787856187206,36.610200668779065,35.21916499853482,35.225982666015625,15156800
2011-09-22,34.0872401278702,34.95322690683127,33.38490076849924,34.1145133972168,24362400
2011-09-23,33.93721541479126,34.57136491051723,33.582637006340335,34.29179382324219,18270000
2011-09-26,34.36000005518192,34.700940722689054,33.57583808061803,34.489559173583984,20218700
2011-09-27,35.15096416427338,35.989677461482096,34.60545989793879,35.307796478271484,16746200
2011-09-28,35.5260108834115,35.812402351337404,34.7554869698054,34.816856384277344,11527300
2011-09-29,35.38962705023452,35.60782877514914,33.28261453057735,34.18269729614258,17633700
2011-09-30,33.72583384327723,34.298613990849056,33.159873962402344,33.159873962402344,18776200
2011-10-03,32.87349382643552,33.65083802078167,32.30753375207685,32.491641998291016,27986500
2011-10-04,32.08932580678092,33.79402857294962,31.63928438055918,33.70538330078125,26093400
2011-10-05,33.84176219802222,34.70775157053967,33.637198373285294,34.61910629272461,18589300
2011-10-06,34.48955423907233,34.74866723646276,34.09406187278618,34.68729782104492,14772800
2011-10-07,34.7350315393885,34.77594535269546,33.84858639376961,34.25089645385742,14967900
2011-10-10,34.782751327623686,35.5532776449243,34.49636253426599,35.51918411254883,11462600
2011-10-11,35.471441913152056,35.53281129332513,35.12368122511495,35.219146728515625,10261400
2011-10-12,35.662383933804655,36.09878745739916,35.4714580425246,35.4850959777832,11140800
2011-10-13,35.416906598568076,36.41927273853658,35.38963332899228,36.3510856628418,12541000
2011-10-14,36.85567275961541,37.523915922299295,36.71247835357671,37.48982238769531,16257800
2011-10-17,37.29889036082166,37.435267077913295,36.37153180600201,36.57609558105469,10745800
2011-10-18,36.54881865824805,37.469359521062906,36.194242845722464,37.203426361083984,13141700
2011-10-19,36.685201166297404,37.11478697013639,35.70329335869244,35.866943359375,15090300
2011-10-20,36.010140888360816,36.316985294423056,35.266890404696255,35.46463394165039,17086100
2011-10-21,35.97604130143519,36.03059303133999,35.103234432315624,35.47145080566406,18194900
2011-10-24,35.730576966533775,36.685209113779834,35.70330109345435,36.5556526184082,11234700
2011-10-25,36.419268239638185,36.6170143763636,35.594192760270595,35.67601776123047,12847600
2011-10-26,36.01695815182311,36.02377841922415,34.63274040277697,35.185062408447266,20141700
2011-10-27,36.20107264765657,36.821584429363845,35.798762639659294,36.49428176879883,17147900
2011-10-28,36.41927048684429,36.480639891643385,35.9419531829813,36.296531677246094,11445300
2011-10-31,35.9214952175675,36.21470428773538,35.185062408447266,35.185062408447266,21419300
2011-11-01,34.0395033003166,34.65319733144946,33.94404036240037,34.189517974853516,22660500
2011-11-02,34.844129618687816,35.676025547034385,34.823674014276165,35.580562591552734,26757000
2011-11-03,38.37627546564908,38.83995491828174,37.33981566571551,38.26035690307617,44713900
2011-11-04,37.59894313952634,38.64222093682584,37.578487528182066,38.526302337646484,21851700
2011-11-07,38.048973023244464,38.860413371089294,38.048973023244464,38.812679290771484,14850000
2011-11-08,38.96269121633465,39.06497443644714,38.36263503409342,38.8876838684082,12956900
2011-11-09,37.96714350515554,38.5262858528017,37.46937056645446,37.78303527832031,15984600
2011-11-10,38.2808212023194,38.335372962628604,37.26481937768603,37.646671295166016,11669600
2011-11-11,38.13080251598238,38.86041792815937,37.953514515669546,38.60811996459961,12743100
2011-11-14,38.57401717663806,39.208166866220104,38.4853718971346,38.9354133605957,16660300
2011-11-15,38.717197022676125,39.378622334081605,38.51263327104461,39.13996505737305,13231100
2011-11-16,38.67630331505967,39.528654833101925,38.39673212118863,38.785404205322266,15504500
2011-11-17,38.62174978555936,38.9831459801433,37.783036242683046,38.444461822509766,19433700
2011-11-18,38.56037948927152,38.56719975759962,37.80349097740699,37.960323333740234,14375500
2011-11-21,37.23130836285618,37.49142855230236,36.82743857315891,37.149166107177734,15544300
2011-11-22,36.923263726629685,37.66255170305781,36.916419628146315,37.29290771484375,13234300
2011-11-23,36.56731082124763,36.6083832462203,35.32147598754481,35.615821838378906,24129500
2011-11-25,35.37624743541105,36.27982010458714,35.37624743541105,35.49946212768555,8318700
2011-11-28,36.567306593594445,36.99171376881437,36.40986623295004,36.92325973510742,12526700
2011-11-29,36.957504317930805,37.361374155103704,36.17714365785947,36.35512161254883,13534500
2011-11-30,37.511959075927734,37.73100680628678,37.01910298824735,37.511959075927734,18229000
2011-12-01,37.44350394220059,37.71046817401192,37.210765425268086,37.46403884887695,9834300
2011-12-02,37.92268372999571,38.12804069521118,37.16286060856852,37.197086334228516,12762900
2011-12-05,37.76522952807439,37.77207623793576,36.75213320273391,37.29975509643555,14662200
2011-12-06,37.38190110891288,37.75838924039035,36.99856626688301,37.53249740600586,10991200
2011-12-07,37.327141462272444,37.470893673904236,36.65630738259324,37.27238082885742,13303600
2011-12-08,36.9985581860603,37.64201305219027,36.88219024463517,37.01224899291992,15566800
2011-12-09,36.95749214625273,37.922671932637776,36.793205058435106,37.77207565307617,11624600
2011-12-12,37.24499089083068,37.553027545187405,36.964335852695584,37.49826431274414,9916800
2011-12-13,37.915844389131635,38.14858302462281,36.820605287559076,37.09441375732422,13936000
2011-12-14,37.0875585468303,37.17654751319643,36.067615317340625,36.348270416259766,12866900
2011-12-15,36.79320527637609,36.806896084713216,35.72534572737284,35.97177505493164,11703900
2011-12-16,36.211368378164345,36.84797674623879,35.88279412713763,36.012855529785156,19842900
2011-12-19,36.27982318965717,36.327739728365714,35.431011083059936,35.54053497314453,11687300
2011-12-20,36.19083404599992,37.19708657674851,36.136073406837994,37.03964614868164,14330300
2011-12-21,37.094399667903524,37.238151867029586,36.14291057020224,36.615234375,9900600
2011-12-22,36.615230174939505,37.32028983469726,36.594692656703025,37.224456787109375,8842100
2011-12-23,37.375046590333596,37.47088223926126,36.93010711381441,37.39558410644531,5670400
2011-12-27,37.16970410671415,37.64202799143487,36.971191245346176,37.55988311767578,6505300
2011-12-28,37.51196718830928,37.614646976544755,37.01911099404324,37.197086334228516,7060400
2011-12-29,37.2792164958584,37.60778805578784,37.25868158937988,37.546180725097656,5869300
2011-12-30,37.42982115175549,37.6420248074673,37.41613034062035,37.443511962890625,4839700
2012-01-03,38.25124352665697,38.31969495673546,37.42296659968105,37.833683013916016,11238300
2012-01-04,37.79945383823201,38.47028771435228,37.34766765181409,38.21701431274414,17589100
2012-01-05,38.24439313789686,38.47028753568391,37.84737018137565,38.374454498291016,11518500
2012-01-06,38.27178565139137,38.60720398904624,38.23755992989724,38.44291687011719,8040100
2012-01-09,38.42921465313963,38.57981091652171,37.94320276291216,38.27177429199219,12663500
2012-01-10,38.716724184209916,38.744103192049494,38.14172323949994,38.16225814819336,11673300
2012-01-11,38.16226549333289,38.3539316413748,38.02535998276492,38.07327651977539,7140200
2012-01-12,38.0664255061693,38.68249627495907,37.97743654877286,38.55928421020508,11387500
2012-01-13,38.292313219626664,38.83308839380983,38.278622411403134,38.70302963256836,10517600
2012-01-17,38.96998946045327,39.52445538019495,38.82623990723466,39.113739013671875,12411500
2012-01-18,39.10005217119477,39.640827339087295,38.9905283179353,39.42177963256836,13313700
2012-01-19,39.503925536018556,39.86672545525603,39.3396410465096,39.70243835449219,13298900
2012-01-20,39.716132923937685,39.77089355520682,39.33964477097632,39.51762008666992,16538600
2012-01-23,39.66136636680614,40.19529749177514,39.6066057401135,39.805118560791016,13223800
2012-01-24,39.53815492729228,40.16791915893555,39.40809614340911,40.16791915893555,11490300
2012-01-25,40.46910566811789,40.72922582470435,40.06523592943953,40.38011932373047,21441100
2012-01-26,40.475944799415906,40.62653845239504,39.38755046076074,39.57237243652344,20419500
2012-01-27,39.39440201523886,39.80511846509335,39.38755791613933,39.55868911743164,10295900
2012-01-30,39.182223168753964,40.140556871527075,39.03847089377008,40.13371276855469,13061700
2012-01-31,40.352744769561745,40.62655317225593,40.113159479542055,40.263755798339844,13551300
2012-02-01,40.71552333806022,40.90034529542351,40.243202298967915,40.770286560058594,27741800
2012-02-02,41.776546793623446,42.40631095368613,41.4822009271683,41.571189880371094,34830000
2012-02-03,41.74917209205522,41.98191064740975,41.48905191577543,41.797088623046875,17428700
2012-02-06,41.632789580978354,41.83814645657299,41.44112351192394,41.80392074584961,11060800
2012-02-07,41.62595658866409,42.18042003956867,41.44113456794421,42.132503509521484,12395300
2012-02-08,42.04351519863502,42.214646411806775,41.71494358269585,42.07774353027344,11454900
2012-02-09,42.15988861293003,42.4336996168962,42.022983110946946,42.399471282958984,13895400
2012-02-10,42.05036130061943,42.30363476129507,41.92030252054384,42.25571823120117,10376500
2012-02-13,42.43368533577175,42.43368533577175,41.89291022112768,42.26255416870117,9318000
2012-02-14,42.11196470011279,42.24202346801758,41.824462935198525,42.24202346801758,8913400
2012-02-15,42.310489900846235,42.43370460599232,42.00245313798103,42.15304946899414,10839600
2012-02-16,42.296779428231844,42.71433988922616,42.139339069558545,42.62535095214844,12328800
2012-02-17,42.618515608655194,42.92655231049058,42.44054029829199,42.79649353027344,14729200
2012-02-21,42.892322174889195,43.07714417696339,42.68011855519185,42.974464416503906,8631500
2012-02-22,42.8854744545369,43.083984637404185,42.741722279782195,42.817020416259766,7782600
2012-02-23,42.81703874762864,43.57686192465523,42.65959830906769,43.47418212890625,12639300
2012-02-24,43.67268362904649,43.67953033964886,43.378337743264304,43.42625427246094,7904800
2012-02-27,43.05662890762664,43.54264109146286,42.95394910033461,43.337284088134766,9785200
2012-02-28,43.39887216676906,43.43309788357351,42.77595472041068,42.90601348876953,12045600
2012-02-29,43.03995718751353,43.25289121028734,42.586615897287594,42.71025466918945,13508600
2012-03-01,42.73086939628536,43.197948718862506,42.68965821033301,43.00562286376953,9941100
2012-03-02,43.05369731544779,43.094911114930966,42.69651891398881,42.88197708129883,6715500
2012-03-05,42.744595379256175,42.80641476114175,42.25004032417157,42.66217041015625,9243000
2012-03-06,42.42863385718041,42.89571308265009,41.851653791614496,42.28438949584961,14198800
2012-03-07,42.45611515843545,43.23915907191406,42.236313450099104,43.0811767578125,12337300
2012-03-08,43.26662824660747,43.71309925123447,43.18420065355167,43.4932975769043,10566200
2012-03-09,43.67875668356629,44.15270356288219,43.568855844004226,43.912296295166016,12233300
2012-03-12,43.92603906569548,44.09089165331694,43.58946623357969,43.85734939575195,7606300
2012-03-13,44.07029464066313,44.571714917514996,44.06342436220999,44.54423904418945,11908300
2012-03-14,44.51676148946204,45.031922303762514,44.441204150792366,44.72282791137695,15126300
2012-03-15,44.83958154196138,44.9838258931873,44.56482815084697,44.791500091552734,10019900
2012-03-16,44.76401980680639,45.07311930646055,44.70220305116628,44.92887496948242,17787900
2012-03-19,45.22424753394313,46.021032097634304,45.01818635540993,45.84931182861328,14613100
2012-03-20,45.62951009388584,45.8973932943197,45.56082303437478,45.84931182861328,11400500
2012-03-21,45.91799392049913,45.9523400667823,45.26545906500823,45.6295051574707,13452600
2012-03-22,45.49212165007452,45.61576041445713,45.2997906073243,45.53333282470703,7652100
2012-03-23,45.677573556207456,45.84242348215731,45.12120178082378,45.801212310791016,9777200
2012-03-26,46.25456553111667,47.19559441834178,46.22709490184973,47.11316680908203,17106600
2012-03-27,47.11314732236082,47.305478331082504,46.94142713779385,47.04446029663086,10089300
2012-03-28,46.83154779281395,47.17498830017091,46.25456501540141,46.79033660888672,10022800
2012-03-29,46.62546679107166,46.70102409826772,46.22707991006515,46.659812927246094,8426900
2012-03-30,46.87961256944475,46.9002181540747,46.54304245935873,46.74910354614258,8117900
2012-04-02,46.87962240303818,47.278014591066224,46.3644617172905,46.927703857421875,10440400
2012-04-03,46.98951883442042,47.23679110533698,46.52243967293856,46.79718780517578,10812400
2012-04-04,46.25455995424006,46.50870778845047,45.91111948446227,46.28890609741211,10898900
2012-04-05,46.233953576914146,46.433149674850156,46.0691036215651,46.15153121948242,15585300
2012-04-09,45.41656512771584,46.54991437374095,45.045648828104206,45.67757797241211,9976300
2012-04-10,45.80122079520483,46.089709529179125,45.38222300708165,45.48525619506836,17300900
2012-04-11,45.96607075169219,46.36446295031516,45.40282859658186,45.48525619506836,11825700
2012-04-12,45.69131982255609,47.09942790737279,45.55394572473852,46.93457794189453,15714300
2012-04-13,46.7078908791713,46.797183489865986,45.739386508744296,45.79433822631836,15743500
2012-04-16,46.25456479137306,46.364468268628386,45.01131183771803,45.50586700439453,16189600
2012-04-17,45.863034847281945,46.62547305654527,45.62949785946415,46.17900466918945,14001700
2012-04-18,46.330109447402684,46.3644555847705,45.705050623089726,46.01414489746094,21913700
2012-04-19,43.59632531005875,44.54421892956246,42.76519754885242,42.97126388549805,41688100
2012-04-20,43.163606493254136,43.486441434255376,42.737740964019096,42.75834655761719,23033000
2012-04-23,42.462977378414976,42.61409201613832,42.14701279066864,42.28438949584961,14149300
2012-04-24,42.24317048329612,42.90257544246988,42.07831793338148,42.490447998046875,15974500
2012-04-25,43.29410129868756,43.62380380872044,43.03995610516605,43.452083587646484,16700900
2012-04-26,43.493303501464425,43.95351512119903,43.34218884718695,43.898563385009766,11419800
2012-04-27,44.21453924011693,44.2969616199698,43.9054395942076,44.08403015136719,7323100
2012-04-30,43.94663177114828,44.049662315489925,43.548242283257935,43.84360122680664,8570800
2012-05-01,43.836739206034174,44.393111062871995,43.541380206870244,43.71310043334961,10756200
2012-05-02,43.41773861840413,44.16644148235079,43.108641706738666,44.12522506713867,10374400
2012-05-03,44.290096980538884,44.45494698221513,43.58947530256248,43.65129470825195,8055800
2012-05-04,43.30098331976964,43.32158891340991,42.16076084737581,42.52480697631836,14060800
2012-05-07,42.092047326266275,42.79953621001648,42.07144174429748,42.53165054321289,8798200
2012-05-08,42.401150781308814,43.14298329098359,41.80356522867677,43.046817779541016,14090600
2012-05-09,42.55226417260315,43.20480142733968,42.456101284161555,42.593475341796875,12259900
2012-05-10,42.99189340904523,43.136137828818924,42.737748104647224,42.91633605957031,8300000
2012-05-11,42.62095441072427,43.31470550713528,42.29125193113739,42.490447998046875,9305500
2012-05-14,42.016494564799174,42.67590208159786,41.87912050986483,42.21569061279297,7552900
2012-05-15,42.27751119245547,42.930048452989354,42.08518541386359,42.20195388793945,10579300
2012-05-16,42.35307782085203,42.53853598542597,40.57405611650512,40.601531982421875,21045600
2012-05-17,40.70455653341138,40.773246188051445,38.84311012666507,39.262107849121094,24028100
2012-05-18,39.4681827145705,40.04516287521873,38.27301120909834,38.45159912109375,20135200
2012-05-21,38.362282046834764,39.550587839741986,38.362282046834764,39.30331039428711,20321700
2012-05-22,39.43382585741526,40.04514933830505,39.392612066928365,39.7910041809082,16014200
2012-05-23,39.49564226275194,40.12757128123979,39.214021266209826,39.935245513916016,15300000
2012-05-24,40.120710107031144,40.30616824986629,38.911800971068814,39.25524139404297,13447300
2012-05-25,39.28958431075979,39.65363031506118,39.1522076196249,39.37200927734375,8024300
2012-05-29,39.77040537987893,40.35425310003771,39.571209288909856,40.10697555541992,10972600
2012-05-30,39.65858690120206,40.01729852853371,39.2308876128662,39.6309928894043,11060800
2012-05-31,39.52061537956363,39.81034457889604,38.83767813162226,39.5344123840332,13411000
2012-06-01,38.61002324996932,38.91354936818754,37.83740700658132,38.02366256713867,17494600
2012-06-04,38.023680904449186,38.575548036220795,37.885713463628775,38.527259826660156,12294600
2012-06-05,38.31341203965535,39.52751970567002,38.25132682408295,39.444740295410156,11730700
2012-06-06,39.596493007446554,40.39670075353841,39.49301680165077,40.28632736206055,12956000
2012-06-07,40.79680973173577,41.04515055952401,39.89312826912923,40.010398864746094,9156700
2012-06-08,39.96210678820551,40.64504136689769,39.693071794689835,40.53466796875,8861500
2012-06-11,40.67954064332281,40.90028746920014,39.782753702747684,39.865535736083984,12484000
2012-06-12,39.975916496743665,41.01066842005104,39.73447280239914,40.97617721557617,14961900
2012-06-13,40.94167603048201,41.176219862924356,40.47258836559731,40.658843994140625,7527900
2012-06-14,40.624356466955426,40.624356466955426,38.637632214468994,39.17570495605469,27236900
2012-06-15,38.89977237558924,39.43094532930991,38.368599421868566,38.97565460205078,30969900
2012-06-18,38.71351746295184,39.527522510887735,38.492770598919414,39.16191101074219,12788200
2012-06-19,39.16190720947163,39.5413156807305,39.092922176463695,39.33436584472656,10031500
2012-06-20,39.44472703001086,39.78964419352511,39.08601286417494,39.320556640625,13417100
2012-06-21,39.43784301917821,39.56201345832968,37.96849720840278,38.030582427978516,15252300
2012-06-22,38.127151054326845,38.589338881030805,38.03747183738815,38.382389068603516,13144700
2012-06-25,38.03057248770811,38.196131275630236,36.871650446215334,36.947532653808594,18901100
2012-06-26,37.09239966917863,37.589081328342736,36.84405883959658,37.19587326049805,14081800
2012-06-27,37.182086710377455,38.24443001493751,37.14069568623477,37.87881851196289,11946400
2012-06-28,37.65117090482214,38.07886758789404,37.09240397342258,37.45801544189453,13326100
2012-06-29,38.43068259797892,38.59624404977781,37.57528921962971,38.40998840332031,13548300
2012-07-02,38.38929324088215,38.53415786286043,37.85122050973289,38.4030876159668,9894500
2012-07-03,38.575537684928975,39.00323689985521,38.45826710218134,38.810081481933594,7578700
2012-07-05,38.816981512883984,39.099813508046786,38.472064317245966,38.803184509277344,10344500
2012-07-06,38.54105649708379,38.78939736208827,37.8236305478053,38.15475082397461,8514400
2012-07-09,38.20993600549727,38.6307355097703,37.89261273822942,38.16164779663086,7805700
2012-07-10,38.27890828197908,38.534146248272805,37.802920908218,38.05815887451172,10072300
2012-07-11,37.92020416818771,38.0443745915282,36.98892599313407,37.50630187988281,14663200
2012-07-12,37.14069010895724,37.52009856300507,36.63711123263777,37.0648078918457,11685300
2012-07-13,37.00271161919924,38.0719542633369,36.988914617347966,37.92708969116211,10125400
2012-07-16,38.12025439597272,38.168545233334726,37.22347004677726,37.49940490722656,11611400
2012-07-17,37.66496248642655,38.168543985003,36.62331355374258,37.56838607788086,15934200
2012-07-18,37.63736655072473,39.07222076252737,37.630466732943916,38.665218353271484,21808000
2012-07-19,40.59677025713793,40.624364276166716,39.65859729375374,40.31393814086914,26039100
2012-07-20,40.141472060168205,40.41740693650489,39.75516639110885,39.78965759277344,12627500
2012-07-23,38.99634328700325,39.77585700570936,38.6790200498343,39.54131317138672,11996000
2012-07-24,39.61719864960501,39.658589670191596,38.83768486670586,39.17570495605469,8767200
2012-07-25,39.10671898367753,39.81035052771135,38.906668967749326,39.51372146606445,10990200
2012-07-26,40.038002812775076,40.541581780113845,39.83105294875384,40.1552734375,10885800
2012-07-27,40.57606963945308,41.06585155793285,40.22425516278017,40.934783935546875,12054200
2012-07-30,40.85889250818984,41.29348893096727,40.67263689842808,40.803707122802734,7936700
2012-07-31,40.831299122954896,41.52113355563438,40.803707745594956,41.16931915283203,12198300
2012-08-01,41.45214625700188,41.50733163669729,40.741617717552224,41.05894088745117,8362600
2012-08-02,40.520878123578434,41.18311858645067,40.12077286589958,40.617454528808594,9858200
2012-08-03,41.33488786717294,41.63151695496391,40.91409097267682,41.55563735961914,9843000
2012-08-06,41.672908248304736,41.73499346781478,41.39697335459115,41.47975540161133,7178400
2012-08-07,41.617717607112404,42.35584032860002,41.5556323954214,42.314449310302734,10143300
2012-08-08,42.24546285076166,42.459309845968455,42.06610442022287,42.39032745361328,6544000
2012-08-09,42.44552934300079,42.769752502441406,42.26617347424232,42.769752502441406,7022400
2012-08-10,42.569683863798105,42.80422768528637,42.328242855579134,42.75593948364258,5528500
2012-08-13,42.51449422548437,42.900799800017886,42.38342400711676,42.838714599609375,10550300
2012-08-14,43.05257722016415,43.52166495802496,42.8801185704068,43.038780212402344,10231100
2012-08-15,42.91460266341596,43.31470792768333,42.70765284429927,43.12845230102539,7968200
2012-08-16,43.252620193605686,43.459570000640156,43.121549964993186,43.162940979003906,9448300
2012-08-17,43.39059097391952,43.69411720567583,43.14914732072971,43.65962600708008,13204000
2012-08-20,43.52855167128141,43.65962189772228,43.01117584651257,43.32160186767578,7624000
2012-08-21,43.32160348994495,43.65962353264933,42.48690442628977,42.82492446899414,12461300
2012-08-22,42.873218106491784,43.0939649507939,42.52830083333098,42.88701248168945,7209900
2012-08-23,42.797332763671875,42.997385399075476,42.59728012826827,42.797332763671875,5463600
2012-08-24,42.75593826411027,43.197431884551975,42.597276658733385,43.06636428833008,6402100
2012-08-27,43.14224805037247,43.19053625237675,42.79043099975884,43.02497482299805,5579600
2012-08-28,42.92149762696552,43.14914161279166,42.680054005714815,42.77663040161133,7113600
2012-08-29,42.75593237062806,43.08705254031769,42.617964975380076,42.845611572265625,7550600
2012-08-30,42.52140269939318,42.74904937182598,42.12819720292749,42.21787643432617,7724400
2012-08-31,42.48689217278782,42.56277436241875,41.92812547492186,42.397212982177734,9017800
2012-09-04,42.21787231671982,42.35583974429766,41.67979961231724,41.94883728027344,9460200
2012-09-05,42.045813495905485,42.17049651345905,41.75488557415613,42.031959533691406,7637100
2012-09-06,42.46141882159286,43.41039270668101,42.392151657742566,43.37575912475586,11152700
2012-09-07,43.29263671035983,43.61126988237859,42.86317449405745,42.89780807495117,11786200
2012-09-10,42.93936870713295,43.41039014984338,42.35058727959257,42.454490661621094,12110300
2012-09-11,42.468349378494985,43.05712822960569,42.4614210763183,42.8423957824707,9352200
2012-09-12,43.154115883698516,43.38270235935766,42.92553205041322,43.25109100341797,8675400
2012-09-13,43.34804871086657,44.5048265928796,43.29263287245098,44.227752685546875,13965900
2012-09-14,44.4494193739012,45.21829710559295,44.38015220482234,44.94122314453125,15970700
2012-09-17,45.052049940707995,45.05897824228588,44.629513385133315,44.892730712890625,10085900
2012-09-18,44.754207580647495,45.266791045924094,44.67801209847499,45.079769134521484,8571000
2012-09-19,45.05206120602721,45.336058224786285,44.684940401785305,45.079769134521484,10002100
2012-09-20,44.781914942483326,44.85811042369168,43.770596704227216,44.5741081237793,13921400
2012-09-21,44.87887825900717,44.9966329591236,44.490977936390465,44.518680572509766,18609400
2012-09-24,43.98530700435236,44.26238086132863,43.66667391849014,44.10306167602539,11306100
2012-09-25,44.3385927891881,44.58103052240149,43.417324118230965,43.45195770263672,13227400
2012-09-26,43.39653221045293,43.8744818816397,42.9947753464393,43.167945861816406,10807500
2012-09-27,43.30650225180141,44.12386766285485,43.21645280349931,43.9784049987793,8481900
2012-09-28,43.6805562250994,43.7913853113457,43.133336455719764,43.271873474121094,9603100
2012-10-01,43.451959993673476,43.49352188257563,42.62074071224314,42.88396072387695,10629900
2012-10-02,43.03635055000629,43.1610335710827,42.61381393884437,42.800838470458984,8103700
2012-10-03,43.0502011549378,43.20258944696662,42.69000608240729,42.99478530883789,7533700
2012-10-04,43.05019670555172,43.486584557807966,42.717706948062144,43.39653778076172,7068600
2012-10-05,43.66668805188009,44.158491796939224,43.23722317032679,43.38961410522461,10025500
2012-10-08,42.98093109575015,43.16795561168326,42.51683527805806,42.53068923950195,9243200
2012-10-09,42.44757592277594,42.70387030903632,41.761821837873114,41.83108901977539,12914100
2012-10-10,41.699466700570625,41.747954240543706,41.318492039765225,41.408538818359375,11534500
2012-10-11,41.87263316764588,41.91419240222393,40.97907263100285,41.01370620727539,8893100
2012-10-12,41.00677414571952,41.02755375976379,40.2448223748407,40.79204177856445,14967800
2012-10-15,41.02756805890168,41.193812956312584,40.341814132717566,41.069129943847656,13527900
2012-10-16,41.2076661324994,41.8726404247219,41.0067876559823,41.810298919677734,10443200
2012-10-17,41.47781196939992,42.433711528093106,41.47781196939992,42.23976135253906,11048200
2012-10-18,42.27439579033057,42.281324092382235,41.29078828883571,41.533226013183594,15806600
2012-10-19,41.55400301058073,41.55400301058073,40.521905452647104,40.69507598876953,14977800
2012-10-22,40.52191198372708,40.715862169884666,40.1963504777856,40.6465950012207,10730700
2012-10-23,40.237909818466086,40.65351808889964,39.946981915264246,40.39030075073242,9623200
2012-10-24,40.74356029710146,40.82668140798553,39.80844053313132,39.91926956176758,11584500
2012-10-25,40.16864951637294,40.32103783229951,39.68377135645129,39.78074645996094,8927700
2012-10-26,40.03703832057225,41.01372030444749,39.96777114421876,40.895965576171875,13502400
2012-10-31,40.97215927673992,41.20074306268098,40.39723169694806,40.59811019897461,10695100
2012-11-01,40.6673653106426,41.4708764380593,40.5357566633698,41.3739013671875,9562000
2012-11-02,41.56092396471978,41.63019111437869,41.02063279873758,41.076045989990234,7999300
2012-11-05,41.65791285134406,41.94191248695925,41.42240076505049,41.85879135131836,10384000
2012-11-06,41.94190942545899,42.05966678119684,41.56786037881837,41.81722640991211,9513000
2012-11-07,41.14532101993891,41.36005079664069,40.25176040677524,40.25868606567383,22730600
2012-11-08,43.47273414702987,43.50044206947832,41.8241523969408,42.025028228759766,32220300
2012-11-09,42.336741430611596,43.11254750901913,42.28132822065293,42.683082580566406,17209200
2012-11-12,42.83547353210597,43.029423730521216,42.35752369642271,42.683082580566406,8222800
2012-11-13,42.489119323240516,43.47272661846409,42.392144253837905,43.036338806152344,13091200
2012-11-14,43.174892153968855,43.341134438278715,42.61381849908277,42.759281158447266,15412500
2012-11-15,42.696940690444535,43.147185286063575,42.14279532517201,42.447574615478516,14634500
2012-11-16,42.51683340037458,42.967075236738616,42.080442882469754,42.89780807495117,15580300
2012-11-19,43.29263222159084,43.3272657988936,42.98092474112087,43.00863265991211,12168800
2012-11-20,42.91165764550628,43.17487758963973,42.51682905049241,43.04326629638672,9751700
2012-11-21,43.06404591432243,43.32726585845587,42.86317010874125,43.04326629638672,7841800
2012-11-23,43.188729129270186,43.74980259777913,43.08482839668359,43.72902297973633,4803200
2012-11-26,43.46580174965734,43.66668019270962,42.97399809311349,43.28570556640625,11120000
2012-11-27,43.36883655469127,43.44503202577811,42.89781240831181,43.12639617919922,9150100
2012-11-28,42.84931824776047,43.41731739971505,42.717706948062144,43.39653778076172,9932500
2012-11-29,43.67361978250356,44.1100103843176,43.55586505634845,43.88142395019531,11977500
2012-11-30,44.068443298339844,44.20005461484776,43.74981010261981,44.068443298339844,13017300
2012-12-03,44.269316484987826,44.297024405397735,43.80522070879916,43.895267486572266,8558400
2012-12-04,43.94376393790484,44.040741679006615,43.63898467870477,43.96454620361328,10194200
2012-12-05,43.874124767995376,44.49304922782157,43.790674964590636,44.24965286254883,11632000
2012-12-06,44.22880152079144,44.646053314208984,44.089719358200405,44.646053314208984,8947000
2012-12-07,44.729492427069275,44.78512739773611,44.14533849917458,44.40959930419922,9271900
2012-12-10,44.36787696186267,44.67386136886361,44.27747145302221,44.458282470703125,7277600
2012-12-11,44.62519395022922,44.9729046812841,44.569558959905706,44.750370025634766,9745700
2012-12-12,44.861639621328564,45.00767749044111,44.04104209085471,44.15230941772461,11690000
2012-12-13,43.86022344537732,44.513921198964944,43.463833496118475,43.6446418762207,12997200
2012-12-14,42.82405073345669,43.0952646527765,41.33584672131512,41.60706329345703,37041800
2012-12-17,41.87132136619368,43.1578525327966,41.65574243252846,43.143943786621094,20747200
2012-12-18,43.394304687427436,44.12449676595928,43.22044930430925,44.06190872192383,12934000
2012-12-19,44.027129380170464,44.18707598234651,43.48469888928855,43.49860763549805,14141800
2012-12-20,43.762863086665035,43.92280966902754,43.484693502577876,43.71418380737305,10469400
2012-12-21,42.775377367002896,43.47079890064368,42.67106572865035,42.84492111206055,20090400
2012-12-24,42.768426836141934,43.08136707526362,42.6988857398139,43.04659652709961,5774900
2012-12-26,43.03266644567632,43.29692460298644,42.62932085901119,42.83099365234375,7072600
2012-12-27,42.817093974457,42.94227003455678,42.22598686506965,42.775367736816406,8218400
2012-12-28,42.525011638987344,42.8379490876219,42.10775728610525,42.170345306396484,7946400
2012-12-31,42.086907258719634,43.28998607136012,41.87828135038599,43.01877212524414,15214600
2013-01-02,44.21490343918387,45.02854537963867,44.18708594049584,45.02854537963867,17582200
2013-01-03,45.077212139462716,45.33451995153285,44.56955221447134,44.81990432739258,14118200
2013-01-04,44.57650773273964,44.750363071249275,43.964538851217554,44.15925598144531,13918300
2013-01-07,44.05493921600626,44.67386376150979,43.922810121256425,44.513919830322266,10310100
2013-01-08,44.89640403365861,44.952039019195965,44.228800124143135,44.44438171386719,12856700
2013-01-09,44.75037352063891,45.174581070108054,44.69473852597031,45.11894607543945,12374300
2013-01-10,45.529246679470816,45.57097027187113,44.77819018239502,45.04940414428711,13114000
2013-01-11,45.04939816759862,45.2023917269622,44.736460654823524,45.132850646972656,6759000
2013-01-14,44.70864709724508,44.97290534672479,44.34007191295409,44.67387390136719,12726100
2013-01-15,44.33311528862411,44.83381955725754,44.17316868121557,44.812957763671875,6391800
2013-01-16,44.882514367291265,45.23022519569702,44.6947475487903,45.05636978149414,10131800
2013-01-17,45.1467463136183,45.42491587497472,45.06329915916153,45.299739837646484,7733500
2013-01-18,45.01462777462146,45.251068494552946,44.82686103289326,44.979854583740234,12459700
2013-01-22,45.01462777462146,45.11893673597711,44.548691422775505,44.979854583740234,8341000
2013-01-23,45.13285596906716,45.41102562747157,44.96595629628248,45.12590026855469,9241500
2013-01-24,44.472204606319636,45.16762344021737,44.402660865954154,44.7851448059082,12751400
2013-01-25,44.63214633778229,44.868587070641254,44.06885404026552,44.27052688598633,15995900
2013-01-28,44.138383704800844,44.53477357021594,44.131428007332474,44.2774658203125,12237400
2013-01-29,44.24270919647105,44.47915258110246,43.345617597060276,44.124488830566406,12087400
2013-01-30,44.26357103479519,44.59041992592326,43.9854014270919,44.180118560791016,19181200
2013-01-31,46.65582874358596,46.89923052799792,45.87000431052639,45.91172790527344,27660800
2013-02-01,46.175977673314165,46.454147268251255,45.64050027457261,46.40546798706055,14841200
2013-02-04,46.07166072184487,46.66276776054363,45.452736194712315,45.64745330810547,14311500
2013-02-05,46.02298809635925,46.6975476978705,45.814359555769144,46.5584602355957,12356800
2013-02-06,46.25943736950743,46.732324217312225,46.224669476749014,46.71841812133789,11195700
2013-02-07,46.67668013544875,46.82271797355307,45.911712451602,46.27333450317383,11521200
2013-02-08,46.523692349260145,46.906170932816416,46.12034666712951,46.5584602355957,7396300
2013-02-11,46.593242034988236,46.80882100928397,46.41938665426066,46.71841812133789,6653800
2013-02-12,46.148172357125816,46.18989595039775,45.570971223853576,45.82132339477539,16455700
2013-02-13,46.036901208354635,46.06471870505053,45.341479707892205,45.51533508300781,8951700
2013-02-14,45.285840999077664,45.689181356709135,45.22325031756889,45.570960998535156,13771100
2013-02-15,45.69615152024435,46.071679811232244,45.27889963213967,45.501434326171875,11356700
2013-02-19,45.72395850396944,45.81436137881223,45.41797138043325,45.6683235168457,7488500
2013-02-20,45.904759912426236,45.939527792838824,44.847716601790076,45.39014434814453,12388400
2013-02-21,45.34147149965798,45.50142075029228,44.729502600068884,45.077213287353516,11749500
2013-02-22,45.348421201858784,45.737855422310545,44.97289307257601,45.16065979003906,7070300
2013-02-25,45.473604793959886,46.90617117613428,45.06330871582031,45.06330871582031,13078300
2013-02-26,45.1815211487392,45.57791106381694,45.1815211487392,45.39014434814453,10027200
2013-02-27,45.36928372941093,46.00211965358209,45.202384104451575,45.64745330810547,8976900
2013-02-28,45.77262935323584,46.05079893193038,45.62659151819098,45.64745330810547,9596300
2013-03-01,45.43882475786878,46.34983025993643,45.31365401849148,46.1064338684082,11186800
2013-03-04,45.932593238450075,46.34984508677927,45.800461452648534,46.335933685302734,7969900
2013-03-05,46.95484515620147,47.63636038376628,46.94789476307016,47.26778793334961,16205100
2013-03-06,47.10026735442445,47.1281822088336,46.220800334103046,46.53489303588867,16966700
2013-03-07,46.744294311170435,46.83503090610325,46.346441048418754,46.618656158447266,9305400
2013-03-08,46.99556745638332,47.40737811942075,46.416235717493315,46.52093505859375,8590100
2013-03-11,46.576787487102784,46.716383094591656,46.283628191006436,46.555843353271484,6559800
2013-03-12,46.56282574945888,46.828059539580345,46.325512146491974,46.79316329956055,9115600
2013-03-13,46.77222639452867,47.11423938194018,46.52793140352045,46.59074783325195,9621500
2013-03-14,46.765242314362,46.807119931763594,46.31852997797464,46.46510696411133,9262200
2013-03-15,46.36039354339807,46.47207425625969,45.187772684498476,45.34831237792969,26182100
2013-03-18,44.95744358488269,45.22965868442278,44.2524736814746,45.062137603759766,14183900
2013-03-19,45.152893129610845,45.36926793414578,44.6084601038224,45.173831939697266,10231800
2013-03-20,45.65544808711838,46.13705671816071,45.18779156316847,45.885780334472656,12407900
2013-03-21,45.85785086367172,46.151010135464674,45.41113856646325,45.613555908203125,9215100
2013-03-22,45.85087535483874,46.102151690649784,45.78805360827063,46.011409759521484,8231600
2013-03-25,46.199863458325524,46.199863458325524,45.564691326805416,45.83690643310547,9045800
2013-03-26,46.060271354258454,46.548866623828424,45.9765161210752,46.50000762939453,9802400
2013-03-27,46.18590965826051,46.58376299268515,45.89973706870013,46.54188537597656,6659800
2013-03-28,46.51396704135085,46.76524340206703,46.437187857508064,46.723365783691406,7899200
2013-04-01,46.555839206013566,46.65355718759714,45.79503416007995,46.0672492980957,8706400
2013-04-02,46.41624597513451,46.56282295497565,45.99745384341255,46.24174880981445,9208000
2013-04-03,46.41624354386931,46.5209429026234,46.02537161809999,46.04631042480469,10656000
2013-04-04,46.053281991664214,46.27663809098514,45.6065644677929,45.93461990356445,7932700
2013-04-05,45.13892729496215,45.54376201313436,45.05517206032727,45.4809455871582,10245000
2013-04-08,45.46698311575818,45.96953582763672,45.432081550954514,45.96953582763672,5605800
2013-04-09,46.06724971311695,46.206845309428076,45.59261723033622,46.039329528808594,12057800
2013-04-10,46.26269269495109,47.21893918293625,46.19987626465258,46.9676628112793,11095100
2013-04-11,46.93276322036122,47.18403960259798,46.50001359280033,46.78618621826172,11181700
2013-04-12,46.77919897096659,46.814100535044425,46.130069285828384,46.54188537597656,10766100
2013-04-15,46.22779246368196,46.53490386068969,45.66939939147172,45.71127700805664,9738200
2013-04-16,45.91368110132022,46.19287755677875,45.634484645861704,45.93461990356445,10073000
2013-04-17,45.42508764533849,45.494885422282984,44.678240249051505,44.8317985534668,14208300
2013-04-18,45.36228959191831,45.78108179737187,44.14779059853344,44.420005798339844,15041400
2013-04-19,44.40602860752788,44.755025527868796,43.99421527690657,44.622406005859375,12205100
2013-04-22,44.73409254786881,45.083086892571416,44.37812215043854,45.07611083984375,11160200
2013-04-23,45.33435939114017,45.711273890390565,45.09704581303657,45.613555908203125,9919900
2013-04-24,46.0672492980957,46.458121224429995,45.93462975513345,46.0672492980957,17846000
2013-04-25,43.84067428866921,44.00819009738516,43.12872544508702,43.58241653442383,56907000
2013-04-26,43.63126523352318,43.749924677415365,42.90535912943069,42.94025802612305,28621800
2013-04-29,43.13569533735052,43.35207276384767,42.94025937962097,43.00307846069336,22797600
2013-04-30,42.9961051940918,43.35905965735166,42.75181020084754,42.9961051940918,21041900
2013-05-01,42.87743898871806,43.324151257090875,42.87743898871806,43.219451904296875,14881300
2013-05-02,43.3730157579061,43.980265158495655,43.22643877545612,43.896507263183594,15142600
2013-05-03,44.33624500282074,44.566579902037184,44.18966800671793,44.5107421875,10548800
2013-05-06,44.545630995730114,44.89462528598975,44.48979329384844,44.573551177978516,10558100
2013-05-07,44.538640109893,44.824815243194955,44.343201550179046,44.65031814575195,9762800
2013-05-08,44.601480842689654,45.02027301499214,44.601480842689654,44.75503921508789,11134400
2013-05-09,44.81784084509971,45.02025814867168,44.622404917576326,44.748043060302734,9502100
2013-05-10,44.67825385040529,45.117984771728516,44.67825385040529,45.117984771728516,9430400
2013-05-13,44.908581161311474,45.41811515056935,44.796905761410486,45.24361801147461,9940700
2013-05-14,45.37624226398812,45.59261703491211,45.18778235202218,45.59261703491211,8986200
2013-05-15,45.59959689046671,45.7880514709127,45.39717955577704,45.74617385864258,10591200
2013-05-16,45.66940201221669,46.206850981745056,45.62054301498684,45.81597900390625,11532100
2013-05-17,46.22080777990734,46.534900532290806,45.767114106840744,46.49302291870117,11528400
2013-05-20,46.276647733396715,46.486041124698666,46.07423039414343,46.137046813964844,10222500
2013-05-21,45.843882697597536,46.21381573284512,45.78804234221655,45.899723052978516,11231000
2013-05-22,45.808987767152864,46.1719448043755,45.285496341536884,45.5297966003418,13391500
2013-05-23,45.08309321308443,45.32041216987377,44.41302727895749,44.608463287353516,19154200
2013-05-24,44.461885641158936,44.91557674877957,44.329266069413805,44.852760314941406,10522400
2013-05-28,45.11798422302523,45.285500001697216,44.68522935912281,44.720130920410156,10913300
2013-05-29,44.51770557776605,44.88066257907773,44.32226965024267,44.748043060302734,13122300
2013-05-30,44.76201158330754,45.20174785447182,44.69221378120826,44.796913146972656,10866800
2013-05-31,44.60147570875685,45.07610820279462,44.308319091796875,44.308319091796875,12413500
2013-06-03,44.47676927621306,44.68732627597132,43.999505315492996,44.378509521484375,13371100
2013-06-04,44.5188735929438,44.94700759788158,44.35744650011721,44.71539306640625,14394800
2013-06-05,44.67328251816052,44.67328251816052,43.99247910046047,44.32235336303711,10345000
2013-06-06,44.45570120445811,44.79259283970486,43.88719506395481,44.196014404296875,10775900
2013-06-07,44.146888413047805,44.29427801438577,43.1081357665538,43.58539962768555,29483700
2013-06-10,43.59242391119719,43.655591271769225,43.28360451401067,43.53627395629883,11084000
2013-06-11,43.14323250607775,43.55030894622502,42.91863805412538,43.27658462524414,11794100
2013-06-12,43.494174176103066,43.494174176103066,42.82038794916152,42.89057540893555,14631700
2013-06-13,42.9677783079594,43.59944935272648,42.637903955575155,43.487152099609375,11578600
2013-06-14,43.367828500040055,43.46608824159086,43.051991704071646,43.0800666809082,9871600
2013-06-17,43.24150727006802,43.760881116667996,43.15728499066386,43.564361572265625,13528500
2013-06-18,43.718761651179456,44.02757839231296,43.522239472842315,43.78192901611328,11624400
2013-06-19,43.95739968868576,44.07671435148685,43.39591341031466,43.45206069946289,11231900
2013-06-20,43.09410798967986,43.41696221979032,42.581748987811345,42.7572135925293,14425500
2013-06-21,42.76424131262187,42.848463588260714,42.265922388806764,42.581756591796875,25052800
2013-06-24,42.11150115278646,42.2588907642507,41.73249699984087,42.027278900146484,17769700
2013-06-25,42.406288537665084,43.78193320823345,42.37119614875895,43.381874084472656,21204900
2013-06-26,43.908258928538274,44.16092568317459,42.932673582180435,43.00286102294922,22000700
2013-06-27,43.25553606883992,43.35379582129166,42.574732530599356,42.86951446533203,14249000
2013-06-28,42.56069287863994,43.255533871559805,42.497525515647226,42.876529693603516,13533100
2013-07-01,43.1572688616648,43.2414911095929,42.74317234973421,42.785282135009766,7457400
2013-07-02,42.63088154031957,42.981810749755475,42.55367668586329,42.7572135925293,7922200
2013-07-03,42.63087229996073,43.05198618905526,42.574722353480496,42.750186920166016,4380100
2013-07-05,42.63787949274479,42.785269050890165,42.300987926679845,42.77825164794922,11158000
2013-07-08,42.6378880122172,42.7712401137496,41.99217971758453,42.10447692871094,17681600
2013-07-09,42.21678641352096,42.35013855382281,41.42368562333816,41.683372497558594,24848100
2013-07-10,41.57107062470099,42.56771089492632,41.550015730518254,42.420318603515625,19127100
2013-07-11,42.91864480666105,43.07305184331102,42.680012829244745,43.023921966552734,13293700
2013-07-12,43.059008429564315,43.52925491333008,43.01689864235166,43.52925491333008,11053300
2013-07-15,43.087100201193955,43.276602349649636,42.70809590428259,43.00989532470703,14772100
2013-07-16,43.15727584230027,43.43100020037393,42.95373625595617,43.409942626953125,13334400
2013-07-17,43.55031128937948,43.97844532312907,43.2064021876764,43.97142791748047,12761700
2013-07-18,43.47308733009802,43.52923726011285,42.68700705152263,42.89756393432617,23681900
2013-07-19,42.967770698803946,43.21342005981508,42.87652836012386,43.13621520996094,14614700
2013-07-22,43.29062123415965,43.66260528564453,43.157269117700935,43.66260528564453,12712900
2013-07-23,43.704733216240776,44.041625006559386,43.66262073843422,43.72578811645508,9017900
2013-07-24,44.13985375933599,44.188983610230025,42.94669450038936,43.087066650390625,20129500
2013-07-25,44.56098862767956,45.23476933595124,44.13987200361615,44.51185607910156,24796700
2013-07-26,44.160922737142904,45.480419761799695,44.09775806073045,45.34706497192383,18064400
2013-07-29,45.24880540577538,45.550604688618805,45.03824577411574,45.08737564086914,9304700
2013-07-30,45.42427943195279,45.75415375797101,45.19266485988617,45.27688980102539,11528900
2013-07-31,45.34004473141671,45.58569406341995,45.199675214487385,45.31196975708008,12417500
2013-08-01,45.46638977667534,45.95769390714809,45.13651544665558,45.810298919677734,11595600
2013-08-02,45.54359155057141,46.85606869789537,45.54359155057141,46.84904861450195,19320500
2013-08-05,45.90856086403869,46.59637910261627,45.8524109064698,46.49811935424805,13249800
2013-08-06,46.448984606674436,46.53320953419097,45.99277562011294,46.03488540649414,7952400
2013-08-07,45.8102868150468,46.21034581378065,45.62078743870072,45.7681770324707,9489900
2013-08-08,46.03488074769892,46.771834063314024,45.873456346404595,46.568294525146484,12876400
2013-08-09,46.561294955281156,46.70868996714031,46.350740597171956,46.51216506958008,7891400
2013-08-12,46.24543739968745,46.75779625319106,46.18227273056201,46.6454963684082,7244700
2013-08-13,46.835006288775126,47.34033976218206,46.69463141720057,47.19997024536133,12605200
2013-08-14,47.080669650191425,47.178929412197206,46.76483011109678,46.99644470214844,9322600
2013-08-15,46.56831161914276,46.98942565917969,46.46303177044464,46.98942565917969,11462800
2013-08-16,46.806937012607946,47.319290630654585,46.806937012607946,46.95432662963867,13888900
2013-08-19,46.940298320527894,47.30526776848967,46.52620434256814,46.55427932739258,9063600
2013-08-20,46.694641522942426,47.12277560308322,46.54023180816968,46.82097625732422,9064900
2013-08-21,46.54023258693899,47.024516635965334,46.456012999111856,46.72271728515625,8471500
2013-08-22,46.806916376244715,47.14380525099944,46.77182133086304,47.11573028564453,6694200
2013-08-23,47.03152770826065,47.26313688516222,46.74376322564232,47.12978744506836,8374900
2013-08-26,47.04557562578609,47.19296527206124,46.884151165237114,46.98942565917969,10388700
2013-08-27,46.54021707861931,46.77885165903926,46.25947807307107,46.33667755126953,9058400
2013-08-28,46.37177394334403,46.9122024348581,46.315623998711715,46.71568298339844,8511300
2013-08-29,46.72271650333338,47.12277560308322,46.603401852738074,46.82097625732422,6551500
2013-08-30,47.011471345656986,47.03264267209449,46.38352323626451,46.7645263671875,8441300
2013-09-03,47.216089577769885,47.79464875445754,46.93386440750819,47.09614562988281,11906500
2013-09-04,47.14552812706487,47.632366344030345,47.13141929284697,47.47008514404297,7900100
2013-09-05,47.50536280294638,47.94986372786209,47.441859594817636,47.8581428527832,8074600
2013-09-06,47.963985087636445,48.2955938621528,47.533592932097264,47.99220275878906,10267200
2013-09-09,47.978105510228126,48.94472516206364,47.978105510228126,48.89533615112305,13633400
2013-09-10,48.958823014124015,49.650274395121095,48.958823014124015,49.45271301269531,14610700
2013-09-11,48.18269543699543,48.40141732529078,47.618245255786704,48.04158020019531,21086500
2013-09-12,48.493142724324464,49.191645639495775,48.33086155059993,48.549583435058594,17294200
2013-09-13,48.831822475577304,48.852988421025756,48.2320973615496,48.38732147216797,11713800
2013-09-16,48.69775124807722,48.718922570844136,47.95691644111112,48.04158020019531,12018800
2013-09-17,48.232084734682154,49.008199701594485,48.08391777233492,48.979976654052734,14140700
2013-09-18,49.015264196998906,49.297489331958516,48.62015223785348,49.13520812988281,11062900
2013-09-19,49.18459161583964,49.41742772982719,48.9799785504866,49.008201599121094,12310200
2013-09-20,49.05054353202379,49.31160274814216,48.68365459058454,48.72598648071289,18278300
2013-09-23,49.389217115547055,49.55149834030274,48.59898770381921,48.66954803466797,13520800
2013-09-24,48.486095761768304,48.62015391667733,48.07686957109638,48.337928771972656,8067600
2013-09-25,48.2885374492102,48.73303839718457,48.16153640936086,48.507259368896484,7053700
2013-09-26,48.740101204082166,48.93060009462943,48.47198487583389,48.59193420410156,4987100
2013-09-27,48.112141455298904,48.175639275859524,47.32896937040873,47.54063415527344,10850300
2013-09-30,47.23021054380322,47.68882045511919,46.95504244381437,47.498321533203125,8551800
2013-10-01,47.55474635327578,47.89341214789022,47.39246518040104,47.61824417114258,6876700
2013-10-02,47.2936965272649,47.79464359346203,47.237250422708286,47.75231170654297,6106600
2013-10-03,47.780535566895836,47.780535566895836,47.06086117911975,47.35014343261719,6164200
2013-10-04,47.448923769647905,48.112152084674946,47.36425460719855,47.99220275878906,7852400
2013-10-07,46.84212037290971,47.73112733597701,46.778622567045126,47.40657043457031,12189800
2013-10-08,47.399531473818136,47.434811634800795,46.75041742251292,46.81391525268555,8077900
2013-10-09,46.95503916174262,46.97620510903181,46.19303276134491,46.36236572265625,11099600
2013-10-10,46.72219360691654,47.25136371502931,46.56696951392399,47.159637451171875,7416700
2013-10-11,47.244307830494975,47.69586590381178,46.98324863251623,47.66059112548828,7119400
2013-10-14,47.35013118663775,47.93574726811827,47.2160730664687,47.80168914794922,5548100
2013-10-15,47.978089972018466,48.47197992147291,47.83698009588769,48.0980339050293,7727500
2013-10-16,48.330874985280154,48.75421003993863,48.25326293057642,48.59193420410156,8290300
2013-10-17,48.182711764753286,48.51432595486339,47.872263521586774,48.471988677978516,7436700
2013-10-18,48.30970011758077,48.66248016180672,48.13331009546779,48.260311126708984,8244700
2013-10-21,48.33791296676286,48.64835567973428,48.23207789922924,48.52135467529297,5636100
2013-10-22,48.57780827753468,48.860033373620496,48.5354763971704,48.627197265625,8090900
2013-10-23,48.16154270181533,48.33087564940611,47.21608919652234,47.300758361816406,13641800
2013-10-24,47.59708296964845,47.63236312730561,47.14552494321745,47.230194091796875,7021700
2013-10-25,47.4136451322865,48.16859436035156,47.27253523999292,48.16859436035156,10251700
2013-10-28,48.25325000195056,48.41553117730446,47.94985897385088,48.35908508300781,7655100
2013-10-29,48.493163616928506,48.95883063333694,48.40143732934947,48.634273529052734,8219900
2013-10-30,48.67658812913931,48.9305901871032,48.56370131615324,48.71186828613281,7184700
2013-10-31,48.81770835437934,49.37510151716419,48.51431727547105,49.02937316894531,11205000
2013-11-01,49.05760151531498,49.38921568188722,48.90943451422899,49.318660736083984,10847200
2013-11-04,49.487988313124575,49.52326847369692,48.86004021251324,49.085819244384766,9294400
2013-11-05,48.86002960771028,49.071699759209054,48.58486164055921,48.690696716308594,8602600
2013-11-06,48.987035244787755,49.25514613005763,48.45080809125192,49.20575714111328,13386400
2013-11-07,47.152587284946016,47.80170134711302,46.743361095885426,47.336029052734375,33825700
2013-11-08,47.56886853963221,48.00631781206421,47.314866430864896,47.59003448486328,14752500
2013-11-11,47.484189584916436,47.92163333456401,47.39952044805132,47.70996856689453,10570000
2013-11-12,47.65353454553782,48.38026065962944,47.65353454553782,48.337928771972656,9940700
2013-11-13,48.67659052670553,49.41037368774413,48.36614773845584,49.41037368774414,13677400
2013-11-14,49.37510682973274,50.433447165426095,49.283380555521035,50.25,14855400
2013-11-15,50.33465663265443,50.92732993562331,50.16532371023327,50.92027282714844,14220700
2013-11-18,50.997898787899686,51.01201300870098,50.60278673343165,50.75801086425781,10955800
2013-11-19,50.927336049517336,51.10372610158923,50.609836108986805,50.687442779541016,10544800
2013-11-20,50.76505418541781,51.08255950489472,50.031276315198,50.11594009399414,15105700
2013-11-21,49.67144004255954,50.66627714314535,49.67144004255954,50.59572219848633,13592000
2013-11-22,50.736837581867015,51.56939346686208,50.70861452734218,51.4776725769043,12561200
2013-11-25,50.158268036340125,51.17427636591915,50.066547155529626,51.146053314208984,16549300
2013-11-26,51.28717846335866,51.964515686035156,51.21661812897752,51.964515686035156,16426800
2013-11-27,51.92196568912328,52.163004395273745,51.61712596024756,52.14882278442383,7915200
2013-11-29,52.12047021542471,52.382775955541646,51.93615252542935,52.16300964355469,6060000
2013-12-02,52.12754460035449,52.36858325482465,51.921954556708904,52.063743591308594,8851600
2013-12-03,51.88652010835262,52.07792857648142,51.70219703662521,51.971588134765625,7944900
2013-12-04,51.76599000495678,52.10627828378032,51.64547338048334,51.87942123413086,6507100
2013-12-05,51.758913582412205,52.05666249756289,51.680930951010886,51.914878845214844,7728800
2013-12-06,52.17718001635291,52.43948572715728,51.82271547084955,52.290611267089844,6883800
2013-12-09,52.3756795827982,52.59545128012766,51.70928991152435,52.014129638671875,8881800
2013-12-10,51.96450712669349,52.34732409527945,51.81562725049895,52.021217346191406,10720800
2013-12-11,52.460760972779646,52.53874361773253,51.72347395330733,51.7589225769043,10018000
2013-12-12,51.75181799976859,52.04956688743289,51.390262688348145,51.56040954589844,7509600
2013-12-13,52.07083584843759,52.07792665327666,51.41862242942585,51.454071044921875,8723400
2013-12-16,51.90779846077553,51.93615627867806,51.3973685559314,51.60295867919922,9029400
2013-12-17,51.51079264343597,51.737649746316194,51.227219912660686,51.69511032104492,8615500
2013-12-18,51.53913295530731,51.90068823742632,50.816027799767994,51.87942123413086,9383500
2013-12-19,51.85817004286049,51.96451050046068,51.13505925813945,51.347740173339844,8790300
2013-12-20,51.333554279539605,51.780177626711385,51.21303223237002,51.688018798828125,21662500
2013-12-23,52.12047311037396,52.14883092780226,51.41154390076838,51.63840103149414,9168100
2013-12-24,51.51786478567127,51.92904486907034,51.49659778285728,51.78017044067383,2597500
2013-12-26,51.787273760568205,52.23389715369861,51.787273760568205,52.09211349487305,4609200
2013-12-27,52.28351729598142,52.47492575913558,52.21971627782983,52.318965911865234,5042300
2013-12-30,52.219709280850324,52.389850715156506,52.106278052180414,52.15590286254883,5389900
2013-12-31,52.290603908822284,52.687602413137,52.205530482741004,52.637977600097656,5725100
2014-01-02,52.18427739772038,52.29770325405099,51.93615326634052,51.97868728637695,10110200
2014-01-03,51.98578160439022,52.09212207036528,51.354835023959204,51.673851013183594,7970400
2014-01-06,51.80855446258709,51.8936225168877,51.43282279955587,51.53915786743164,7696200
2014-01-07,51.61004142194528,51.9715913741349,51.46825235458671,51.921966552734375,5902700
2014-01-08,51.85817795363672,52.2339096069336,51.52498032638819,52.233909606933594,8976900
2014-01-09,52.48910477793864,52.53163878794008,52.233889900531715,52.39694595336914,9067900
2014-01-10,52.53875573012633,52.81523775008162,51.872360395515216,52.368614196777344,8877600
2014-01-13,52.30477433943072,52.65214799238963,51.63129403551265,51.90777587890625,8576300
2014-01-14,51.305207291055794,52.24807900063714,51.305207291055794,52.02831268310547,9924300
2014-01-15,52.08503197429608,52.94992650993271,52.03540714399074,52.82231903076172,10000700
2014-01-16,52.79396290578548,53.08462109012628,52.46785609493191,52.971195220947266,10263200
2014-01-17,52.957002882251984,53.15550757834178,52.76559440046888,52.978275299072266,12272700
2014-01-21,53.1696780498596,53.57376738669056,53.07042841686248,53.495784759521484,8806800
2014-01-22,53.52415313014591,53.77936806783337,53.254761988676,53.722652435302734,7242400
2014-01-23,53.51705672508358,53.807720254869295,53.2831142305949,53.78645324707031,8078300
2014-01-24,53.37527103578875,53.481611479436125,52.50328588831984,52.5174674987793,11916500
2014-01-27,52.467863628237474,52.7159878233493,51.56752030907224,51.89362716674805,12580700
2014-01-28,51.04289936924755,51.85107817656462,50.865667079771,51.03580856323242,18188900
2014-01-29,50.61755145617806,51.09962358085409,50.31980245794612,50.41905212402344,16625000
2014-01-30,51.503721309684956,52.03541835264378,51.021649107720876,51.9361686706543,17741800
2014-01-31,51.52497804361328,52.80813825376666,51.482444019449375,52.616729736328125,15420700
2014-02-03,52.22681141775681,52.42531072286069,51.70220533873934,51.97868728637695,15929600
2014-02-04,52.03540750034298,52.07085071726046,51.24140480131917,51.40446090698242,11704500
2014-02-05,51.11379619333161,51.51080023843315,51.06417136378151,51.30521011352539,10481600
2014-02-06,51.56750199738777,51.9857729852207,51.2697530689846,51.921966552734375,8178700
2014-02-07,52.03540665873399,52.79396071987074,51.893617567254665,52.751426696777344,8891200
2014-02-10,52.602533892532975,52.978270836240625,52.38276761553563,52.949913024902344,7598300
2014-02-11,53.03499369026762,53.68721268909525,52.83649437228995,53.609230041503906,8934900
2014-02-12,53.637563749637444,54.33940185378409,53.637563749637444,54.17634582519531,11498600
2014-02-13,53.87860599667995,54.41030276638403,53.87860599667995,54.19053649902344,9047200
2014-02-14,53.88570181545095,54.176359930744695,53.75100355714181,54.077110290527344,8325500
2014-02-18,54.05584436862369,54.05584436862369,53.54541454657061,53.59503936767578,8850100
2014-02-19,53.43197839337615,53.87151089302255,53.24765534681864,53.715545654296875,8527600
2014-02-20,53.85024952679881,54.020390982902775,53.65175025989429,53.84315872192383,7194200
2014-02-21,54.006208739272566,54.26851440330465,53.573761638173096,53.60211944580078,8725000
2014-02-24,53.85733631175288,53.87151251174536,53.44615619888443,53.47451400756836,9191900
2014-02-25,53.60922359310126,53.793541275509384,52.985362487411884,53.10588455200195,6974800
2014-02-26,53.27601190023091,53.52413595204369,53.09877966197911,53.20512008666992,5545900
2014-02-27,53.09170522397372,53.354010964575835,52.815223279768944,53.304386138916016,9465100
2014-02-28,53.46035956296686,53.474535768728266,53.06335548853233,53.37528610229492,9451900
2014-03-03,53.14735175024854,53.16159415957254,52.02201122505073,52.442230224609375,11401400
2014-03-04,53.774139725879095,54.69293031499273,53.66730259989622,54.2086067199707,13513600
2014-03-05,54.44364019690792,54.81400269343463,53.98068300077859,54.607452392578125,6774600
2014-03-06,54.84247589111328,54.97067929886648,54.51484616773502,54.84247589111328,7747100
2014-03-07,54.913713388063734,54.9849363148576,54.44363772405542,54.69292068481445,7276900
2014-03-10,54.69292666743971,54.89235305786133,54.521990537644264,54.89235305786133,7704100
2014-03-11,54.90657451467471,54.98492134300319,54.54333605674396,54.63592529296875,8272900
2014-03-12,54.55046270496513,54.94219690521457,54.35103636082371,54.82111740112305,6897300
2014-03-13,54.842481444773135,54.92795220325036,53.69577457984743,53.8667106628418,8956100
2014-03-14,53.581827811935064,54.066151321680515,53.061890121812056,53.232826232910156,10508000
2014-03-17,53.93081877285576,55.06327787171851,53.795491421182675,54.856727600097656,13851500
2014-03-18,54.977823472270146,55.37667625044747,54.77127315958216,55.163002014160156,7932100
2014-03-19,54.99918583731107,55.248468805669795,54.429391537667264,54.7071647644043,7808200
2014-03-20,54.685796909796956,55.81826155453687,54.62881639462341,55.625953674316406,10264100
2014-03-21,56.288323363236145,56.288323363236145,55.205721011249665,55.69004440307617,27473300
2014-03-24,55.86809707823312,56.05327553177241,55.063262548313205,55.36952590942383,11314000
2014-03-25,55.64731929101695,56.09603404976773,55.54760610773032,55.953582763671875,8131800
2014-03-26,56.13876429612566,56.70855854799955,55.77552032470703,55.77552032470703,14202600
2014-03-27,55.853855695811674,56.77976980640075,55.775508866425234,56.30257034301758,10373200
2014-03-28,56.62308620369098,56.62308620369098,55.62594900765148,56.466392517089844,8550900
2014-03-31,56.61595317830857,56.701423930155876,56.1316297857599,56.16724395751953,7769900
2014-04-01,56.56609925317642,57.093160763366456,56.25983583713192,57.05042266845703,10588800
2014-04-02,56.964981907532625,57.164408323228,56.80116424666154,57.07893753051758,7410400
2014-04-03,57.128772908356105,57.90511737696358,57.128772908356105,57.37093734741211,8723900
2014-04-04,57.755553580689146,57.947861472283485,55.88236386374905,55.932220458984375,11250700
2014-04-07,55.554721459684494,56.45214540477284,55.26982436540691,55.61170196533203,10082600
2014-04-08,55.34818549393435,56.2242433341065,55.18437329034898,56.188629150390625,9079100
2014-04-09,56.452144675026865,56.93646809884997,56.16012366282822,56.929344177246094,8468500
2014-04-10,57.05042242913833,57.19287368830561,55.44788244273579,55.604576110839844,10322000
2014-04-11,55.21996628143213,56.20997944583442,55.21996628143213,55.56184387207031,9288900
2014-04-14,56.05327759363593,56.4093975413311,55.576078167874606,56.36666488647461,8170500
2014-04-15,56.25983156664554,56.93646277275801,55.91083551614261,56.61595153808594,8785700
2014-04-16,56.972113520681674,57.17866390850221,56.56613667123125,57.10744094848633,7286100
2014-04-17,57.07891387203984,57.93359970903866,57.00769095794994,57.91935729980469,10566100
2014-04-21,57.82677788839798,58.161531618901805,57.37806312880308,57.64159393310547,5963900
2014-04-22,57.812529948824796,57.93360946656657,57.39231088114656,57.41367721557617,8098800
2014-04-23,57.691463207478414,57.691463207478414,57.093183975110094,57.48491287231445,13593900
2014-04-24,55.19861213019801,55.99632306172495,54.678674424996466,55.46214294433594,22779700
2014-04-25,55.262706805846676,55.469257087128085,55.077528292113605,55.276954650878906,10507700
2014-04-28,55.554717859038504,55.982060755777624,55.106008632556396,55.59033203125,12603300
2014-04-29,56.01058066146535,56.27411154706102,55.71856494377095,55.92510986328125,8034000
2014-04-30,55.95358388177368,56.16725809820679,55.65444432593618,56.060420989990234,9443100
2014-05-01,55.93221213700856,56.61596195591489,55.93221213700856,56.25984191894531,7017800
2014-05-02,56.480640036959606,56.480640036959606,55.91084580422407,56.25984191894531,6063000
2014-05-05,56.09603602754704,56.92223178018847,55.91797598912006,56.66582489013672,7525600
2014-05-06,56.43079118195661,56.715682903403085,56.088913508675056,56.48776626586914,8169500
2014-05-07,56.77979122602558,56.9293610201981,55.86100068985581,56.502017974853516,8794700
2014-05-08,56.50913161760395,57.04331173695647,56.23848231335803,56.62309265136719,7434600
2014-05-09,56.93648006025491,56.93648006025491,55.967833009112105,56.62309265136719,5965900
2014-05-12,56.77979515722418,57.06469235183289,56.7085722170625,56.957855224609375,6632100
2014-05-13,56.922259662141805,57.257013567789194,56.82254642649753,57.24277114868164,5854300
2014-05-14,56.85812065563766,57.68431623217972,56.85812065563766,57.27122116088867,8228200
2014-05-15,57.22136629234309,57.556120004486566,56.39517061259129,56.822513580322266,10423100
2014-05-16,56.76552358220361,56.81538016287415,56.096021703765,56.566097259521484,8376800
2014-05-19,56.42366822896921,56.97209077954152,56.40942038227513,56.84388732910156,5427200
2014-05-20,56.943600350822166,57.22849751028188,56.6373368553462,56.87950134277344,8434000
2014-05-21,56.38804348797125,56.96496162390828,56.35243474582623,56.744163513183594,7671500
2014-05-22,56.60884980765054,56.92223178018847,56.57323562638069,56.66582489013672,6303800
2014-05-23,56.96496233136683,56.97208081950803,56.61596078987297,56.893733978271484,4580600
2014-05-27,56.929367756095495,57.33534451230237,56.908001416394434,57.306854248046875,8079500
2014-05-28,57.12163549085924,57.50624567334329,57.09315067789804,57.13588333129883,7659100
2014-05-29,57.392317160694176,57.392317160694176,56.893745755621545,57.11454391479492,9704000
2014-05-30,57.21424399259178,57.35668982769294,56.922222966486025,57.29970932006836,7337000
2014-06-02,57.75079017303298,57.843865349878506,57.30688183062135,57.62191390991211,7238400
2014-06-03,57.40712018569656,57.765109210186445,57.24960414092437,57.56463623046875,7554500
2014-06-04,57.50737783003677,57.55749609340254,57.063469309882095,57.220985412597656,6658500
2014-06-05,57.156535527956464,57.22813224858463,56.669670180213465,57.034820556640625,9176200
2014-06-06,57.42143197227797,57.63622755187262,57.13504514945644,57.55030822753906,6387900
2014-06-09,57.47870566159411,57.61474321229959,57.06343716337167,57.242431640625,5181500
2014-06-10,57.24958578757552,57.24958578757552,56.662484194127146,56.691123962402344,8582900
2014-06-11,56.56226885347083,56.92025789684723,56.16132287288265,56.712623596191406,7404600
2014-06-12,56.65534365307703,57.106413340651386,56.42623088537296,56.80569839477539,7524900
2014-06-13,56.891628269889,57.14938086411293,56.51216069019272,56.64103698730469,7440200
2014-06-16,56.44053317872753,56.841479012187676,56.16845810961332,56.3116569519043,10423700
2014-06-17,56.15412228880587,56.862938569456865,56.13264383522183,56.676788330078125,6840400
2014-06-18,57.049130935775906,57.049130935775906,56.29735180232622,56.69830322265625,7340100
2014-06-19,56.77704388271728,57.135032796322115,56.69828588472603,57.0992317199707,6781300
2014-06-20,57.263924547554964,57.27108039478329,56.8772957605522,57.17800521850586,11878200
2014-06-23,57.0133143876046,57.2710668513198,56.791363001479986,56.870121002197266,6145700
2014-06-24,56.78423752446516,57.18518908906666,56.333173159579545,56.40476989746094,10652000
2014-06-25,56.20426412757559,56.240065206915475,55.781839796249386,55.882076263427734,10701100
2014-06-26,56.1326594644269,56.655320188749855,55.90354679161197,56.39756774902344,7556200
2014-06-27,56.254390044697104,56.590900571534476,55.97515906763599,56.55509948730469,7732900
2014-06-30,56.66965253270763,56.84148570120055,56.31166357856858,56.705448150634766,6562000
2014-07-01,56.81284008797554,57.1493505442633,56.512130708411846,57.08491516113281,5872300
2014-07-02,57.14220322891878,57.58611156160189,57.063445210822124,57.39995574951172,5440100
2014-07-03,57.63623283303759,58.194694836180936,57.342679211525365,57.987060546875,5735700
2014-07-07,57.75794720267495,57.95842017997158,57.4285979596192,57.8653450012207,5873900
2014-07-08,57.72931827717105,57.89399566089345,57.578963515935804,57.7436408996582,7787900
2014-07-09,58.07298327298525,58.07298327298525,57.55031686418957,57.82954788208008,5071200
2014-07-10,57.2281201713056,57.76510365641263,57.13504500037931,57.58610916137695,5090200
2014-07-11,57.20665123615566,57.421441388494024,56.66966766159064,56.99185562133789,8623300
2014-07-14,56.8772924109551,57.12072230187337,56.83433001772127,56.934566497802734,7609800
2014-07-15,56.84147629978389,57.2137878094969,56.669643159711676,56.87727737426758,5984000
2014-07-16,57.0777727094965,57.23528875915561,56.977536216527824,57.00617599487305,6266900
2014-07-17,56.641015324719866,56.712612026292895,55.76036005418487,55.9250373840332,12569900
2014-07-18,56.24008036346245,56.87013910730797,56.025284754491864,56.84149932861328,8373000
2014-07-21,56.85581133687082,57.256757238800134,56.64101576799256,57.041961669921875,7654300
2014-07-22,57.3426626466258,58.61710779170734,57.2710659550426,58.37367248535156,10753200
2014-07-23,58.63143186124003,58.68871140625429,58.294921362378815,58.423797607421875,10326300
2014-07-24,55.55990164549222,55.58138011533748,54.17090779152865,54.53605270385742,37728500
2014-07-25,54.41431944145212,54.82958792713155,54.28544320322325,54.48591613769531,13574800
2014-07-28,54.4859256429827,54.59332343732236,54.07781839447498,54.2926139831543,10938900
2014-07-29,54.16373488193128,54.37852499686762,53.88450390877913,53.9202995300293,11324900
2014-07-30,54.18523673022852,54.579026971265385,53.80576911385525,54.442989349365234,10726100
2014-07-31,53.97755702873483,54.127911686512704,52.731757391092266,52.78187561035156,15257100
2014-08-01,52.74611747209997,52.87499377830052,51.421558774332404,51.9442253112793,15202500
2014-08-04,52.173329385292405,52.60291517973593,52.14468960399887,52.45256042480469,13114200
2014-08-05,52.40957876146911,52.516976536232,51.9513533541267,52.0873908996582,10306400
2014-08-06,51.85112299632545,52.37378931509271,51.66497265811542,52.1876335144043,7324400
2014-08-07,52.466860695692816,52.516978931204044,51.793839708132346,51.90123748779297,9402400
2014-08-08,52.06591468971727,52.95372577204265,51.90839867491415,52.896446228027344,9140700
2014-08-11,53.12556249278187,53.68402989054485,52.925089537805675,53.505035400390625,8818500
2014-08-12,53.59810458801042,53.64822282116201,52.91076647801254,53.08259963989258,7790000
2014-08-13,53.397638282692526,53.44775652206439,53.01100952361887,53.34035873413086,7047800
2014-08-14,53.526512145996094,53.69118401266102,53.411953053987304,53.526512145996094,6482100
2014-08-15,53.79142809684765,53.79142809684765,52.97521356948809,53.27592849731445,9794400
2014-08-18,53.576636141403306,53.769947801847046,53.41912010420091,53.71982955932617,5180200
2014-08-19,53.73416495309853,53.855879933516746,53.633928444227045,53.791439056396484,7903300
2014-08-20,53.37615700420534,54.87254825977664,53.37615700420534,54.72935485839844,12123300
2014-08-21,54.851068322711754,55.35225067655361,54.73650923470335,54.96562194824219,8646500
2014-08-22,54.92265725643418,55.287807469738055,54.92265725643418,55.00141525268555,5082400
2014-08-25,55.252030094339645,55.34511074573272,54.657766944982136,54.836761474609375,4752000
2014-08-26,55.0014250595537,55.201898008492044,54.60047916167703,55.1374626159668,6754000
2014-08-27,55.23770576138382,55.26634553790209,54.765157642550605,55.108829498291016,7846200
2014-08-28,54.908353470393486,55.05870819189051,54.636278339845845,54.65775680541992,5243100
2014-08-29,55.14731915427509,55.14731915427509,54.54257310914655,54.787349700927734,6483700
2014-09-02,54.657764120858324,54.7729569901019,53.8154368621334,54.03861618041992,9821500
2014-09-03,54.333779793666515,54.51376448597748,53.86581849511862,53.91621398925781,9791200
2014-09-04,54.15380920317048,54.391390377135075,53.721846927679266,54.074615478515625,8412100
2014-09-05,53.99542251409139,54.60736953737808,53.91622878832151,54.57857131958008,8471600
2014-09-08,54.348197747554984,54.88815203903906,54.348197747554984,54.643375396728516,6281400
2014-09-09,54.643358756604975,54.79454525305696,54.36258304995166,54.60015869140625,6266100
2014-09-10,54.57139172655244,54.89536215860519,54.54259350039442,54.664981842041016,6523400
2014-09-11,54.412969946610154,54.80173751575379,54.1393897168258,54.79453659057617,6898700
2014-09-12,54.571366212872924,54.61456078556525,54.14659944150774,54.232994079589844,8309300
2014-09-15,54.35537818952481,54.41297461048947,53.98820787174636,54.05300521850586,6637300
2014-09-16,54.053020765797264,54.69376602841013,53.92343152770148,54.5065803527832,7519800
2014-09-17,54.470575886427646,54.837740744234544,54.19699560880974,54.59296417236328,7212700
2014-09-18,54.65055688094905,55.03931899892352,54.5929604587687,55.03212356567383,7274000
2014-09-19,55.43529858175887,55.43529858175887,54.27619644472441,54.37698745727539,15396000
2014-09-22,54.34817627233765,54.960123129007556,54.19698978958605,54.924129486083984,10447100
2014-09-23,54.880940810156986,55.125717382028256,54.57856231948996,54.59296417236328,8788800
2014-09-24,54.46336516577124,54.888126373291016,54.29777684369114,54.888126373291016,6097800
2014-09-25,54.73693427110904,54.83772524193921,53.79381640432848,53.85860824584961,7452200
2014-09-26,53.700243992889824,54.089011687539404,53.39787095017293,54.03861618041992,6816400
2014-09-29,53.72903170606948,54.05300746795539,53.390665077389045,53.865821838378906,6630800
2014-09-30,53.79384414389854,54.060218064439546,53.35468090480797,53.829837799072266,8894400
2014-10-01,53.7362536082785,53.858641936173576,53.160300135232035,53.1890983581543,9098800
2014-10-02,53.376272110591586,53.376272110591586,52.67073503140399,53.030704498291016,7489200
2014-10-03,53.18907654750405,54.13939554345447,53.18188111424858,53.89461898803711,7978400
2014-10-06,53.9954090384635,54.24018558960995,53.49864951764658,53.793827056884766,6217300
2014-10-07,53.44107116094081,53.58505675516998,52.90111694353389,52.92271423339844,8242000
2014-10-08,52.87232037918956,54.31219833729212,52.713932924966514,54.1322135925293,9851600
2014-10-09,54.15379478569727,54.21139120514832,53.23946947817682,53.333065032958984,9914600
2014-10-10,52.92991185375811,53.232290402442274,51.25965362532044,51.27405548095703,17357100
2014-10-13,51.24525158997244,52.19557072694827,50.575708187146425,50.90687942504883,10742600
2014-10-14,51.655604730373206,52.339544338086924,51.353231777027986,51.734798431396484,10488400
2014-10-15,51.18764695940455,52.289152431187006,50.590096444418954,51.259639739990234,14883500
2014-10-16,50.28053077336819,51.75640773405304,49.93496317292261,51.216453552246094,11997100
2014-10-17,51.871608712348596,52.469153925929035,51.50443827331329,52.14518356323242,8467100
2014-10-20,51.8716065644837,52.771530304376206,51.83560741780855,52.74992752075195,6492300
2014-10-21,53.22509165088064,54.07461990912212,53.15309884784976,53.995426177978516,8733300
2014-10-22,54.00261096739357,54.067402822948665,53.45545594101852,53.491455078125,7127900
2014-10-23,53.99541185429623,54.28338848272528,53.808226221912754,54.0962028503418,9750000
2014-10-24,54.297785264900185,54.72255203099485,53.930620416176296,54.71535110473633,6238500
2014-10-27,54.6145605440383,54.736948827923605,54.1897937745516,54.60015869140625,4761500
2014-10-28,54.852134787720296,55.16170866805193,54.708143742974926,55.125709533691406,6314800
2014-10-29,55.07532625609166,55.70887051539178,54.93853610641972,55.356101989746094,5389600
2014-10-30,55.183314742079666,55.86005353574624,55.096920101470104,55.7016716003418,5314200
2014-10-31,56.53680389370379,56.53680389370379,55.932057822584895,56.52240753173828,10144500
2014-11-03,56.37841751004922,56.53680495814282,56.12643997567227,56.32802200317383,8732700
2014-11-04,55.788066854406125,55.9536552271908,55.00333604726113,55.51449203491211,15347400
2014-11-05,55.766481815306236,55.773682744234755,55.0177444950229,55.57929611206055,13811400
2014-11-06,51.137259955113656,51.16605817066931,48.71826477541827,50.813289642333984,70919700
2014-11-07,50.899672804603696,50.899672804603696,49.76936906741425,49.86296463012695,24945900
2014-11-10,49.610996703915056,50.41732482921368,49.30861816422967,49.934967041015625,14453300
2014-11-11,50.18694259446025,50.28773360613465,49.69738389802822,50.13654708862305,10042000
2014-11-12,50.12215346551582,50.719698640894904,49.88457228528761,50.60451126098633,9460500
2014-11-13,50.54691072662155,50.9932748327375,50.532514365062084,50.863685607910156,9833100
2014-11-14,51.122868043146845,51.26685364075888,50.79169677448038,51.00767517089844,7454800
2014-11-17,50.84207652132216,51.00045843251592,50.5325026389989,50.68368911743164,7350700
2014-11-18,50.56852013419636,51.878809058043586,50.56852013419636,51.84281539916992,10986100
2014-11-19,51.54042072614637,51.72040544245675,50.654898997809966,50.734092712402344,11115500
2014-11-20,50.47491717964126,51.00046950553278,50.10774679933075,50.90687942504883,12030300
2014-11-21,51.18764973865499,51.70600657533158,50.8924776744181,51.45402908325195,15146200
2014-11-24,51.619610747115956,51.792400017152346,51.24524498076493,51.6124153137207,9413800
2014-11-25,51.641213763482156,52.03717681723898,51.55481912806564,52.02997589111328,12488600
2014-11-26,51.89239795018942,52.39205582820611,51.86343139533541,52.32688522338867,6997000
2014-11-28,52.50793100100244,52.86276169005842,52.18930436808323,52.790348052978516,5817900
2014-12-01,52.47170762209517,52.616540382976105,51.62445668896011,51.98653030395508,9474300
2014-12-02,52.00102587051144,53.217593790049804,51.66791871126727,53.09449005126953,17181800
2014-12-03,53.31895498865254,54.19517241535241,53.18137078102499,53.854827880859375,13143700
2014-12-04,53.760681274536985,53.83309488242837,52.81205030411033,53.10894775390625,9374000
2014-12-05,52.870001843823445,53.52173559180876,52.870001843823445,53.13069534301758,6588600
2014-12-08,53.022067833087426,53.23207121957194,52.2906774904766,52.58033752441406,7201700
2014-12-09,52.109645773481674,53.01483001536012,52.03723213909263,52.87000274658203,7548400
2014-12-10,52.732389880514006,52.86273657525336,51.566512645568636,51.77651596069336,9059300
2014-12-11,51.943077190928136,52.6961853606132,51.82721099571242,52.131351470947266,9487300
2014-12-12,51.870664701013474,52.0010114249261,51.110313415527344,51.110313415527344,8351600
2014-12-15,51.305843434394944,51.71860724145397,50.39341614123055,50.958255767822266,11016100
2014-12-16,50.8423584411671,51.979268970687805,50.74822132336581,50.914772033691406,11499400
2014-12-17,50.994444340575036,52.406534691097285,50.79168400916991,52.29066848754883,11423400
2014-12-18,53.06549525443047,53.12342834472656,52.58031805400878,53.12342834472656,8864600
2014-12-19,53.07275312678894,53.39137968779627,52.98585346702191,53.17413330078125,16332000
2014-12-22,53.28275894593412,54.06483934540711,53.1886162623202,53.9924201965332,9074200
2014-12-23,54.02862821251063,54.39794486685415,53.93449105641748,54.021385192871094,6405800
2014-12-24,54.086561943787764,54.41966902858046,54.05035236997768,54.06483840942383,3791900
2014-12-26,54.37621092119169,54.83242719579427,54.31104032470831,54.760013580322266,4986700
2014-12-29,54.311049325120564,54.745536614760404,54.18794560593698,54.30380630493164,5959800
2014-12-30,54.13001745597818,54.578990827151955,54.093807876519946,54.32553482055664,6131700
2014-12-31,54.4631220133323,54.60795479949973,53.811388287593594,53.82587432861328,7763500
2015-01-02,53.95621006699067,54.21690350410613,53.4058566414353,53.78965377807617,6662700
2015-01-05,53.376895819462796,53.948972838715754,53.31896271059546,53.53620910644531,12042800
2015-01-06,53.48552284040322,54.02863334404273,52.67447583270482,52.775856018066406,11094000
2015-01-07,53.13069824073818,53.92725929847267,52.833795146371784,53.39139175415039,10030700
2015-01-08,53.80414844424634,54.528295769069004,53.688282220368,53.95621871948242,10937200
2015-01-09,53.99965635731553,54.21690272673173,53.32619924189091,53.89103317260742,9038900
2015-01-12,53.68827256050542,53.86206634024743,52.77584554845171,53.275508880615234,8749300
2015-01-13,53.557926678255285,54.34725000547964,52.53688199097071,52.84102249145508,12584500
2015-01-14,52.47170255442635,52.86274268383122,51.73307488208675,52.297908782958984,13203500
2015-01-15,52.32688171553174,52.56584610864826,51.45066420795771,51.68962860107422,10858400
2015-01-16,51.30582796267869,51.72583466420318,50.7772036011088,51.624454498291016,12372300
2015-01-20,51.957572244773445,53.014826710401195,51.54480847720093,52.486202239990234,12036700
2015-01-21,50.893059096993554,52.5803232253888,50.6540892196217,51.84169006347656,17008900
2015-01-22,52.03721191274818,52.203762654625756,51.29857876458324,52.073421478271484,10450100
2015-01-23,52.145843897420406,52.39205130521631,51.725837175504495,52.26894760131836,8142100
2015-01-26,52.26171093460229,52.79034091089858,51.93584684942616,52.58033752441406,9203700
2015-01-27,52.06618857716932,52.50067582385399,51.37100787751283,51.9720458984375,11398800
2015-01-28,52.50066350156226,52.50066350156226,51.30581971001422,51.40719985961914,15722100
2015-01-29,47.43889573093076,47.56924247845509,45.23748706430094,46.12094497680664,47115300
2015-01-30,45.650246629725146,46.35267039738289,45.17954977796224,45.23023986816406,26407800
2015-02-02,45.25197447927824,47.743040664002436,45.08541813812688,47.4533805847168,21130600
2015-02-03,47.63440900183972,48.54683615620574,47.41716812448006,48.4889030456543,16354200
2015-02-04,48.22096655295798,49.03201352626172,47.88062195928062,48.4889030456543,13089600
2015-02-05,48.64096518139638,49.234765653213884,48.365791239511786,49.2057991027832,10650500
2015-02-06,49.10443864384446,49.20581884863251,47.844423580902415,48.047183990478516,11779500
2015-02-09,49.35787956343299,49.93719405267582,48.488899542361075,48.5975227355957,15651100
2015-02-10,50.03133311050459,51.02341687674676,49.84305879485991,50.87858963012695,36081200
2015-02-11,51.10307782409629,51.37825182577317,50.69031405917807,50.842384338378906,13439300
2015-02-12,50.38617494665232,50.97273254394531,50.37168890547134,50.97273254394531,12798300
2015-02-13,51.0451244414023,51.363750914047536,50.88581120507968,51.32754135131836,8050200
2015-02-17,51.24065625241725,51.34927943490531,51.02340988744114,51.269622802734375,8764300
2015-02-18,50.936504240560865,51.327544336604326,50.76995350184845,51.081336975097656,8097400
2015-02-19,50.85686437929471,51.60997266606816,50.84237834023842,51.39997482299805,9785300
2015-02-20,51.29135771438218,51.93584840871992,51.11755837391827,51.791015625,8657300
2015-02-23,51.60272907152839,51.812732414579706,50.950995511162986,51.371002197265625,8617700
2015-02-24,51.2261795900747,51.754809561701975,50.95824861901364,51.682395935058594,10131900
2015-02-25,51.421709611166804,52.30517034358462,51.421709611166804,51.90688705444336,10578100
2015-02-26,52.04445572122472,52.334110150594164,51.85617592229131,52.145835876464844,9838700
2015-02-27,52.001009137329945,52.55136256128409,51.55927889932533,52.50791549682617,10297400
2015-03-02,52.2966889594113,53.0978905696044,52.158297620171545,52.9230842590332,8979300
2015-03-03,52.44965289659896,52.799265569205836,51.96892852552296,52.01263427734375,9236400
2015-03-04,51.78682785049453,52.07817539768422,51.393509495337284,51.604736328125,8476200
2015-03-05,51.85966988211221,51.9106552925199,51.488207130710286,51.66301345825195,6955800
2015-03-06,51.39350954300051,52.21656678134913,51.35709457268819,52.0854606628418,12022100
2015-03-09,52.180155358360615,53.076048250640206,52.180155358360615,52.95950698852539,12754700
2015-03-10,53.80440719799328,53.964643076260714,52.34038974320058,52.362239837646484,29111600
2015-03-11,52.092739085203974,52.23841563396939,51.16043140107385,51.182281494140625,21690200
2015-03-12,50.98562875963779,51.38623235126053,50.40293363673063,50.52676010131836,16004300
2015-03-13,50.26454981499103,50.723418491233396,49.76197539077838,49.995052337646484,13946800
2015-03-16,50.359234707548914,51.00748013058245,50.191713606491355,50.98563003540039,11643400
2015-03-17,50.57774178372513,51.10944590401009,50.41021514220185,50.85451889038086,11540300
2015-03-18,50.69428583790508,51.34253130404794,50.30096742749373,51.153160095214844,10245700
2015-03-19,51.153171689801326,51.415378465848704,50.82540349500207,50.86182403564453,6959800
2015-03-20,51.13130621290126,51.42993902924143,50.832678953554314,51.0147705078125,22646600
2015-03-23,50.9273612422196,51.40808558148826,50.84724051900816,51.036617279052734,7700600
2015-03-24,50.97835134330022,51.15316324111817,50.23542022705078,50.23542022705078,9964700
2015-03-25,50.155308266965044,50.16259348656308,48.946217435431265,48.9535026550293,11980500
2015-03-26,48.46548329190506,49.12829358514852,47.83908797121765,48.91707229614258,13835900
2015-03-27,48.9607828832923,49.47792228214575,48.61844983801053,48.822391510009766,8560400
2015-03-30,49.33952758477461,50.257270603935055,49.13558592651527,50.169864654541016,11404500
2015-03-31,49.645442736225895,50.650586089215416,49.645442736225895,50.50490951538086,13035300
2015-04-01,49.87123044631395,50.59959658560408,49.85666001161227,50.57046127319336,10455800
2015-04-02,50.636002086988256,50.70155791689842,49.354081922653485,49.50703811645508,14206200
2015-04-06,48.21056446914873,49.49977030270749,48.203279250599365,49.35409927368164,11906300
2015-04-07,49.32495120795649,49.616298747700085,48.98990348219859,49.03360366821289,13948000
2015-04-08,48.75683697027661,49.23027057181112,48.74955175205496,48.98991394042969,15783100
2015-04-09,49.10644881791164,50.32281906170517,49.02632808980613,50.11887741088867,14169200
2015-04-10,50.01690637006816,50.402939572735846,49.871235350681815,50.373809814453125,10437900
2015-04-13,51.88153514462964,52.36953924277334,49.995063496157435,50.06061935424805,28612900
2015-04-14,50.373811590241644,50.402941349551256,49.96592271899315,50.23542022705078,12305100
2015-04-15,50.46849023392613,50.621446455658074,49.667288595666754,49.86394500732422,11923400
2015-04-16,49.645436099179356,49.71098638089674,49.3322384535475,49.46334457397461,10649900
2015-04-17,49.15742668498867,49.492474425185236,48.771393539914214,48.88064956665039,14011100
2015-04-20,48.98262382872009,50.111593589576906,48.938923637742555,49.995052337646484,12893800
2015-04-21,50.14072533287747,50.2135663967174,49.80567755578711,49.944068908691406,7839300
2015-04-22,50.08245969278335,50.410222248368555,49.71099138799199,50.213565826416016,13289500
2015-04-23,49.05546545222538,49.842102329908464,48.77140306144984,49.776546478271484,18341100
2015-04-24,49.55074480539932,49.76197164086122,49.28853256530816,49.70370101928711,8757800
2015-04-27,50.08973990941166,50.75255580263108,49.97320420988531,50.4247932434082,11818400
2015-04-28,50.2864052306739,50.854530001459246,50.26455513287344,50.730709075927734,8272600
2015-04-29,50.39564875191085,50.50489921376129,49.52889137461761,50.01689529418945,7660400
2015-04-30,49.76926615231873,49.95863737231155,49.24484157419904,49.52890396118164,8319800
2015-05-01,49.75468763224726,49.92221428409326,49.49976060290985,49.834808349609375,7166200
2015-05-04,49.856664342048404,50.51948025372957,49.68914322737705,50.300968170166016,7013800
2015-05-05,50.148017396996096,50.25727345067893,49.6235927849135,49.798404693603516,8660600
2015-05-06,49.67457677097305,50.14801595196048,49.16472261113647,49.3905143737793,7858200
2015-05-07,49.38322954028848,49.85666311469954,49.37594432248421,49.842098236083984,6514000
2015-05-08,50.14801172326259,50.55590057373047,49.929505197612436,50.55590057373047,7393300
2015-05-11,50.38106336844669,50.51216944075352,50.126136438125165,50.293663024902344,6379200
2015-05-12,50.0387646667618,50.271841670168484,49.601745979998526,50.10432052612305,8070400
2015-05-13,50.424791682105685,51.349814259866164,50.25726502029454,50.78897476196289,12031200
2015-05-14,50.97833912962969,51.46634861454307,50.847233016174044,51.36437225341797,10945700
2015-05-15,51.429935506663945,51.77954815497752,51.29882937429814,51.75769805908203,9858600
2015-05-18,51.706710529189664,51.80868134384875,51.16772114356415,51.291542053222656,5352500
2015-05-19,51.225993988331595,51.2915442761708,50.599598638568104,50.70885467529297,7609100
2015-05-20,50.83995802781049,50.8690877828175,50.417504339305516,50.461204528808594,8420200
2015-05-21,50.71614539342712,51.677588723639204,50.279126708238735,51.05119323730469,27529700
2015-05-22,50.672442417045055,50.94193994403328,50.57775680015427,50.62874221801758,13177300
2015-05-26,50.64330258313553,50.70885843282529,50.075177818459565,50.51948165893555,14768600
2015-05-27,50.54861179772932,51.81596733967073,50.330099730466834,51.72856140136719,17559100
2015-05-28,51.677576426158126,51.94707390377366,51.35709909701271,51.42264938354492,11939000
2015-05-29,51.48821111785182,51.64116736091952,50.69428902917467,50.752559661865234,18256900
2015-06-01,50.97992048547379,51.26595324712864,50.68655197221423,50.913909912109375,8600500
2015-06-02,50.86989220704962,51.08991992865301,50.64986448544622,50.86255645751953,12071300
2015-06-03,51.19261091012644,51.37596552571352,50.93590997187349,51.23661422729492,6533300
2015-06-04,50.86989970973999,50.979913586767395,50.4298497971686,50.532527923583984,9909300
2015-06-05,50.57652765011902,50.57652765011902,50.033799649613634,50.06313705444336,8067900
2015-06-08,49.894458546565936,50.01913834585494,49.322393024615,49.34439468383789,9158400
2015-06-09,49.41773703427378,49.483747609646926,48.97035129693507,49.021690368652344,7611700
2015-06-10,49.07303872366978,49.64510430737751,49.07303872366978,49.36640167236328,12825900
2015-06-11,49.571754366562935,49.733107333923954,49.42507290289246,49.5790901184082,10609800
2015-06-12,49.183046735928656,49.54242585833456,48.985026187197256,49.16104507446289,6855600
2015-06-15,48.801670797866734,49.02902875690614,48.44962743320429,48.86767578125,6817500
2015-06-16,48.73566046356109,48.86767602652969,48.35428527917372,48.74299621582031,6746800
2015-06-17,48.911676239106406,49.19770897537288,48.46429055509197,48.808998107910156,9563600
2015-06-18,48.93366227747934,49.630407316139426,48.896989129955465,49.40304946899414,10443500
2015-06-19,49.43974188101911,49.51308260910783,48.875006524104286,49.051025390625,13233700
2015-06-22,49.16835587323674,49.60106991722766,49.13901847432498,49.40304946899414,11762800
2015-06-23,49.535075425972444,49.59375023618553,48.96301001523961,49.12436294555664,11791100
2015-06-24,49.1977182404335,49.2343858110298,47.8848983494319,47.92890167236328,15282700
2015-06-25,48.04623911447676,48.31027017602886,47.686860083424236,47.862884521484375,9838800
2015-06-26,47.95088684843615,48.08290236738321,47.37882146484473,47.43016052246094,34801400
2015-06-29,46.498738461601654,46.96079014635204,45.89733545796511,45.92667007446289,16549700
2015-06-30,46.02199989414109,46.31536834325114,45.80197495619299,45.933990478515625,12697400
2015-07-01,46.27870814019924,46.41072369946733,45.47928183030676,46.13202667236328,12669900
2015-07-02,46.21268630629153,46.68207637303181,46.198020402183886,46.28602981567383,11302800
2015-07-06,45.95599101787551,46.608732863649514,45.94865806582169,46.28602981567383,10068400
2015-07-07,46.40338139368271,46.48405786339585,45.09056181762303,46.05867385864258,13582600
2015-07-08,45.80198768656807,45.91199878723457,45.251923789926586,45.405941009521484,13827900
2015-07-09,46.09535697218184,46.52074109463322,45.361938386799345,45.3692741394043,12238900
2015-07-10,45.772657180804664,46.256713370979945,45.71398514448316,46.00735092163086,12906100
2015-07-13,46.2053589309562,46.71875236752066,46.2053589309562,46.520729064941406,11426600
2015-07-14,46.66008170691914,47.14413777928366,46.53540191147451,46.894775390625,10282300
2015-07-15,46.432728332366395,47.08546758133678,46.425392580285234,46.85077667236328,8492000
2015-07-16,46.53539361459487,47.437497825083256,46.48405455529813,47.34215545654297,10385900
2015-07-17,47.01945015529751,47.41549672977459,46.94610944051388,47.188133239746094,8953500
2015-07-20,47.40083987474858,47.40083987474858,46.74810059685446,46.78477096557617,11381000
2015-07-21,47.38616098818928,48.44228522386882,47.26881136398575,47.774871826171875,17818900
2015-07-22,47.30549439401762,47.65020199264015,46.97545829925179,47.0781364440918,22660300
2015-07-23,45.889978466234425,46.04399562320072,44.61383231170147,45.310577392578125,37879800
2015-07-24,45.36926539805079,45.61862778094667,44.965885813364046,45.20791244506836,18525500
2015-07-27,45.457279205322266,45.838657168698184,45.11257160812738,45.457279205322266,14749700
2015-07-28,45.72130877557816,46.50606633600626,45.63329934015927,46.27870559692383,14090200
2015-07-29,46.26403500647111,46.61607551028383,46.02200558635467,46.330039978027344,9779100
2015-07-30,46.198016081862974,47.51083260269354,46.05866482595279,47.239471435546875,12697200
2015-07-31,47.42284532198239,47.6355317737889,47.10747512702668,47.22481918334961,9611600
2015-08-03,47.195475572399374,47.459506658876066,46.99745505531117,47.254150390625,9847900
2015-08-04,47.23947647167364,47.54017507188667,46.36670688409614,46.53539276123047,12106800
2015-08-05,46.689423699813716,47.2981596273758,46.57207684644213,46.85077667236328,9451300
2015-08-06,46.755434941959116,47.01946608103924,45.94867561500973,46.0880241394043,12280300
2015-08-07,46.029345170669224,46.520737034832734,45.911998319159515,46.220035552978516,17441700
2015-08-10,45.83863429250264,46.44737269883582,45.83863429250264,46.31535720825195,17649600
2015-08-11,45.88999295424333,46.24936923172586,45.721307043676234,45.87532424926758,13667000
2015-08-12,45.765308076047276,45.963328576804926,45.17857113325585,45.89732360839844,12672100
2015-08-13,45.838638271739775,45.91197897386718,45.435258814502156,45.49393081665039,9402600
2015-08-14,45.31793156943435,45.87532842034574,45.31793156943435,45.405941009521484,9202800
2015-08-17,45.105232821908636,45.55261850567146,45.09056411777896,45.52328109741211,11549700
2015-08-18,45.15657927485554,45.361935570727745,44.95855593336318,44.97322463989258,10632100
2015-08-19,44.65784480209865,45.19323988486384,44.52582926960651,44.87053680419922,11577000
2015-08-20,44.628510599781514,44.98788686354044,44.11511993408203,44.11511993408203,13173500
2015-08-21,43.77775216858303,44.07845366166587,42.21557267410788,42.25224304199219,19647300
2015-08-24,39.73661762927533,42.39892777370286,38.57048201211036,40.54337692260742,29486900
2015-08-25,41.52613923512766,41.74616414370449,39.41389675546785,39.51657485961914,21855400
2015-08-26,40.70471210043385,41.61415194414639,40.227989127897935,41.555477142333984,22001500
2015-08-27,41.85617858412553,42.13487829770959,41.196101051365545,42.068870544433594,18261600
2015-08-28,41.914862734575166,42.3622456090411,41.826850512064894,42.1348876953125,12673300
2015-08-31,41.83904943264196,42.3493709247238,41.67633700559767,41.8464469909668,9898800
2015-09-01,40.862779890929616,41.350914343288856,40.448604092641666,40.69267272949219,13136600
2015-09-02,41.14382336858529,41.32872280494431,40.68527073504904,41.31393051147461,11629100
2015-09-03,41.58019159786588,41.979572288496996,41.02549321612847,41.084659576416016,10717900
2015-09-04,40.63350022147625,40.751835751104295,40.04182257333598,40.15276336669922,11424700
2015-09-08,40.75924935550138,40.93675130915465,40.50778590337369,40.82581329345703,10938500
2015-09-09,41.30653722539331,41.33612181539193,40.0566179220407,40.17495346069336,12577200
2015-09-10,40.30807995323911,41.27695408339447,40.145367535002194,40.92194747924805,13997100
2015-09-11,40.71486485598928,40.79622107845268,40.19714574868397,40.426422119140625,10793300
2015-09-14,40.49299030957346,40.663097510212395,39.990063446231176,40.16756820678711,9720700
2015-09-15,40.54475056373757,40.80360866132834,40.204536257949236,40.581729888916016,9265000
2015-09-16,40.537370502763466,41.069879185065936,40.441221965418045,40.82581329345703,8091900
2015-09-17,40.818404624712514,41.35091598344127,40.56694124101748,40.663089752197266,9698100
2015-09-18,40.12319037454862,40.64830426269704,39.953083177881204,40.27111053466797,26572500
2015-09-21,40.404235088558245,40.47819375189138,39.93828760980142,40.22673034667969,9289600
2015-09-22,39.77557770734056,40.10839735629807,39.62766037121931,39.89391326904297,9946800
2015-09-23,40.04923218857621,40.04923218857621,39.47234383928164,39.61286926269531,7243900
2015-09-24,39.33182016426405,39.5906783245292,38.74753709241718,39.39838409423828,13502000
2015-09-25,39.90131059234899,39.93828992616031,39.169107368978764,39.36140441894531,11661900
2015-09-28,39.23566071937221,39.39837312988108,38.8436748082462,38.85846710205078,11773100
2015-09-29,38.82888267132123,39.13211764218646,38.58481405457183,38.7771110534668,9789900
2015-09-30,39.19129319977714,39.79776324026863,39.124729277218705,39.73859405517578,12849700
2015-10-01,39.64244739923245,39.80515984452667,39.1986897755928,39.331817626953125,9554900
2015-10-02,39.25046409229165,40.788829226099544,39.19869246003296,40.72966003417969,13192200
2015-10-05,41.10684855475624,41.779882464077204,41.099450996539176,41.58758544921875,9933200
2015-10-06,41.417484616244295,41.802075883384774,40.98851645704606,41.65415573120117,10336500
2015-10-07,41.831665377314195,42.41594567378848,41.447074065131304,41.86864471435547,8952300
2015-10-08,41.77989711854726,42.66001782518313,41.65416397683197,42.645225524902344,8635200
2015-10-09,42.800534573549335,42.985434069676536,42.430735581294925,42.733970642089844,8883000
2015-10-12,42.623016561263256,42.95583609303247,42.504681041227684,42.74135208129883,6913400
2015-10-13,42.29760015322881,42.95584461163881,42.17186987259418,42.534271240234375,7377300
2015-10-14,42.54166726949561,43.73981495706013,42.53426971128778,43.36262130737305,12471600
2015-10-15,43.6362695066314,44.3093033810834,43.38480614577342,43.82856369018555,9055600
2015-10-16,43.99127600973647,44.37586719734109,43.56970549706906,44.309303283691406,8924900
2015-10-19,43.976491296199534,44.10222440869712,43.34783419773801,43.710235595703125,10975200
2015-10-20,43.399601348030075,43.79158729923666,43.399601348030075,43.63627243041992,9102200
2015-10-21,43.84336351389251,44.205767733761355,43.55492077835513,43.61408996582031,6915400
2015-10-22,43.99867630039101,44.849212115030035,43.99867630039101,44.69389724731445,10913600
2015-10-23,44.84181283714521,45.25598577577848,44.738269602486895,44.915771484375,9175600
2015-10-26,45.04891258179669,45.04891258179669,43.41440173281186,43.791595458984375,13381000
2015-10-27,43.569710478517074,43.895132526154335,43.46616722796622,43.843360900878906,9485900
2015-10-28,43.88034057937634,44.597748555493574,43.80637910361973,44.5755615234375,7738300
2015-10-29,44.131797319385804,44.54597308380738,44.0652362289693,44.3758659362793,5567700
2015-10-30,44.46461843234993,44.5237876099104,43.9468994140625,43.9468994140625,8630300
2015-11-02,44.1539916913227,44.93796359746756,44.013466295812314,44.849212646484375,8577200
2015-11-03,44.671701006424826,45.248586294071664,44.56815496128453,45.019309997558594,7704300
2015-11-04,45.03410454784567,45.122855483932014,44.427634645463094,44.56815719604492,10795900
2015-11-05,41.957386968020664,42.01655615206433,36.920724440653764,37.771263122558594,65856400
2015-11-06,38.18543749356303,39.71640480565203,38.18543749356303,39.509315490722656,31252900
2015-11-09,39.10993044433336,39.4575394739593,38.91763344626308,39.15430450439453,15092000
2015-11-10,38.851061838832535,39.19127888617685,38.42209668894596,38.65876770019531,13489500
2015-11-11,38.902838608700456,39.37618351535405,38.73273147312521,39.087738037109375,11026300
2015-11-12,39.013784166496656,39.339206184619485,38.8436770101137,38.88805389404297,10807000
2015-11-13,38.68096283263082,39.01378239362198,38.32595624135411,38.41470718383789,10439900
2015-11-16,38.429511937294315,39.09515127508796,38.429511937294315,39.028587341308594,9214000
2015-11-17,38.97680481420691,39.605461818733744,38.880656309762685,39.18389129638672,10686200
2015-11-18,38.41471270877113,38.41471270877113,35.14569144726465,35.50069808959961,45214500
2015-11-19,35.87788592003662,36.447376531001204,35.67079945108278,35.78913497924805,20547900
2015-11-20,36.09237114039476,36.809781890632344,35.87049237041311,36.6988410949707,17229800
2015-11-23,36.30685626254747,36.669260427412055,36.06278763331059,36.21810531616211,11632800
2015-11-24,36.262485323997915,36.78020443525348,36.136755031116714,36.54353332519531,12090100
2015-11-25,36.543531119107115,36.72103585160609,36.12935529083751,36.31425476074219,9967100
2015-11-27,36.35160769822506,36.48604987462699,36.202230034841854,36.254512786865234,3441600
2015-11-30,36.29931423202688,36.49350969582003,36.075244953892486,36.441226959228516,13716000
2015-12-01,36.41135695747789,36.83708951858349,36.299320873314954,36.82215118408203,9915800
2015-12-02,38.77155679094343,39.91431222796815,38.68939738189275,38.726741790771484,36745100
2015-12-03,38.95827495419578,39.018028277435526,37.62132426325677,38.39063262939453,25438100
2015-12-04,38.90599135984254,39.26450274376019,38.398099520327065,39.092716217041016,16177700
2015-12-07,39.07030786910099,39.242094385809324,38.75660864570684,39.159934997558594,10160700
2015-12-08,37.815528255616016,38.06200364666079,36.82962099304506,36.95659255981445,18917100
2015-12-09,37.0760950401559,37.33004101368556,36.164876632338434,36.29185104370117,16131000
2015-12-10,36.33665838178311,37.023804489251354,36.20221625654885,36.27690505981445,11619500
2015-12-11,36.00056002663139,36.120063844470344,35.358225937298634,35.447853088378906,12977600
2015-12-14,35.41051047383276,35.821304690394975,34.305099390510684,34.97731018066406,17157400
2015-12-15,35.63457948143563,36.45617075669969,34.954900954649524,35.866119384765625,20086900
2015-12-16,36.03790360441676,36.299317309537365,35.21631523186999,35.90346145629883,13308300
2015-12-17,36.837071009006884,37.04620188855303,35.507591247558594,35.507591247558594,15328000
2015-12-18,35.380630558344855,35.881054733796134,35.119216857942014,35.425445556640625,46440200
2015-12-21,35.559890411708935,36.545797655768766,35.50760766764485,36.4188232421875,16779000
2015-12-22,36.24702612759693,36.739979606169086,36.17233732901132,36.650352478027344,10139800
2015-12-23,36.777344537966904,36.98647555391719,36.523398511800245,36.62796401977539,9397900
2015-12-24,36.59807502135422,37.25534737053285,36.59807502135422,37.00886917114258,5338500
2015-12-28,36.93418658441167,37.203070902067566,36.769867757133966,37.03128433227539,8395600
2015-12-29,37.554101683368756,38.27859502783312,37.39725348998837,38.00224304199219,14371300
2015-12-30,38.00224682736046,38.278598840728556,37.61385875087791,37.65120315551758,8529300
2015-12-31,37.389795715032484,37.67361551702617,37.26282129902822,37.3375129699707,7613400
2016-01-04,36.91924121885274,37.479415824217654,36.53085315056295,37.434600830078125,12571300
2016-01-05,37.68854371650629,37.79310917851148,36.6503539877474,36.70263671875,13482300
2016-01-06,36.120058363352925,36.3441276316496,35.671916977564244,36.32918930053711,15783500
2016-01-07,35.68685937906068,35.851178190844664,34.34244076674314,34.461944580078125,20495600
2016-01-08,34.9623626558431,34.99223646706673,34.2378693112609,34.26774597167969,15285500
2016-01-11,34.6262580432437,34.7532295787761,33.85695254180684,34.4096565246582,13624900
2016-01-12,34.693475330147336,34.86526183851027,34.073547502877034,34.745758056640625,9290700
2016-01-13,35.26859350520549,35.82876810167091,34.40965798428037,34.432064056396484,17285100
2016-01-14,34.514233034776325,35.85865186968608,34.2378809549084,35.64952087402344,21649400
2016-01-15,34.387265023014486,34.73830596652155,33.707586367462824,34.22294616699219,17273300
2016-01-19,34.73082738043854,34.79058070913702,33.961521793216555,34.424598693847656,12680000
2016-01-20,33.983928646474325,34.491820555280356,33.15486971153519,34.30509567260742,14761500
2016-01-21,34.62626852815198,35.43291867551875,34.14078261179145,35.14162826538086,12913700
2016-01-22,35.709268825237196,36.06030967937119,35.43291393788605,35.90346145629883,12154900
2016-01-25,35.828769748312844,36.14246616913678,35.49266440514757,35.537479400634766,9365800
2016-01-26,35.552410245070426,36.48603449361949,35.49265977474473,36.239559173583984,9273400
2016-01-27,35.851184907763454,36.2843880930131,35.22378905790975,35.50014114379883,12305000
2016-01-28,34.20799340435701,34.22293173489546,32.46771920995868,32.55734634399414,27935200
2016-01-29,32.90092085118361,33.87188958548369,32.617098256814394,33.86442184448242,24039200
2016-02-01,33.39387289012845,34.66360249319697,33.1548653000444,34.43953323364258,13120400
2016-02-02,33.74493101792545,33.90924987508217,32.02706215843813,32.22872543334961,21079700
2016-02-03,32.56481254608796,33.61047284081353,32.348213886502094,33.408809661865234,16733600
2016-02-04,33.32665925095738,34.178124336447645,33.147404943062504,34.10343551635742,10798900
2016-02-05,33.94657187456329,34.05860505384102,32.69178089212966,32.87850570678711,10709800
2016-02-08,32.49759146375019,32.98307721078992,31.98970249576974,32.78141403198242,12799000
2016-02-09,32.60217663237025,32.908405429101215,32.24366222962501,32.57229995727539,10339800
2016-02-10,32.863587452913436,33.251975646533246,32.04199890626912,32.08681106567383,10044600
2016-02-11,31.750694346641932,32.333277854742214,31.54903400255581,32.116676330566406,12537700
2016-02-12,32.378072201984374,33.431199733039534,32.17641196873854,33.281822204589844,11696500
2016-02-16,34.05861732928528,34.97730625580602,33.909239703076125,34.90261459350586,13832500
2016-02-17,35.14162204446804,36.2470329984025,35.11174537969251,36.157405853271484,14868200
2016-02-18,36.15740889446896,36.82961966248013,35.86611851139605,36.657833099365234,13173100
2016-02-19,36.62795390953422,37.374853445132246,36.418820102113756,36.911773681640625,16196800
2016-02-22,37.404725450732464,38.30847309241629,37.39725486075758,38.301002502441406,16793600
2016-02-23,38.09188313800852,38.09188313800852,37.42714288813818,37.6586799621582,9358700
2016-02-24,37.34497887144937,38.58483205601366,37.14331564364005,38.48026657104492,10966600
2016-02-25,38.465327400607336,38.68192895715559,38.01718880357952,38.56989288330078,8352400
2016-02-26,38.83877715967331,38.83877715967331,38.25619641402084,38.554954528808594,9528400
2016-02-29,38.577564135979074,38.848972131519275,38.23076630876115,38.291080474853516,12127300
2016-03-01,38.509717199782145,39.2862434387207,38.49463865740283,39.2862434387207,11977400
2016-03-02,39.497341217638244,39.942148196388224,39.384256452426804,39.844139099121094,15664800
2016-03-03,39.5425767797358,39.813984817266984,39.09776980176818,39.489803314208984,12365200
2016-03-04,39.45211222355723,39.8818406993979,39.1279306890194,39.70090103149414,12770300
2016-03-07,39.53504369860839,40.349267968316454,39.47473238748486,40.183406829833984,10171500
2016-03-08,39.87428748143611,40.1155383790092,39.188229702224355,39.550106048583984,11684300
2016-03-09,39.51242060002397,39.595351155168494,39.00730231096295,39.16562271118164,13964500
2016-03-10,39.13546848663833,39.4822664008587,38.5775738140738,39.21839904785156,9539100
2016-03-11,39.64811312489347,39.685808036499914,39.12037573459096,39.36916732788086,11404300
2016-03-14,39.38425921891752,39.5124225370141,39.00730422319102,39.27117156982422,7407200
2016-03-15,39.014830549643705,39.07514471161974,38.434319682343265,38.92436218261719,12887600
2016-03-16,38.92437840839408,38.92437840839408,38.38156222808488,38.67558670043945,21052300
2016-03-17,38.562498107267146,38.969607326377414,38.53987885136103,38.735897064208984,10190400
2016-03-18,38.96960447512885,39.105308496882834,38.62280658661897,38.89421463012695,28991500
2016-03-21,38.9017515938176,39.46718404649482,38.833899584458806,39.361637115478516,11796500
2016-03-22,39.08269501603691,39.44457147556317,39.045000090741375,39.21839904785156,6623200
2016-03-23,39.293795659285664,39.32395275508625,38.3061752172972,38.44187927246094,9194600
2016-03-24,38.17046927723287,38.37402534992664,37.793514226156724,38.343868255615234,7527300
2016-03-28,38.01968096521491,38.15538499327382,37.65780451570393,37.838741302490234,9065200
2016-03-29,37.69550512154541,38.40417958249249,37.446713407292584,38.215702056884766,10462600
2016-03-30,38.577580451685726,38.93945984941498,38.245861025696016,38.44187927246094,7142800
2016-03-31,38.351402290982456,38.77359294169083,38.32124807559784,38.55495834350586,7315800
2016-04-01,38.50971503449442,38.53233140882279,37.70302888021691,38.35893249511719,9379800
2016-04-04,38.30617237330776,38.53234482314247,38.07999704753432,38.185546875,6289600
2016-04-05,38.02722551135909,38.09507753736419,37.695506093078,37.7482795715332,6863300
2016-04-06,37.80104168622684,38.245848639444695,37.49193874422378,38.16291809082031,7631600
2016-04-07,37.99705784792538,38.034752765493316,37.5220938339434,37.718109130859375,7532200
2016-04-08,37.974431096470475,38.56248262295063,37.883962736987876,38.11767578125,5584800
2016-04-11,38.34385493797634,38.88667094329482,38.34385493797634,38.44940185546875,8637200
2016-04-12,38.48709673292123,38.52479164971027,37.84627451969415,38.313697814941406,6116900
2016-04-13,38.675585750856044,39.53504276461794,38.56250096669397,39.143009185791016,13813500
2016-04-14,39.090228071560496,39.1203851584853,38.63034543767866,39.06761169433594,7921400
2016-04-15,39.150537275334315,39.19577289997896,38.472017285353346,38.49463653564453,10143300
2016-04-18,38.517257762062656,38.999759648635916,38.40417012417413,38.86405563354492,7673100
2016-04-19,38.999768246365456,39.15055083814504,38.67558668061791,39.07516098022461,9306400
2016-04-20,39.15054608622927,39.610431641165746,39.06007769251766,39.27117156982422,11216900
2016-04-21,38.6755715482117,39.052526442201945,38.2533839075427,38.95451736450195,16728600
2016-04-22,38.98468126301003,40.025077757606766,38.962064885716,39.68581771850586,14029800
2016-04-25,39.65565964060514,39.746130899396825,39.22593122712773,39.527496337890625,6941200
2016-04-26,39.61042412594866,39.92706488183279,39.5425721245538,39.88936996459961,7600100
2016-04-27,39.22593974003019,40.05524253663632,39.21086119362587,39.88184356689453,8256600
2016-04-28,39.565197925840934,40.1683253730763,39.233478548846115,39.30133056640625,7795000
2016-04-29,39.07515905347011,39.20332238080298,37.778432854420124,38.0875358581543,11437400
2016-05-02,38.215697304287396,38.57757376333773,37.79350954003122,38.53234100341797,7123500
2016-05-03,38.20060635880607,38.38908379979313,37.83873001722343,38.24584197998047,7848600
2016-05-04,37.83873941724746,38.358939124201456,37.80858520491103,38.06491470336914,11981800
2016-05-05,38.2533846944068,38.65295596995552,38.019671619987875,38.54740905761719,10189100
2016-05-06,38.18554593441355,38.53988170924906,37.98198987179468,38.38909912109375,9434500
2016-05-09,38.44941044674202,38.90175530162243,38.29109003512772,38.60019302368164,7173600
2016-05-10,38.645416458921204,39.37670991126584,38.42678479484738,39.31639862060547,8199000
2016-05-11,39.07514770608847,39.6028822841333,38.969597914541744,39.31639862060547,8324100
2016-05-12,39.452113135013555,39.60289283982193,38.72081948775114,38.83390426635742,9516000
2016-05-13,38.79620550263706,39.263631744310935,38.53233816938426,38.69065856933594,6975100
2016-05-16,38.69066429077842,39.3314866954054,38.53988170264894,39.13547134399414,6823600
2016-05-17,39.00730420996433,39.414413419497734,38.826364546664074,39.19578170776367,9386200
2016-05-18,39.25608836917595,40.21355428988,39.203314906108155,39.79890441894531,10507200
2016-05-19,39.73859977929484,40.017548580642746,39.39933966680327,39.77629470825195,8614000
2016-05-20,39.93460500027692,41.14840029842512,39.85921229098764,41.10316467285156,14003600
2016-05-23,40.86192608058583,41.35950660823394,40.8242311525398,40.84684753417969,9685300
2016-05-24,41.02777126935772,41.93246363395669,41.01269560369275,41.909847259521484,13097700
2016-05-25,41.992786436085055,42.4225148943531,41.98524572576409,42.203880310058594,9266500
2016-05-26,42.196329040236684,42.32449231550209,41.84952837435324,42.02293014526367,7020900
2016-05-27,42.114277208942745,42.15994418401699,41.87832052472295,42.068607330322266,5918200
2016-05-31,42.159932714325926,42.19037929178986,41.72607914787388,41.80219268798828,15093400
2016-06-01,41.48252890961208,41.84026907888493,41.444472124349275,41.70326232910156,12156800
2016-06-02,41.59670312353402,41.802210349378576,41.32268961767906,41.771766662597656,9036200
2016-06-03,41.85549209211781,41.870712483283256,41.45969514024487,41.81743240356445,10008100
2016-06-06,41.84788036031166,42.144727358028796,41.604313444054185,41.77937698364258,7905100
2016-06-07,41.817431317059395,42.00010794531081,41.6119211991065,41.74131774902344,5400200
2016-06-08,41.657592164408044,41.90115907270731,41.61192228027197,41.81743240356445,6314800
2016-06-09,41.40641736015818,41.89355120381117,41.24657420857782,41.84788131713867,8726200
2016-06-10,41.452073876190596,41.672807250716666,40.64525974019959,40.97255325317383,15791600
2016-06-13,40.79747973765747,41.02582617000362,40.142895729374395,40.21139907836914,12128900
2016-06-14,40.08202593831244,40.5311030649391,39.93740896326383,40.11247253417969,8887300
2016-06-15,40.378864839660594,40.76705159975393,40.08962804439157,40.55392837524414,8832400
2016-06-16,40.317962812438324,40.69853636240343,39.94499945591238,40.66047668457031,5907500
2016-06-17,40.89643282552165,40.96493617981079,40.416909345497636,40.75942611694336,14548800
2016-06-20,41.231343099160405,41.60430651077099,40.99538932160225,41.01822280883789,8680800
2016-06-21,41.29223998339319,41.29223998339319,40.79749308945468,41.010616302490234,6431700
2016-06-22,41.02582513671948,41.84025220784165,41.02582513671948,41.13238525390625,8481600
2016-06-23,41.74891944405204,42.29694631367787,41.53579917410685,42.28172302246094,8952200
2016-06-24,40.3484182718119,40.96494864806381,39.670997619628906,39.670997619628906,17018500
2016-06-27,39.80039225606131,39.80039225606131,38.6967281113655,38.925071716308594,11642700
2016-06-28,39.35132217974976,40.00590942526843,39.221925608554514,39.96784973144531,7470400
2016-06-29,40.38646566857136,40.98015947004679,40.150509025231926,40.75942611694336,7126900
2016-06-30,40.26469847013807,40.77466583251953,39.92979175712635,40.77466583251953,9254400
2016-07-01,40.333194858619706,40.63765202255761,40.21902160742649,40.34080505371094,6385000
2016-07-05,40.302753225640856,40.317976521241135,39.495935980106665,39.533992767333984,10626200
2016-07-06,39.25236510369191,39.983065797620995,38.940294834188045,39.86128234863281,7740700
2016-07-07,40.02112479429334,40.630042028731886,39.891728248730296,40.28752517700195,5763300
2016-07-08,40.713762276316835,41.35312599759899,40.584365751146926,41.24656295776367,6853900
2016-07-11,41.071495849374784,41.642356160895716,41.056272559308745,41.19327926635742,6941600
2016-07-12,41.444462732479245,41.6651961019476,41.26178613964952,41.573856353759766,7413700
2016-07-13,41.79459770151465,41.86310107395934,41.581477388818456,41.733707427978516,5676400
2016-07-14,42.0077204787698,42.144727231697274,41.52819974707028,41.771766662597656,6601500
2016-07-15,41.75654390292586,41.75654390292586,41.23135037545315,41.67281723022461,10236900
2016-07-18,41.969653508265935,42.35784018187853,41.84787008005425,42.129493713378906,9225900
2016-07-19,42.41874259189381,42.548139154669315,41.82504857228575,41.96966552734375,8164200
2016-07-20,42.137109011498474,42.58618597089699,41.89354214235482,42.48723602294922,17204300
2016-07-21,45.5166010479049,46.0265711713136,45.006633828042276,45.61555099487305,33912300
2016-07-22,45.828671097334215,46.566984792460644,45.539437258942186,46.544151306152344,12505700
2016-07-25,46.39953556460106,46.407148663070835,45.78300815168015,46.22447204589844,9166200
2016-07-26,46.42997645769006,46.81055003521211,46.254912960455435,46.69637680053711,11272600
2016-07-27,47.05412083514076,47.69348461509102,46.92472720164362,47.57931137084961,13395100
2016-07-28,47.526038998351154,47.79244231023044,47.320528867545995,47.518428802490234,8514200
2016-07-29,47.64781545174,47.815268771528075,47.37380488783168,47.63259506225586,8291000
2016-08-01,47.47275463326615,47.49559102588179,46.87145049392095,47.07695770263672,14606200
2016-08-02,46.99322903903922,47.153069252941485,45.68405493611529,46.125518798828125,14732800
2016-08-03,46.1179224728883,46.51371948124971,46.049419088680615,46.43760299682617,6448200
2016-08-04,46.51371054857397,46.60504740879453,46.224473770404686,46.41476058959961,5169600
2016-08-05,46.82577745886374,47.274854436110246,46.635490653310924,47.19112777709961,8320700
2016-08-08,47.22918958968711,47.33574974758309,46.71160919115246,46.87145233154297,8410600
2016-08-09,47.12262809451287,47.52603522468421,47.06173782182024,47.18352127075195,5350300
2016-08-10,47.191127524632954,47.312910963393385,46.76488403719834,46.970394134521484,3836200
2016-08-11,47.10739160109739,47.31290165800129,46.93993831690629,46.993221282958984,4988300
2016-08-12,46.841000501139995,47.183517330011895,46.64310059843792,46.970394134521484,4947700
2016-08-15,47.03890516394486,47.56409868829583,47.03890516394486,47.518428802490234,6499000
2016-08-16,47.2520245672969,47.57170503140565,47.00845476627337,47.24441146850586,7650600
2016-08-17,47.35858412065226,47.49559086168675,47.031290561908364,47.40425109863281,6812400
2016-08-18,47.457537322304496,47.982730865478516,47.3281436632045,47.982730865478516,7935900
2016-08-19,47.655429569699336,47.83049308797527,47.19873947965461,47.76959991455078,7093000
2016-08-22,47.72393364944037,47.853327289576775,47.45753036705647,47.82288360595703,5720900
2016-08-23,47.952271480195044,48.477461979701566,47.82287785561724,48.020774841308594,5970600
2016-08-24,47.89138362958076,48.134953421114375,47.54886968953675,47.65542984008789,6902400
2016-08-25,47.70108665735556,47.92182000993984,47.63258620677325,47.678253173828125,4916700
2016-08-26,47.868550185548585,48.340460668517956,47.68587647116201,47.929443359375,7255600
2016-08-29,47.91408307711162,48.42838188595156,47.875703268258896,48.34394454956055,5354700
2016-08-30,48.35930521597133,48.75078401741033,48.13669818760787,48.31324768066406,5047600
2016-08-31,48.343951509278334,48.45141616081352,47.99852732349228,48.41303634643555,6516600
2016-09-01,48.25951854508856,48.743112449123345,47.9831791713544,48.72008514404297,6906300
2016-09-02,48.76614134053156,48.89663623934756,48.42839483286561,48.62797164916992,6325900
2016-09-06,48.45141017367803,48.65866465953925,48.26718591615146,48.428382873535156,5603000
2016-09-07,48.50514512519606,48.551202656173146,47.83732703108394,47.9217643737793,6281600
2016-09-08,47.61472434604894,48.213460590335785,47.59937183432956,48.12134552001953,7698100
2016-09-09,47.599365406931334,47.81429761378784,46.44027874645721,46.455631256103516,10625600
2016-09-12,46.23303128198634,47.7989523654942,46.002749458692186,47.783599853515625,10158600
2016-09-13,47.45352701814314,47.74521888229304,46.778031148393126,47.046695709228516,8397100
2016-09-14,47.046699517398096,47.55332072867074,46.85479749906463,47.276981353759766,5982400
2016-09-15,47.55331766126985,48.105993447249325,47.24627328046507,48.00620651245117,8871200
2016-09-16,48.2671900045884,48.69704859402243,47.87570829984866,48.351627349853516,14677700
2016-09-19,48.4590970236936,48.65867382831904,48.175079936852335,48.2518424987793,6759900
2016-09-20,48.56656085245055,48.58958815653905,47.99852961666504,48.129024505615234,5471400
2016-09-21,48.436056395187684,48.85056535605022,48.29021195111755,48.79683303833008,7488600
2016-09-22,48.90430929195078,49.12691633435701,48.63564763952423,48.75846481323242,7895700
2016-09-23,48.359310013364514,48.79684639351574,48.10599793633354,48.16740798950195,7794700
2016-09-26,47.96782436543073,48.02155669023109,47.48423051403548,47.829654693603516,6207400
2016-09-27,47.99851957205245,48.63563551496701,47.929434746051975,48.59725570678711,5228300
2016-09-28,48.53584487640072,48.888943790980626,48.35929541911077,48.70471954345703,5251900
2016-09-29,48.574244669091584,52.834472408515765,48.136708240965774,51.775169372558594,43098800
2016-09-30,52.50439042320864,54.03960648320664,52.31248841570889,52.58115005493164,34879500
2016-10-03,52.25876775143349,53.17989525046379,51.32996253060196,51.51418685913086,10153600
2016-10-04,51.96705867921537,51.96705867921537,51.09198603746294,51.18410110473633,9746400
2016-10-05,51.306915283203125,51.752129323305574,51.0843141195361,51.306915283203125,6362000
2016-10-06,51.276221393605915,53.210591152255446,50.83868502817419,51.8442497253418,12957200
2016-10-07,51.83657272484152,52.45066153162605,51.80586769886381,52.343196868896484,8398100
2016-10-10,52.45832142787968,52.64255154171533,51.47578424629045,51.62163162231445,7029800
2016-10-11,51.429731009859914,51.49881291209256,50.23993638274997,50.731204986572266,8910600
2016-10-12,51.03825112774487,51.03825112774487,49.94057152128961,50.70817947387695,6615700
2016-10-13,50.31671009608609,50.70818598558069,49.357200032136205,50.431846618652344,7236600
2016-10-14,50.61607676752769,51.115017315673896,50.23994460586237,50.431846618652344,6743100
2016-10-17,50.30135486859754,50.43952455264709,49.96360545061316,50.04037094116211,6348200
2016-10-18,50.80029401327461,50.83099903382793,50.33205269850821,50.73888397216797,5966900
2016-10-19,50.57001651466018,50.71586391903665,50.13248015791547,50.50093460083008,5414700
2016-10-20,50.26297412077473,52.327835646271986,50.26297412077473,51.69071960449219,13579000
2016-10-21,51.51415850479678,53.302686034967955,51.19943650441892,52.14359664916992,19676600
2016-10-24,52.50438268137228,52.54275956338281,51.798184803435234,52.24339294433594,6669600
2016-10-25,52.120582649233995,52.38924426908067,51.798188705417985,51.974735260009766,5370000
2016-10-26,51.66769374386526,52.67326422835284,51.62163913689394,52.35086441040039,9241200
2016-10-27,54.34664251333694,54.976080766935304,53.73255384117012,53.8016357421875,33941700
2016-10-28,54.131692403574675,54.139370120358286,51.93633977040392,52.50436782836914,17952700
2016-10-31,52.9649560221812,53.35643777169808,52.71932167778299,52.75002670288086,10108300
2016-11-01,52.964952341400355,53.233613971855235,51.844245356942636,52.45832824707031,8910100
2016-11-02,52.550438610053924,52.65790325261238,51.452759027020704,51.49881362915039,15183000
2016-11-03,51.959380033916986,52.63487286993405,50.60838850549942,51.3913459777832,15642500
2016-11-04,50.46254469137487,51.744454411058996,50.46254469137487,51.22248077392578,8584300
2016-11-07,51.98240970162002,52.642552986692365,51.729097680430556,52.550437927246094,9205300
2016-11-08,52.3662137241644,52.7423399686587,51.91332200185258,52.40459060668945,6696600
2016-11-09,51.14572592232056,52.266433052733156,50.85403695075073,52.1052360534668,11604400
2016-11-10,52.05149356730457,52.35853792065685,49.37254344348342,50.900081634521484,17774400
2016-11-11,50.562339935460784,51.42973484772866,50.53930677661405,51.33761978149414,10239800
2016-11-14,51.75212497834437,51.75212497834437,50.60839080810547,50.60839080810547,8256800
2016-11-15,50.86169425367134,51.552542442039574,50.62373185433283,51.253170013427734,9615200
2016-11-16,51.20710346803877,51.20710346803877,50.39344126741354,50.89238739013672,9552200
2016-11-17,50.99988316812219,51.253189385948836,50.78495384080991,51.176429748535156,6982500
2016-11-18,51.184099367195216,51.782832643186566,50.616071112585985,51.66769027709961,9889300
2016-11-21,51.322272146367006,51.58325605935981,50.77727116066053,51.50649642944336,7868900
2016-11-22,51.86727443110558,52.65790976617703,51.460443111613245,52.435302734375,9803600
2016-11-23,52.45064421984131,52.58113614488795,52.00543027468845,52.297119140625,4820300
2016-11-25,52.32016926570447,52.51974314884632,51.97474211771,52.41995620727539,4200100
2016-11-28,52.15692988970012,52.37354034798571,51.67729413269412,51.90937423706055,8225200
2016-11-29,52.00991932492289,52.24973707307597,51.54574756410011,51.654052734375,6544900
2016-11-30,51.67726993337215,52.84541948670689,51.4451840354941,52.70616912841797,12470000
2016-12-01,52.389013613235505,52.54373367607068,49.34097997740755,49.63495635986328,16563900
2016-12-02,49.472477872374505,51.313674882129575,49.472477872374505,50.934600830078125,9687000
2016-12-05,51.352357001018,51.785583688663216,50.81856879099436,51.33688735961914,8708200
2016-12-06,51.56124768047469,52.203347140437074,51.44520468495746,52.18013381958008,6701800
2016-12-07,52.102770436738886,52.86864471435547,51.80106220912654,52.86864471435547,7202700
2016-12-08,52.93053931887406,53.51848617696728,52.89186225456562,53.03111267089844,5552600
2016-12-09,53.07752075905035,53.2941311786456,52.45089691633677,53.00789260864258,5551800
2016-12-12,52.89186679970156,53.10847726545717,52.54373777785788,52.9692268371582,5615200
2016-12-13,53.16260686574672,54.338494271701094,52.98467354465739,53.642242431640625,8494200
2016-12-14,53.10073070300444,53.518481918764465,52.10277044905407,52.265228271484375,9957700
2016-12-15,52.682963473584756,53.20128197362596,52.07180943086269,52.62881088256836,7162400
2016-12-16,52.984684663436944,52.984684663436944,51.29047838298405,51.41425323486328,18155600
2016-12-19,51.66955329468142,52.1646645706017,51.55351029828311,51.84748077392578,7884700
2016-12-20,52.125979036274565,52.265229444653585,51.6540752024452,51.762386322021484,6685400
2016-12-21,51.886155696073004,52.10276610793244,51.692752699456925,51.95578384399414,5211400
2016-12-22,52.32711199522181,52.41220978217256,51.414249655179,51.64633560180664,5900200
2016-12-23,51.746912710313694,51.78559567605104,51.46067410955629,51.72370529174805,3088100
2016-12-27,51.9403004765244,52.280691588004935,51.87841011040245,52.02539825439453,3028200
2016-12-28,51.56123063096842,51.88614618922486,50.82629583717125,50.8649787902832,6547200
2016-12-29,50.67158899698995,51.120285400054144,50.60969861680354,51.08934020996094,3700800
2016-12-30,51.25179772005129,51.32915774371874,50.315727858634844,50.43950271606445,5941900
2017-01-03,50.950087654921106,51.16669807423842,49.97533486580194,50.5942268371582,9519800
2017-01-04,50.80309267114229,51.0197030614126,50.48591485744375,50.648372650146484,6221700
2017-01-05,50.45496895559844,51.04291565096778,50.323456349402385,50.710262298583984,5998900
2017-01-06,50.656116642268735,50.957824851792715,50.17647507477849,50.694793701171875,6749400
2017-01-09,50.69480022596236,51.26727153025433,50.663855033542255,50.787635803222656,4769200
2017-01-10,51.0197075436777,51.18217125284392,50.72573711708313,50.772151947021484,6076000
2017-01-11,50.864979219998844,51.143479958625754,50.60968589255918,51.1357421875,8349800
2017-01-12,50.555537745915046,51.19763705546102,50.32345771143892,51.151222229003906,6113600
2017-01-13,51.25179662381026,51.89389602067977,51.18217437465617,51.73917007446289,6177400
2017-01-17,51.607661002447095,51.8088017952914,48.85360389414459,49.65816116333008,22426300
2017-01-18,50.02948466120498,51.12801224159237,49.36418084621998,50.385345458984375,15883200
2017-01-19,50.2615759430483,50.5942293613653,49.789672119338334,49.8515625,9429200
2017-01-20,50.43177067060984,50.85725375040327,48.44358501696847,48.64472579956055,20936900
2017-01-23,45.38782108995101,45.38782108995101,41.597123520541494,42.455833435058594,94436000
2017-01-24,42.56412905646853,43.14433800824521,42.31657347313144,42.54865646362305,41751800
2017-01-25,43.39963220638131,44.08041159561858,42.93546618482148,44.018524169921875,27307900
2017-01-26,42.819427256510416,42.92773542614771,41.3882460953344,41.8137321472168,37888200
2017-01-27,42.27789705003692,42.36299189125671,41.775048068770886,41.960716247558594,23474400
2017-01-30,42.076751615910744,42.08448938767984,41.426917488784525,41.47333526611328,14853900
2017-01-31,41.47334158864288,41.49654900529755,40.86992514685576,41.33409118652344,13995400
2017-02-01,41.496549479830556,41.6357998835424,40.89313303114307,41.11748123168945,16102100
2017-02-02,40.96276299100974,41.078803040184354,40.514066537798854,40.7384147644043,14481200
2017-02-03,40.96274687418324,41.17162242183059,40.80802391839687,40.98595428466797,10965300
2017-02-06,41.241257066592894,41.31861708668776,40.86218588549861,40.90860366821289,8215100
2017-02-07,41.17162806847339,41.218042895808594,40.81576433602996,41.21030807495117,10374100
2017-02-08,41.303142039261616,41.303142039261616,40.78482344300108,40.91633605957031,9229000
2017-02-09,40.93181108402223,41.07879630264072,40.81576810278433,40.90860366821289,7615100
2017-02-10,41.07879908455598,41.991661548754635,40.94728645126937,41.77505111694336,14042200
2017-02-13,42.22374761033594,42.64923365270373,41.97618903636812,42.494510650634766,14516200
2017-02-14,42.881325777390714,42.95095099553772,42.40942184896064,42.920005798339844,13072000
2017-02-15,43.03604425199815,43.70908598870312,42.92773902437851,43.701351165771484,14149200
2017-02-16,43.77095736233939,44.01851290395877,43.67038700133937,44.0030403137207,11622900
2017-02-17,43.97984698163557,44.04947218911805,43.36095788795575,43.678138732910156,12456600
2017-02-21,43.96436763566401,44.24286545304677,43.770964652120384,43.9024772644043,9878200
2017-02-22,43.925692663165194,44.173248291015625,43.693609630942404,44.173248291015625,8711500
2017-02-23,44.10361510800109,44.33570104933596,43.91794989624759,44.204185485839844,10152800
2017-02-24,44.11136736506764,44.27382521647301,43.70908867270938,44.266090393066406,10644800
2017-02-27,44.1645791448176,44.4925325027152,43.96936796168247,44.29732131958008,7127600
2017-02-28,44.10991811672066,44.13334250438342,43.64140951266248,44.102108001708984,10388200
2017-03-01,44.453479420960626,44.570607292171346,43.93812214926738,44.51594543457031,11082400
2017-03-02,44.46909994007885,44.62526945361877,43.91470099676355,44.01620864868164,8451700
2017-03-03,44.133346085613276,44.17238772778132,43.727306453955606,44.07087707519531,6971400
2017-03-06,43.93812586523796,44.164571513430886,43.781956349977804,44.078678131103516,7241600
2017-03-07,44.195810670317655,44.36759746465617,43.875664449123505,44.29732131958008,7131700
2017-03-08,44.445674359000506,45.351456978113276,44.351973838593814,45.10939407348633,13201700
2017-03-09,45.01568254166496,45.36706015191003,44.820471434335424,45.26555252075195,9875600
2017-03-10,45.57008747562768,45.90585086350419,45.52323573126625,45.78872299194336,9752000
2017-03-13,46.09324776273722,46.101057875441974,45.445148406449235,45.64816665649414,7737900
2017-03-14,45.585708484603124,45.585708484603124,45.070351168852014,45.46077346801758,6276900
2017-03-15,45.61695157494663,45.87463178752267,45.42955049187907,45.695037841796875,9029500
2017-03-16,45.52323330398457,45.8589966739583,45.41391555165551,45.56227493286133,7206200
2017-03-17,45.73408031989306,45.76531482720276,44.90638374830554,44.937618255615234,20057800
2017-03-20,45.12500012463246,45.343635610884434,44.96883064358743,45.14061737060547,7498200
2017-03-21,45.23432586461879,45.36706801082889,44.30512190509121,44.35197067260742,10092600
2017-03-22,44.297323796318814,44.60966289827293,43.80539075328133,44.53938674926758,9129700
2017-03-23,44.63306224064268,44.71895559441168,44.18798120628035,44.35976791381836,7718700
2017-03-24,44.87512641932686,44.87512641932686,44.22702416935798,44.44565963745117,5621400
2017-03-27,44.289512276724,44.46129608498293,44.1021082383579,44.24266052246094,4726300
2017-03-28,44.25045729122511,44.984453042611754,44.25045729122511,44.80485916137695,5953500
2017-03-29,44.57842100807297,44.79705655601275,44.39882709673874,44.789249420166016,4042600
2017-03-30,44.789245468649206,45.01569111114355,44.65650034147864,44.664310455322266,6359000
2017-03-31,44.86732110485788,45.046914969805854,44.48470899478593,44.77362060546875,10065000
2017-04-03,44.711162165292556,44.773631165408844,43.758533743006154,44.11772155761719,11343500
2017-04-04,43.96154091615106,44.437856496155455,43.92249929029671,44.258262634277344,7123900
2017-04-05,44.35197650770317,44.92199275740013,44.05525470009173,44.09429931640625,7857700
2017-04-06,44.07086004920649,44.297305656458846,43.83660730801122,44.141136169433594,5757800
2017-04-07,44.180190307406974,44.1958045786617,43.87565840159437,43.977169036865234,5229800
2017-04-10,44.063055174996975,44.35977691769354,43.93812017470664,44.133331298828125,6039800
2017-04-11,43.97715805682837,44.00839254891104,42.72780816037278,43.2197380065918,17301800
2017-04-12,42.66534866217037,42.67315877627005,41.47846450731016,41.689292907714844,24822200
2017-04-13,41.486274330839706,41.915738264055015,41.212976934294865,41.220787048339844,17014400
2017-04-17,41.37696015516597,41.48627793179825,41.18955612473491,41.29887390136719,10471700
2017-04-18,41.07242775172913,41.369149555312866,40.908451088703636,41.1270866394043,11262800
2017-04-19,41.38476344236653,41.462846710217455,40.83817163135284,41.08023452758789,15441500
2017-04-20,41.556559728240224,41.69711202552632,40.135422481179816,41.119285583496094,24664600
2017-04-21,41.205163541471954,41.228587922678116,40.767889560616595,40.99433517456055,10951500
2017-04-24,41.392567126930864,41.579971124309935,41.18954886023191,41.23640060424805,10784400
2017-04-25,41.51749630228568,41.76736925659841,41.35351968928348,41.3847541809082,11688700
2017-04-26,41.54092391068587,41.61900716153317,41.314478313069586,41.41598892211914,7373800
2017-04-27,41.57216393358484,41.65024719482095,41.314483809871824,41.548736572265625,6956200
2017-04-28,40.44774518727991,42.126562082103234,39.862111802390665,41.96258544921875,34374100
2017-05-01,41.89230464452956,41.93134627009083,41.4628378273004,41.8532600402832,12987700
2017-05-02,41.892310564347724,41.95477657833582,41.30667716211743,41.6112060546875,10445400
2017-05-03,41.704919246807734,42.76686861569674,41.57998420215529,42.54823303222656,18428300
2017-05-04,42.73561506243813,42.94644341482585,42.5560212019638,42.87616729736328,11993400
2017-05-05,42.89179229736328,42.94645117875047,42.71219840442169,42.89179229736328,9108800
2017-05-08,42.93863380378309,42.94644093696844,42.60287048179927,42.64971923828125,7033400
2017-05-09,42.70439635631115,43.0948187134938,42.6575475798084,43.0635871887207,8332900
2017-05-10,43.11823869961106,43.28221534667417,42.83713417396819,43.204132080078125,8517700
2017-05-11,43.14165626717503,43.18069789430421,42.485746803875095,42.69657516479492,13514700
2017-05-12,42.55604233017598,43.219759230089416,42.477959040310836,43.19633483886719,9107600
2017-05-15,43.00890387529241,43.32904990724643,43.00890387529241,43.25877380371094,10686100
2017-05-16,43.25098126829438,43.7116796945276,43.02453562280832,43.688255310058594,9599300
2017-05-17,43.44619367385874,43.78976720901343,43.18070638700547,43.22755813598633,14811300
2017-05-18,43.39934909341335,43.969365356958065,42.96207499676753,43.82100296020508,13125300
2017-05-19,44.10991332122326,45.12501071829513,43.88346766948128,45.031307220458984,16643800
2017-05-22,45.593508667873095,46.491481010505495,45.58570153370194,46.28845977783203,20771500
2017-05-23,46.366554129512984,46.7647835730289,46.17134297552393,46.24161911010742,14223400
2017-05-24,46.288463017056635,46.55395027773375,45.73406411286444,45.78872299194336,8592600
2017-05-25,45.796535109941026,46.03078788463083,45.492003226290066,45.64036560058594,9556500
2017-05-26,45.466896876155566,45.7192276628964,45.238221160665354,45.356502532958984,8261900
2017-05-30,45.1672445060171,45.52997257625223,45.08050525026565,45.21455764770508,11553700
2017-05-31,45.151483393003474,45.52209556438539,44.94646574995369,45.15937042236328,14082600
2017-06-01,45.301285846150165,46.24752739280975,45.22243062925081,46.22386932373047,11560100
2017-06-02,46.43676921975885,46.49196636201892,46.0109601154509,46.192325592041016,9538000
2017-06-05,46.12925507893947,46.56294832850508,46.11348403248006,46.41312789916992,7960800
2017-06-06,46.20810445158274,46.45255114458891,45.87692152043183,45.89269256591797,7871500
2017-06-07,45.97155168912411,46.12137513973258,45.048967949780625,45.3643798828125,10126500
2017-06-08,45.55362313806593,45.8532669897505,45.42745778072811,45.82960891723633,10322200
2017-06-09,46.026739048555996,46.121365315527264,44.741430506397535,44.98587417602539,13624800
2017-06-12,44.56794945197416,45.48264892375485,44.536407364804724,45.332828521728516,9985100
2017-06-13,45.69556380843172,45.790187083266794,45.34072276777563,45.37226486206055,7111500
2017-06-14,45.49841707060451,45.71132163341478,44.68622492180561,44.95432662963867,6740000
2017-06-15,44.489104059566635,45.08050478852024,44.4733360205185,44.891258239746094,5416600
2017-06-16,44.93068502372522,44.95434009066998,44.43390756174728,44.80451965332031,14555600
2017-06-19,44.91491123875685,45.4668858286416,44.875485126912125,45.427459716796875,7166200
2017-06-20,45.30918898506959,45.42747035632587,44.56008065249365,44.7808723449707,8181600
2017-06-21,44.780861636698944,44.82028774834982,44.2525421149148,44.41813659667969,8324900
2017-06-22,44.347167604064374,44.74931874858477,44.20523119822907,44.52853012084961,5560100
2017-06-23,44.66258744929883,45.293414360838646,44.607390282540344,44.875492095947266,11847900
2017-06-26,45.01742094326616,45.49054029521281,44.32350995346085,44.5994987487793,7339100
2017-06-27,44.3865902009029,44.418132290373414,43.69267927264755,43.70845031738281,6814400
2017-06-28,43.68479583752624,44.41024585691839,43.511317351141486,44.284080505371094,7542400
2017-06-29,44.1027290781452,44.1027290781452,43.0145507677116,43.43247604370117,8456900
2017-06-30,43.842495103679234,43.86615317231926,43.39303090376453,43.54285430908203,8781900
2017-07-03,43.78730433879385,44.17368743069381,43.30629798259937,43.3299560546875,4379600
2017-07-05,43.377278454069796,43.81097480481751,43.1959158928572,43.72423553466797,6823800
2017-07-06,43.38516275120892,43.550754252147655,43.1643740832906,43.203800201416016,5663000
2017-07-07,43.4009191990505,43.94500666538636,43.26686683289822,43.645362854003906,5356000
2017-07-10,43.661130323146146,44.07116839778013,43.51919395084905,43.8740348815918,5098100
2017-07-11,43.86616786379237,43.86616786379237,43.38516141660691,43.629608154296875,6124900
2017-07-12,43.99233668434477,44.40237494995781,43.93713951474495,44.315635681152344,6126800
2017-07-13,44.45757198655374,44.56796632542311,44.291977470229554,44.339290618896484,6219200
2017-07-14,44.55218037037815,44.89125030233407,44.27619461553922,44.796627044677734,4440100
2017-07-17,44.73355359308693,44.883374037632706,44.46545179209671,44.52064895629883,5123600
2017-07-18,44.426034247527724,44.45757634973463,44.15793239480985,44.3866081237793,7441000
2017-07-19,44.520652776444216,44.899148938315975,44.16581168468316,44.77298355102539,8783700
2017-07-20,43.45613009602775,43.708460856596794,42.155047167827426,42.55720138549805,35943900
2017-07-21,42.31275260390373,42.58085440007686,42.08407692316376,42.454689025878906,12113100
2017-07-24,42.38371965086561,42.48622995459229,41.863287120589725,41.965797424316406,8832200
2017-07-25,41.95003277983196,42.30487387918416,41.84752246045906,42.00522994995117,7112100
2017-07-26,42.02099130276654,42.068301433082574,41.587298062759196,41.9027099609375,7581500
2017-07-27,41.85539874175885,42.0840713843829,41.185142835530044,41.39016342163086,14069200
2017-07-28,41.216686487057274,41.784432121725835,41.216686487057274,41.69769287109375,6644300
2017-07-31,41.87117046398271,42.02887792685666,41.595184659968034,41.942138671875,11302700
2017-08-01,42.02888039933946,42.13139070744097,41.72135248305475,42.11561965942383,9372100
2017-08-02,42.02887137006309,42.09983956688385,41.61883323376745,41.926361083984375,23084000
2017-08-03,41.918483020626695,42.06041943443174,41.59518407985289,41.752891540527344,8643500
2017-08-04,41.79231582794193,41.79231582794193,41.40593271657011,41.492671966552734,8677900
2017-08-07,41.39805576392425,41.674041599142406,41.390171743498016,41.555763244628906,6561800
2017-08-08,41.43746995285865,42.05252864973851,41.16936821524926,41.232452392578125,10462200
2017-08-09,41.043204878287874,41.63460553361772,41.00377876953641,41.6109504699707,8085300
2017-08-10,41.4295808902216,41.59517232351869,41.09051099841208,41.271873474121094,10768000
2017-08-11,41.31130025230814,41.89481679902516,41.23244804697666,41.57151794433594,5894200
2017-08-14,41.8238544381486,42.29697375209276,41.721344150520316,42.22600555419922,8118200
2017-08-15,42.31276007415156,42.643946119903916,42.06831330247769,42.47835159301758,7876300
2017-08-16,42.62816292908881,42.65970201320948,41.997333118363926,42.03676223754883,7414900
2017-08-17,41.94214020803941,42.115618724356516,41.21669006347656,41.21669006347656,6589400
2017-08-18,41.20879848097555,41.33496384034709,40.924928678404164,40.940696716308594,6696400
2017-08-21,41.00377763646551,41.06686181514006,40.60951054380719,40.988006591796875,5205700
2017-08-22,41.16937937991415,41.49267835635171,41.16937937991415,41.2797737121582,4443300
2017-08-23,41.24033967260881,41.327078919287004,40.83030151159695,41.185142517089844,5259300
2017-08-24,41.29553714742153,41.56363890830917,41.208797900072675,41.39016342163086,6198600
2017-08-25,41.61883210956224,41.674029260263055,41.01954746994518,41.02743148803711,8684700
2017-08-28,41.27459656258887,41.306488037109375,41.02744219706256,41.306488037109375,4519000
2017-08-29,40.907853729618274,41.3463508595908,40.88393360305869,41.306488037109375,4980900
2017-08-30,41.64134231335652,41.68917952848922,41.10717376373184,41.55364227294922,4876200
2017-08-31,41.66525482854619,41.92835492089952,41.553637713489,41.6732292175293,8215800
2017-09-01,41.88050644527729,42.07185219200264,41.40214664047013,41.49781799316406,5301300
2017-09-05,41.34633539584506,41.37822685843799,39.72788168596964,39.887332916259766,17811100
2017-09-06,40.01490696259809,40.47732417604346,39.72789284267193,40.222198486328125,16206900
2017-09-07,40.309894215970985,40.413536925451076,40.062739899816876,40.166385650634766,10035500
2017-09-08,40.14246829893061,40.222196974806835,39.00237408527369,39.57640838623047,12809400
2017-09-11,39.81559104616292,40.39759673372462,39.79167396243818,40.31787109375,7473500
2017-09-12,40.34179155622483,40.71650878643332,40.27801164717101,40.58097457885742,4526800
2017-09-13,40.50122977933826,40.748384051781834,40.4374498956563,40.66865539550781,6191400
2017-09-14,40.63677137624546,41.131076933340175,40.39758842285157,41.04337692260742,7741300
2017-09-15,41.418100919678196,41.689172342696104,41.01149226448229,41.60944366455078,13177900
2017-09-18,41.649304807321755,41.75294751516553,41.42606757513557,41.65727615356445,6002700
2017-09-19,41.7768722325744,41.856597869123206,41.50580081043512,41.6971435546875,5825200
2017-09-20,41.80078419002161,41.872538470652884,41.04337857032208,41.442012786865234,8400300
2017-09-21,41.34634219698269,41.61741359093711,41.226750713256,41.481876373291016,5750600
2017-09-22,41.31444983575147,41.64132977068642,41.28255836860228,41.52971267700195,4105100
2017-09-25,41.37822835478847,41.68916252297061,41.14701980463448,41.154991149902344,8178400
2017-09-26,41.25863734584814,41.35430869681477,40.54109461025495,40.76433181762695,9378800
2017-09-27,41.0035183917573,41.14702696224148,40.780284189376516,41.09918975830078,8200600
2017-09-28,40.96365561609095,41.489852694604444,40.90784706544088,41.258644104003906,5732900
2017-09-29,41.386210930298546,41.489856694929564,41.155002317405575,41.33040237426758,5371200
2017-10-02,41.529715078920894,41.58552362899088,41.2187808595773,41.36228942871094,4439200
2017-10-03,41.449998014078496,41.63336943668192,41.178926554286804,41.473915100097656,4378000
2017-10-04,41.40215789734749,41.55363783374373,41.194866361922855,41.42607498168945,4587700
2017-10-05,41.593506162775356,41.80079772565055,41.426080467533716,41.73701477050781,5179100
2017-10-06,41.585525116503426,41.96024228723798,41.585525116503426,41.84862518310547,4795300
2017-10-09,42.00010684129762,42.23928679452197,41.76092688807327,42.15956115722656,5817500
2017-10-10,42.21537823958217,42.97278411224555,42.17551541288172,42.9488639831543,8761700
2017-10-11,42.885069655623475,43.35545815181062,42.781423907965234,43.14816665649414,9427300
2017-10-12,42.95682319435719,43.19600311138355,42.22333466862702,42.255226135253906,7062300
2017-10-13,42.55820019456863,42.55820019456863,42.047948759498325,42.11172866821289,7005600
2017-10-16,42.2392813227524,42.25522705641346,41.705112931126635,41.760921478271484,5930900
2017-10-17,41.713089155626655,41.80876052744404,41.338371974112945,41.78484344482422,7662900
2017-10-18,41.88849685070799,41.992139588536524,41.47391677537794,41.625396728515625,6032600
2017-10-19,41.48187552731798,41.776867036804404,41.46592979372377,41.68916702270508,6825200
2017-10-20,41.86457503132366,41.92835798249277,41.41013214892855,41.473915100097656,8845000
2017-10-23,41.69714684982497,42.877104003754944,41.56161264871371,42.56616973876953,9775400
2017-10-24,42.606038494151754,43.40330719903636,42.574150057373814,43.251827239990234,11415700
2017-10-25,43.03655531059546,43.395326760915694,42.637921041648106,42.9249382019043,7581500
2017-10-26,43.13222345325423,43.36343204184886,42.789397764327795,42.893043518066406,5270800
2017-10-27,42.81331999049497,43.61058850785488,42.54224857293907,43.50694274902344,8962400
2017-10-30,43.18006294437905,43.6663972284503,43.116283044241115,43.578697204589844,7081500
2017-10-31,41.665240788903624,41.84861517766524,39.87936146708719,40.66865539550781,29914100
2017-11-01,41.03541227123996,42.6458950691126,40.270032169924214,42.62197494506836,15624400
2017-11-02,42.733599261539894,44.39191954590475,42.733599261539894,43.72221374511719,17337800
2017-11-03,43.65842180634005,51.814478212170755,43.21992473875866,49.27916717529297,80964500
2017-11-06,51.45570112438094,52.08554386408847,49.55023021429894,49.845218658447266,58900800
2017-11-07,49.845229102188625,51.152752052450914,49.789420548125136,51.10491180419922,23424600
2017-11-08,51.19261292027651,52.45229869046476,51.19261292027651,52.21311569213867,26515400
2017-11-09,51.750716556850435,52.0855679660204,50.969390519442776,51.50355911254883,15954900
2017-11-10,51.31220005040222,51.90217702464894,50.961399971440265,51.4796257019043,9626200
2017-11-13,51.79056371104066,53.27348368441875,51.62313804729491,53.01038360595703,24411600
2017-11-14,52.74728251341201,53.25753382456076,52.260948282055324,52.61971664428711,14036700
2017-11-15,52.26095032341071,53.002410239303806,52.0137929629959,52.30878448486328,10565400
2017-11-16,52.436349694666504,53.050249882563286,52.16528130819095,52.70742416381836,12339800
2017-11-17,52.91470954611402,53.3771206271631,52.61971802801195,53.19375228881836,13334000
2017-11-20,52.76323337450601,53.297401848146656,52.57985892991783,52.994441986083984,9749400
2017-11-21,52.101505757717796,53.361191701406064,52.03772280502233,53.153900146484375,11215800
2017-11-22,52.91469854309568,54.421535123044926,52.81104977258982,54.31788635253906,15489400
2017-11-24,54.62086116032063,55.23475516737689,54.57302091889881,54.93976974487305,9233500
2017-11-27,54.692620943911336,54.947746634880424,54.24615250538451,54.32587814331055,20404600
2017-11-28,54.3419557705958,55.001236790844644,54.04448189305591,54.97711181640625,12861300
2017-11-29,54.75198218649442,54.832380347969206,53.08771509462167,53.48167037963867,17022200
2017-11-30,53.473643482807155,53.94799700581417,52.83848747692592,53.33695983886719,15555600
2017-12-01,52.420413056595,53.16009229310971,51.93801782164243,52.65357208251953,15851100
2017-12-04,52.74200780935558,52.822405986576555,51.29481915042088,51.905853271484375,17325100
2017-12-05,52.13900800808364,52.283727168821365,51.777213173232944,52.010372161865234,9661200
2017-12-06,51.97018052129458,52.80633515979421,51.74506314438862,52.2435417175293,6952300
2017-12-07,52.428466239919715,52.7018274846754,52.0747067939969,52.444549560546875,8755000
2017-12-08,52.742014992792036,52.742014992792036,51.3591471408833,51.648582458496094,9371900
2017-12-11,51.50383693821093,52.46863310504152,51.4555992767643,52.40431213378906,12185000
2017-12-12,52.16313376225363,52.34805509982139,51.897820377378906,52.147056579589844,7021200
2017-12-13,52.24352783416436,52.60532264604892,52.122927518873894,52.17920684814453,6490400
2017-12-14,52.147059362526136,52.39629557803808,51.89782314701419,52.01841735839844,7122000
2017-12-15,52.524930549185264,52.597287066327425,51.85761404359899,52.066654205322266,18833000
2017-12-18,52.20333724907982,52.62945314138223,52.09882022413394,52.56513214111328,7440900
2017-12-19,52.34804943689261,52.64552942289007,51.80133327564618,51.85761260986328,7130000
2017-12-20,51.90586592269812,52.39630289746621,51.72095068341854,51.938026428222656,6933600
2017-12-21,52.05862634047598,52.22746439252855,51.7289857621906,51.769187927246094,5451100
2017-12-22,51.704863105400975,52.24354386108632,51.69682758017354,52.042545318603516,4444300
2017-12-26,51.849577828113134,52.211378853761644,51.61641880286983,51.69682312011719,4236500
2017-12-27,51.712879451479125,51.97015721456168,51.60032081350462,51.8897590637207,4899600
2017-12-28,52.010388928912235,52.042549434331505,51.737027699843004,51.761146545410156,2451300
2017-12-29,51.74506377525107,51.97822281388585,51.45562539170365,51.471702575683594,6631800
2018-01-02,51.761135273694286,52.52493330959856,51.592297257501855,52.42041015625,6329600
2018-01-03,52.436504039212465,53.111856240076015,52.01038808381202,53.015380859375,6844200
2018-01-04,53.20832692834413,53.489723621447496,52.99125123194663,53.08772659301758,5060100
2018-01-05,53.09577245615065,53.546007200773474,52.66161489498363,53.441490173339844,5421800
2018-01-08,53.2646120555722,53.48972943451985,53.01537583373567,53.28068923950195,4266900
2018-01-09,52.77416071592941,52.95104036076558,52.211367422347834,52.476680755615234,7632300
2018-01-10,52.64552665397805,52.85456066494027,52.16312537578941,52.46864700317383,6569300
2018-01-11,52.4204138900299,52.661614578335154,52.372176205964166,52.6053352355957,4233100
2018-01-12,52.75005348338945,52.98321250887322,52.323937591087045,52.56513214111328,5007200
2018-01-16,53.24853137497033,55.194195604095945,53.087728876289624,54.872596740722656,24478800
2018-01-17,55.0896609941328,55.39518261111866,54.06054975246574,54.68766403198242,12559100
2018-01-18,54.4706065396409,54.816324287761276,54.26156633208258,54.71180725097656,6797900
2018-01-19,54.703758239746094,54.87259626139489,54.47059921918687,54.703758239746094,8864300
2018-01-22,54.518845855196595,55.2746023815444,54.43844766034853,55.21028137207031,8566200
2018-01-23,55.153994102235366,55.39519478613254,54.86455573515404,54.94495391845703,7825600
2018-01-24,54.83239876858906,54.90476143201674,54.17312380863788,54.65552520751953,12383100
2018-01-25,54.78416474350285,54.96908610996419,54.10077089473433,54.20528793334961,9122200
2018-01-26,54.62334099700949,55.097694396972656,54.349979914024985,55.097694396972656,7919000
2018-01-29,54.80022838091007,54.91278703868179,54.0605493147129,54.12487030029297,9745300
2018-01-30,54.21332511943011,54.599245005683784,53.65053167488151,53.85956573486328,8059500
2018-01-31,54.309803330310494,54.977113764374025,54.237440672407146,54.872596740722656,13915600
2018-02-01,53.86759489059015,54.952985501140446,53.32087875678886,53.7067985534668,16838500
2018-02-02,53.20832432361097,53.8997596693813,52.95104648336998,53.1198844909668,10971700
2018-02-05,53.30480996710902,53.5058084871449,48.64164184868153,49.63055419921875,35996000
2018-02-06,50.09687387460804,51.8817387052852,50.00843403218374,51.7772216796875,24458700
2018-02-07,51.6324960948836,53.16008593450493,51.471693613141234,52.291770935058594,15021200
2018-02-08,51.96214054248234,52.315899937051675,50.169236994163036,50.1853141784668,13451600
2018-02-09,50.61142391750833,51.712894860602816,49.41347148426422,51.44757843017578,23095000
2018-02-12,52.17117382710902,52.82240704989235,51.76917679892419,52.790252685546875,13692100
2018-02-13,52.44453850427405,52.87065440121734,52.24353997673565,52.822410583496094,7695900
2018-02-14,52.38021280874382,53.70680419839956,52.340010653243944,53.537960052490234,10370900
2018-02-15,53.369121980965936,53.369121980965936,51.34305970618163,52.4847297668457,15548400
2018-02-16,52.07469800877288,52.926935972538956,51.9380204764479,52.13901901245117,11760300
2018-02-20,50.65966159558937,51.56817569237215,49.735070317442094,51.44757843017578,27494600
2018-02-21,50.74810421749653,51.343061171480024,50.37022909478499,50.97322463989258,14895600
2018-02-22,50.77222676153925,51.117944457095746,49.871751194651004,49.99235153198242,11722300
2018-02-23,50.49887696487988,50.908912658691406,49.87175940135206,50.908912658691406,6762200
2018-02-26,51.89781855945348,54.1570398848417,51.60838020973974,53.851524353027344,27374300
2018-02-27,54.32994752577135,54.84080898427252,53.52716346623069,53.79475402832031,14326000
2018-02-28,54.08668295836631,54.10290431956438,52.63518664960642,52.70816421508789,9582100
2018-03-01,52.73248259772017,53.71366446551878,52.16485876895593,52.67572021484375,10799200
2018-03-02,52.1486484759127,52.58653245957868,51.92159889622746,52.49733352661133,10612700
2018-03-05,52.172967009028255,53.194696160824044,51.524254899081285,51.90537643432617,15445500
2018-03-06,51.4918095121632,51.53235362539903,49.513227709069675,50.38899230957031,23450400
2018-03-07,49.86192618680279,50.77012756176702,49.81327138172102,50.672821044921875,12602400
2018-03-08,50.80255690864418,50.875537559279024,49.92678910102598,50.129512786865234,8902100
2018-03-09,50.56740066400498,51.13502764761974,50.37278454924744,51.11069869995117,7655300
2018-03-12,51.126913576158046,51.47559856753741,50.51874251119189,50.93230056762695,15801300
2018-03-13,48.46718567097813,49.7889451457511,47.94821346067469,48.410423278808594,38572700
2018-03-14,48.57259707858376,48.961826189919876,46.950807568024274,48.75099182128906,29759100
2018-03-15,48.67800075971443,48.880724405181596,48.29688240969195,48.564476013183594,10494300
2018-03-16,49.14021484117542,49.8619136822993,49.042908348733064,49.15643310546875,25574500
2018-03-19,48.80775653058642,48.93749957387594,46.95080980350233,47.33192825317383,14131400
2018-03-20,47.834688969363356,47.91577721772561,46.99135757579496,47.242733001708984,10615400
2018-03-21,46.626441229993745,47.25893805159988,46.03448852122845,46.066925048828125,12231900
2018-03-22,45.604717024049734,46.083144997020774,45.02087187918537,45.06952667236328,13554600
2018-03-23,45.110086872410626,45.247937528927494,43.50451524482338,43.51262283325195,14713300
2018-03-26,44.25864692000452,45.523641035533956,43.99105010736949,45.515533447265625,12093900
2018-03-27,45.88854081491498,46.415623717718034,44.22620695015539,44.46947479248047,12243200
2018-03-28,44.4451445088996,45.385782340623074,44.161329476693496,44.3559455871582,12925500
2018-03-29,44.6316485752717,45.35334442066165,44.29107116569603,44.931678771972656,8482500
2018-04-02,44.68029868393312,44.793826545278,43.03418336090631,43.634246826171875,16469600
2018-04-03,44.0234815896631,44.63976030677439,43.48018043853914,44.42081832885742,7930700
2018-04-04,43.626139623033744,44.69652051160993,43.31799873289267,44.59110641479492,7496700
2018-04-05,44.99655228359429,45.004659870258706,44.14511029788088,44.631649017333984,5823300
2018-04-06,44.12888470042334,44.412699679619045,43.0666147047215,43.07472229003906,8322200
2018-04-09,43.39909149798251,44.510016544478475,43.253130181705,43.32611083984375,7608500
2018-04-10,44.25863178212502,44.607313638138926,43.966709211213264,44.41270065307617,12009000
2018-04-11,43.94239294568508,44.65598131453,43.909959501029164,44.60732650756836,6205300
2018-04-12,44.98034030579687,45.126301632708326,44.61543698851823,44.76139831542969,7412700
2018-04-13,45.90475419985212,46.0507155083825,44.939787427532586,45.191165924072266,12588200
2018-04-16,45.36144591522177,45.401993122651,44.250521103312124,44.41270065307617,7850500
2018-04-17,44.59110280237454,45.15061905547416,44.420812557241675,44.88302230834961,7089700
2018-04-18,44.71273255023157,45.101961628828114,44.501901292652605,44.78571319580078,4796800
2018-04-19,43.788310351058094,43.90183510518558,42.57196839686203,42.62873077392578,19179500
2018-04-20,42.8233454448346,42.888215405074895,41.615111115519895,41.71241760253906,11838200
2018-04-23,41.76107907996717,42.012457562780845,40.76367892168261,40.974510192871094,10961500
2018-04-24,41.258325343187416,41.59079206370772,40.041983230066585,40.4960823059082,11670000
2018-04-25,40.54473800275793,40.901530583587714,39.62842605776655,40.34201431274414,9619200
2018-04-26,40.155503197717145,41.02316022053395,39.37704508079474,40.92585372924805,13684000
2018-04-27,41.15290545059105,41.647551705617666,40.94207419259365,41.444828033447266,9443100
2018-04-30,41.558351278215284,42.02056098642953,41.3556276134435,41.36373519897461,9469600
2018-05-01,41.16101622182718,41.39617644213992,40.57717410424956,41.20967102050781,6780500
2018-05-02,41.55025293754486,41.558360524879895,40.479868903539,40.75557327270508,8143000
2018-05-03,40.53662601298099,40.98261746390251,39.98521738857406,40.796112060546875,8609200
2018-05-04,40.690701371939916,42.65306530606365,40.4798669913684,42.56386947631836,9880600
2018-05-07,42.636841376812235,43.19635756115428,42.5881865851365,42.98552322387695,9571700
2018-05-08,43.00985288571338,43.19635828361336,42.255720615373065,42.8638916015625,9930000
2018-05-09,42.86388954341311,43.24501099965355,42.32869922499677,43.115264892578125,7016100
2018-05-10,44.153216893464986,44.65597073973962,43.747769544752394,44.57488250732422,12267200
2018-05-11,44.40459170301516,45.239815334155615,44.291066941755886,44.78571319580078,9639100
2018-05-14,46.488598014413256,46.86971644765545,45.6858108420098,46.010169982910156,15400300
2018-05-15,45.81553374361669,45.90473262282696,44.7775898982244,45.1181640625,12050500
2018-05-16,45.21549430771121,46.0669363528861,45.142513649362456,45.97773742675781,8675600
2018-05-17,45.80745099851647,46.529146913168404,45.72635965830268,46.18046188354492,11450700
2018-05-18,46.164230916663875,47.02378032657558,45.734457758366766,46.63454818725586,11999700
2018-05-21,46.772408004303095,47.2508360159785,46.03449392798862,46.79673385620117,14286400
2018-05-22,46.95891232261625,47.32381555914991,46.27776064552603,46.53724670410156,9432500
2018-05-23,46.148014460577485,47.72925964855053,46.08314449702841,47.69682312011719,11322500
2018-05-24,47.502221643698064,48.045519706642814,47.07244527113575,47.90766906738281,12487200
2018-05-25,47.72115645396399,48.65368668610831,47.688723013761674,48.62125015258789,11501500
2018-05-29,48.75234281570256,48.8342782760622,47.27748264976678,47.71174621582031,14696300
2018-05-30,47.85924126632832,48.055890782919185,47.24471582473415,47.84285354614258,9146000
2018-05-31,47.52328937701962,47.990328350156595,47.32663990776535,47.621612548828125,12813200
2018-06-01,47.8018799291944,48.1214326194185,47.531487267843154,48.023109436035156,8869700
2018-06-04,48.03130976671578,48.236151589651186,47.4823351815552,48.10505294799805,9696700
2018-06-05,48.22794788056333,48.83427778262807,48.14600929539415,48.326271057128906,6562700
2018-06-06,48.55569890375197,49.0391256768475,48.43279569911686,49.03093338012695,6236700
2018-06-07,50.80076409695471,51.33335400306495,49.34229154727845,49.686424255371094,14786100
2018-06-08,49.366880181469696,49.67004520948011,49.0063596920962,49.37507247924805,7035300
2018-06-11,49.30132549556718,49.50616730625303,49.01454821086216,49.104679107666016,7369500
2018-06-12,49.252168444395664,49.47339798841184,48.79332163543935,48.98997116088867,7153500
2018-06-13,48.89163906812883,49.350485822959975,48.440987735612026,48.522926330566406,9676300
2018-06-14,48.58027924422909,48.91621965188314,48.30169428722541,48.71957015991211,8372900
2018-06-15,49.055513616337436,49.1210644929476,48.27711414759971,49.04732131958008,13804900
2018-06-18,48.59667310411998,48.64583313909747,48.277117248576154,48.50654220581055,6946600
2018-06-19,47.75271931496918,48.12963060165809,47.400391169662065,48.09685516357422,7958300
2018-06-20,48.490161295289795,48.50654901779637,47.777312557265496,48.17060852050781,6526400
2018-06-21,48.514737034374555,48.514737034374555,47.8428560990969,48.1378288269043,6605400
2018-06-22,48.16240522475579,48.42460249073039,47.87562794185793,47.9329833984375,8074100
2018-06-25,47.59704241734768,47.63801015363541,46.38437929453067,46.74489974975586,8635900
2018-06-26,46.76947129658749,46.826826738297896,46.13855831213582,46.25326919555664,8934700
2018-06-27,46.33521445618212,47.138193935741896,45.179906831169674,45.20448684692383,11832400
2018-06-28,45.163526547307505,46.26147889922222,45.13894652750679,45.802635192871094,11723600
2018-06-29,45.99107887520314,46.58921651794273,45.950111142946,45.98288345336914,11274000
2018-07-02,45.39293812577483,46.06481889084886,45.163513214688955,46.03204345703125,7299900
2018-07-03,46.22050145697414,46.31882464117939,45.27003567462295,45.33558654785156,3618900
2018-07-05,45.63875220464021,47.05625704020205,45.59778447107879,47.015289306640625,11728300
2018-07-06,47.08083246968696,47.58064689711408,46.72850436922644,47.39219284057617,8806200
2018-07-09,47.57245232188363,47.777294085561955,46.892376166165704,47.55606460571289,4577100
2018-07-10,47.57245996463227,47.90840038600971,47.48232907403188,47.82646179199219,6848900
2018-07-11,47.05625233124133,47.53148361914496,46.49089016313942,46.94973373413086,8702000
2018-07-12,47.40038459865713,47.924782158389654,46.95792874841271,47.78548812866211,8426400
2018-07-13,47.72814263048042,48.16240627566946,47.67078717264934,47.84285354614258,5266100
2018-07-16,47.867433124541314,48.21156899400926,47.57246354081765,47.81007766723633,5907100
2018-07-17,47.45775350858024,48.26892852783203,47.21194393856518,48.26892852783203,7560300
2018-07-18,48.342660839709936,48.342660839709936,47.826458670819264,48.14601135253906,6795100
2018-07-19,48.10504983944625,48.82609388476366,48.0558898055269,48.59667205810547,8150200
2018-07-20,48.32627440808909,48.49014846415309,47.851043083704894,48.023109436035156,10859700
2018-07-23,47.85105971894773,48.51474534456019,47.375825103712344,48.40822982788086,8011800
2018-07-24,48.62944066827127,48.850670180972095,47.89201208490625,48.219757080078125,6637600
2018-07-25,47.97394949850663,48.752348972779416,47.326648652748574,48.686798095703125,13143100
2018-07-26,51.661104478478805,52.24285447572554,50.194436351078174,52.09537124633789,31025100
2018-07-27,51.80039374182505,52.03800784680653,50.98102656780384,51.366127014160156,13488800
2018-07-30,51.33336021473833,51.6037497858675,50.74341478589204,50.83354568481445,9547700
2018-07-31,52.300206044039896,52.98028227051387,52.029813387546604,52.51323699951172,22350800
2018-08-01,52.070787050892385,53.152354674431244,52.070787050892385,52.726280212402344,10706200
2018-08-02,52.40671870544016,53.29163666934901,52.144521484794005,53.070404052734375,10618500
2018-08-03,53.045823607206756,53.75867522530672,52.98846816101077,53.58660888671875,7809400
2018-08-06,53.963529197616054,54.094624710869866,53.52926554234375,53.85701370239258,10878400
2018-08-07,54.02088057885181,54.02088057885181,53.463710624211295,53.61939239501953,7810900
2018-08-08,53.43093348062932,53.709521574697995,53.35719343445779,53.38996887207031,7912200
2018-08-09,53.34080933889388,53.50468654769085,53.193322976614766,53.324424743652344,6629700
2018-08-10,52.97209441208371,53.20971166675239,52.84099265035917,53.111385345458984,8736000
2018-08-13,53.381766069683955,53.44731693584643,52.97208253308051,53.12775802612305,7092400
2018-08-14,53.33261031478566,53.76688020031987,53.070413049689556,53.61119842529297,7844200
2018-08-15,53.373569633699354,53.930739482936474,52.8901460703114,53.8160285949707,13524800
2018-08-16,53.96351963014686,54.16016599080123,53.693126977200166,53.88158416748047,9958800
2018-08-17,53.66855199491466,54.233917367483045,53.3571947070828,54.12739562988281,15170500
2018-08-20,54.34863007116479,54.561661050849544,53.86520015297824,54.2093391418457,13966900
2018-08-21,54.15197429589272,54.71733965436699,54.1028142651647,54.52888870239258,12181400
2018-08-22,54.25849114248696,54.9631473587225,54.25029572101214,54.76649475097656,13860300
2018-08-23,54.881216632179395,55.135218458335906,54.733730289284374,54.78289031982422,12038100
2018-08-24,54.897605290470864,55.192577998103836,54.848445256290695,55.020511627197266,16001400
2018-08-27,55.20077187558793,55.290902769912414,55.077865542302206,55.176185607910156,12578000
2018-08-28,56.175812766023874,57.75719169896892,55.65141826247195,57.17544174194336,24952700
2018-08-29,57.08532185593934,57.41307004666403,56.65105816002176,56.700218200683594,11874300
2018-08-30,56.51175657159917,56.66743833942168,55.716969390385174,55.83168029785156,12027500
2018-08-31,55.7087683614701,56.53633089742711,55.66780375651231,56.29871368408203,11166900
2018-09-04,56.836174761401004,57.96893178712352,56.811370922068264,57.861446380615234,13024100
2018-09-05,57.712591164273405,58.7626598438828,57.30744094280055,58.61383056640625,15310700
2018-09-06,58.58076116220493,58.99417515249318,58.035057975286826,58.17561721801758,11997700
2018-09-07,57.74568118341245,58.390612508714874,57.55551422103516,58.192169189453125,24421900
2018-09-10,58.431936085349534,60.1517399228853,58.29137683248678,59.79620361328125,14636000
2018-09-11,59.39932847677076,60.077333583780174,59.37452464274805,59.95330810546875,9501100
2018-09-12,59.60603920158765,59.94504177611879,57.894505157687085,59.324920654296875,12638300
2018-09-13,60.92068972216831,62.309761069899736,60.755326638851564,61.689640045166016,24617700
2018-09-14,61.62349184279177,62.87200392985281,61.52427651679833,62.08651351928711,13450700
2018-09-17,61.879808387260674,62.24361474878451,60.44939938980996,60.556884765625,11558300
2018-09-18,61.0199022649492,63.25233509807325,60.78012141412981,61.780582427978516,11692000
2018-09-19,62.318023607605056,62.318023607605056,60.99509386768647,61.2348747253418,12383200
2018-09-20,61.5821582636934,62.10305768390087,61.358911149177594,61.681373596191406,12013900
2018-09-21,61.871552830809414,61.90462671424882,60.46594117152682,60.937232971191406,23465400
2018-09-24,60.42458728181833,61.0612420190915,60.19307646826445,60.8380012512207,15446100
2018-09-25,60.060789220561176,60.82973956160675,60.01118155604128,60.143470764160156,20741900
2018-09-26,60.093859725391475,60.573421482814695,59.184350180476535,59.33317947387695,11306000
2018-09-27,59.680445958561826,60.09385996317691,59.09339882899205,59.29183578491211,12498300
2018-09-28,59.126479165789256,60.57342834001823,58.911502093608426,59.556427001953125,20080800
2018-10-01,59.91194312661171,60.713967121944094,59.61428460652556,60.0276985168457,9340200
2018-10-02,59.86235443739718,61.11086660832503,59.75486274942073,60.6478385925293,9221200
2018-10-03,60.84629062393334,61.09434163336007,60.01946233677654,60.06080627441406,7079800
2018-10-04,59.53161376457509,60.11039081956308,59.41585835357749,59.84580612182617,8599500
2018-10-05,59.85408296462847,60.077330074186975,58.33272235693013,58.87842559814453,23411300
2018-10-08,58.52288996327431,59.2008887304084,58.34098677800947,58.646915435791016,10104600
2018-10-09,58.50634107430125,58.67170412283747,57.952361614493405,57.985435485839844,10329200
2018-10-10,56.860948105524265,57.51414285983353,55.08327328594118,55.174224853515625,22296800
2018-10-11,54.86004020338937,55.389209654085775,52.594533098333045,53.156776428222656,25852600
2018-10-12,54.19858154411758,54.28126308800188,52.31341143338824,53.156776428222656,15760900
2018-10-15,53.10716630824122,53.90918418585655,52.925263135187194,53.057552337646484,12314700
2018-10-16,53.561908217744005,54.893101588339164,53.429619039279025,54.66986083984375,15931400
2018-10-17,54.884827273251574,55.07500044348198,53.98358799622639,54.653316497802734,14779100
2018-10-18,54.306061443700834,54.835230841031674,53.636332805122045,53.86784362792969,12218600
2018-10-19,54.11590015338218,54.74429131668703,53.7438300073796,54.04148864746094,10673000
2018-10-22,54.31432460468736,55.0667346834347,53.92571449786571,54.66986083984375,12890400
2018-10-23,52.635868181837886,55.33132596280755,52.56145353874464,54.88483810424805,13441000
2018-10-24,54.463156690593095,54.89310442809152,51.676744363559294,51.775962829589844,23384300
2018-10-25,52.75989305460068,52.77642999222714,51.552721840655934,52.25552749633789,20385700
2018-10-26,50.849918647672716,52.619329946366896,50.58533395744358,51.66020965576172,17049300
2018-10-29,52.503579108981924,52.66067529682465,50.659753008528405,51.40389633178711,14778300
2018-10-30,51.56099587376547,52.68548248653524,51.40389653121468,52.23899459838867,18865300
2018-10-31,52.015747295503445,52.52011286020079,51.32121167682321,51.999210357666016,12917500
2018-11-01,52.255534648327725,53.17331115647073,51.9909499182885,52.677215576171875,11003900
2018-11-02,52.867380459529365,52.88391739779441,51.54445693931064,52.36301803588867,13707900
2018-11-05,52.156312603815536,52.75162662872875,51.80904319802582,52.47877502441406,13373800
2018-11-06,52.379547135285634,53.19810500455428,51.60233003093289,52.611061096191406,8774100
2018-11-07,52.503578639915865,52.710285642435224,51.494847458309884,52.263797760009766,18493500
2018-11-08,47.95603089845683,49.73371261581507,47.62529838924168,47.997371673583984,32155200
2018-11-09,47.77412556761371,48.15446888244058,46.45946879109823,46.89768981933594,21745200
2018-11-12,46.60829804685393,46.7157865805409,45.00425270505076,45.053863525390625,24447800
2018-11-13,45.26057534056322,45.880696467062485,44.69006188556044,44.78101348876953,20883800
2018-11-14,45.343252374193966,45.384593147684946,44.37586187319103,44.59910583496094,14071900
2018-11-15,44.50814702562688,45.92202196667303,44.26009613427301,45.797996520996094,18856300
2018-11-16,45.5747681525701,47.16227988973684,45.467282760701416,46.20315933227539,57303300
2018-11-19,46.17834840378578,46.815006423143856,45.36805723935703,45.39286422729492,20321400
2018-11-20,44.814083046065,45.831081216849,44.70659451136785,45.40939712524414,20658300
2018-11-21,45.649173059105706,46.71578193459606,45.62436922845196,45.69878387451172,13015500
2018-11-23,45.28537766206288,46.0956688617689,45.268840720750624,45.682254791259766,4671900
2018-11-26,46.12874290418674,46.61657163524136,45.62437723176258,46.079132080078125,10373700
2018-11-27,45.963363871588456,46.49253323196372,45.76492378439864,45.94682693481445,9719000
2018-11-28,46.211422108707346,46.897690947224675,45.21922775564681,46.839813232421875,17483500
2018-11-29,47.86507861863734,48.82419909677499,47.76586012892625,48.04698181152344,26949000
2018-11-30,48.137919272774155,48.34462623886598,47.14572520471383,48.170989990234375,18197800
2018-12-03,50.0313665817429,50.0313665817429,48.28676195278994,48.89861297607422,17114500
2018-12-04,48.77459720532808,49.17974125952047,47.311110903848906,47.732791900634766,15836500
2018-12-06,46.81340510705677,47.8163710689869,46.54594794232085,47.732791900634766,18203300
2018-12-07,47.31487818262819,47.74113693897019,46.579369564194415,46.79668045043945,17054700
2018-12-10,48.28440584065666,48.68559144766757,47.33994626404402,47.8414306640625,20484900
2018-12-11,48.8527629741067,49.028281115502985,47.49876087308616,47.93337631225586,13116300
2018-12-12,48.84439926798102,48.961414541296456,48.08381752730171,48.24262237548828,13246500
2018-12-13,48.593665649022235,48.79426010105272,48.10890077148791,48.551876068115234,8949900
2018-12-14,48.10889614147239,49.31245317280268,47.94173464559143,48.15904235839844,13551000
2018-12-17,48.13396322053833,48.76081636031526,47.36502171114186,47.640838623046875,16648200
2018-12-18,48.217540255330235,48.92797569568137,47.975159475020604,48.292762756347656,12384200
2018-12-19,48.09217994925481,48.89455130808321,46.85518997397594,47.381744384765625,17376400
2018-12-20,47.8247161661872,48.426493007292244,46.855183445603615,47.114280700683594,21742300
2018-12-21,47.022344460058015,47.87486515513992,45.71013207728668,45.8438606262207,38202300
2018-12-24,44.88268999703073,45.87729593186588,44.774034549049325,44.84090042114258,8275000
2018-12-26,45.34238929708817,46.80504701634908,44.7238926300736,46.77161407470703,18451600
2018-12-27,46.420568768114116,47.131001104633924,45.77699911359679,46.8802604675293,15804800
2018-12-28,47.08086609683589,48.08382888398878,47.005643568965326,47.482051849365234,12749600
2018-12-31,47.74114620972685,47.98353024978357,47.03907038950995,47.56562805175781,8877000
2019-01-02,46.97220056023103,48.47664760691553,46.73817319681592,47.97516632080078,9896600
2019-01-03,46.76325329985763,47.507118649765125,46.40385717982628,46.55430221557617,14422200
2019-01-04,47.222939406295595,47.49875633500112,46.14475117500332,47.3065185546875,14177300
2019-01-07,47.1310047640023,47.77457446848797,46.76325201358495,47.172794342041016,12352000
2019-01-08,47.39846213749856,47.54055052958229,46.479078662473775,46.76325225830078,12110000
2019-01-09,47.02234317163498,47.732778658907186,46.92204755976761,47.314876556396484,10971000
2019-01-10,46.96384128330409,47.63248725709228,46.888618770669936,47.47368240356445,10958200
2019-01-11,47.19786519913367,48.61872981871255,47.08085311877683,48.05874252319336,12024300
2019-01-14,47.657558321228926,48.18411588708476,47.11428428791131,47.89158248901367,9449400
2019-01-15,47.90830526980957,47.975171148468284,46.437291011064225,46.579376220703125,17423400
2019-01-16,46.59609001125636,46.87190696235418,46.102965343693306,46.19490432739258,13856000
2019-01-17,45.944161919559555,46.13639651980095,45.442677442619164,45.777000427246094,18365000
2019-01-18,46.295199951273425,46.721461932362715,45.96088014222381,46.19490432739258,28020000
2019-01-22,45.94417125090334,45.96088772236386,45.08329050656167,45.375823974609375,17867500
2019-01-23,44.2307614908339,44.77403555460171,42.809896748684864,43.269588470458984,33788600
2019-01-24,43.42002505743569,43.44509816098975,42.1328859359985,42.46720886230469,32782700
2019-01-25,42.5675080999216,43.486891443264966,42.02423409536598,42.87675476074219,19516200
2019-01-28,42.057665752815915,42.86839682132885,41.99080307687685,42.32512283325195,24457600
2019-01-29,42.199761266912134,42.49229150182382,41.23858502933297,41.288734436035156,26266600
2019-01-30,41.5227544650728,42.517360352493924,41.12992545610222,41.93229675292969,18124100
2019-01-31,42.79317408598865,42.86003676156491,41.037983418268446,41.38902282714844,24736300
2019-02-01,41.439167925634834,42.024228232499745,41.288722935772554,41.46424102783203,15533200
2019-02-04,41.547821506289935,41.62304400365724,41.34723030553688,41.531105041503906,10880000
2019-02-05,41.56453694529892,42.69287437796211,41.55618030728196,42.40034103393555,15454200
2019-02-06,42.57586617776922,43.160929774367354,42.567509538368434,42.7095947265625,11052900
2019-02-07,42.483943500518684,42.72632437801557,42.01589184114272,42.249916076660156,10623300
2019-02-08,41.99081463502214,42.3585674247622,41.71499765146152,42.0326042175293,12461200
2019-02-11,42.24990513188312,42.87675833321177,42.10781993665194,42.48393249511719,9971800
2019-02-12,42.87676417856513,43.612272927797314,42.64273997176699,43.17765426635742,16637600
2019-02-13,43.46181638891249,43.87136183083139,43.09406370573173,43.119136810302734,11004000
2019-02-14,43.04392619858943,43.26959376708584,42.70124652531875,43.10243225097656,17895000
2019-02-15,43.528681204076946,43.7627053433441,43.12749241056215,43.445098876953125,12239500
2019-02-19,43.46181242940041,43.862998007686436,43.25286140810521,43.47016906738281,8258400
2019-02-20,43.67077110267587,44.23075840746482,43.578832127062135,43.83793258666992,12863700
2019-02-21,43.87973213756112,43.95495466304486,43.37825075989676,43.75436019897461,7826200
2019-02-22,44.03852641995666,44.42299881237161,43.99673684357295,44.39792251586914,13394500
2019-02-25,44.94955142627373,45.108356273892944,44.21404598381697,44.289268493652344,15341700
2019-02-26,44.364493265681354,44.481505356205126,43.695847282676326,44.32270050048828,11366700
2019-02-27,44.25582837517706,44.4062733704284,43.68748132385859,44.331050872802734,10426200
2019-02-28,44.297629200275395,44.93283908405105,44.05524518095897,44.623592376708984,19000200
2019-03-01,45.13342902921235,45.46775200106109,44.89104503403902,45.30059051513672,12659000
2019-03-04,45.6182043085927,45.71849994083684,44.51493960054447,44.94955825805664,14021700
2019-03-05,45.04984891021306,45.325662645959135,44.882687427888726,45.08327865600586,10092800
2019-03-06,45.56523002704572,46.892700764608925,45.42994648772126,46.33465576171875,20521300
2019-03-07,46.360033895109886,46.546046786933125,45.328494663757205,45.68361282348633,13667300
2019-03-08,45.19320502150205,45.345399419624165,44.83808368407903,45.26084518432617,10117100
2019-03-11,45.42149310029927,46.292380691216145,45.36230675288244,45.95417022705078,10738800
2019-03-12,46.21628248467989,46.76587367054439,46.114820637820614,46.36847686767578,9575300
2019-03-13,46.52911881272333,47.298544434366775,46.503754160767976,46.8335075378418,9198900
2019-03-14,46.951884187761465,47.23936209410134,46.71513881503938,46.84196853637695,7306100
2019-03-15,46.503758757460055,48.48228244088491,46.43611537834147,47.85659408569336,27985600
2019-03-18,47.87351269541003,48.355460560851974,47.721318293121584,48.05107498168945,13089300
2019-03-19,48.33855088102059,48.76976943972603,48.00879740990139,48.16944885253906,9363700
2019-03-20,48.22017068730629,48.778215680766145,47.98342530384271,48.3300895690918,8804800
2019-03-21,48.38928015524083,49.27707864643975,48.36391549776534,48.845863342285156,19542700
2019-03-22,48.76976811201819,49.11643242163084,47.98343144441142,48.04261779785156,10243500
2019-03-25,47.839697315312804,48.14408291413283,47.408478739175585,47.89042663574219,6929600
2019-03-26,48.32163579323417,49.37008239966737,47.91578195641893,49.04032897949219,16051800
2019-03-27,48.490742334493824,48.76130943408738,47.619854684265455,48.11871337890625,11934400
2019-03-28,48.22017406483532,48.52456285084562,47.63676437525835,47.81432342529297,11064300
2019-03-29,48.19481203836343,48.66830608971406,48.14407949612125,48.220176696777344,8529100
2019-04-01,48.73594006149647,49.167158552227875,48.28781395091366,48.87968063354492,12066500
2019-04-02,49.02342414199868,49.48846115629796,48.75285703457313,49.116432189941406,7614500
2019-04-03,49.209436266974365,49.285533461385604,48.34700247211833,48.7697639465332,11563400
2019-04-04,48.828947074339524,49.556097278439196,48.7782145396068,48.92195510864258,9905100
2019-04-05,49.02343383106655,49.20099292564244,48.778231333557954,49.031890869140625,12332600
2019-04-08,48.86276640790274,49.45463304958805,48.62601781598039,48.837398529052734,8942400
2019-04-09,48.67676002124467,48.75285722208919,48.220176816177535,48.56684112548828,11713400
2019-04-10,48.79512273459318,48.92195245183029,47.43383043462481,47.62830352783203,15976500
2019-04-11,47.72131998790036,48.11026304390287,47.17173193826453,47.264739990234375,13903800
2019-04-12,47.58603240953283,48.3385473476791,47.408473357357366,48.15253448486328,13483500
2019-04-15,48.313174619633095,48.76130069323962,48.22016659105506,48.34699630737305,10712500
2019-04-16,48.583757131177286,60.057505476948606,48.4400197506625,59.567100524902344,86755900
2019-04-17,66.64412248028268,69.77255499423912,64.67405234568095,66.86396026611328,156019300
2019-04-18,66.55956781927402,67.81093817587744,65.96769788232642,67.548828125,41621200
2019-04-22,67.49810681876369,69.75565182038822,67.08379587850636,69.30752563476562,33292500
2019-04-23,70.93937882765194,74.37220003874079,70.40669522535997,73.3237533569336,56973700
2019-04-24,73.59433000860668,74.93870861582616,72.12312164861594,73.4167709350586,40290400
2019-04-25,72.85871629469229,72.98554603648194,71.46360203666337,71.92864227294922,20732200
2019-04-26,71.45512717786059,73.35755330596574,71.20146778044933,73.25608825683594,18860600
2019-04-29,73.0531651847749,74.38909264678671,72.57966806926633,73.77185821533203,17930000
2019-04-30,73.54359751722282,73.94944496759896,72.75726082493654,72.82489776611328,17582400
2019-05-01,73.70423123657261,74.59203288107734,72.84180069831115,73.02781677246094,28211500
2019-05-02,73.9832522794064,76.38453417127785,72.84179767726108,73.67886352539062,40342000
2019-05-03,74.2031007126285,75.9448760383722,73.61123073873028,75.49674987792969,21068400
2019-05-06,72.993998590155,74.9978838742212,72.8333471636987,74.61740112304688,15682100
2019-05-07,73.72960500550771,74.53285574763966,71.683440838595,72.03855895996094,21579500
2019-05-08,71.74262458965356,72.4782319150802,71.11693938173038,71.48051452636719,15500700
2019-05-09,70.49123726521657,71.73415034677491,69.55270645304103,70.83789825439453,14516000
2019-05-10,70.49969587220895,72.99399225498422,70.47433121777583,72.57968139648438,15955600
2019-05-13,70.38132465528065,71.74261704548233,70.16994392948322,70.93091583251953,16689000
2019-05-14,71.25222438154069,73.08701429742798,71.02393599705772,72.82489776611328,14353700
2019-05-15,72.33450147479473,73.56050735030145,71.77645315022205,72.93482208251953,11784800
2019-05-16,70.84635349315249,71.70033329492335,69.44278260210676,70.01773834228516,22498800
2019-05-17,68.05614568091688,70.27987533921741,67.64184120973925,68.91012573242188,19523400
2019-05-20,65.90851436579595,66.22981722991986,64.31893346989382,64.78397369384766,32679300
2019-05-21,66.7202046478281,66.83012028525275,65.29126910717373,65.73939514160156,17282200
2019-05-22,58.450993187686024,60.65780837583465,57.4701900211908,58.603187561035156,66150700
2019-05-23,56.66695504181249,57.72385891155618,55.719973303052896,57.71540832519531,31820700
2019-05-24,58.28190220585067,58.46791830295526,55.779154833054136,55.982078552246094,21420000
2019-05-28,56.34564270302229,57.250351902438545,55.161909412455785,55.27183151245117,22667300
2019-05-29,55.26339011811616,55.931354138629686,54.75607755024607,55.601600646972656,16312600
2019-05-30,55.77915509618607,56.70922913526783,55.74533340102307,56.303375244140625,11554600
2019-05-31,55.61849252096069,57.360267542730746,55.407111806636074,56.49783706665039,15060300
2019-06-03,56.72612893069121,57.60547353111597,56.04125743791422,56.3625602722168,13620700
2019-06-04,57.16579771872541,57.91831250380355,56.3963688649786,57.876033782958984,15866700
2019-06-05,58.05522607998442,58.30266976734187,56.16954126576892,57.184906005859375,11779200
2019-06-06,57.09957638615904,57.995492870020634,56.54496172994906,57.6712532043457,10781700
2019-06-07,57.756585239087784,58.68662607420473,57.423817737551346,58.60983657836914,10495600
2019-06-10,58.87433536174567,60.973332623902635,58.87433536174567,60.1883430480957,15229200
2019-06-11,61.075741972943064,61.621822394640546,59.957978117143924,60.7856330871582,11839500
2019-06-12,59.32655740569435,60.04329182912415,59.04498293542585,59.377750396728516,9396200
2019-06-13,59.702004221299326,60.14569210521816,59.198582487257404,59.66787338256836,6790500
2019-06-14,58.3197392397907,58.976746546095896,57.9357786653055,58.63544464111328,12119500
2019-06-17,58.951143452073936,59.710543281773745,58.789030092517855,58.96821212768555,9411100
2019-06-18,59.463100550352586,61.76687705192406,59.44603187445777,61.39997863769531,14508000
2019-06-19,61.749815175252536,61.96312805639019,60.41021054209979,61.26346206665039,11999300
2019-06-20,62.449480699903546,62.85903778315388,61.63036002361042,62.065513610839844,9871800
2019-06-21,61.69861043511648,62.432407204906816,61.69861043511648,62.04844665527344,15244500
2019-06-24,62.26176547088271,62.67132256167503,61.604758144289185,62.423885345458984,8893000
2019-06-25,62.48360016416512,63.26005551924667,61.87778596794128,61.90338897705078,8953400
2019-06-26,62.93583369958523,64.5826093873401,62.8419755119573,63.95119857788086,13808000
2019-06-27,64.28397514684838,64.76180048978166,64.13892393104425,64.36077117919922,11151900
2019-06-28,64.55698498956697,65.22251984351473,63.831716305854506,64.90681457519531,29217500
2019-07-01,68.83180195002551,68.90859797570427,65.76863196688635,66.14405822753906,17693000
2019-07-02,65.93926018221764,66.10991435005847,65.37611770282005,65.7088851928711,7075600
2019-07-03,65.76009154921454,65.89661491122551,64.88977790066728,65.38465881347656,5290400
2019-07-05,63.31122910633849,65.46142552688573,63.22590529817471,65.41023254394531,9220800
2019-07-08,64.83005055723554,65.7259607087118,64.78738537915906,65.38465881347656,7924900
2019-07-09,65.22253282545572,65.56382814479367,64.7105768268669,65.31639099121094,7506500
2019-07-10,65.55530492465978,65.6235665972399,63.208863635497316,63.44777297973633,15075700
2019-07-11,63.584281775146586,64.65938019807196,62.543320693986146,62.893150329589844,14298400
2019-07-12,63.353912695179815,63.97678904457186,62.850497523715866,63.90852737426758,8028100
2019-07-15,64.12186176262927,64.76180048978166,63.81469065281264,64.36077117919922,8898200
2019-07-16,64.08772533687439,65.27374448716493,63.609906545330794,64.56554412841797,9909600
2019-07-17,67.03995273665822,67.74815286064157,64.59965355771585,64.64231872558594,20602300
2019-07-18,63.96827135725267,64.29250461089892,63.1832814738189,63.456321716308594,12580800
2019-07-19,63.498970937243044,64.5996660818214,63.498970937243044,63.993858337402344,14477400
2019-07-22,64.04501994919374,65.37609597684167,64.04501994919374,64.80441284179688,9645800
2019-07-23,64.28395745731207,64.49727030766385,62.55185815402228,63.24299621582031,14420400
2019-07-24,63.14914255504899,65.20547519434383,62.867568010106524,64.73619079589844,14012700
2019-07-25,64.7105871170661,64.96656515706583,64.07918286413661,64.29249572753906,7299500
2019-07-26,64.0877366394848,64.71914108392183,63.86588937151733,64.18159484863281,8262500
2019-07-29,64.13038922477224,65.12015763153853,63.71229128081579,63.96826934814453,8237500
2019-07-30,63.63549333451536,64.05358471328023,63.44777697798653,63.83173751831055,7397900
2019-07-31,63.84881384473625,64.23277443107811,62.082583429936996,62.423885345458984,14052800
2019-08-01,58.77195242959383,62.89315813761977,58.23440640629142,60.751495361328125,29729800
2019-08-02,60.10301658713157,61.03305727006095,59.73611831088648,60.708824157714844,12649400
2019-08-05,59.701995871432175,60.444320353186306,58.49890838614783,58.70369338989258,13071800
2019-08-06,59.31803339193646,59.66786958431559,57.492075949711094,58.16614532470703,13189900
2019-08-07,57.38969486714165,59.386300153442015,57.27024018384805,59.21565246582031,8934900
2019-08-08,59.35216122701757,60.879481909359406,59.17297922649136,60.80269241333008,8367900
2019-08-09,60.16275595787341,61.5962185207331,59.88971577969972,61.00747299194336,8702200
2019-08-12,60.58085643994104,60.990420023843626,59.49722990032396,59.55695724487305,7364300
2019-08-13,59.63374189117712,61.83513214179239,59.13885449968218,61.58768844604492,10134800
2019-08-14,60.27368368793009,61.34024803194045,60.196894179861566,60.47846221923828,10336900
2019-08-15,60.95629373441506,61.596232406565974,60.23102469814312,60.717384338378906,9107000
2019-08-16,61.30611437676,62.63719104362444,61.20372837070324,62.52626419067383,10090600
2019-08-19,63.635487083569366,64.44607326009213,63.26005440739065,63.882930755615234,9688400
2019-08-20,63.62693785305281,65.22251984351473,63.422159400251104,64.90681457519531,9387300
2019-08-21,65.27372642323029,65.86247192116116,64.83856642433393,65.44437408447266,11004100
2019-08-22,65.62357534658463,66.51095116927104,65.35906295751809,65.82835388183594,7198800
2019-08-23,64.94951168273703,67.49219770922952,62.475080834224144,62.73105239868164,16479400
2019-08-26,63.908532149154894,64.07064549100079,61.87778961951936,62.21056365966797,11153800
2019-08-27,62.867550413062006,63.464823665645234,62.4579869614405,63.114994049072266,7303100
2019-08-28,62.96142837893779,63.89146938056304,62.21056940946624,63.439247131347656,5678500
2019-08-29,64.18156831586376,65.72595119373132,64.18156831586376,65.23106384277344,7348400
2019-08-30,65.85393047786714,66.59626139471638,65.70034499540833,66.35734558105469,8465300
2019-09-03,65.50410435488428,65.69182069654495,63.737874291663466,64.09624481201172,7580700
2019-09-04,64.83859273662533,65.80277129231405,64.53142161390248,65.77716827392578,4923700
2019-09-05,66.45974034251189,68.63553366669261,66.45974034251189,67.3983154296875,13480300
2019-09-06,67.37271719946253,67.47510969189379,66.92902941850772,67.27032470703125,5128000
2019-09-09,67.44098827710346,67.79081794961992,66.52800958227441,66.7327880859375,6885100
2019-09-10,66.5792125559899,67.30447501871072,65.99046694623439,67.159423828125,9373900
2019-09-11,67.22822435901799,68.72467417890334,67.18522700005299,68.71607208251953,6575700
2019-09-12,68.84509060864252,68.84509060864252,67.58085121606327,68.0108642578125,5847100
2019-09-13,68.09684837786929,68.40645821475442,67.40022952561606,67.43463134765625,5343700
2019-09-16,66.72080583454519,67.50342593219862,66.14459010001801,67.11641693115234,3756500
2019-09-17,66.74661593596501,67.76144684118968,66.66061465141597,67.67544555664062,4400800
2019-09-18,67.6754515314378,68.00225906616771,66.77242156025423,67.8560562133789,5147500
2019-09-19,68.14845239173631,68.80207393129722,67.2626267397072,67.27983093261719,5180900
2019-09-20,67.25402793929753,67.68404092244259,65.50817627756494,65.74038696289062,9122000
2019-09-23,65.93819120890868,67.00462816288093,65.41357482905327,66.42840576171875,5815700
2019-09-24,67.1508253657673,67.34003211788364,64.18373200676281,64.69975280761719,10177800
2019-09-25,64.52773437687024,66.64339704610643,64.39872919526933,66.44559478759766,5571600
2019-09-26,66.35960216391148,66.81541484499317,65.31036950705635,66.52300262451172,3760300
2019-09-27,66.2305997635276,67.25402617475662,65.54257638395616,65.9037857055664,5013200
2019-09-30,66.12739190541811,66.17899136050967,65.37916699920532,65.60277557373047,4775800
2019-10-01,66.27359653615478,67.13362247225429,64.47614547921587,64.90615844726562,7043700
2019-10-02,64.72552935278645,65.11253825333621,63.444086467506814,63.63329315185547,5997500
2019-10-03,63.58171158201986,65.21576201520202,62.91949456218381,65.1297607421875,5419400
2019-10-04,65.63717341747794,66.70360364739135,65.22435811734687,66.64340209960938,4893600
2019-10-07,66.23059550087812,66.69501026797718,65.59417161921822,65.65437316894531,4215500
2019-10-08,64.9491569673579,65.2071673773874,62.618487426273234,62.652889251708984,8489600
2019-10-09,63.56450618808026,64.32992857892906,63.26349192708123,63.94291305541992,5137500
2019-10-10,63.942932028554914,65.33617651593472,63.78812708551271,64.47615051269531,5580600
2019-10-11,65.52535800149138,66.9271974836964,65.37055311818546,65.9639663696289,7280800
2019-10-14,65.92097995159129,66.54019958747176,65.60276803829821,65.6199722290039,4545300
2019-10-15,66.11878912686788,67.0648228702989,65.60277489684537,66.92721557617188,5222500
2019-10-16,66.64340702448919,67.3572301162809,66.46280236779678,67.27983093261719,6218000
2019-10-17,67.684049052407,68.76768373730854,67.42604516841591,67.916259765625,5916700
2019-10-18,67.61522715082761,68.13124129100278,66.79819874753076,66.80680084228516,6107000
2019-10-21,67.40882965953116,68.01944727908656,67.09062426653132,67.92485046386719,5119800
2019-10-22,67.88183236911304,68.00223544859041,67.28841250492046,67.48622131347656,4944500
2019-10-23,66.40260603180415,67.19382836941382,66.1102003441353,66.42840576171875,5785700
2019-10-24,67.13359422740099,67.95921799131781,66.72938115766085,67.93341827392578,5271200
2019-10-25,67.94205904392084,68.99989398950315,67.86465984768411,68.94828796386719,6712300
2019-10-28,69.27507602937625,71.49393745338531,69.26647393475713,71.42514038085938,9949800
2019-10-29,71.16712299618624,71.25312424944553,70.04049148709687,70.22969818115234,4993600
2019-10-30,70.608125772579,70.73713097114396,69.5330933869993,70.04051208496094,3971000
2019-10-31,70.04051452484886,70.0663142531652,68.66446777419017,69.18048858642578,5693700
2019-11-01,70.16950992388463,71.94116773697205,69.87710426784194,71.88096618652344,8620300
2019-11-04,72.70657050959136,73.85040621884438,72.50876171958384,73.17958068847656,8389200
2019-11-05,73.27419419325749,73.73860890412801,72.86998758630124,73.497802734375,7280000
2019-11-06,73.39462962940996,73.62684036793831,72.43140452582243,72.78401184082031,9755300
2019-11-07,77.25611902452198,79.55238633088626,75.95747823206933,77.38512420654297,30254000
2019-11-08,77.38513183785588,80.93703637244384,77.05831780297723,80.86823272705078,16371300
2019-11-11,78.872947873209,79.56956651734994,78.16772713575871,78.98474884033203,11297700
2019-11-12,79.27717982537702,79.33738136991954,77.54852610140445,78.2365493774414,9332100
2019-11-13,78.00433606958649,79.03637094840167,77.07551320857165,77.80653381347656,9353200
2019-11-14,77.66892277803022,77.90113340314845,76.91210248605475,77.81513214111328,8793600
2019-11-15,79.63840046183078,80.79083862949362,77.90115095596785,78.09895324707031,25490200
2019-11-18,78.09893564968178,79.10517075606792,76.78309731226415,77.81513214111328,10360500
2019-11-19,78.47735084190924,78.59775392376233,74.54703336905294,75.64786529541016,18091300
2019-11-20,75.52746833000145,75.99188306681985,73.36880165371866,73.63541412353516,13045100
2019-11-21,72.92158462313651,74.22022535163406,72.71518027895355,73.19679260253906,10180400
2019-11-22,73.35162588347507,73.80743866059282,72.69800421893044,73.00761413574219,6166700
2019-11-25,73.755813819379,74.21162643967514,73.17099601788226,73.35160064697266,8964100
2019-11-26,73.31723042421977,73.57524089781153,72.36260085800077,72.78401184082031,11584500
2019-11-27,73.23980851718362,73.36880715251542,72.64638854874993,72.9301986694336,5215000
2019-11-29,72.68077989936721,73.1881919558305,71.74334839501128,71.85515594482422,3882400
2019-12-02,72.22496352788511,72.49156940390546,70.78871557533614,70.90911865234375,7668800
2019-12-03,69.98888172390687,69.99748381721292,68.63864177974163,69.30086517333984,11126100
2019-12-04,70.13289898644832,71.45027798436807,69.72555162014883,71.13826751708984,8477400
2019-12-05,71.63229027672531,72.31697961556597,70.87826380202284,71.58028411865234,6358300
2019-12-06,72.32564485008771,73.01900301325587,72.29964507613077,72.64632415771484,6860400
2019-12-09,72.80234351430475,73.9290490945871,72.66366920987102,73.59970092773438,8382900
2019-12-10,73.70369888206164,73.95504107307104,72.53366266432101,72.90634155273438,8082200
2019-12-11,73.53034366402018,75.48907469810237,73.46101314312088,75.39373779296875,9571500
2019-12-12,75.2637303200625,77.33513579369239,74.85638955083019,77.17913055419922,12164600
2019-12-13,77.05781977642377,77.74250268903228,75.88777678084449,76.12178802490234,12269100
2019-12-16,77.37845046396417,78.40114979651256,76.57242466278323,76.64176177978516,8719100
2019-12-17,77.13580019970148,77.17046876855454,75.99176387696409,76.54644775390625,7485900
2019-12-18,76.73712440605871,76.83246132083177,75.91376074323261,76.25177764892578,5860600
2019-12-19,76.58111110986115,76.8757840065236,75.93975916062004,76.69377899169922,7471400
2019-12-20,76.97979093825138,77.87248504959294,76.42510709018765,77.00579071044922,17538000
2019-12-23,77.14447202298369,77.42181397234066,76.48578241362827,76.65911865234375,7274700
2019-12-24,76.80646352644143,76.97113097336897,76.25177961474552,76.93646240234375,2435200
2019-12-26,77.06647720327531,77.10114577848987,76.26911981040438,76.61579895019531,5070000
2019-12-27,77.04913149419906,77.09246224566878,76.34710455191464,76.96246337890625,5808900
2019-12-30,76.88443507694046,76.94510340122929,75.67106197881252,76.64176177978516,6543100
2019-12-31,76.26042581227692,76.9364462746746,76.16508891503085,76.46843719482422,5173400
2020-01-02,77.17913696976618,77.8378199358439,76.33844236552261,76.86712646484375,8413900
2020-01-03,75.62776547348417,75.95710700979535,74.91707623339366,75.41975402832031,8340300
2020-01-06,74.45772208820465,75.01240599764186,74.13704276679253,74.97773742675781,8381400
2020-01-07,75.43707431659384,77.56047275312812,75.32440643557483,77.10979461669922,8377400
2020-01-08,77.04915744056014,77.54317313767795,76.19979375501877,76.88448333740234,7619900
2020-01-09,77.70781829565868,78.62651218716758,76.98846040096434,77.92449188232422,9155500
2020-01-10,78.44451785446456,80.07390106771561,77.88983392602361,78.22784423828125,9668300
2020-01-13,78.91253783140357,80.36858487363807,78.47919057612371,78.84320068359375,10367800
2020-01-14,78.98184658601274,79.39786274579242,78.25382657183896,78.48783111572266,7800100
2020-01-15,78.65250787315755,79.02518668735368,77.35246642070867,77.71647644042969,7259100
2020-01-16,78.1931688575267,79.93522643140969,77.84648977934974,79.55387878417969,9295500
2020-01-17,80.60259518725306,83.35001539322975,80.55925781371583,83.12467956542969,23694400
2020-01-21,82.62198341457695,82.9599937207168,80.96659384296807,81.93729400634766,10868500
2020-01-22,82.56130712374221,82.67397501083018,80.35123384638098,80.57657623291016,8342300
2020-01-23,80.47256684534027,80.55923495546828,79.2678622612078,79.73587799072266,11282000
2020-01-24,80.32523291762135,80.81924843444231,76.98846098033216,77.69915008544922,9471700
2020-01-27,75.66243627008818,76.45979366290697,74.92574061844763,75.44576263427734,9240200
2020-01-28,76.3991061501785,77.60381073418532,75.74041661103892,77.26580047607422,9187000
2020-01-29,76.84111598978095,77.15311983889706,75.70574201685562,76.46843719482422,8158500
2020-01-30,75.67107517838467,76.14775967548336,74.70038182044198,76.07842254638672,8379400
2020-01-31,75.44575919096421,75.54975829949998,73.70370138709254,73.93770599365234,9503600
2020-02-03,74.14570282668629,75.0383969316227,73.80769256583373,74.95172882080078,7792700
2020-02-04,76.4857742419871,77.09245762502769,75.72308561582851,77.07512664794922,9236400
2020-02-05,78.86052926381376,78.99053475891115,77.3698136930525,78.79119873046875,14220900
2020-02-06,76.32112276547129,78.67853308619478,74.70040812924005,78.53119659423828,21059000
2020-02-07,77.67315781500781,78.02849909571093,75.7317575154675,75.76642608642578,10725100
2020-02-10,75.21173249807319,76.82378447225908,74.96905914494464,76.78911590576172,7481300
2020-02-11,77.45647215278586,79.27652886457638,77.04912477285575,78.00248718261719,9452800
2020-02-12,79.4325414965726,80.11723085238496,79.12053098981372,79.49320983886719,9824200
2020-02-13,78.89519018873584,79.1985319063217,77.81182218853381,78.02849578857422,8428300
2020-02-14,78.47917875291294,78.6958523479101,76.95379479267399,77.65581512451172,6256500
2020-02-18,76.12176874993935,77.13579958447836,75.8617577917919,76.29510498046875,7248100
2020-02-19,77.06645303936692,78.53983726841545,76.8324484954832,78.48783111572266,7820900
2020-02-20,78.70449598893552,79.63185849255322,76.85843977491668,77.54312896728516,9754900
2020-02-21,76.75446254302156,77.16181001461294,74.82173751751273,75.42842102050781,12257600
2020-02-24,72.71566655174317,73.5216926644283,71.68429802788961,72.21298217773438,12158500
2020-02-25,72.75035023774555,73.14902897888317,69.0235606387445,69.5262451171875,14725000
2020-02-26,70.20223008934991,71.09492405596657,68.54684099603013,69.04086303710938,13125000
2020-02-27,66.84814201201807,67.76684264553815,65.2880959352656,65.81678009033203,17898300
2020-02-28,63.92737438357388,69.17087101024156,63.5633577466959,67.86216735839844,20843300
2020-03-02,68.48619725421347,69.95091309171289,66.84814515969767,69.82090759277344,15043400
2020-03-03,70.04623247905023,71.63228462182639,67.4548183950574,68.0875015258789,16356200
2020-03-04,69.11834603364237,71.55565950709178,68.1836063142868,71.45956420898438,9894900
2020-03-05,69.41537466722522,71.08393270081073,68.75144522294917,69.16203308105469,9396200
2020-03-06,66.68103495659726,68.20981536239793,66.24424055493994,67.67692565917969,11536500
2020-03-09,63.24782957078331,66.48010541971672,62.749884228327005,63.457489013671875,13898500
2020-03-10,65.34443723103601,69.04845144179885,64.7853409979002,68.91741180419922,13615600
2020-03-11,66.64609423502893,67.95647751138037,64.40097115481161,65.18720245361328,13376500
2020-03-12,60.73188833659005,63.361392399557786,58.53044756953911,58.547916412353516,19386200
2020-03-13,62.18205452315837,66.9780554368043,58.757587835507714,66.22676849365234,15971400
2020-03-16,59.64864756415592,62.17331889010261,56.3115383145166,56.32901382446289,16134700
2020-03-17,57.578242483180304,60.985233558554704,54.33722541941534,60.15532684326172,16864500
2020-03-18,55.52530674236152,57.2724810543991,50.668151690919615,53.454898834228516,18381200
2020-03-19,53.3937499120086,59.01092985162709,51.576686825560714,56.78327560424805,17127400
2020-03-20,56.809493971901595,59.38658562830939,53.10547832367471,53.21030807495117,16591500
2020-03-23,53.76939071876747,56.66097088653744,51.637835216915,54.62550735473633,14920300
2020-03-24,57.65686220690905,59.072078496825625,54.32848759800034,57.185123443603516,18966800
2020-03-25,57.56951985265639,58.495522114875854,54.56437138136305,55.10599899291992,15969800
2020-03-26,55.909676290490786,60.85419148660841,55.2544847714616,60.26015090942383,15820300
2020-03-27,58.09365955918848,60.38246478631743,57.59571417242217,58.172279357910156,9739100
2020-03-30,58.696432836042234,60.71442080482764,57.70927323940068,60.3038330078125,9880800
2020-03-31,60.53971639283557,61.46571853927756,58.233442117389906,59.09829330444336,13213900
2020-04-01,56.78326876133483,60.01554447099875,56.78326876133483,57.56949996948242,14167900
2020-04-02,57.54329445804901,59.63117107712557,57.05408021656157,59.421504974365234,15432900
2020-04-03,59.12450521856976,60.00683199612679,56.39017398172921,56.984214782714844,8600700
2020-04-06,59.84082754255632,62.348029577664036,59.09827846078528,61.981117248535156,12153100
2020-04-07,64.34854382918915,65.43179190029832,61.9024929177013,63.53610610961914,11285600
2020-04-08,64.38347282330251,64.9775132979428,63.265280556909396,64.06024932861328,10695600
2020-04-09,65.18719322718411,65.37937714861974,61.15121090788087,62.5314826965332,15459400
2020-04-13,62.64504804810464,64.21751045367897,62.40918201974508,64.0340576171875,7896500
2020-04-14,65.51917166914224,67.85165258097454,65.49296506686736,67.746826171875,11314100
2020-04-15,66.2704385552322,66.68975739405002,64.67176965297645,66.38400268554688,9951700
2020-04-16,67.14405269780511,67.86913318493829,65.85113801394165,67.13531494140625,8819700
2020-04-17,67.5458960004773,68.35833397437477,65.93849556370857,66.54126739501953,9926000
2020-04-20,65.53662908644306,66.59367740352198,64.73292898705165,64.9163818359375,7217700
2020-04-21,64.04278624273167,64.61935799091796,62.67998998695016,62.758609771728516,9273800
2020-04-22,64.46210776415039,65.81616618277953,63.55357476157887,65.2396011352539,7365300
2020-04-23,65.51914873691706,66.54124585762438,64.43590067732005,64.47957611083984,7673800
2020-04-24,64.57568548687837,66.48884718026108,64.34855718712677,66.42769622802734,6071300
2020-04-27,66.90816534255453,67.98268253686985,65.947218961798,66.37528228759766,7219500
2020-04-28,67.36243037423147,67.94773324868615,65.65893494411608,65.77249908447266,6250500
2020-04-29,67.41484227075267,69.22317071753548,67.11782529478553,68.9873046875,11950200
2020-04-30,70.12298363262504,70.64714234616518,67.51095448062425,68.7252426147461,17113500
2020-05-01,67.1352885708916,67.78174232642083,65.23960273923204,66.0782470703125,9742100
2020-05-04,65.65894926002454,66.34034758063896,64.72420267692729,66.11321258544922,7202400
2020-05-05,67.04794042212184,68.84753121793045,66.88195641728193,67.81669616699219,7540800
2020-05-06,68.84754350936193,70.009418420765,68.59420191225453,68.89996337890625,8179700
2020-05-07,69.62501575663993,70.03560350632762,68.36705257828616,68.86499786376953,7291800
2020-05-08,69.62501779966192,70.83930557822534,69.32800083625065,70.37630462646484,7887200
2020-05-11,70.14045822596421,70.99657167228732,69.48526650757304,70.30644226074219,6604600
2020-05-12,71.01403833345887,71.45083275794936,68.48936709310013,68.5068359375,7318100
2020-05-13,68.89121767398096,69.45905176301424,67.0479446557852,68.13993072509766,9584800
2020-05-14,67.70313632391196,69.88710846339299,66.80334086883842,69.77354431152344,9956800
2020-05-15,65.23089447822503,67.8778683028965,64.96882175531088,66.19184112548828,29597800
2020-05-18,67.50220664365581,70.04435336382302,67.44979344611139,69.8346939086914,13191000
2020-05-19,69.66869677546933,70.01813357818007,68.13991659544335,68.21853637695312,8118400
2020-05-20,69.852158962363,71.59933654520836,69.61629292125843,70.43746185302734,11379200
2020-05-21,69.42410740900176,69.96572823381015,68.02636657327261,68.13993072509766,8141500
2020-05-22,68.36706738184604,68.80386182035652,67.51968510474306,68.7514419555664,5530400
2020-05-26,70.05310283053005,70.38506424540167,67.94775017778431,68.15740966796875,10067300
2020-05-27,68.37578153688352,69.29305229655225,66.53251559465794,69.266845703125,9125900
2020-05-28,70.09675689042601,71.18001169988757,67.90405400625225,68.23601531982422,11161700
2020-05-29,68.75142959535991,70.93540139527543,68.05256261835873,70.65585327148438,10558700
2020-06-01,69.79101587378098,70.30643678454553,69.22318176241316,69.6512451171875,6474800
2020-06-02,69.82595870402095,74.15022094815116,69.80848985918618,73.93182373046875,13255300
2020-06-03,74.78574797468623,75.66609818847436,73.61488729491774,74.04625701904297,13029300
2020-06-04,73.90541776138444,76.32638150446964,73.90541776138444,75.74535369873047,12109000
2020-06-05,77.47082934918984,78.77375079806745,77.3123660204958,77.95502471923828,11882100
2020-06-08,78.3511891108662,80.55206520948603,77.77015459689096,80.4376220703125,9748300
2020-06-09,79.43401521603346,79.57486777975221,78.40400019962559,79.01144409179688,7327700
2020-06-10,79.45161366175468,81.11547517230649,79.25793552333452,80.12068176269531,9079700
2020-06-11,78.01665036587697,78.40399995228671,73.87020102703313,73.96703338623047,15241700
2020-06-12,75.93020940916317,76.71372059791717,73.53565564358442,75.04105377197266,10113200
2020-06-15,73.658905362228,76.211922484491,73.15710597778461,76.05345916748047,9852600
2020-06-16,79.14350505253888,79.61889509103752,77.25955566841884,78.80896759033203,12639800
2020-06-17,79.83016830195746,80.19110844514901,78.61528726285464,79.1787109375,7620300
2020-06-18,79.09950090911084,79.66292476178802,78.37761367808434,79.16112518310547,5709500
2020-06-19,79.11709014370933,79.45162086624428,77.06587217031752,78.18391418457031,23213800
2020-06-22,78.1046894023573,78.73854277181839,77.12749991052819,78.46562957763672,8028000
2020-06-23,79.35477933436121,79.76854506997603,78.44801955624709,78.6593017578125,7778700
2020-06-24,78.50082807228115,79.08186244561557,76.96021517615647,78.47441864013672,8208800
2020-06-25,78.0870936023294,78.75616192241547,76.87221222232795,78.31598663330078,7062600
2020-06-26,78.41278893909922,78.99382327202088,77.06585426110284,77.48841857910156,9126500
2020-06-29,77.65570239557512,78.48323386137929,76.3087674550488,78.3599853515625,5870400
2020-06-30,78.52726180528094,80.9306216222506,78.35119439213985,80.29676818847656,9378500
2020-07-01,80.12069872615132,80.37600117025515,78.86179727642063,79.0378646850586,6990600
2020-07-02,80.1911058509875,81.4324030017643,79.9358101737532,80.8777847290039,8317300
2020-07-06,82.05744930038503,82.53283926051033,81.08025994621741,81.8021469116211,6933100
2020-07-07,81.84617859643299,82.35678344560438,80.91300931221954,81.11548614501953,6722400
2020-07-08,82.11027176900215,82.40078898790873,81.2915456989727,82.33916473388672,6692700
2020-07-09,82.70890915800065,82.70890915800065,80.49923470992864,82.09266662597656,6287700
2020-07-10,81.8725853206032,82.330364562817,80.60487862441063,81.44121551513672,5687600
2020-07-13,82.1366727905333,82.86735832032885,80.28793207734276,80.40238189697266,7606400
2020-07-14,79.98863732436855,81.53805589821143,78.52725244660462,81.32676696777344,6571000
2020-07-15,81.81095587605618,81.81095587605618,80.12068486598555,81.47642517089844,6154100
2020-07-16,80.34075892740591,80.77212863293458,79.83015421345183,80.28793334960938,6178700
2020-07-17,80.71050685034798,81.397178933792,80.11186844386414,81.1947021484375,5985700
2020-07-20,81.15950011186695,82.11027337587855,80.37598884545123,82.0222396850586,5407500
2020-07-21,82.356768230712,82.62086927468715,80.82495396619088,81.26512908935547,7098600
2020-07-22,81.64369529765432,82.12789071068912,80.70172062582893,81.52044677734375,4366400
2020-07-23,81.79334931972589,81.84616818825415,78.55365995804422,78.94100952148438,9438500
2020-07-24,78.53604530855146,79.4868251942985,77.03945256422101,78.25433349609375,9520000
2020-07-27,79.24915034321285,81.73173852491495,78.58008878824448,81.60848999023438,8021700
2020-07-28,81.14189474439151,81.51164030036874,79.73333544790165,80.50804138183594,5818400
2020-07-29,81.06265672331129,82.41839698272206,80.7633341306036,81.89898681640625,11453000
2020-07-30,90.165486190964,94.80493655173323,88.65128243108957,94.36476135253906,42122500
2020-07-31,93.01781323012717,94.857742079943,92.00540907111684,92.97379302978516,16765100
2020-08-03,94.54963722924107,99.47959827849554,94.22390515320637,96.47760009765625,18899400
2020-08-04,96.38956258510682,97.73649761085835,95.65887686397146,97.67487335205078,10205400
2020-08-05,97.71888924124544,99.00419995140673,96.90896852797232,98.06222534179688,7967400
2020-08-06,97.92137028830611,98.03581341340029,96.77691217120429,97.7717056274414,6392200
2020-08-07,96.84735414665677,97.76291941366036,93.31714698844364,95.29793548583984,11155900
2020-08-10,95.60603883310067,95.94937490414583,93.07063245079658,93.6340560913086,10087100
2020-08-11,93.49320693504359,98.60804716991665,92.20789619632387,95.80853271484375,17803000
2020-08-12,97.1818894275554,102.34074380303605,96.53043194978481,101.93578338623047,18664700
2020-08-13,102.29670181330728,102.29670181330728,99.27710002627445,99.84053039550781,9958400
2020-08-14,99.74371571056476,100.8177376934645,99.1010568814341,100.13106536865234,6641000
2020-08-17,99.73487973576388,100.7912973396922,97.39314486778571,98.7576904296875,10283000
2020-08-18,99.40036879336625,99.81412784740365,98.17667553469174,98.62565612792969,6387000
2020-08-19,98.88974194665549,99.89334066137137,97.49878698536887,97.75408935546875,7747600
2020-08-20,96.83854406392311,97.70129041177043,96.5480268197616,97.4195785522461,7200300
2020-08-21,97.04102381080156,99.6116452678524,96.79452006639892,99.4795913696289,8546900
2020-08-24,100.68569459180645,102.12066356707851,99.71730361578187,102.04143524169922,10235000
2020-08-25,102.21749657128822,103.08904168121411,100.74731285575213,102.0766372680664,6208000
2020-08-26,102.34073367831293,102.60484148409897,101.38995363733179,102.1558609008789,7487400
2020-08-27,102.4991761835527,104.03978906555099,101.5483963358358,102.13822937011719,8206200
2020-08-28,102.74568348811225,104.11022915010176,102.27029351651346,104.05740356445312,6280300
2020-08-31,104.17184943149043,106.57520191587429,103.98697668011779,104.84971618652344,9694600
2020-09-01,106.59282630191808,107.90454649584923,105.21067646516825,107.41155242919922,9091900
2020-09-02,109.09316861155494,109.68616083893947,107.809819665148,109.0223617553711,9167700
2020-09-03,107.35843527882778,107.72130858002639,102.31355846809825,103.04816436767578,13560800
2020-09-04,102.39322736313433,104.27841440133616,99.46365603774264,102.64104461669922,11064300
2020-09-08,99.07423030855175,100.79125271886706,97.0208786999425,97.15363311767578,10245200
2020-09-09,100.43723172494452,102.46402569325679,99.39285420837297,100.9151611328125,9708400
2020-09-10,101.91528834912991,102.49942803729394,98.74675240412297,99.51676177978516,6166300
2020-09-11,100.3487213264865,101.64976865775627,99.48136094064913,100.38412475585938,6740200
2020-09-14,101.9949173198177,102.16308187779265,99.70260156800671,100.41950225830078,5397300
2020-09-15,101.72941678115309,104.2695500962283,101.5966556238552,103.18092346191406,8773700
2020-09-16,104.4377085496638,104.4377085496638,101.37538332961076,101.39308166503906,6340100
2020-09-17,99.05653728137337,102.40208406595919,98.2422785750485,101.67633056640625,7418100
2020-09-18,101.8179208839694,102.16309583775943,97.18018024002403,97.96788787841797,15443200
2020-09-21,96.61375033877134,99.25124166867498,95.85259349127905,99.05652618408203,8197600
2020-09-22,99.66723068991678,101.11873763080554,97.72893500253487,100.7381591796875,6911200
2020-09-23,100.5788452138928,100.8355150251509,97.41916157566781,97.8616943359375,6553300
2020-09-24,96.81730814146351,100.26906471509895,96.68454697468648,99.29549407958984,6849000
2020-09-25,100.49917927611209,102.44632046295567,98.9503148198687,101.3399887084961,11718000
2020-09-28,102.63219762736937,105.09267871027106,101.71172866964461,104.85371398925781,9043600
2020-09-29,104.56162866380633,105.54405182476623,103.72966500434144,103.88897705078125,5655700
2020-09-30,103.9951984345997,105.55291563802614,103.48185881321277,104.15451049804688,5829700
2020-10-01,106.14588478549956,106.39370199630336,104.17218613800499,105.78300476074219,5316800
2020-10-02,103.35794280208812,105.02187017986292,102.16310578779067,102.1985092163086,5834300
2020-10-05,103.46415803998862,106.78315365663167,103.31369852597079,106.6680908203125,5835900
2020-10-06,106.60612622886843,108.43821136254407,105.41128927256054,105.80072021484375,7637000
2020-10-07,107.30533467455427,109.18167588406646,106.78314929341255,108.88960266113281,7410300
2020-10-08,109.74811971651629,110.12869814369832,107.8363750350865,108.2789077758789,4757500
2020-10-09,109.68615616855963,111.42088355611958,108.67718214469836,110.51811981201172,11073400
2020-10-12,113.02284795244044,113.02284795244044,110.58891812239365,112.12893676757812,7893800
2020-10-13,112.81930786855825,113.44769685253432,110.98722243181422,112.81045532226562,7605700
2020-10-14,114.24424598866753,117.2003612490829,114.11147807270451,114.95230102539062,13177100
2020-10-15,112.66883694520234,114.29735416754113,112.09354303964282,113.80171966552734,7376600
2020-10-16,114.79297385677381,115.22666074258697,113.05824657105957,114.19998168945312,6625400
2020-10-19,115.1735861596101,116.79325776225875,113.02286981657448,113.66011810302734,5765800
2020-10-20,114.3327347334076,114.4655026381133,112.85468398103629,113.55388641357422,4409800
2020-10-21,113.32376973851966,115.43022974678965,111.84571886931475,113.77516174316406,4344000
2020-10-22,114.62482488705126,114.69563174570496,112.27940677864231,113.62471008300781,3895100
2020-10-23,113.81056131443226,114.26195333056626,112.4918157038692,114.0672378540039,3943100
2020-10-26,112.87239007467495,113.88136409666936,110.10213778656933,111.69525146484375,6065900
2020-10-27,111.96964423989574,112.36792103503372,110.80135798797487,111.43860626220703,5825500
2020-10-28,109.30559405045291,109.58881475279075,107.13718618122692,107.60626983642578,8234800
2020-10-29,108.03109310259913,113.01401620458623,107.88063358773812,111.90768432617188,7053300
2020-10-30,109.46489180789233,110.8544442521703,107.62395410709341,109.18167114257812,7811200
2020-11-02,110.19065651810118,111.66871430621453,108.34087283462652,109.72157287597656,5860300
2020-11-03,111.02260257233533,112.33249554323251,110.35880354245133,111.03144836425781,5832800
2020-11-04,114.45668233330083,114.67794871872243,111.58021257030578,114.14690399169922,12608900
2020-11-05,129.060221914555,131.6977125919865,125.528806686718,128.6973419189453,27910900
2020-11-06,129.22840347628062,129.42311895867155,127.41403007995252,128.3433380126953,7278500
2020-11-09,132.23761667448284,132.23761667448284,126.0687101283828,126.21916961669922,10666300
2020-11-10,124.04195033508442,126.71485248485568,122.60814824717515,124.00655364990234,12019900
2020-11-11,127.89195586285047,131.0693375458491,127.44942314360185,130.71531677246094,10222700
2020-11-12,130.60911669654504,131.44106688651806,126.62632211794781,127.3697738647461,8580700
2020-11-13,128.81242528666832,129.44082772587444,126.76792616852046,127.6795425415039,5899200
2020-11-16,128.51149423863885,132.0960118336218,127.93620712680111,131.93670654296875,7598500
2020-11-17,131.89244001615688,132.62704586488258,130.26390953577655,131.64462280273438,7438600
2020-11-18,132.08714457202555,135.70705825265566,130.02494089081688,130.1488494873047,12124500
2020-11-19,129.71513994048476,132.1402231958347,128.74157642565245,130.5736541748047,7743700
2020-11-20,131.2375063086636,131.96326647369764,129.16645635800063,129.24610900878906,5551900
2020-11-23,125.98910586397731,130.1046559038206,125.57312391095721,127.29015350341797,11649400
2020-11-24,126.90954749827112,129.51164235196296,124.89159914337306,129.15760803222656,10800800
2020-11-25,129.17528578679574,130.5382939955245,127.4848077185139,127.52021789550781,6398900
2020-11-27,128.76820049650058,129.6001508259071,127.18392549134376,127.29898834228516,3878000
2020-11-30,128.00699087610212,130.3612541671132,127.49365141271693,130.2550506591797,8712500
2020-12-01,131.68891719740913,134.87515906223902,130.8038515132931,133.87503051757812,11906100
2020-12-02,133.78611052627554,134.65722781362552,132.99500321740896,133.31500244140625,7800300
2020-12-03,134.25723885126845,135.795020290167,133.01280477217958,133.2528076171875,6355300
2020-12-04,133.59940292277233,140.52381031244718,133.33273474062963,140.1060333251953,12759900
2020-12-07,140.9327780827648,141.30610831045212,139.29723225766386,140.461669921875,7009300
2020-12-08,139.96386538444662,141.59051331620603,138.55052765049246,141.15496826171875,6088300
2020-12-09,140.97719378080131,143.17274124189413,138.2660912920722,138.68386840820312,7947200
2020-12-10,137.26159864562126,140.3104807726058,135.75938105999072,138.44381713867188,7522200
2020-12-11,132.65724427297414,133.57279502771001,126.1239320296522,128.2483673095703,25923100
2020-12-14,128.79945383629365,131.33278195931038,127.40391119259196,130.03500366210938,12258500
2020-12-15,132.77278447186757,133.2616740684202,130.7550247348514,131.87501525878906,6616400
2020-12-16,132.56833278791365,133.72388621352735,130.40834835024762,133.10166931152344,6610900
2020-12-17,134.10608071751585,134.4260798722362,131.89276566373366,132.91497802734375,7039000
2020-12-18,134.03498251145726,134.03498251145726,129.88389059042137,131.03944396972656,13288300
2020-12-21,128.8972604221202,130.98614643131282,128.3639373472065,130.48837280273438,7024600
2020-12-22,130.31945530826093,130.6927854520407,128.63946287959612,130.07945251464844,5751500
2020-12-23,131.22613621768184,134.70166730115608,130.5505747347039,130.63058471679688,5186700
2020-12-24,131.37722977655994,132.35499531766854,130.84389325354712,132.25721740722656,2120200
2020-12-28,133.88389390735472,134.28390312615937,131.05724528278657,131.32391357421875,4576600
2020-12-29,132.41721586445874,132.43499736437798,130.69277658167536,131.9905548095703,3543800
2020-12-30,132.5505689251808,134.7638981603806,132.37279458142515,133.28834533691406,3965600
2020-12-31,133.61725731204336,135.60835188987556,133.4217014426756,135.4127960205078,4941700
2021-01-04,136.00831800674774,137.9105317703627,130.7905662829489,131.99945068359375,9827000
2021-01-05,132.13278229340654,135.73277014068626,131.99945493596775,135.49276733398438,8507200
2021-01-06,134.69275111034787,136.772738880939,132.8616500697432,134.39053344726562,7174600
2021-01-07,135.40389039915715,139.03942777992145,135.34166192189258,138.39942932128906,8482300
2021-01-08,139.7594243951259,140.02609268342826,137.36832089675843,139.2349853515625,6252400
2021-01-11,138.7550015277902,140.55943761177065,137.706109815028,138.76388549804688,5147800
2021-01-12,139.2349291292185,139.43936885692986,136.85272412581446,137.28826904296875,4385700
2021-01-13,137.94607381703676,140.38161018653815,136.5771832372659,139.92828369140625,5479900
2021-01-14,141.68832397781415,145.04830962514464,140.88833256209335,142.9772186279297,10102400
2021-01-15,142.9060839877217,142.9860804042136,139.4483209428991,139.63497924804688,8607400
2021-01-19,141.2794657636597,145.86611827104272,140.84390697901077,145.57278442382812,8209000
2021-01-20,146.4171629763611,149.27937424409947,146.16827621945438,146.3105010986328,7943300
2021-01-21,147.3860792255761,147.99052832270118,145.19053130348428,146.44386291503906,6295700
2021-01-22,145.77721284620574,146.0172157138638,143.5727807423573,144.37277221679688,5062300
2021-01-25,146.06163731859198,148.48829036182335,143.75941411007693,146.1327362060547,5370800
2021-01-26,145.95496712318536,146.35496280532246,143.03054038239574,144.48831176757812,6554200
2021-01-27,140.87940336457837,142.8704972936832,135.72386710914162,136.594970703125,9854000
2021-01-28,138.91498043223055,141.306083832726,136.09721592590282,138.26609802246094,8087400
2021-01-29,142.44383771143157,142.7905023589613,137.55496964645266,138.9149627685547,9502100
2021-02-01,139.88385556294273,144.3549469053615,139.10164583247843,143.62606811523438,8265100
2021-02-02,146.2305324223441,147.00387194419747,143.37721788085133,146.4705352783203,6926500
2021-02-03,148.95936441756942,148.95936441756942,143.82160970286074,144.26605224609375,14156700
2021-02-04,133.49277962670587,134.91500144448892,129.0661349029076,131.52835083007812,46141800
2021-02-05,132.3105472305776,132.35498063313955,128.55055364345466,129.63499450683594,24695400
2021-02-08,130.75497378751172,131.19941623605754,129.15497826008522,131.0038604736328,12181600
2021-02-09,131.15498128028216,131.99941929713074,129.68831292788457,129.87498474121094,11681300
2021-02-10,131.2172264380707,131.33278585217664,128.32834959191453,129.33279418945312,11701300
2021-02-11,129.58169476227158,130.2839217274579,127.58170288645523,129.38613891601562,11600200
2021-02-12,129.3950433772057,134.57723289050753,128.77281279854233,131.53724670410156,9155200
2021-02-16,132.4438951262085,133.10167505862086,129.83057046164203,130.808349609375,10211900
2021-02-17,129.61726677821167,130.56836703900788,127.48393382440403,128.66615295410156,11937200
2021-02-18,127.59055977577597,128.62166973476457,127.07501835959177,127.9194564819336,8404400
2021-02-19,128.69281232860413,129.6439261076271,127.54615626231613,128.8350372314453,10012500
2021-02-22,126.44392737206267,128.10613845665858,123.6261627446905,123.96394348144531,12763900
2021-02-23,121.22617524315483,123.09282613798791,119.50173568080002,121.88394165039062,14425300
2021-02-24,121.24393586240457,125.49280603361049,120.07949842046023,125.42170715332031,13146200
2021-02-25,124.05284145660906,125.18172968688197,120.0173077994646,120.47063446044922,12701100
2021-02-26,121.56393136036615,122.79948120813782,119.73283007436183,121.0572738647461,11772600
2021-03-01,122.22171416719821,124.1150439705571,121.29727953335436,123.9906005859375,9421400
2021-03-02,124.44393435825398,124.53282830812059,121.57283881328748,121.81282806396484,8693200
2021-03-03,121.10727190745851,121.62527034660627,117.4811874377632,117.58837127685547,14862700
2021-03-04,118.2046041133969,119.85687026624676,113.05129063167779,114.14089965820312,15831100
2021-03-05,116.92746547622218,117.15074585185535,111.99743778039145,115.88251495361328,13292000
2021-03-08,115.21267749025115,115.90038488489579,109.84501518143533,110.0325698852539,15256100
2021-03-09,113.77474307330796,116.03433929333647,112.82803649928204,115.3109130859375,13130200
2021-03-10,116.70418147559975,117.08823079629506,113.99802449721888,114.20344543457031,12492300
2021-03-11,117.00783210913596,118.99950268413316,116.11471069080761,117.65982055664062,11920200
2021-03-12,116.0164697919087,116.40051909826289,113.9801608096369,116.08792114257812,9365700
2021-03-15,116.15935467964853,117.67765817166745,115.31981847296936,117.57048797607422,7807200
2021-03-16,118.68691706689329,120.96437964582591,118.15103870904346,119.36568450927734,10434700
2021-03-17,117.27576421648818,121.10726250264477,115.81997203110532,119.6068115234375,10781500
2021-03-18,118.28501397589856,119.32103818954509,115.80213728909396,115.88251495361328,9579000
2021-03-19,115.9182353927979,118.32073444773425,115.36450441464702,117.01678466796875,17599900
2021-03-22,118.74941863361175,121.06259961930148,118.42789440806781,119.75863647460938,9036900
2021-03-23,119.678284240649,119.99088222529457,117.3651027637213,118.3564682006836,7425700
2021-03-24,118.77622111211295,118.8387325242205,113.52466286522544,113.5871810913086,10962300
2021-03-25,113.12275228400576,113.99800738206754,111.0953630247865,113.67648315429688,10460800
2021-03-26,113.47999055786389,119.09773118435376,113.46213112995606,118.77620697021484,11071600
2021-03-29,118.37432875736681,119.0888287502198,115.9003917815982,117.24007415771484,9750100
2021-03-30,116.25764090344244,117.21328758864577,115.27521528753884,116.20405578613281,7097300
2021-03-31,116.9631819880621,119.24957054169899,116.6148651947807,118.41896057128906,8361300
2021-04-01,120.12481590949486,123.63477610803676,119.32101218358515,123.06317901611328,14069600
2021-04-05,124.17958429222716,125.48354743626142,123.45615819210578,125.33171844482422,12562800
2021-04-06,124.90306237599297,125.24243932014913,122.92925762528601,123.30436706542969,9100000
2021-04-07,123.5454829772346,124.99233526180358,122.71487300160923,124.52790832519531,6958500
2021-04-08,125.03701729699145,125.36746791033127,123.97420046949448,125.3406753540039,7304900
2021-04-09,124.94768580633793,125.64431944934599,124.03671173652853,125.54608917236328,6033200
2021-04-12,124.0188180100807,124.93873181246262,121.50914946409029,122.7505874633789,10355500
2021-04-13,123.59012189362521,123.93843863306967,121.24120866499156,122.62554931640625,9225200
2021-04-14,122.42907308113756,123.10784038326638,119.59788011127463,120.34809875488281,9967800
2021-04-15,121.46453161693354,123.24184841945043,121.08049588926824,123.10787200927734,11733200
2021-04-16,122.91136435490729,124.152802572433,122.04503549505648,123.43831634521484,6583900
2021-04-19,122.26829952807054,122.40227589875464,119.75863087587851,120.7946548461914,8728900
2021-04-20,120.16946207486976,120.37487613827379,118.59756001626991,119.14236450195312,7473700
2021-04-21,118.62440128770596,121.79497163326862,118.33859587323654,121.63421630859375,7237900
2021-04-22,120.90187117394983,121.42882329499521,118.31182388781029,118.75838470458984,8345100
2021-04-23,119.44605023513488,121.56274340245399,119.26741506878656,120.95541381835938,7666600
2021-04-26,120.86611929163672,124.760129095466,120.67855780351967,124.108154296875,9715400
2021-04-27,123.8848622589635,124.48325189818229,122.33975258861463,123.2596664428711,9284500
2021-04-28,123.4025807114893,123.49189830159045,121.24122858496051,121.97359466552734,13118100
2021-04-29,129.51148526427565,129.7704980138444,125.63534297716429,127.43051147460938,20502100
2021-04-30,125.99263742098319,126.90361140057327,123.48295493946787,123.96524810791016,11374600
2021-05-03,124.76905036007632,124.82263546081501,122.24151529428251,122.74166107177734,7920300
2021-05-04,121.46452661345887,121.46452661345887,118.26714993930906,119.78545379638672,11996300
2021-05-05,121.5359751506735,121.86642574417216,119.77652470840042,120.25880432128906,6285500
2021-05-06,120.1159072194072,121.94679526672509,118.87446896449889,121.46451568603516,8352500
2021-05-07,122.30405460362547,123.8670171546735,121.72351747932218,123.1167984008789,6893700
2021-05-10,121.48237387944117,122.07182363278518,115.0519026713596,115.15907287597656,19537200
2021-05-11,111.86346683278543,114.81969678977029,111.43476551863002,114.6500015258789,11948000
2021-05-12,112.56008648250169,113.54251863815469,110.4612526013395,111.30078887939453,13529600
2021-05-13,113.53359895475793,114.7482378341251,112.41719716411005,113.52466583251953,10633000
2021-05-14,114.88219628169894,117.37399869291815,114.14983028000941,116.23973083496094,9391100
2021-05-17,115.47165392832719,115.9539470914149,114.06052736682219,115.92715454101562,5917400
2021-05-18,116.67739005169928,117.2132683929452,115.02510985615129,115.13229370117188,8651100
2021-05-19,113.59611895540013,116.84708047538732,112.93520417895895,116.69525146484375,8112900
2021-05-20,117.4722653041329,119.03522786925224,117.4097538880632,118.46363067626953,9208400
2021-05-21,118.01706793708054,118.50828746050054,116.54342299477233,117.40975189208984,8674000
2021-05-24,117.29364698820301,119.6782797325952,117.29364698820301,118.70478057861328,8229300
2021-05-25,119.2674250830313,119.94620606506886,118.60652397266962,119.45498657226562,7271400
2021-05-26,119.56215789631547,120.14269498521894,118.08851303208186,118.86552429199219,6663300
2021-05-27,118.54399911752864,120.24986425520522,118.526146501727,119.35674285888672,7379300
2021-05-28,119.81222855348757,121.1429843254981,119.63360700176925,120.1605453491211,7042200
2021-06-01,120.66071133022312,121.52704021248493,119.25850413573384,119.62468719482422,7059600
2021-06-02,119.55286799071224,120.94427300965621,118.91552364943324,120.12739562988281,6026000
2021-06-03,119.07709591900361,119.74138320995404,117.97295475076179,118.2961196899414,6644000
2021-06-04,118.96939572086758,121.23155061613735,118.67316000979106,120.59419250488281,7416700
2021-06-07,120.01964406625108,120.08248815246311,119.06810679925498,119.67853546142578,5563300
2021-06-08,120.34280849674008,121.53672285277288,119.39127123339568,120.4684829711914,9657900
2021-06-09,121.27642554017706,121.50084526641906,119.20277576380676,119.29254913330078,6717200
2021-06-10,119.43616763809932,121.2764119262044,119.01425750432674,120.4864501953125,5522300
2021-06-11,120.10944566559552,120.8724645508899,119.9747856052539,120.84553527832031,6529900
2021-06-14,121.36618895739069,123.26029205322266,120.99813730759784,123.26029205322266,7912600
2021-06-15,123.10769050630608,123.32313838514344,121.39312042647991,121.70731353759766,5723600
2021-06-16,122.50622207823466,123.02687740530583,119.98374694177103,121.1417465209961,7404700
2021-06-17,120.56722283567805,122.64085842096159,120.36973242779487,121.50081634521484,6618300
2021-06-18,120.7827168891462,120.80964616439447,118.70908051006028,119.39131164550781,12753600
2021-06-21,119.43618353802901,121.27642807111646,119.08608930568502,120.2530746459961,6371400
2021-06-22,120.48644905692441,121.46491565685793,119.65160065421216,121.25845336914062,5976400
2021-06-23,121.08789272648978,122.29077903051953,121.01607677882497,121.65343475341797,6613800
2021-06-24,122.64086856403827,124.33748088299762,122.3985051595376,123.80785369873047,7941700
2021-06-25,124.28359818800175,125.19923418614462,122.95503770858052,123.5654525756836,7949200
2021-06-28,124.08614437000342,125.82764354140603,123.86172465611118,125.42369079589844,6645500
2021-06-29,125.34291109488265,128.32319796547412,125.00178872450128,128.02696228027344,6885400
2021-06-30,127.78457991857516,128.93360766213422,127.32675497399897,128.3052215576172,6449700
2021-07-01,128.287275965312,128.3860211776478,125.989220511851,126.39317321777344,6094100
2021-07-02,127.46140829607795,128.0807951162782,126.7971211022158,127.99103546142578,5399100
2021-07-06,128.36807502365713,128.52965064119834,125.38777467908086,126.74327850341797,7095200
2021-07-07,127.68582099668127,127.79353805560964,124.83119565767224,125.64808654785156,5034900
2021-07-08,123.62832957917892,124.66065475481392,121.72525484253343,124.13999938964844,7501100
2021-07-09,123.78094757825656,127.22803139510383,123.70913161988555,126.95872497558594,7356800
2021-07-12,126.93177297585494,128.38602190186637,126.75223996082012,127.89229583740234,6786500
2021-07-13,127.86539056768243,128.06288103053288,126.05207527127997,126.73430633544922,5657600
2021-07-14,128.8169163446841,131.36632101839328,127.91923748513926,129.0413360595703,11305700
2021-07-15,129.37347985314494,129.39143726660515,126.32137704457928,126.98566436767578,6667400
2021-07-16,127.3536945410639,127.92820845930595,125.25312931163135,125.41471862792969,5914300
2021-07-19,124.16693262513058,124.68757425200083,122.81142893149523,124.58882904052734,9371300
2021-07-20,124.79531894650661,126.05206387144933,123.1615368465887,125.27108764648438,6020400
2021-07-21,125.36083156170662,127.6678725166998,125.36083156170662,127.62298583984375,6161900
2021-07-22,127.47034520170867,128.2333773949389,127.02150595804068,127.86532592773438,3862600
2021-07-23,128.77203713135356,130.1544703258334,127.49733472056259,130.05572509765625,6310400
2021-07-26,129.22087782341987,129.60688688180278,127.68585454047259,128.81692504882812,6253900
2021-07-27,127.91026293381434,128.36807421144331,124.0681985916768,126.50987243652344,7575800
2021-07-28,126.81504374124968,128.28723591258122,125.80066266736429,127.86532592773438,9303400
2021-07-29,131.50997419881253,136.01632663805668,131.42918637578194,135.54055786132812,19446900
2021-07-30,133.9336772678112,135.01987466742102,133.1796303460528,134.4722900390625,8404800
2021-08-02,134.6518323821106,136.69853913851924,133.04499320924754,133.62847900390625,10823800
2021-08-03,133.67330077314625,134.27474368868138,131.5637509446017,132.8115234375,6223400
2021-08-04,132.87443729279227,133.93369184135616,132.2550366477028,133.05397033691406,5556400
2021-08-05,132.17426506793572,132.3807274091617,129.77746370589378,131.80621337890625,7169200
2021-08-06,131.17783836844814,133.06295607460078,130.98931974908552,131.31248474121094,5733300
2021-08-09,131.77027551292824,132.60512398607082,130.83669551351923,131.88697814941406,4966600
2021-08-10,132.24604213895768,132.40761774174518,127.82945056455965,130.94439697265625,4197100
2021-08-11,131.11499794571742,131.77029980739428,129.62484745697705,131.6715545654297,6216000
2021-08-12,132.64101417977244,132.85646202225678,131.41119861046636,132.0934295654297,5777700
2021-08-13,131.95880681278655,134.0324430139599,131.89596271093578,133.43099975585938,5764000
2021-08-16,133.2155384809002,133.8259672336012,131.70744455803737,132.97317504882812,4410800
2021-08-17,131.9139025435864,131.95878922499807,128.8797573845443,129.63380432128906,7256800
2021-08-18,129.12210801913156,129.85821116839423,127.4524249974406,127.6319580078125,6546500
2021-08-19,126.2585421232477,126.97668804142975,124.74147616417441,126.22264099121094,8661000
2021-08-20,126.22263983361788,127.70380464707057,125.94436154602928,127.55120086669922,6141000
2021-08-23,128.05391745046046,129.8133745039394,127.78462467989895,129.39146423339844,6936900
2021-08-24,129.79538461759847,130.69306348823264,129.12212546462283,129.67869567871094,7066800
2021-08-25,129.6787194098331,130.54945547199924,128.7900122341751,129.14907836914062,5721600
2021-08-26,128.53864881218132,129.050318682108,127.12928631033427,127.81153106689453,6825100
2021-08-27,127.64990608700275,130.11852246726207,127.39855715135734,130.0287628173828,6274500
2021-08-30,130.69303963962994,132.7307741394258,130.66611037422433,131.00723266601562,5263600
2021-08-31,131.7792261546288,132.43452772187308,129.76842108422832,131.68048095703125,7820500
2021-09-01,132.42905622553297,133.56540809326737,131.86990769460652,132.07733154296875,6451400
2021-09-02,132.3027777079128,132.47413320411096,130.3277033233688,130.87783813476562,6006700
2021-09-03,130.87783063984395,131.66245766901397,130.0751763309466,130.43592834472656,5505800
2021-09-07,130.48102619859188,130.55317661013615,129.07412757668806,129.64230346679688,6361200
2021-09-08,129.29057869815733,129.5250572145081,127.60410583379796,128.53302001953125,5981300
2021-09-09,128.48793431476392,129.4529169008683,127.56803369822842,127.6852798461914,6190800
2021-09-10,129.08309368613763,131.67142482532813,128.55098637382065,128.67724609375,6263300
2021-09-13,129.88581296263834,130.52612552064167,128.0911075494185,129.33567810058594,4312800
2021-09-14,130.2916538118785,130.59828276445998,126.81948894599356,127.28845977783203,6442100
2021-09-15,126.99082145708759,127.16217694697737,124.02371004995575,124.67304992675781,11289100
2021-09-16,123.84336369130551,125.32241284680268,123.84336369130551,124.8173599243164,6719900
2021-09-17,124.2852782086967,124.45663374682061,120.07359522528547,120.48845672607422,14550500
2021-09-20,118.56747274726476,120.0555354576784,117.79187300600279,119.73086547851562,9647100
2021-09-21,120.47942575567757,120.76802744529788,118.39613219339266,118.82000732421875,6175300
2021-09-22,119.57756521070257,120.38924713563964,119.02743028516115,119.95634460449219,5163000
2021-09-23,120.62371217293764,121.89533741331947,120.14572772279996,120.76801300048828,5918900
2021-09-24,120.04651588560218,121.34519573809207,119.76694164871851,120.74095153808594,4554600
2021-09-27,119.43324044225182,120.8852347082264,119.06348852606641,120.38019561767578,4319500
2021-09-28,118.81997275442652,119.71281849047575,116.97115828189251,117.15152740478516,8851700
2021-09-29,117.77384109305032,118.54944089444248,116.24068253530822,116.5924072265625,7037200
2021-09-30,117.557395293239,118.21574889727746,116.06931881129466,116.32183837890625,6976800
2021-10-01,117.06135445019532,117.2597646217724,114.05816095635963,116.07833099365234,6863700
2021-10-04,116.26773742022169,117.05235086482843,113.5621586332629,114.24757385253906,8470300
2021-10-05,113.75155526910426,116.1324710772139,113.35474170162189,115.01416015625,9244300
2021-10-06,114.13033110040904,115.68153065851311,113.69743548021903,115.49213409423828,8513700
2021-10-07,116.57435528323198,117.89107622251112,115.068251553213,115.29371643066406,8010600
2021-10-08,115.97012044058171,115.97012044058171,113.8236971107149,114.13033294677734,6920500
2021-10-11,113.68840001835213,114.74358080370494,112.62420559256493,112.6783218383789,6288200
2021-10-12,113.07513226509184,113.15630319130092,110.18016433560678,110.88361358642578,10531500
2021-10-13,112.91281048750045,113.9228956388809,111.39768620075087,112.76851654052734,12373800
2021-10-14,113.77860010611887,116.61043844249939,113.62527875875402,116.03324890136719,10637900
2021-10-15,116.357923839912,117.67463108616315,116.05128113210684,117.42211151123047,7609700
2021-10-18,116.62845336570135,117.48521696375654,115.65444365294096,117.34992980957031,5290000
2021-10-19,118.16163546107884,119.76694426906101,117.53033656377416,119.49638366699219,7330700
2021-10-20,119.49637958799886,119.95632296291706,118.37806889288689,119.18975067138672,4804100
2021-10-21,119.04545352893177,120.18179154037304,118.50433232655948,119.9924087524414,4579200
2021-10-22,119.85713800184011,120.56961480800976,118.53140325944484,118.7027587890625,5216200
2021-10-25,118.88311610808071,120.10061807607664,118.41414535353037,118.98230743408203,4876300
2021-10-26,119.85715644635236,120.65981108127535,118.20676519759424,118.99137878417969,5802200
2021-10-27,118.99136332769044,119.37014272585007,117.70169688419084,118.32398223876953,5090400
2021-10-28,119.03645204741693,120.69587038764939,118.9282195391164,120.56961059570312,5016700
2021-10-29,119.8210703104409,120.56058804696423,119.45130456153635,119.9833984375,5251100
2021-11-01,119.44228620295199,121.63379839942866,119.44228620295199,121.5796890258789,6903000
2021-11-02,121.34521526613456,122.4094030179554,120.95740847161142,121.9584732055664,7321900
2021-11-03,122.42745325976469,125.22322381109541,121.78712682310838,124.8895263671875,13216000
2021-11-04,140.97870321688302,143.91876064097633,138.2550832956151,140.789306640625,48321500
2021-11-05,141.6550912208922,152.0084353742623,140.60893080254135,147.03016662597656,27226600
2021-11-08,147.19248638598594,151.25085389710412,145.45189049757252,149.57339477539062,14541400
2021-11-09,150.16863050813444,152.88323659324521,148.24767900138866,150.37606811523438,12353900
2021-11-10,148.88798788538895,149.81690210899853,143.42272128472388,144.11715698242188,11327100
2021-11-11,145.92088471435807,149.31187182566927,145.55111897898914,148.28375244140625,7624200
2021-11-12,148.80684069987274,149.72674138645021,148.20259639202152,148.7527313232422,7371000
2021-11-15,150.15961829392228,153.26201741423293,149.537332989277,151.97235107421875,12350200
2021-11-16,151.61159928315186,165.69864010115063,150.6646440672146,163.96707153320312,33338200
2021-11-17,163.04718417784636,168.04349385822292,161.09917798227784,165.5272979736328,21678900
2021-11-18,167.06045968757886,170.19892691233252,164.81482456569944,168.0344696044922,15542600
2021-11-19,166.56441991981623,168.28697472959757,164.40897643785624,166.843994140625,11889100
2021-11-22,163.33578733620504,170.24403494778028,163.2185411884486,163.59732055664062,16062800
2021-11-23,162.64131296390005,163.53415868043203,159.64714705774404,163.18243408203125,10696200
2021-11-24,161.901806453866,163.03814436565148,159.92673212808825,162.9750213623047,7886200
2021-11-26,158.42967633211703,162.56019500495646,157.87954141854203,158.49281311035156,7835900
2021-11-29,161.8657417808247,166.00528741022737,161.43285306710038,165.70767211914062,10440500
2021-11-30,165.23870181533454,168.47637417884624,162.64134200261125,162.83975219726562,19309200
2021-12-01,163.75407972556815,165.79998232881033,158.7117394755225,158.99237060546875,10637700
2021-12-02,155.78770500998752,161.03826683061862,154.99107785630892,160.25973510742188,13101400
2021-12-03,161.17406171522413,163.19282121808732,157.25425970813885,159.78900146484375,12111800
2021-12-06,160.12397905962024,160.21449766819762,155.9506885755668,158.82943725585938,8577500
2021-12-07,162.1065145072018,167.2755923805986,161.59050458486243,166.31600952148438,9910100
2021-12-08,165.67321633854905,166.31596317991867,163.65447104762552,165.3292236328125,4799400
2021-12-09,164.55075075893436,170.04572643143345,164.31537197732794,164.99432373046875,9398900
2021-12-10,167.97264331811184,167.97264331811184,163.98945196117603,166.46084594726562,6854800
2021-12-13,169.1494702399979,173.17791338571428,165.76376016668428,165.95387268066406,16346800
2021-12-14,164.03469044872062,166.47891324715644,162.4142655064401,164.7407989501953,8542800
2021-12-15,166.54232832837937,171.80193867011977,162.93030027779855,171.34930419921875,11082000
2021-12-16,172.27267669016513,174.42720730734976,159.42690862070188,161.27365112304688,14873000
2021-12-17,159.0828695037464,163.0569986621387,158.44013644312486,160.051513671875,16232300
2021-12-20,157.77926361111938,160.30497082693074,157.02790280313425,159.93380737304688,6306400
2021-12-21,162.38715575187655,163.08420292818838,157.7159644510032,162.56820678710938,7702400
2021-12-22,162.0431332086024,164.32441470585732,160.8029192350295,164.1976776123047,5227200
2021-12-23,164.33342131663755,166.30691420924157,164.19763654083386,165.42880249023438,4918900
2021-12-27,165.8543221507328,168.75117988385873,165.68231884866626,168.6787567138672,4865900
2021-12-28,168.9140832297622,169.04082029508896,166.10775855086888,167.311767578125,5399400
2021-12-29,167.1850530841716,169.6383378702055,167.07642523690905,168.56106567382812,5417200
2021-12-30,168.27134334333047,168.8507147345834,165.03952758901875,165.41973876953125,4108400
2021-12-31,165.94484458534978,167.61053609369904,165.3021113834566,165.54652404785156,4113300
2022-01-03,165.58267928271945,169.17659665037772,164.97615099171674,168.570068359375,5990200
2022-01-04,169.28526128731113,171.03242339641395,163.86269634066562,169.49346923828125,8484200
2022-01-05,168.83258056640625,175.24188340582634,167.23025140322585,168.83258056640625,17141200
2022-01-06,167.04020429083596,170.61601331915296,165.66419183518965,168.33473205566406,9117700
2022-01-07,168.92314993024937,170.51641791647725,163.05699863556006,163.3195343017578,7386200
2022-01-10,161.38230317404924,162.94841462465993,157.29953127821406,162.65872192382812,11159300
2022-01-11,162.21514074331344,168.0631702584018,160.43175985751122,167.83685302734375,9591000
2022-01-12,168.92314842336708,171.5122175112069,167.64671621489296,168.76019287109375,7317500
2022-01-13,170.82425118594108,173.43143022926265,165.9267427628407,166.46990966796875,10190900
2022-01-14,165.4831376646196,172.08254106945267,164.76796758467972,170.81517028808594,9587300
2022-01-18,168.26231129676398,168.38000066372234,161.38227654687503,161.9163818359375,10471200
2022-01-19,163.46438082982397,164.04375226315676,155.95064762547653,156.13169860839844,10082700
2022-01-20,157.99652422305934,158.41295384787242,150.5371061482036,150.7272186279297,9468500
2022-01-21,150.49188291135349,155.74243064345532,148.98008574702152,149.30596923828125,11898700
2022-01-24,146.8164916270589,154.63802754749688,143.5756413844352,153.95907592773438,17489100
2022-01-25,150.42848212137451,154.18535511226716,145.92929605884814,149.7766876220703,10708500
2022-01-26,152.61019678735647,158.01465194939473,148.37353215274027,151.17987060546875,10492200
2022-01-27,153.27105148216216,155.2083260752298,145.39521603607633,145.9293212890625,10743000
2022-01-28,146.66262535946098,151.12560870149517,142.4712392927348,151.00791931152344,10320800
2022-01-31,151.23421023934515,159.2820496764922,150.0935764734407,159.11004638671875,11273500
2022-02-01,159.72565822519152,160.62186565907302,156.71111091734426,160.3502960205078,9724600
2022-02-02,163.79933564589012,170.76990250550915,163.1837456911336,170.37158203125,25646300
2022-02-03,163.67263677716807,173.9021791657364,160.4951337696654,162.13368225097656,36120200
2022-02-04,162.03407224307472,165.13008997239552,160.06057901820225,162.46859741210938,15708400
2022-02-07,162.64964224762855,163.5368017963171,157.91509033183806,158.50350952148438,10376300
2022-02-08,157.79741683728977,162.30565200838058,157.4986764482051,161.67196655273438,10163900
2022-02-09,164.21576213362584,166.56946664413724,161.9978562371668,166.52420043945312,9666900
2022-02-10,162.40520947922047,164.74986605794413,157.0188631377732,157.58013916015625,14362200
2022-02-11,158.15044290167523,158.85655139946252,148.05670218110492,149.04344177246094,13572000
2022-02-14,149.68619025525987,151.94936208365326,147.08805960321712,149.48703002929688,8381700
2022-02-15,152.99045073228075,157.48059074878773,152.31149902784756,156.6115264892578,11100000
2022-02-16,154.51124642733947,156.80158881823644,152.32049795369792,156.24937438964844,8340600
2022-02-17,153.78706992556116,154.59275861425638,150.90830792567212,150.99884033203125,8878900
2022-02-18,151.6053375589067,154.30303419056955,148.681323771255,151.7592315673828,9591700
2022-02-22,148.5183900861741,153.85948404128004,148.10197419334074,150.17503356933594,9835500
2022-02-23,150.86307224484267,153.13530625909627,146.0380006650908,146.3095703125,9749000
2022-02-24,142.02764807964047,152.41108426540512,141.03184668781586,152.06707763671875,12567000
2022-02-25,151.7320943070068,154.8824256595283,149.91250910948156,154.73757934570312,7350200
2022-02-28,152.35676010640262,156.6024734986004,152.26622769020403,155.69720458984375,10638900
2022-03-01,154.76476465732287,155.56139183160002,146.40007572761712,148.18345642089844,10723300
2022-03-02,150.21974508941966,154.98314774872534,149.40160981733544,153.85592651367188,7299400
2022-03-03,155.1467519703284,155.29220254011778,149.5379444127918,150.31063842773438,8553900
2022-03-04,148.94705555960434,150.96513693186594,145.3472306096184,147.5016632080078,9057300
2022-03-07,147.55627605607535,148.31987096691284,136.35682854672288,136.44773864746094,13416100
2022-03-08,136.9567417495841,143.9382016458326,134.42959741382384,137.04763793945312,11878400
2022-03-09,141.82012840796568,144.0654710310154,140.14748866629577,142.82008361816406,9276800
2022-03-10,140.0292791126533,141.17468463618923,136.65673008894817,140.6383514404297,8888800
2022-03-11,143.58369207646848,143.9200482456093,138.19306049162523,138.48394775390625,7394400
2022-03-14,137.08404072363558,137.52946406504088,127.69360065051765,128.4390106201172,16154200
2022-03-15,129.538925834628,131.29337620718522,126.40272303597511,131.09339904785156,13893000
2022-03-16,133.6023803236028,137.77489465527188,130.5116320492397,136.76585388183594,11727700
2022-03-17,135.62045828570817,139.0293778530307,133.24784971201453,138.92938232421875,8602900
2022-03-18,138.64757394334043,141.8383175133308,135.45681650242153,139.98387145996094,18454200
2022-03-21,139.98389033891866,143.3655399548911,138.91120967511236,141.4383544921875,8986400
2022-03-22,141.3110714945159,145.3926893762231,140.69292742562237,143.2746124267578,7220500
2022-03-23,141.91104006299443,142.91099528441023,138.70211176735324,138.96572875976562,7245600
2022-03-24,140.26567104912695,144.13819843959308,139.62024288191844,144.04730224609375,9261000
2022-03-25,143.60186767578125,144.04730480590726,141.06562386501864,143.60186767578125,7198700
2022-03-28,142.2655575852458,144.08364777802848,140.03839987327245,144.03819274902344,9470800
2022-03-29,146.54718765238096,146.62899839406955,142.40192975140985,146.419921875,10212400
2022-03-30,144.89269893712603,145.69266306936024,137.98395058093195,138.8384552001953,14777800
2022-03-31,138.98391403428988,141.02926564541903,137.29308948091932,138.9202880859375,13364200
2022-04-01,138.12034645612243,138.96575193536808,129.59349701978783,133.62057495117188,19762100
2022-04-04,134.30230989114722,140.11110673915138,133.32053965150808,139.82020568847656,12116000
2022-04-05,138.00214977438,138.18395604043363,132.05700026175987,132.22972106933594,15946100
2022-04-06,129.90253216202655,129.99344221544297,124.95733873911537,126.6117935180664,21054200
2022-04-07,127.0754147552777,128.62080259899372,124.46645962702532,126.55726623535156,10201200
2022-04-08,125.9390950135896,127.22995118987551,123.95738346436849,124.25736999511719,12992500
2022-04-11,122.0756776790183,125.09371449684544,121.53025886426612,123.0483627319336,11210400
2022-04-12,125.37550651293951,127.4117726601678,123.17561889533495,123.71195220947266,10591300
2022-04-13,125.03009811594826,129.62078015657897,124.06651221204373,127.72087860107422,10440800
2022-04-14,128.22083665177283,128.68444474067388,124.24829943474751,124.45738983154297,8002600
2022-04-18,123.2847073452228,127.58450118967228,123.23016685179286,126.64818572998047,8785700
2022-04-19,126.202728770838,128.5389673885636,125.03005286246369,128.22080993652344,7213800
2022-04-20,130.18436270287953,131.63882662778764,127.3208621431257,127.57539367675781,7731600
2022-04-21,129.39348830476393,130.57524981945778,122.95744673040838,123.73014068603516,8576500
2022-04-22,123.74832223788354,124.83917365718222,120.58483508971052,120.73028564453125,8315100
2022-04-25,119.3758034560232,124.36645193791199,119.00309165390323,124.13919067382812,9673200
2022-04-26,122.7392889278695,123.94832072946093,120.56667141682618,121.35753631591797,9262800
2022-04-27,118.92131415888757,125.54824836817717,118.77586358020717,122.81202697753906,13855900
2022-04-28,129.87528339628253,137.44763158326464,126.47546322277188,134.71141052246094,31111100
2022-04-29,132.54788779732456,134.08417651367753,126.82999918683183,126.98453521728516,13693100
2022-05-02,127.81176719951837,132.41153392721657,126.5027398252788,132.0570068359375,13320900
2022-05-03,131.54792110902073,132.43878141357723,129.77527208634888,131.1388397216797,7556800
2022-05-04,131.4297760852536,135.90227746507753,127.58451820538666,135.4932098388672,11038100
2022-05-05,133.61148588308708,133.61148588308708,126.5209291547424,128.75718688964844,14561400
2022-05-06,128.40261473913475,130.99339870879066,125.33913732529409,127.7935562133789,10080600
2022-05-09,125.43913627510358,127.36630741664406,121.86658187810252,122.64836120605469,11668100
2022-05-10,126.81180411957199,127.08452045100414,122.38475847896945,124.36647033691406,8841200
2022-05-11,122.74835948110734,125.71184153138555,119.89395840478801,120.26667022705078,11530900
2022-05-12,119.0848977827916,120.95752830720333,116.19413433782134,119.78486633300781,10749800
2022-05-13,122.07565191669832,123.62103957635439,120.44846740366029,122.65744018554688,9280700
2022-05-16,121.79385818266186,123.61194837622092,119.99395277489805,121.73023223876953,6378800
2022-05-17,124.76646255255756,127.26633702993121,124.26648488289685,126.98453521728516,9094100
2022-05-18,124.38465059421465,124.79371814099929,118.06678952230341,118.5849380493164,11992700
2022-05-19,118.58492829014571,121.25752305322065,117.70315345005835,118.69402313232422,8419500
2022-05-20,120.7939248968132,121.16662286926521,114.4124240110269,119.6303482055664,11370100
2022-05-23,118.1304162616048,120.38484438396847,116.49413219257939,120.10304260253906,10023400
2022-05-24,118.48495402638284,118.48495402638284,114.5851560245229,116.83958435058594,9157100
2022-05-25,116.1759877439934,120.05761491283874,115.67601007361496,119.29400634765625,9766000
2022-05-26,118.18495568090793,123.6301411562505,118.04860445594515,122.57564544677734,7932800
2022-05-27,123.72106915785105,127.39360601556967,123.72106915785105,127.04816436767578,9180800
2022-05-31,126.81181663329451,130.8752501469175,124.939185574761,130.19346618652344,16007300
2022-06-01,130.26656506937397,131.5093753409278,126.26398226435008,127.95457458496094,8514300
2022-06-02,128.17387934088995,133.6477298428209,127.66213641833556,133.60203552246094,9589500
2022-06-03,129.92841695364137,131.07985233574257,128.49371028463617,129.0511474609375,7458900
2022-06-06,132.4597186264059,132.4779991393917,127.86315265866232,128.33834838867188,7238700
2022-06-07,127.14123926470575,129.90099727727426,126.55638831471049,129.6634063720703,6062800
2022-06-08,128.62163599224894,129.5445997280388,125.6059927148315,126.98588562011719,6773000
2022-06-09,125.89846794670537,128.33839440722824,124.91152905077183,124.9298095703125,7153200
2022-06-10,123.13869232919349,124.33580836867156,121.00946502974489,121.72225189208984,8544700
2022-06-13,119.33714228747704,120.03166251171834,115.69095991403256,117.57345581054688,12320900
2022-06-14,118.98990311566502,120.56167911148533,117.71967898405467,119.03558349609375,6794700
2022-06-15,120.32406301174174,121.79533070812555,117.16221721808776,119.73921203613281,7860000
2022-06-16,115.38024451916036,115.73663786763669,108.77324672822675,110.40900421142578,16422800
2022-06-17,110.95730900640949,112.24581348998848,108.16098962090496,110.56436157226562,17273400
2022-06-21,113.1048244248442,115.25233218071789,113.05913707232085,113.67140197753906,9208500
2022-06-22,111.3045577545283,113.00428304329007,109.98863960271959,111.63353729248047,9081000
2022-06-23,112.17270557181516,112.33719535784628,108.04219434877417,109.74191284179688,7908900
2022-06-24,111.83457789869449,114.56693620681206,111.26800743141186,114.32019805908203,8128000
2022-06-27,115.32543585490296,118.83454252730718,114.63092951680747,116.22099304199219,9947300
2022-06-28,118.59693061230541,124.69217885908535,115.69094911217147,120.2601089477539,27081900
2022-06-29,118.87110205075419,120.23271484704034,115.96512007445524,119.00817108154297,9973300
2022-06-30,116.61393919601917,118.8802354862346,114.53040626173318,116.73273468017578,9277900
2022-07-01,114.91419542033746,115.83716625817243,111.57871240936825,112.88549041748047,7672800
2022-07-05,110.66487559124567,115.29799609120403,109.98864295240429,114.98729705810547,8113100
2022-07-06,115.19748227359923,117.18049298629283,114.28365168098753,116.11131286621094,6038400
2022-07-07,119.39199716468694,123.10216219665489,119.03560368440843,122.81886291503906,9408100
2022-07-08,121.10083266043195,124.63735255156966,120.27837677006283,124.29009246826172,8393200
2022-07-11,122.07862601235828,123.00160383874207,120.00424059841384,120.84496307373047,5887200
2022-07-12,122.2157007156029,123.68696843404727,120.58908347955229,121.49376678466797,5991300
2022-07-13,119.30058623723323,124.99374690499823,119.27317243506656,123.95198059082031,7200200
2022-07-14,123.31230822880076,130.08379658678666,122.31623618230293,129.6725616455078,10718700
2022-07-15,131.37226560475276,132.94405515567655,129.7913427687927,131.92970275878906,11880500
2022-07-18,133.39182974388527,133.81218393547462,128.68560858010508,129.4806365966797,7856600
2022-07-19,131.71953484279956,135.67642279527692,130.84225137997174,134.67120361328125,9686500
2022-07-20,134.72603000383364,139.20380802234178,133.98582949645032,138.63723754882812,8517400
2022-07-21,139.70643036632993,142.48446933008307,137.650311460753,142.4296417236328,8060400
2022-07-22,142.24689439055206,143.16072511806075,139.2221169135303,140.45578002929688,7200100
2022-07-25,139.63331942125808,140.76646044886053,138.6006863741508,140.04454040527344,4928900
2022-07-26,139.4688257584985,139.5419338818945,136.9009639289892,137.04718017578125,5941800
2022-07-27,138.47276591702544,141.46099623323937,137.57721572846606,140.1999053955078,12863000
2022-07-28,136.87351650690138,137.06542702667255,130.67774749636555,133.83045959472656,17051000
2022-07-29,132.1399179252705,132.78872987991528,128.54855621019547,132.56027221679688,11749400
2022-08-01,131.8748965846551,136.58113271695046,131.65558615658387,134.72604370117188,7611400
2022-08-02,133.13598968422443,136.52629358850567,132.3592280538257,134.3605194091797,5946400
2022-08-03,134.93626062224695,137.38532049761065,133.95845496338427,136.3070068359375,6890200
2022-08-04,135.8683015031324,138.13461100690193,134.9818988153509,137.99752807617188,6254700
2022-08-05,135.7678282803652,138.24430156821654,134.9453723173843,137.26651000976562,5041300
2022-08-08,136.900979948362,138.16207082259865,133.92189677710996,135.0733184814453,5553300
2022-08-09,133.0445956907706,133.87618489571483,129.13340177998163,130.22999572753906,6770800
2022-08-10,133.2822233483855,134.49760600150137,131.30834553913627,134.32398986816406,6840000
2022-08-11,135.53021804857264,138.57327570951475,134.3513826751737,135.09158325195312,6243200
2022-08-12,135.24696637125726,138.41796054966713,134.4976183779951,138.2534637451172,4967500
2022-08-15,137.36701085518425,139.54191801716507,135.61244398105669,139.0210418701172,4502900
2022-08-16,138.39964279498943,139.35003443593556,136.0236915805211,137.1020050048828,5270800
2022-08-17,135.45709500157804,136.73646610469493,133.7482363795556,135.7312469482422,5169600
2022-08-18,135.31091602738607,139.73385318990796,135.02761680252382,138.335693359375,7808200
2022-08-19,136.42580163452706,137.42188785969654,134.24174645800971,134.88143920898438,5400300
2022-08-22,132.77959967272557,133.24564829647437,128.9415136321106,129.40756225585938,6736800
2022-08-23,129.84621250849582,131.23523920187714,128.44805252711404,128.59426879882812,4499300
2022-08-24,128.16473418543268,129.4989329190636,126.66605264647679,129.13339233398438,5113100
2022-08-25,130.07465432656244,134.33310859875803,129.7822357627794,133.64773559570312,5618800
2022-08-26,133.5654638404211,134.6620576074108,126.15429822652396,126.45586395263672,7918600
2022-08-29,125.93498331385958,127.14124630852352,124.3814741991129,125.26789093017578,6852300
2022-08-30,125.92585754092428,126.38277283392914,121.48464033515928,122.82797241210938,6147400
2022-08-31,122.94743530158556,123.29664397255063,120.65923791310321,121.55062866210938,8701100
2022-09-01,119.44620276249634,119.58405492872184,115.86227079570006,119.39106750488281,8716300
2022-09-02,120.97166820176444,121.91819411451921,117.22231671241956,118.06775665283203,6121400
2022-09-06,118.3986028676849,119.02350190277116,115.98174467767144,116.40446472167969,6674200
2022-09-07,117.1396273396011,119.26241898138161,116.1287745107102,118.17805480957031,5340100
2022-09-08,117.13962410476721,119.28079878147096,115.69685974974155,118.40779113769531,6618800
2022-09-09,120.08947481603546,121.86307178759608,119.74946470126768,121.34845733642578,5097300
2022-09-12,122.22148132324219,123.34261182256925,121.59659626968626,122.22148132324219,7081300
2022-09-13,117.97586833785968,119.37267482587652,114.40111418256205,114.80545806884766,9610900
2022-09-14,116.03686608688378,117.53477266276288,115.32927125252728,117.19475555419922,7509300
2022-09-15,116.43202774683559,117.70019483978376,114.16220636337313,114.85142517089844,7459600
2022-09-16,114.06112237381744,115.54983053702765,113.07783713831454,114.8238525390625,13818500
2022-09-19,113.60163516741734,116.87312469065671,113.40865475284271,116.38607788085938,5922700
2022-09-20,115.54980736439562,116.2941683078212,113.84973601923208,114.65841674804688,5672700
2022-09-21,115.27414497958925,119.27160564234013,114.41032183224479,114.52059936523438,8123700
2022-09-22,114.64005395107083,115.01683023920194,112.54483003871036,113.65676879882812,8753000
2022-09-23,112.42537265131769,112.73782216798587,109.40200554092276,111.36857604980469,10681300
2022-09-26,111.6901918813994,113.19728292250052,109.89821900164581,110.03606414794922,6424600
2022-09-27,111.70857075911901,112.73780659804423,109.12630013217353,110.58744049072266,5544400
2022-09-28,108.97009111394702,110.68853887205114,108.23492157359158,109.2917251586914,11321200
2022-09-29,107.77543320497377,107.95003753346712,104.2650126197271,105.53317260742188,12125800
2022-09-30,104.54070762062894,106.85647966107152,103.76877893308404,103.82392120361328,7568100
2022-10-03,105.67102604865539,108.73115924953025,104.45800122278108,107.72030639648438,7481700
2022-10-04,110.64257771221698,112.5264379693098,110.56905936755413,112.45292663574219,6637200
2022-10-05,111.08368972911236,115.3844153548949,110.76205568883833,114.76871490478516,7070300
2022-10-06,114.41951083909879,116.90069568195919,114.31842485554337,115.12710571289062,6238600
2022-10-07,112.68266968856035,114.05191559753978,110.56906278627108,111.11125183105469,8618500
2022-10-10,110.81718044403353,111.23071589469295,104.25581860008805,105.3126220703125,9512600
2022-10-11,102.92334049746177,103.37362814903123,99.84483126873015,101.11299133300781,10758800
2022-10-12,101.37948259773124,101.82058568063293,99.59670119551801,99.83563232421875,6987900
2022-10-13,96.83983399496805,105.86400523299272,96.17818983405492,103.7136459350586,10455000
2022-10-14,105.34019217718792,105.6710177410628,100.89243716901896,101.03946685791016,7989800
2022-10-17,104.68773690154991,105.20235836157379,101.64598690920049,102.54656219482422,7886400
2022-10-18,105.63426732675948,106.68187936221423,100.66270593199211,102.1973648071289,8908900
2022-10-19,101.8757272886143,104.45799811113709,101.77464130521128,103.70445251464844,5620200
2022-10-20,103.99852402784379,106.6818809656161,102.6660371063812,102.90496826171875,7736400
2022-10-21,102.69359528005857,106.58997670833831,102.02275260184808,106.36023712158203,7490100
2022-10-24,106.91160508454024,107.53649700797794,104.98179405986643,106.9483642578125,6525700
2022-10-25,107.12298515219473,110.2198776213554,106.81054264768235,109.51227569580078,6205100
2022-10-26,108.47385068249726,110.95503556503901,106.74621140963158,108.53817749023438,7342300
2022-10-27,109.6501081554052,110.82637370139629,105.11045174094363,105.4045181274414,8937200
2022-10-28,104.91746084764023,109.76955924552868,103.22658104702242,109.54901123046875,9418700
2022-10-31,108.55653062827243,108.78627018035968,106.04777864569273,108.12462615966797,6870800
2022-11-01,110.03607429130199,110.85394668737457,107.28839070237377,107.8213882446289,5749100
2022-11-02,109.08956706027966,109.16308542588571,103.15309575398763,103.3828353881836,13936300
2022-11-03,95.92087445980042,97.86906877538006,93.669429203209,95.46139526367188,24706100
2022-11-04,97.97014467842364,98.78801700248682,95.87492088144849,98.04366302490234,11977900
2022-11-07,98.76963159870691,101.34271038273401,97.64850145956231,101.16810607910156,7570800
2022-11-08,102.52819535149392,105.57913716568153,101.01191248658124,103.41958618164062,9383600
2022-11-09,102.4270861828876,104.31095340863956,101.33352361672081,101.48056030273438,9581300
2022-11-10,106.51647376769462,111.19396875754097,105.2483066617053,110.89990234375,11673200
2022-11-11,109.34685821465175,112.25996167539425,109.34685821465175,111.58911895751953,9433800
2022-11-14,110.95502771511086,113.2248559306844,110.5139316392908,111.01016998291016,6971000
2022-11-15,115.46712640871986,117.74614636599478,113.41784605551678,115.80713653564453,12470200
2022-11-16,113.21566783120272,113.80380062426643,110.23824468993071,110.94584655761719,9561700
2022-11-17,109.31010546328889,113.14216755066661,109.08955739710419,112.90323638916016,7273700
2022-11-18,113.98760024938662,114.40112872303284,112.23238634818989,113.81299591064453,6436600
2022-11-21,111.27667371717791,112.57240847804746,110.366906828095,110.45880126953125,8204200
2022-11-22,111.04691855440873,113.75784976920255,110.30256456860656,113.62919616699219,7010200
2022-11-23,113.52809848124237,116.74445222690926,113.29835892798044,115.00762176513672,5481500
2022-11-25,114.74113867499521,115.20061784412107,113.39946034247922,113.44540405273438,3153800
2022-11-28,112.25996080946496,113.44541096830987,109.21820375688274,109.85228729248047,7087500
2022-11-29,110.40366952212109,111.53399151995603,108.73116539478174,108.78630065917969,6277600
2022-11-30,109.82209242647623,117.08190933571937,109.19321616234951,116.98017883300781,12776700
2022-12-01,117.19289284579126,118.56161900613617,116.23108165040905,117.276123046875,7924800
2022-12-02,114.40917934677489,116.36054496020991,113.86354037389302,116.21257781982422,6122200
2022-12-05,115.2137717403522,116.03685879301626,113.22541260242294,114.0300064086914,6091600
2022-12-06,113.58610473665873,113.7525721977166,109.65562968104656,110.774658203125,5968000
2022-12-07,109.59086789026554,111.27403536803604,108.90650495248119,109.32266998291016,5427100
2022-12-08,110.03480072099681,113.1514315050625,109.29494382157918,112.59654235839844,7347600
2022-12-09,111.35727780760571,112.27284515078163,109.91455771943431,110.09952545166016,6036000
2022-12-12,107.33431822216276,112.13412336896593,107.33431822216276,112.09712982177734,9008400
2022-12-13,117.4333373724323,118.33040448257441,112.66127535576841,114.20571899414062,9712700
2022-12-14,114.89008390241605,117.06340366870948,111.07058301952219,112.55953979492188,9444100
2022-12-15,111.20931973978949,111.45901739473703,107.35283192536475,107.8707275390625,10207800
2022-12-16,107.35284284983565,107.88923882192094,104.82808736453715,105.91937255859375,12733900
2022-12-19,105.43844556220974,106.50198710252086,103.1264018031845,104.1436996459961,7720200
2022-12-20,103.02467340333877,104.30091904412417,102.74722532430823,103.67204284667969,6260200
2022-12-21,104.28244254038133,106.31703859392614,104.21770558565396,105.974853515625,5843800
2022-12-22,104.10670733349339,104.1252005792339,99.30690217499307,102.35880279541016,12051400
2022-12-23,101.45249855088882,102.58077727029357,100.0745221578154,102.50679016113281,5356700
2022-12-27,101.49872007600678,102.36805077915992,100.70337646584488,101.23052215576172,6158100
2022-12-28,100.68488912978432,101.9796280541326,98.78901033144899,98.927734375,5395600
2022-12-29,100.20399385228077,102.3403274832517,99.98203958551198,101.58197021484375,6668600
2022-12-30,99.85255436050433,101.78541969886705,99.15894118162424,101.67444610595703,5642300
2023-01-03,102.9784441928926,103.33912251289732,99.07571257048387,99.14044952392578,8110400
2023-01-04,101.54497460457272,103.79228163936271,100.6294001066891,103.14490509033203,7614200
2023-01-05,101.66520870313073,102.58077623843842,100.92535173056352,101.17505645751953,7546000
2023-01-06,102.61776588247533,107.2603544496242,101.77618548765193,106.66846466064453,10259300
2023-01-09,107.95397081772091,109.91457978227962,105.00380016266651,105.99335479736328,10291800
2023-01-10,105.44770805366767,108.17592442463821,105.17026698502926,108.12043762207031,6384800
2023-01-11,108.61057713618398,109.59088149763231,106.51123731152249,109.48915100097656,7374400
2023-01-12,110.27524278871304,113.17916933394407,108.80478626963146,112.44856262207031,9527600
2023-01-13,110.81163631365959,112.29134295252028,110.71915597169289,111.20005798339844,8040400
2023-01-17,110.73766578796403,112.19887939939876,110.07179593689004,111.23706817626953,6179500
2023-01-18,112.47632437675358,114.66813767680381,111.91218504958317,112.86474609375,10960400
2023-01-19,111.95841245287325,111.99540600226545,108.59207707196248,108.74005126953125,8716200
2023-01-20,109.51688681607632,113.71555911888572,108.51808222123054,113.66007232666016,8895000
2023-01-23,117.02641187536615,122.13140157054846,116.36054212038631,121.17884063720703,13419500
2023-01-24,120.73493261087343,122.97298936319854,120.36499712809506,120.87364959716797,7952400
2023-01-25,118.79282911218475,121.65051237917793,118.09921584670495,121.30833435058594,6880300
2023-01-26,124.30473779319802,124.71165979764098,121.29908057408599,123.8885726928711,7413600
2023-01-27,121.60429059134849,124.74866528542661,121.5395465755133,123.37068176269531,6581900
2023-01-30,121.19733827825813,122.44583345773749,120.36499404700982,121.73373413085938,9854300
2023-01-31,121.44705680798216,123.59262635146135,121.44705680798216,123.19496154785156,7125100
2023-02-01,122.70478864505037,129.41897324731278,122.70478864505037,128.0502471923828,10500600
2023-02-02,128.0502490715051,128.69761855890476,124.66541332247732,125.636474609375,17673200
2023-02-03,121.29906235055253,127.9947317797731,118.90378849796224,124.86885833740234,13187300
2023-02-06,122.32562811702414,124.73940262170633,121.94644951357829,122.93599700927734,6830500
2023-02-07,123.13945843718048,127.05144706591989,122.38111533925817,126.35783386230469,7664200
2023-02-08,125.13706570292403,126.03413989313293,121.85396043983341,122.23313903808594,7151700
2023-02-09,123.82382594486805,125.06307812252216,120.1522990018986,120.71643829345703,5717500
2023-02-10,119.5696626926964,120.17080260668187,118.0252260318315,119.29222869873047,5319200
2023-02-13,119.72690449278089,121.54878236148441,118.73734278978746,121.00314331054688,5550400
2023-02-14,119.48643126752742,122.88976737839545,118.70958786920636,122.3903579711914,5579900
2023-02-15,120.78118252411721,123.3059305857414,120.50373442565824,123.06548309326172,3501100
2023-02-16,120.91990659970743,122.62156767291232,120.18004966434961,120.374267578125,5788400
2023-02-17,119.76388051598887,120.05057171728362,117.41484293948139,118.11770629882812,6022500
2023-02-21,116.02760605456979,118.02521529905026,114.26120824756504,114.3999252319336,8164400
2023-02-22,114.97333437570464,115.57446728242154,113.6785882048834,114.63114929199219,5517800
2023-02-23,117.0911613442243,117.66455081807258,114.37219523918057,116.71198272705078,6440200
2023-02-24,114.8993333135118,115.3339987018237,113.91902894381985,114.99181365966797,7357200
2023-02-27,116.9894312299274,117.0819115825858,113.78956304851613,114.1409912109375,7787200
2023-02-28,114.32595881395368,115.6946849653219,113.67858223464287,114.24272155761719,6491800
2023-03-01,115.17317678889833,116.7456679173302,114.4288076249073,115.08013153076172,5530600
2023-03-02,113.66582795037937,115.61980681498171,112.45621826810735,115.17317962646484,5258900
2023-03-03,115.36858830819976,115.57329216089671,113.20990539603936,115.00570678710938,7052100
2023-03-06,115.63842125925628,116.46653620415111,113.54487080553139,113.89845275878906,7031300
2023-03-07,113.96357263287321,113.98217884467964,110.05560795600249,110.90233612060547,8879700
2023-03-08,111.23731833504911,113.28434263133292,111.05122069972398,112.7725830078125,7633900
2023-03-09,112.8470294455383,113.44252771974435,108.80880632989727,109.0693359375,8055500
2023-03-10,109.36706111024054,110.00908543036732,106.56635424439956,107.18046569824219,6884500
2023-03-13,105.84992410226161,108.15747820391839,105.40329683480246,106.47333526611328,7673700
2023-03-14,108.31564280963039,108.92044054612387,105.99877538323271,108.44590759277344,8312100
2023-03-15,107.23630755200412,108.10164203139057,105.27302187402948,107.4596176147461,8596900
2023-03-16,108.86460639042025,112.4282956366797,107.8504010716898,112.13054656982422,11207800
2023-03-17,112.38179282907434,114.32647237235352,110.86513431361675,112.33527374267578,12304100
2023-03-20,112.37247144449113,113.53555493550716,111.4792241752586,113.3494644165039,5945000
2023-03-21,114.4381123964037,116.37348508899142,113.65652367376161,115.1917953491211,6900600
2023-03-22,115.3778985381237,117.46214245950769,113.39600654625805,113.48905181884766,7072700
2023-03-23,115.32205887616199,118.1692850473886,113.60999625176478,115.5174560546875,7353800
2023-03-24,115.03362034940872,116.24323015957836,113.74957858236483,116.08505249023438,6987200
2023-03-27,116.99690537423582,117.29465449664073,114.74517719236745,115.00570678710938,4818000
2023-03-28,115.0057044168141,115.08014347060588,111.85142227610099,112.90284729003906,5272100
2023-03-29,114.8382195024808,117.20160620642928,114.68004183816387,116.39209747314453,6410100
2023-03-30,118.24372429248616,119.27654302276437,117.63891944429378,118.54147338867188,8156400
2023-03-31,117.84362703921204,119.07184298753127,117.50865840795237,118.7089614868164,6222400
2023-04-03,118.15996394914717,118.69963633752992,115.01498906663299,116.06641387939453,6367800
2023-04-04,116.24322981656168,116.5130660687694,113.34017054006047,113.79610443115234,6962700
2023-04-05,112.97727564788234,114.6521187051398,112.8190979977242,114.48463439941406,6920900
2023-04-06,113.83332188460385,115.23832894987483,112.63302578059086,114.44743347167969,5260600
2023-04-10,113.60068910141362,115.91755656291224,113.21920140182888,115.64772033691406,5243700
2023-04-11,116.54096772482713,116.54096772482713,114.60559506007243,114.977783203125,5001400
2023-04-12,115.75936522036777,115.84310381565525,111.79557510211669,111.9072265625,5288300
2023-04-13,111.7025444678812,113.20059661448194,110.83721004219815,112.70744323730469,6077100
2023-04-14,112.46553174070348,113.44251768277364,110.50224610138793,111.80490112304688,4833100
2023-04-17,110.84651536321668,111.50714598723535,109.95326802233654,111.07913208007812,6370200
2023-04-18,111.97238645587608,112.4004074888235,109.2461251779192,110.13006591796875,4829900
2023-04-19,109.09723569609214,110.4371102014486,108.35285939336109,110.29753875732422,4241900
2023-04-20,109.13444293631298,111.56296165445417,108.97626529693005,110.39057159423828,5125000
2023-04-21,109.67412162780003,109.97187071266656,108.44590576536332,109.57176971435547,4980700
2023-04-24,109.6276052895395,109.63691194584204,108.46452171317836,109.1902847290039,4097900
2023-04-25,108.62267863964094,108.71572388820763,105.77545285989495,106.1197280883789,7045200
2023-04-26,106.34304216327345,107.09671793399419,105.33813640304733,106.22208404541016,4671100
2023-04-27,105.96157502533426,106.36167610275531,104.35187115724221,105.99879455566406,6945700
2023-04-28,107.09673749098046,108.77158073053457,105.82200239650221,108.67853546142578,8652500
2023-05-01,109.0600127623604,109.40428803392031,107.47822204211947,107.78527069091797,6208500
2023-05-02,108.05510523563076,108.92043963003057,106.48262119551578,108.0364990234375,7081200
2023-05-03,108.54825511243749,108.69712610190197,104.77055525756674,104.98456573486328,11491700
2023-05-04,96.79648051361416,99.67162722433231,96.30333414127507,99.16917419433594,22117500
2023-05-05,100.6858206834205,101.67211330898571,98.41547921441489,101.2161865234375,10745600
2023-05-08,100.84400202921802,101.2627164017073,99.43900209407852,100.77886962890625,6694400
2023-05-09,99.55994354954761,99.96004454122601,97.97815289345981,98.41546630859375,7804100
2023-05-10,99.55995571138587,100.0065829352889,97.82928675447229,99.05750274658203,7980100
2023-05-11,98.89933097693545,99.10403483763952,96.47081171839949,96.82438659667969,10630500
2023-05-12,97.2058657419796,97.4570886493217,95.47519696149524,96.41497039794922,7635900
2023-05-15,96.54523388596927,99.00166558686479,95.73572524178171,98.89000701904297,7444900
2023-05-16,98.3224256742277,99.07610861424618,96.50801824230955,96.57315063476562,7027000
2023-05-17,96.94535471386943,98.11773797080842,96.37776930106108,97.5222396850586,9504700
2023-05-18,97.5222229287365,99.67160606161549,97.5222229287365,99.5227279663086,9142000
2023-05-19,99.51341955790984,99.67160430611192,98.18285177485733,98.49921417236328,5783200
2023-05-22,96.4614967519786,98.50852808378403,96.07070237824347,97.95954895019531,7912400
2023-05-23,96.83367853930203,98.29451111546443,96.2753998851511,96.35913848876953,7452500
2023-05-24,94.9820630222377,95.96835566631894,94.51682957142215,95.85669708251953,8193700
2023-05-25,94.84247543579752,96.87089322030297,94.41446158571445,96.78714752197266,11677400
2023-05-26,97.64318064910631,103.54233629359926,97.53152208621042,102.677001953125,15969900
2023-05-30,106.53845047128613,108.57617507072503,104.77986875630953,107.93415069580078,18291800
2023-05-31,106.39757545759188,106.80982619700292,104.56119684742688,106.25704193115234,14924000
2023-06-01,107.33451103783526,109.20836776488235,105.22642221990726,108.5244140625,8616500
2023-06-02,109.84548671228684,109.99539869164883,107.45632351382727,108.32766723632812,7873400
2023-06-05,108.1496377208406,108.60873060233205,105.53560681503313,105.61993408203125,7769300
2023-06-06,105.4793928982792,109.42386030199168,105.1608335496476,109.02098083496094,7594500
2023-06-07,109.27395621732073,109.77053427152751,107.26893002237513,107.91541290283203,7555400
2023-06-08,108.3089308374016,109.28333731419669,106.90353811767356,109.01162719726562,5793400
2023-06-09,110.07973028560774,113.22781069817053,109.97666757610975,111.5975570678711,13807000
2023-06-12,113.40579697392563,114.59569271394359,112.21589408571236,114.43641662597656,9675100
2023-06-13,116.4414600432232,117.49082242128397,115.00796073942892,116.58200073242188,8873200
2023-06-14,116.50705305839517,116.58200905107576,113.83680836587212,115.61697387695312,7324600
2023-06-15,113.91175718486348,116.82560509599794,113.405814988427,115.813720703125,8132600
2023-06-16,116.73190469112986,117.09731333960856,114.39895500128172,114.94237518310547,12905700
2023-06-20,114.24903928934944,114.65191874462964,111.22275773249645,112.26274871826172,8667400
2023-06-21,111.12907625319404,111.51321317376242,108.3745045154455,108.45883178710938,7925400
2023-06-22,108.6930625566671,109.3208028510299,107.6624427759737,109.05846405029297,7283000
2023-06-23,106.89416404641739,108.00911119577644,105.9010221711074,106.27579498291016,11958500
2023-06-26,107.33449981623768,110.1921338855033,107.09090361389025,109.27394104003906,9377000
2023-06-27,109.37701528676773,112.3751903425386,108.35576680044251,112.23464965820312,7308900
2023-06-28,109.63935725917098,110.65124163784465,109.22711362756776,110.1265640258789,6384800
2023-06-29,110.14530531043569,110.69809680805886,109.50819368420038,110.61376953125,5138500
2023-06-30,112.0566524899651,112.30025591302477,110.91359852198998,111.53197479248047,6565100
2023-07-03,111.7474432069786,112.88113282166508,110.98853351699489,112.5157241821289,2662000
2023-07-05,111.51321816527637,111.54133202255362,109.71431730214984,109.74242401123047,6249200
2023-07-06,107.89668269912575,108.87108198737458,106.45381204216962,107.95289611816406,7544600
2023-07-07,108.09343825006773,110.30458997211028,107.52191132159591,108.62748718261719,6108400
2023-07-10,109.12405023435626,110.81988832517735,109.12405023435626,109.7330551147461,6037000
2023-07-11,110.37016877428854,110.43575347659542,107.64370368939638,109.49882507324219,5784000
2023-07-12,110.14530160875616,111.709977486321,109.71431539787486,111.19466400146484,8371300
2023-07-13,112.43141027607291,115.6357037533738,112.31897629244607,115.35462951660156,9823000
2023-07-14,115.2421915735029,115.4108389690505,113.49013291688027,114.82994079589844,7892200
2023-07-17,114.61446070649019,116.61011576128176,113.14348330406894,115.61697387695312,6125000
2023-07-18,114.60508835501777,115.45769668039081,113.61194647992112,115.11103057861328,7481200
2023-07-19,117.43460426333274,119.08360027745154,116.46020500083166,116.5726318359375,8866700
2023-07-20,115.72939035332604,116.74127471930129,112.64690227351392,113.10599517822266,9148600
2023-07-21,114.2396902916169,118.67136516426483,113.72437676635654,116.85372161865234,23704100
2023-07-24,116.85372540042195,117.67821991932482,115.40148334455948,116.2728271484375,5859300
2023-07-25,116.36650272612516,118.03424125832358,116.36650272612516,117.18163299560547,5592100
2023-07-26,115.42957211232047,117.34090684138698,114.62381314374744,116.1978530883789,5291800
2023-07-27,118.57765574365017,119.71133824725723,117.04109374304254,117.91243743896484,7917900
2023-07-28,120.20791555161466,121.72573497179303,119.51458339484057,121.31348419189453,11762200
2023-07-31,121.7913196168752,124.58336205685123,120.9574539691874,123.83381652832031,11029600
2023-08-01,123.59960735537135,124.03996489889599,122.02557432043652,123.74951934814453,7128700
2023-08-02,121.98808159322326,123.28104743185149,120.7044941888071,121.11674499511719,13711100
2023-08-03,109.59251209513869,111.59753822616453,107.64369937864001,111.21339416503906,29239600
2023-08-04,110.33269683174203,114.30527147834684,110.33269683174203,113.83680725097656,12658700
2023-08-07,114.5020133797897,114.99858426411134,110.48258988000316,111.81302642822266,7706500
2023-08-08,109.62062224110441,110.44511665555007,108.6462158522888,110.23899841308594,8934600
2023-08-09,109.83611909289246,110.66061350865687,109.17089364080722,109.21774291992188,5642500
2023-08-10,110.2577321733916,110.92295046618673,107.81234852687342,108.31829071044922,6224500
2023-08-11,106.93163414445333,108.17775061367574,106.54749722317054,107.38136291503906,5712500
2023-08-14,106.69739048748691,107.29702401783479,105.69487750879324,106.82855987548828,8537500
2023-08-15,106.19146694132661,106.35075021023036,104.37383061167714,104.63616943359375,6843600
2023-08-16,104.32697848479371,104.86102740004436,103.10897582365541,103.20266723632812,6426700
2023-08-17,103.24014002474458,104.1208478372907,102.74356912924387,103.13707733154297,6250500
2023-08-18,101.95655546024321,103.54933099435252,101.65673863682744,103.15582275390625,6384700
2023-08-21,102.91221801927905,103.96158046175285,102.12520154857133,103.6992416381836,6539800
2023-08-22,104.43939299587758,104.78605187295065,102.25634846147564,102.56553649902344,4587000
2023-08-23,102.44373705854461,104.4956123263257,101.98464419228796,104.15831756591797,6873900
2023-08-24,105.08587376039712,105.47001061782744,101.3381608385261,101.66608428955078,8698100
2023-08-25,102.02212307827851,103.54931364984235,100.96339666159635,103.36193084716797,6669900
2023-08-28,104.28013919644931,105.11400494391147,103.64302756542462,104.63616943359375,4316400
2023-08-29,103.54932535273484,106.80046809876131,103.54932535273484,106.60371398925781,6971400
2023-08-30,106.20742116281406,107.05662908018664,105.36765088863798,106.87734985351562,6490300
2023-08-31,106.08474312945795,108.66067218822116,106.08474312945795,108.06622314453125,7962500
2023-09-01,109.17019529299101,109.17019529299101,107.9530058142673,108.87769317626953,5310700
2023-09-05,108.42478684412706,110.45344076905386,108.42478684412706,109.97222900390625,7294800
2023-09-06,109.45326606675108,110.1326323182856,107.21702002191854,108.207763671875,7411900
2023-09-07,104.35804133661712,104.45239617422925,100.08370312335481,100.39508056640625,17947800
2023-09-08,100.17804785501174,101.02725570547823,99.55530023054428,100.14974212646484,9819300
2023-09-11,104.99021634711391,105.52804678733001,102.67849065819483,104.05609130859375,18771700
2023-09-12,103.3956042087668,106.37725864972579,103.32955510655984,104.95248413085938,9250100
2023-09-13,105.28272382850766,107.1887172432459,105.23554281575976,106.28289794921875,8131500
2023-09-14,107.34913112036863,108.26438814155729,106.62259096885482,107.60389709472656,7138100
2023-09-15,107.53782785463684,108.68897534826858,106.11304635032123,106.75466918945312,12247400
2023-09-18,106.51878642682772,107.40573761681975,106.11305420149218,106.38668823242188,5065100
2023-09-19,105.86772879235727,105.99982699037444,103.70697661101396,104.47126007080078,5658800
2023-09-20,105.43369839571349,105.49031705522205,102.99931200121792,103.05592346191406,7073800
2023-09-21,101.88588730625803,103.40501638869958,101.76321956753132,101.86701202392578,7007200
2023-09-22,102.63130883826918,103.58430915425649,101.30088921189774,101.60282897949219,6965500
2023-09-25,100.81023053408596,104.24480521878459,100.6875699805942,104.19762420654297,6782500
2023-09-26,103.65036289302712,104.39577830238211,103.16914389229167,103.52770233154297,6559800
2023-09-27,104.4807058990508,104.55618544753725,101.36694596168971,103.02761840820312,7225000
2023-09-28,103.56544057503984,105.59410175334678,103.0181724992525,104.8298110961914,4851300
2023-09-29,105.56579727345333,105.89604999311071,104.39578148582592,104.79207611083984,4869300
2023-10-02,104.1693201073528,105.48087164148365,103.41446709255567,104.8298110961914,5751500
2023-10-03,104.55618041383205,105.92435064720925,103.20688546577709,103.97117614746094,7750700
2023-10-04,104.54675667802248,104.80151545572178,102.659631158194,103.6503677368164,7189400
2023-10-05,103.50881790933806,104.22592752573033,102.80114593493836,103.60317993164062,5089700
2023-10-06,104.61279245713783,105.04683040755084,101.95194610108474,104.62222290039062,7930600
2023-10-09,104.09384226127517,105.66015988124212,103.30125300693948,105.49031829833984,4714500
2023-10-10,105.20723602335107,106.61314236351151,104.19762427054134,105.97151947021484,6253000
2023-10-11,105.94319975124911,106.28288283806509,103.39558379894,104.84867095947266,6378600
2023-10-12,105.66015891500378,105.87717431412008,104.09384130936044,105.16950225830078,5371700
2023-10-13,105.41481858137382,105.65070923978226,102.41428911846599,102.52751922607422,6035600
2023-10-16,102.93323748382774,104.81093218451801,102.80113929970426,104.27310180664062,6254700
2023-10-17,102.66905229673522,105.93377828626653,101.92363692010984,105.86772918701172,7334000
2023-10-18,104.79207042572274,105.78281413332076,103.82020200332752,104.71659088134766,7174500
2023-10-19,106.04699644487411,107.9435592222795,104.58447158490472,104.99964141845703,10511500
2023-10-20,105.22611764946252,105.31104204271533,102.49922180175781,102.49922180175781,7756500
2023-10-23,101.84815297804806,104.32972011293268,101.60282467763604,102.52751922607422,6679200
2023-10-24,103.13139904129542,104.1032674050082,102.31993459806093,103.21631622314453,8578600
2023-10-25,102.6690495493227,103.12196278838712,98.53624773766094,98.86649322509766,8571600
2023-10-26,98.83818605045931,100.46111493503089,98.44189147133694,99.65908813476562,8705200
2023-10-27,100.86686059229487,101.80098571003246,99.86667917042614,100.45169067382812,7292000
2023-10-30,100.68756912202154,103.15970584688024,100.18748207129634,101.7443618774414,6634000
2023-10-31,102.18783674954298,103.04647500820816,100.66870032386215,102.8388900756836,6485500
2023-11-01,103.00874659266917,104.91474743271706,102.5652709358616,104.63167572021484,12809900
2023-11-02,111.31209268179086,112.35944785291731,107.99074795209606,110.73651885986328,22106100
2023-11-03,111.29321172433181,113.32187286225687,110.73651321607959,112.77460479736328,10670100
2023-11-06,113.22751760317541,113.75591038170383,111.69894352396034,113.16146850585938,7756400
2023-11-07,113.08598115002525,114.24656636660909,112.44435826581866,113.9068832397461,7898400
2023-11-08,114.54849622615187,115.17124377238312,112.42548046610757,113.28411865234375,7681900
2023-11-09,114.28432218583352,115.52038707729677,113.08599346918885,113.32188415527344,9002700
2023-11-10,115.0202931478617,117.76605682753579,114.14277955975717,117.19992065429688,12191600
2023-11-13,117.0017729641236,117.52073532050541,115.70908949383477,116.86023712158203,7959200
2023-11-14,120.15326674410508,120.98360649957455,118.96438296501142,120.1721420288086,11255400
2023-11-15,120.70053371470544,122.40837982533505,120.36085058127023,121.64409637451172,7789100
2023-11-16,121.80451233528295,123.01227150737188,121.06853453971705,121.4365234375,11655700
2023-11-17,122.00265911917562,122.46499562439789,121.17231934185939,122.1630630493164,6543300
2023-11-20,122.1347485082741,122.77636418254454,121.73845393340886,122.20079040527344,7148600
2023-11-21,119.72865781287048,120.27592584892699,118.6529970241036,119.851318359375,14641800
2023-11-22,120.67224152722287,122.20080860038837,119.98344473960974,120.30425262451172,6647400
2023-11-24,120.99302900564601,120.99302900564601,120.36084378697707,120.54012298583984,3708200
2023-11-27,120.0872157533027,121.73845759587468,119.63430971092019,120.96472930908203,8586400
2023-11-28,120.02117625762723,120.12496873372943,118.57752643396674,119.44560241699219,8817900
2023-11-29,122.72160048064701,124.01300750991882,121.18330489573924,121.45867919921875,10608300
2023-11-30,122.75009626179582,122.87352968281034,121.05986689077359,122.54119110107422,11731800
2023-12-01,122.55066375312278,123.69964197050447,122.02840092704018,123.12989807128906,8866500
2023-12-04,122.8070501034877,123.49073698768775,121.57261464650487,123.3957748413086,7485000
2023-12-05,122.57915469082553,124.25039580507278,122.44621637393675,124.15543365478516,6231600
2023-12-06,125.32338893936526,125.4753225795182,123.1204091139051,123.40528106689453,6912400
2023-12-07,124.70615725163144,126.60528396316617,123.8135653789402,126.23495483398438,7815700
2023-12-08,124.60173720469336,127.21303711419866,124.5637465466083,126.26347351074219,7678600
2023-12-11,127.72579383540241,129.71039275899795,127.30799802488866,129.23561096191406,11010700
2023-12-12,129.12165481060737,130.30860931556748,128.66586833767607,129.78634643554688,7380400
2023-12-13,129.5014811728001,131.9798426099688,129.21660921087008,131.79942321777344,7507700
2023-12-14,132.55908567020703,135.55969566417787,132.55908567020703,134.36325073242188,11468900
2023-12-15,134.88551084396445,136.25288473169934,134.24930497743037,135.91104125976562,25053500
2023-12-18,135.32228618228658,135.90152048407026,134.1638175787192,134.5056610107422,7832100
2023-12-19,134.86650809793127,136.19589125501108,134.30626908810405,136.0059814453125,5658400
2023-12-20,134.80952033127514,135.7685741724603,133.28072264057747,133.356689453125,7264800
2023-12-21,134.64810878980427,135.4932197352286,133.8789646639808,135.25582885742188,8361600
2023-12-22,136.02496820155255,137.11696040540085,135.55018646262914,136.25286865234375,4659200
2023-12-26,136.8985899315679,138.6837742333662,136.6991896786513,138.12353515625,4381200
2023-12-27,138.49383973498342,138.84517358701032,137.72468114314714,138.37039184570312,4470300
2023-12-28,138.80720977240267,139.4814063506592,138.37990902044456,138.50335693359375,4928800
2023-12-29,138.07603129180416,138.27543151181757,136.53772857718374,137.3353729248047,4839300
2024-01-02,135.01845393360978,135.0279443537353,131.78043850031176,133.1573028564453,8495800
2024-01-03,131.88487315950317,131.88487315950317,130.08070831579343,130.65994262695312,8133300
2024-01-04,128.60888567453608,130.4035601506636,128.1341039137702,129.30206298828125,6770300
2024-01-05,129.29258804941153,131.10625807009393,128.99822564076288,129.83383178710938,6827300
2024-01-08,130.08070391895168,132.13174998577367,129.7483509114652,132.01780700683594,7729400
2024-01-09,130.6029620389867,133.84097716603978,130.22314242121416,132.83444213867188,5856900
2024-01-10,132.8344706301604,132.96740897381355,130.84038098617086,132.28372192382812,5652500
2024-01-11,131.9893212621015,132.8914036534652,129.1691166198841,132.01780700683594,7374900
2024-01-12,134.9519905503008,135.4647630703905,132.14129006761857,133.1288299560547,6546600
2024-01-16,132.93888915319772,134.10684819378503,131.02076683844294,134.0023956298828,7483000
2024-01-17,132.5780550987897,132.58756000714786,130.422556323162,132.29319763183594,6584700
2024-01-18,135.93001649020187,138.30392536700728,135.15138191298846,137.9620819091797,12893000
2024-01-19,139.8327244953814,145.06482897904505,139.3389618768718,144.29568481445312,16193900
2024-01-22,145.04583179118447,146.7740444013799,144.21021123335896,145.15977478027344,10456100
2024-01-23,145.15979636300366,145.98592662429954,143.7734414923281,145.75802612304688,6232300
2024-01-24,146.98296726007345,148.43581313526985,146.1378560976977,146.5841522216797,8331900
2024-01-25,149.6512311514036,150.01205547156584,145.9194386192578,146.67909240722656,7740900
2024-01-26,144.53306464980537,145.26421810216598,142.79536173087504,143.1182098388672,7744700
2024-01-29,142.81434493030477,143.61198928390917,140.93421325298624,142.09268188476562,10770700
2024-01-30,140.53543236634056,141.2950862499431,138.2279994518949,138.6173095703125,9132800
2024-01-31,138.00956898982372,142.5864724582725,137.0600053977828,141.01968383789062,21184200
2024-02-01,133.76498897652525,136.65166977155,133.02433069775157,133.99288940429688,22810600
2024-02-02,133.55610123596705,134.97095607509078,132.23620854305696,134.5436553955078,10442700
2024-02-05,134.70508904410096,137.35436503750273,134.08787851733277,136.76564025878906,8032600
2024-02-06,137.2119424532955,137.506304855859,135.24633881420485,136.83212280273438,7286300
2024-02-07,137.83862211404585,138.58877080027324,136.38579131868883,138.53179931640625,7361900
2024-02-08,139.4434224897686,141.11464923403852,138.9116546950914,140.70632934570312,9448700
2024-02-09,141.4849972756493,145.6630719364343,140.86778664025817,143.38412475585938,11981500
2024-02-12,142.79536001681313,146.9544381849494,142.67191212851426,145.378173828125,11806300
2024-02-13,142.4345122419651,143.62146651064816,140.92470988960537,142.4724884033203,8976300
2024-02-14,143.678455053269,146.6031124571911,143.4315737521834,146.17581176757812,8715100
2024-02-15,147.18234683860442,149.24289795564212,146.69807465543724,148.1129150390625,9372400
2024-02-16,149.52777370374835,149.80314075860534,144.90340384170358,144.98886108398438,8429100
2024-02-20,144.22920841050566,145.18826238907744,142.31108596417207,144.29568481445312,8745500
2024-02-21,142.27308317301865,144.38111503884912,141.3899816939445,144.34312438964844,9760300
2024-02-22,146.96395687610723,147.6666246404757,144.6375290418468,146.94496154785156,11407500
2024-02-23,147.8470421413467,148.9960204144542,146.54614471171095,147.09689331054688,5953300
2024-02-26,148.13190559082113,149.53725550996623,147.93249088112876,149.10995483398438,6307600
2024-02-27,149.79363989489846,151.17050405156212,149.54675860468208,150.31590270996094,6021400
2024-02-28,148.884317333455,149.39967971659942,147.89176162552383,148.7411651611328,5211000
2024-02-29,149.71466297457306,150.98399925359294,149.05613370713988,150.5926971435547,8321400
2024-03-01,152.11969677625567,156.5194200817981,150.85991389458718,155.6509246826172,10405700
2024-03-04,157.58834243265815,160.17473704656672,157.2065935409784,158.96266174316406,11865100
2024-03-05,157.21614210511834,158.03691538062517,152.92140126967766,154.08575439453125,9608800
2024-03-06,157.30203481041187,161.52996122182645,156.83438004935266,160.23199462890625,12230500
2024-03-07,161.86400670180907,169.48954789462545,161.70174813096094,167.70484924316406,14495100
2024-03-08,166.84592396665647,167.4662696232637,162.76113465847195,162.78977966308594,11318000
2024-03-11,161.2913713649804,164.13543998957542,160.45150630961527,163.31466674804688,7256300
2024-03-12,165.02302820526168,165.9678618349541,162.799305171655,165.18527221679688,7642200
2024-03-13,163.41008057744082,163.6773076698382,160.90959225738618,161.52993774414062,8730500
2024-03-14,161.8640025010627,162.19802913388958,159.10582531002765,160.76644897460938,8151000
2024-03-15,159.4780258767331,161.07184994300016,158.28504248316924,159.57345581054688,16414600
2024-03-18,163.11425249470497,163.63916815051786,158.7622509897597,159.30624389648438,6653700
2024-03-19,158.5140729920964,158.86720595036357,156.1662900210083,156.61485290527344,7404400
2024-03-20,156.61486543961206,160.4992117891513,156.3571769495037,160.0220184326172,5995800
2024-03-21,162.95197794808152,165.03253380495192,161.8926082095254,163.0569610595703,8497500
2024-03-22,161.81628612553976,164.0590863855114,161.57768942366278,162.34120178222656,5645500
2024-03-25,160.22245555201394,161.0718591945073,159.35396009654698,159.87887573242188,5682500
2024-03-26,160.38469679607277,161.6922019879325,159.38258779260394,159.44940185546875,5289900
2024-03-27,161.72083197856253,161.74946241605798,159.3539569146261,161.41543579101562,6309700
2024-03-28,161.38679281359418,162.14075188036796,160.3178698332712,161.57766723632812,5324000
2024-04-01,160.59468206666202,164.91805340589133,160.53742118473122,163.88731384277344,6679100
2024-04-02,162.69430365661083,163.5818763069805,161.55858114140068,163.23829650878906,7436300
2024-04-03,162.24574607852375,166.02512398303753,161.60630870916034,165.97740173339844,6943200
2024-04-04,167.01770077114594,167.9243653770603,161.68268171015384,162.01670837402344,9031200
2024-04-05,162.41753515723036,164.38358415588704,161.9689867685957,163.70596313476562,5863300
2024-04-08,165.04210857045248,166.43551975873277,164.49811564654533,165.7006378173828,4812000
2024-04-09,167.27537234218565,167.9625319778568,165.46202875141435,167.5616912841797,5028500
2024-04-10,164.55533859374444,165.7865054836225,162.312538783671,163.06649780273438,6177400
2024-04-11,163.83955467068893,167.61893221722113,162.72292403627327,167.14173889160156,6262600
2024-04-12,164.4217309610409,165.48110072546504,163.16194815519805,163.4768829345703,8216700
2024-04-15,166.32095781300913,166.4259409221223,160.89049569783376,162.093017578125,6570600
2024-04-16,161.76855224071485,161.83536630257393,159.81205651344698,160.89051818847656,6390100
2024-04-17,161.5013180935491,162.42707435501836,156.29991350545333,156.8248291015625,8082000
2024-04-18,154.95423647295215,156.61487469442545,152.56826954928806,154.07620239257812,9209400
2024-04-19,153.93303159946777,154.02847609902392,149.20882012715848,150.4399871826172,10292200
2024-04-22,150.83128529112722,154.26708363785372,149.99143479965065,152.87367248535156,7848700
2024-04-23,153.61811563426187,154.85880690397835,152.3964870537803,153.99032592773438,6616700
2024-04-24,156.3953337562103,158.36136790103868,154.61063540270223,156.16629028320312,6130500
2024-04-25,156.59579999102652,157.1207156841419,154.352985012619,155.85137939453125,6230700
2024-04-26,155.46959721426379,158.92448718450018,155.09738696076937,158.1037139892578,7141300
2024-04-29,157.6646767867871,161.54903756854821,157.6646767867871,161.4822235107422,6623900
2024-04-30,161.51088234348697,161.52043553215896,158.24688106815287,158.28506469726562,6914200
2024-05-01,157.00618436135474,161.90219383980647,156.31902462533387,156.6244354248047,13113600
2024-05-02,167.46625519767255,173.4025423379795,167.2944579987289,171.88507080078125,25894800
2024-05-03,173.92747191751536,174.8341365496305,169.68999179973545,171.44606018066406,10043900
2024-05-06,173.61246716387996,174.08010727032544,172.17133410041933,173.55520629882812,6980100
2024-05-07,174.12786224598932,175.90302221022122,171.04519707466784,171.93276977539062,8011100
2024-05-08,168.66876506932644,172.54357291715903,168.5637819450498,172.3145294189453,6242600
2024-05-09,172.7440170272338,173.42163808728753,171.2551758956086,172.30499267578125,5513500
2024-05-10,173.6983970645603,175.17769951255764,172.97306834139948,173.77474975585938,4702500
2024-05-13,174.82455493618275,176.30385728637393,174.55732781569753,175.80758666992188,6384800
2024-05-14,176.09390748733017,180.6558753367188,176.074830236075,180.35047912597656,7713400
2024-05-15,181.3430153382191,187.1361497159968,181.33347671362645,185.7332000732422,11349100
2024-05-16,186.10541543704346,186.70668374700853,183.9866756962758,184.45433044433594,8173400
2024-05-17,184.1011926187191,186.525343044731,183.11817546130985,185.0174102783203,5799700
2024-05-20,185.15102829781708,190.86781013580108,184.4638686772559,188.73951721191406,8879700
2024-05-21,187.06935535603645,192.7670458367774,186.83075865102316,191.6885986328125,11498800
2024-05-22,193.67369079589844,195.49657293272193,192.4997992036572,193.67369079589844,11170100
2024-05-23,196.48913566310634,198.46470853137626,190.32379126111775,192.5570526123047,14475100
2024-05-24,194.58990268419396,201.66191159005396,194.27495332727227,200.76478576660156,13809900
2024-05-28,207.32141671417426,207.51229113973054,201.661910629252,203.3607177734375,12485400
2024-05-29,199.13276929413527,201.05109578656612,197.2717182336151,198.76055908203125,12552500
2024-05-30,199.32599605134135,200.63885971152826,195.32031718794036,196.2594451904297,12245300
2024-05-31,199.32598463681876,200.3322004645269,190.42340262226176,195.54071044921875,15064900
2024-06-03,200.82091706189863,202.18169840297534,193.96909253428336,197.32313537597656,12419500
2024-06-04,197.32313813377056,197.6297858799,193.25037176907912,195.84735107421875,6629100
2024-06-05,198.30058212891183,203.63830857722553,196.80563970906886,203.06332397460938,11626300
2024-06-06,203.06333747522027,203.38916990368077,200.08303015252883,200.7059326171875,7597200
2024-06-07,200.9838320954931,201.050919973159,196.34567336219905,198.00352478027344,5714400
2024-06-10,196.72898782134646,201.79839237414527,196.029434383335,200.61968994140625,6465100
2024-06-11,198.51143205183334,200.71552045627803,196.2402703886385,199.82431030273438,8197500
2024-06-12,203.63832575116717,206.6282108430066,202.0858876646301,206.40780639648438,9502800
2024-06-13,207.3373537730826,209.25394975374618,204.1270496564844,208.7268829345703,10102800
2024-06-14,208.5639619099293,208.95686757252312,204.74034788663198,206.3502960205078,6438200
2024-06-17,208.03689923110636,213.38420356672256,204.50077744283865,212.95297241210938,12109100
2024-06-18,217.3611736156829,221.01228689523174,216.575362185429,217.61990356445312,22037500
2024-06-20,214.85038793193235,216.47949145015076,203.96412311809084,206.4844512939453,18701200
2024-06-21,202.92919014619875,206.48448235158142,200.67719849838093,203.66708374023438,22286500
2024-06-24,198.28146075948263,198.3964518507727,191.8896142716671,192.46458435058594,16087700
2024-06-25,194.66867078793868,194.67824850462068,190.86422625223514,193.73912048339844,11974900
2024-06-26,191.95667618556783,192.76164302194536,187.53892167924232,189.1009521484375,10023800
2024-06-27,188.6601298726054,190.28924823354518,185.75648799017577,187.01185607910156,11936600
2024-06-28,187.82641383970227,195.43530253586462,187.45267819298115,190.87379455566406,15547500
2024-07-01,191.15170993296357,192.3016646487959,187.9030801839417,191.6883544921875,6800600
2024-07-02,189.98257459433015,192.11957499610682,188.87094542779096,191.81292724609375,5632900
2024-07-03,194.22783329316857,196.31693055483478,192.0812551130693,195.3107147216797,4996200
2024-07-05,197.26563544701764,198.12809773812464,195.47360836821332,197.1697998046875,6375200
2024-07-08,198.59767796001563,201.6642285610336,197.55312205231363,199.22056579589844,6920400
2024-07-09,197.86937112635454,199.8530550470506,196.12527633318763,198.48268127441406,5272600
2024-07-10,200.03512531048995,200.5142742997742,197.94602811352777,200.09262084960938,5159400
2024-07-11,201.2617263820473,201.36713973454735,191.43917303736816,191.51583862304688,8602200
2024-07-12,193.25038702564814,197.4860626246258,191.89918327447307,193.98826599121094,7217200
2024-07-15,194.5344825336774,200.51426696530288,194.33323353165397,199.4984588623047,7463700
2024-07-16,201.24255557204557,202.28709675586117,198.00350404603043,200.89756774902344,5998500
2024-07-17,191.40084622001976,191.6595907618388,182.61325573828543,183.60989379882812,16156200
2024-07-18,185.69898224549507,185.81397332443262,179.15380525740838,183.47573852539062,9960600
2024-07-19,183.69614041815092,185.03775172869257,178.01342584589486,178.44467163085938,9195700
2024-07-22,183.03489642853398,187.34723692030573,181.16621847325928,186.83934020996094,7590000
2024-07-23,186.1014861312418,188.05642242319024,184.13697212248314,185.2869415283203,5796700
2024-07-24,181.4441576811217,181.70290226089634,173.15488501369447,173.51904296875,13295300
2024-07-25,172.12947831503416,172.72363300531308,166.04429492164346,168.0758819580078,12700100
2024-07-26,171.54492679171585,173.73943749081553,170.1649898976692,172.54156494140625,6567800
2024-07-29,173.93108624658132,175.0235453769504,170.4333044107195,171.1903533935547,6051600
2024-07-30,171.86117730369057,171.9186728499481,159.81537782127822,159.97828674316406,15338900
2024-07-31,168.25795176944874,173.52859036770104,166.17844702265236,173.4040069580078,19222200
2024-08-01,164.59724471507104,169.58998328910164,154.60220447440756,157.16085815429688,24795000
2024-08-02,153.8259744406515,157.4099990287941,150.96065861504152,152.6664276123047,16618900
2024-08-05,146.8783169590774,156.03006443800842,145.07671230477413,151.36314392089844,12733900
2024-08-06,151.81356663692262,156.80630562553813,149.9736362409312,152.10105895996094,9301000
2024-08-07,156.75839145589276,157.46753725292444,149.01534171986847,149.60948181152344,9266900
2024-08-08,154.0368468602794,158.6845840227288,151.28652128068674,158.07127380371094,9590900
2024-08-09,157.22797376653543,158.9720686769063,155.22511965655087,157.62086486816406,4824600
2024-08-12,153.86431672862724,156.5763016856343,150.85526174629734,156.09715270996094,8548000
2024-08-13,157.4483422672819,162.48898377704157,156.4708743499263,162.40274047851562,11102100
2024-08-14,163.52396966908827,164.11810974820563,157.85084727995167,160.17950439453125,7208200
2024-08-15,164.58766845275665,167.35714886831488,163.49520940425705,166.11135864257812,10752100
2024-08-16,165.10513869565625,166.1496945193412,163.5143752953222,164.99972534179688,5435700
2024-08-19,164.41518700218708,167.0505063759375,161.70320203741343,166.9929962158203,6708100
2024-08-20,166.60968439878204,168.1142045967088,164.0126904856858,164.9326629638672,6222400
2024-08-21,165.7759637808865,167.57755394172887,164.90390915726675,166.9546661376953,6309500
2024-08-22,167.0313601242585,167.30926013666001,161.35823718232473,161.95237731933594,6743500
2024-08-23,164.5972656236548,167.33799859524976,163.51439878477657,166.26470947265625,6823600
2024-08-26,164.79849553906212,165.1914011981975,161.50194833332654,162.4219207763672,7437600
2024-08-27,162.11526476924067,167.16549913238006,161.25280245087168,166.6767578125,6498800
2024-08-28,167.108010230778,168.39212604378028,162.55609472229054,164.6835174560547,6534600
2024-08-29,166.18802460756442,169.0054228501981,161.8852616548217,162.4219207763672,12514200
2024-08-30,165.10513799929907,168.14295519612546,163.6772834932307,167.9896240234375,11110800
2024-09-03,164.72184329537274,164.98058785070066,155.24427662228152,156.4325714111328,11620300
2024-09-04,156.20257345893663,161.22406022563104,155.84800787935424,158.43540954589844,6737000
2024-09-05,157.08685630648822,159.70689822525583,155.90206258598232,157.68406677246094,5600000
2024-09-06,156.75936358490054,157.1928232926585,151.35552865983317,152.37657165527344,10703000
2024-09-09,155.17000311432048,156.4029624481404,152.74262269350695,154.8617706298828,7494900
2024-09-10,154.12004311117738,156.10433631454856,151.88529543100964,155.73829650878906,7918100
2024-09-11,156.39333146729155,160.76648170249905,153.397622213228,160.43898010253906,8275400
2024-09-12,159.7839567520372,160.19814730598168,156.91346041405822,158.91702270507812,6039200
2024-09-13,159.71652498964013,162.11502345432254,159.36012709294855,161.5659637451172,4049900
2024-09-16,158.8688686558294,161.1903054608887,157.77076387595585,160.4871368408203,6510000
2024-09-17,162.67369785409122,163.27090827242557,159.9765943648519,162.50030517578125,5828000
2024-09-18,163.29018723814073,166.08360709663307,161.53706472011146,162.11502075195312,5877600
2024-09-19,168.01011330270242,170.3026536892411,166.15104730376052,167.5284881591797,10900000
2024-09-20,166.34369214498068,166.70973195241888,158.26202293519657,162.7122344970703,27546400
2024-09-23,162.2305949223503,163.7332628641597,159.27342448774456,159.8610076904297,9810000
2024-09-24,161.26736505177374,163.13607300387804,159.8802822544166,160.81463623046875,9666800
2024-09-25,160.1692473530722,162.3943530366396,159.66835311713345,162.08612060546875,5095500
2024-09-26,168.48210184340496,169.29122851189427,160.65087274286995,166.31478881835938,8475000
2024-09-27,166.6423162541571,167.0757759868876,163.58881430389997,163.87779235839844,5880700
2024-09-30,165.07218761982136,165.9005834075906,161.58522648197118,163.8007049560547,8099700
2024-10-01,163.5599077419926,164.031890993397,158.05011472003892,159.68763732910156,8277600
2024-10-02,160.04404164313698,163.51174882286497,159.080791281883,162.13430786132812,4484600
2024-10-03,159.85138000785642,163.2998177520477,159.57204389557074,162.7122344970703,6260200
2024-10-04,166.20883490591248,166.44964747033774,160.36189878661187,162.69296264648438,6586500
2024-10-07,161.47928020706394,162.51959229806835,159.6491105105765,160.8050079345703,4359300
2024-10-08,158.8014142119268,161.55631012293824,157.6455170159705,160.22702026367188,7843500
2024-10-09,159.85137950828616,164.04152406570552,158.61842033743818,163.96446228027344,5486500
2024-10-10,161.0843489139933,162.54849353416526,159.25417916230356,162.3269500732422,5048000
2024-10-11,161.82604495283536,164.16673604799036,160.73756744710357,163.7332763671875,3801400
2024-10-14,165.04329649169566,172.29656979434466,164.61946402440137,171.4970703125,9933600
2024-10-15,170.70720816966033,173.2212918760438,166.40147843461247,167.69223022460938,12910400
2024-10-16,168.2027670537739,168.25093250963224,163.96447150284507,165.17816162109375,6495700
2024-10-17,169.16601460421387,169.16601460421387,164.73507200055982,164.8121337890625,6093200
2024-10-18,165.78501843790153,166.23774727854868,163.19387264297373,164.6387481689453,6432700
2024-10-21,163.40578735507987,163.91630886026635,159.9669912786722,162.79893493652344,7297700
2024-10-22,162.79893687844105,167.10466713243719,162.0476027789013,166.81568908691406,7313000
2024-10-23,163.11680500435122,166.2955339871562,158.2620298782376,160.47750854492188,9788200
2024-10-24,160.48713032629254,162.73150525067354,159.44681825631986,161.92237854003906,4933400
2024-10-25,164.02224622945988,166.81566598728833,163.56951745037273,164.0126190185547,5496600
2024-10-28,163.1938720406821,166.78679171988838,163.14570658372068,165.89097595214844,5024600
2024-10-29,165.87170450848564,170.08111846103566,164.9662468432044,169.5320587158203,6427700
2024-10-30,163.67548529038848,165.4286078494376,161.37331771647231,161.4600067138672,8819700
2024-10-31,161.45999315738092,161.6141167162754,156.1235935384358,156.78823852539062,10261200
2024-11-01,157.08686011425078,159.9766110037005,156.78825487402628,159.19638061523438,6498100
2024-11-04,158.99407959350296,161.34441249133044,157.62626603942985,159.1096649169922,4949800
2024-11-05,158.9362897056381,161.43110430136855,158.21385202515793,159.81285095214844,5373200
2024-11-06,163.03011374717266,171.89201359323212,162.4714268077906,166.63267517089844,17661900
2024-11-07,173.6451413112951,175.4078911810579,165.32265903810753,166.5556182861328,23586300
2024-11-08,165.76571749599614,167.1142765468616,162.54846546992624,164.62908935546875,10736600
2024-11-11,163.7525415826726,164.5135028087755,159.9862295987434,162.10537719726562,7829500
2024-11-12,160.9109543817165,161.18066327114656,155.91168332015675,157.40472412109375,8483300
2024-11-13,156.80749546589647,156.95199181644324,153.87922129001544,154.52459716796875,7921700
2024-11-14,156.96163341079853,158.84961046551697,155.92132132326384,157.94415283203125,7012600
2024-11-15,157.0097950017341,158.29091963269008,153.73474994226072,154.60166931152344,9737000
2024-11-18,156.62451162430992,159.07116102797792,156.04655553939494,158.45468139648438,7814200
2024-11-19,158.00196449628362,160.12111247101353,156.67267421937387,158.656982421875,6176800
2024-11-20,157.9730370370077,158.1656841425684,147.32911910192,148.60061645507812,14483000
2024-11-21,149.45790919845552,151.17249343183087,147.94559928246073,149.74688720703125,10685800
2024-11-22,149.10151444657455,151.11471883828094,148.08047143248353,151.02801513671875,5709300
2024-11-25,153.09901429469932,153.78291381817007,151.44222250263672,152.98342895507812,9189800
2024-11-26,153.87924539144296,155.5360371905926,150.3537455375756,151.16287231445312,9489900
2024-11-27,151.16283462134393,151.85637588516832,148.78362034170496,150.65231323242188,6337900
2024-11-29,152.29952289532213,155.58421032056876,151.95275215984105,152.70408630371094,6112000
2024-12-02,152.55960306673188,157.36621315634764,152.55960306673188,157.03871154785156,9812700
2024-12-03,155.5649277516337,157.83819911041482,155.3915497478954,156.60523986816406,6961400
2024-12-04,158.4354156170966,158.9363099213893,156.27774421036017,157.33731079101562,6721600
2024-12-05,157.43414265679328,159.23516121898862,154.85848975415203,155.3039093017578,7279800
2024-12-06,155.30388132504655,155.30388132504655,152.25377670421065,154.4517822265625,9918400
2024-12-09,152.48615989718292,157.7633324183623,152.47648232537173,155.64279174804688,9481200
2024-12-10,155.67182789767827,156.36899716518332,151.09181025352916,151.49850463867188,8683600
2024-12-11,152.30216494985487,155.37165397377373,151.9923201637148,154.76162719726562,7081800
2024-12-12,153.63843364768755,154.403390330178,151.94392767941258,153.22207641601562,5796100
2024-12-13,153.22208654735925,154.6164105682314,151.6534480146323,153.5028839111328,8886700
2024-12-16,153.14460564278113,153.67716759595183,149.13588941106192,152.88316345214844,9951100
2024-12-17,151.52756983571564,154.90688941142056,151.52756983571564,152.91221618652344,7187400
2024-12-18,153.2317558274765,156.04948076023734,147.4898083408791,148.1966552734375,10295200
2024-12-19,149.14557046766222,150.53990915038918,145.30146151803163,145.63067626953125,8414800
2024-12-20,144.83671288066853,149.66848172703254,144.69146062310838,148.041748046875,17347100
2024-12-23,150.72388870122566,153.65780356715956,149.64908718178017,153.22207641601562,8863200
2024-12-24,153.60937974954348,154.34527413467512,152.5442558467961,154.30654907226562,2839600
2024-12-26,152.40871239986654,154.5002205935555,152.36030976036525,153.5028839111328,3846900
2024-12-27,152.20536676945667,152.74760630423583,150.58832573719772,152.2537841796875,7232500
2024-12-30,150.30751310960983,151.17898216603157,148.92286678623492,149.67813110351562,5356000
2024-12-31,149.81368958563132,150.89816864134437,148.35157837480966,148.74856567382812,4423300
2025-01-02,150.09451113760852,152.51523425961,147.9449078232775,148.76795959472656,5009100
2025-01-03,150.49150794799786,153.41574551283173,149.59100607045454,152.82508850097656,5885800
2025-01-06,154.27752184996697,160.41647190524142,154.27752184996697,154.78103637695312,9599800
2025-01-07,156.86285826237454,158.2668747177634,154.2000628289083,155.42979431152344,7666000
2025-01-08,154.97467251175283,155.11023239397036,151.96329283721,154.03543090820312,7731900
2025-01-10,152.6991834729558,153.26079290687318,150.61736788121073,152.00201416015625,6236800
2025-01-13,150.29784202213688,152.37965777050104,149.89116235489493,152.14727783203125,5714700
2025-01-14,155.06183315525064,155.90424003811174,151.59535601813147,154.47117614746094,6476500
2025-01-15,156.95968076718552,160.20344063000437,156.94998841951187,159.19642639160156,9284000
2025-01-16,160.10660399195189,160.5810561813633,156.1656603762916,156.31089782714844,7188900
2025-01-17,160.13566373779983,160.35836610446395,157.92796566630204,159.34165954589844,8097500
2025-01-21,160.7359822707234,163.33098983228993,160.10660029830538,161.96571350097656,7380500
2025-01-22,162.9824393109511,166.63287882430132,162.85655699155276,164.841552734375,7281700
2025-01-23,164.97711529827396,168.85027202019668,164.00882611779326,168.83090209960938,7172300
2025-01-24,169.54742665509409,169.64424669976293,166.48762956511237,166.65223693847656,5825800
2025-01-27,166.64254789347797,166.73936793148096,161.97538767914355,165.751708984375,15632600
2025-01-28,164.82217431458866,167.9884838571799,164.4251722315127,166.11000061035156,8720200
2025-01-29,166.1100085427344,167.98849187926743,164.82218218547288,166.2649383544922,5118900
2025-01-30,166.87492256785907,168.03686641185783,165.5483713669946,166.47792053222656,6010600
2025-01-31,167.03956359749836,171.18384016730164,166.82653879274878,167.4462432861328,7800500
2025-02-03,163.52467887925138,167.10734583402413,162.73067467215444,164.841552734375,7447100
2025-02-04,163.1567233512831,168.27896650330516,163.1567233512831,167.55274963378906,5457900
2025-02-05,167.5140177217481,171.38717420086365,164.51231554046578,170.2833251953125,15197800
2025-02-06,162.51763563504105,164.1153214819316,160.15500791594386,163.95071411132812,16293500
2025-02-07,164.44454605749937,165.86793227216225,160.79409187075092,162.63385009765625,7841700
2025-02-10,164.34772449931506,166.35209026845337,163.6408775085931,165.92604064941406,6237700
2025-02-11,164.27024867465522,167.22353354230117,163.74737903370607,166.5360565185547,6588100
2025-02-12,164.1734290949242,165.50965808114356,162.90497266655913,164.88995361328125,5505700
2025-02-13,164.79314045572298,166.89432623581473,164.0959710533518,166.69097900390625,6362200
2025-02-14,167.12672493357596,167.33974974352554,165.61618134259123,166.76844787597656,4691300
2025-02-18,167.76575819563354,168.21117766679697,165.80982492096095,168.1337127685547,7292600
2025-02-19,168.4726436717398,170.90304425118464,167.85293917310062,169.66363525390625,6849600
2025-02-20,170.41887072133488,170.79650285523203,167.41716879298048,168.19180297851562,6316400
2025-02-21,169.43123109724021,169.86695825915757,159.97105675267989,160.18406677246094,12531900
2025-02-24,160.64884695728117,161.3072764485259,155.88486639295846,155.9913787841797,9827800
2025-02-25,156.53362404337443,158.15066511481467,154.38402099632944,156.10757446289062,8244900
2025-02-26,156.69824405657124,158.93498975953736,155.8267749057928,156.95968627929688,9161900
2025-02-27,157.19205005540576,158.07319668859384,149.2133572711457,149.54257202148438,10807200
2025-02-28,150.18165377182976,152.32156452930408,148.53555038925572,152.18600463867188,10149500
2025-03-03,153.94828814791586,155.0037197128451,147.68345653694394,148.74856567382812,9601900
2025-03-04,150.34627788078788,152.21506906489657,146.5505857459036,149.5619659423828,8956800
2025-03-05,150.12353269459746,154.10320141055396,148.1772769597558,153.46414184570312,6786900
2025-03-06,150.02765710752266,153.69779471080986,150.0081827442914,151.90652465820312,7808100
2025-03-07,151.10826399199772,157.5334376603111,151.10826399199772,156.94932556152344,8727600
2025-03-10,153.18183249514107,155.04122564618166,148.56738890241417,150.87460327148438,10139900
2025-03-11,150.7480457605944,152.0914796049067,146.8637350924603,149.04440307617188,8692900
2025-03-12,150.12500269286005,151.7312884549282,147.89565619130028,148.75234985351562,7117400
2025-03-13,148.5576355370951,151.5073697201153,146.4353759613505,147.9151153564453,5861700
2025-03-14,149.49223062296477,152.79242975441935,149.47275625880928,152.43223571777344,5309400
2025-03-17,151.47819016232395,154.515537174717,151.3224249682047,153.76593017578125,5781000
2025-03-18,153.76591741703834,155.49876420771906,151.78969310121047,152.14988708496094,6898400
2025-03-19,152.28617797956912,156.25810097446904,150.95247389457583,154.0677032470703,5871000
2025-03-20,153.81460865576682,154.90493530542864,152.37381774662995,153.76593017578125,5089300
2025-03-21,150.87460821961935,153.24997550927444,149.49222550366648,152.66587829589844,10949300
2025-03-24,155.7616407125229,156.7351509669762,154.5934313780965,155.8395233154297,6033400
2025-03-25,155.64481674783877,157.19269441285456,155.1969955163151,155.90765380859375,3978200
2025-03-26,155.226193303603,156.55016772615488,152.69507577976805,154.19427490234375,5960300
2025-03-27,154.0190481755017,155.0314922007951,151.6242066579205,153.785400390625,6102000
2025-03-28,152.76320858990923,153.46413707542223,147.54519367252684,148.67446899414062,8918000
2025-03-31,146.8150621852975,149.77454133649326,143.96268459852539,149.5408935546875,8613600
2025-04-01,148.35322248472204,149.25859471769311,146.2796409535255,148.99574279785156,5708900
2025-04-02,146.79558693609647,151.341892345255,146.38671446134663,149.99844360351562,5377200
2025-04-03,143.10598445074433,143.495382548232,134.8895568443217,135.72677612304688,16465000
2025-04-04,130.78135810884552,132.26109778803757,123.32427375887177,124.08361053466797,19018600
2025-04-07,121.28963271357554,133.565596976385,117.60003557758009,126.28374481201172,17938300
2025-04-08,127.6564004234286,131.70619166568213,118.51513258718474,121.3577880859375,14965900
2025-04-09,121.84453136300402,141.02267794161307,120.90022534910212,139.78631591796875,21242600
2025-04-10,133.3806141660253,135.37631285260574,125.86511496550186,130.83975219726562,14898800
2025-04-11,130.45035135210952,136.92418747364513,127.63690780146011,135.561279296875,10955300
2025-04-14,138.96857776446194,139.3190420223596,133.20539929926719,135.5028839111328,6930300
2025-04-15,135.76573189544158,137.10916579974403,134.37360465819313,134.9285125732422,6346800
2025-04-16,130.13882848282628,133.6726750471502,128.2988949110266,132.14427185058594,10417200
2025-04-17,133.740830235399,134.49042236162182,132.1150700543824,133.03990173339844,7135900
2025-04-21,131.1610383206507,132.93283419362368,129.82733396554988,132.53369140625,8128300
2025-04-22,133.12751352356045,135.41526832667728,132.87440623123976,135.06480407714844,8228000
2025-04-23,138.80307932350632,140.06864549265077,136.07724792563806,136.73924255371094,9073500
2025-04-24,138.99779704341293,143.9042971891861,138.2287304557231,143.31045532226562,8810600
2025-04-25,142.21037831803292,145.24772552780908,142.21037831803292,144.6246795654297,5145600
2025-04-28,144.2547122019271,145.34505355997524,141.58730416958446,143.7095489501953,5743500
2025-04-29,142.77500808830106,144.33261548017964,141.66520706543523,142.9891815185547,6692000
2025-04-30,141.35366085986524,144.90698157001538,140.06863527669685,144.52731323242188,10851900
2025-05-01,135.11346434910598,135.2789741431709,131.29730642368247,131.62831115722656,22836600
2025-05-02,134.19838887141756,137.6640828547077,133.65321067401015,136.10646057128906,13185600
2025-05-05,134.6364605879462,137.0410319159665,134.62671597923088,135.7462615966797,7165300
2025-05-06,134.1691883123513,137.07024466622028,133.81872403201507,136.19407653808594,6957900
2025-05-07,136.66138047444073,140.86693724011468,136.53481938215126,140.4775390625,10196400
2025-05-08,141.78200604060282,143.59273536549688,140.07836341762234,141.25631713867188,8489100
2025-05-09,141.8014782612383,143.08650381022312,140.76955997905443,141.3341827392578,6217100
2025-05-12,149.99844902116286,150.2710306808412,145.86103079190465,148.09036254882812,11414600
2025-05-13,147.98328952144686,149.2293814679555,146.96111563041438,147.33103942871094,10160900
2025-05-14,147.9053931367326,149.20990805524272,146.4451278803619,148.92758178710938,6971200
2025-05-15,147.6912447985942,149.3267348688479,146.20176046767313,148.56739807128906,6941200
2025-05-16,148.82049062987332,149.00545993355698,147.2920874315665,148.46029663085938,6668000
2025-05-19,146.56195844086562,149.745340842506,146.13361159115422,149.62850952148438,7241100
2025-05-20,148.9859792658297,149.81346879320728,147.90538245993662,149.74533081054688,5269500
2025-05-21,149.51167556615306,151.9941291696275,146.83452292319885,147.3018035888672,9684500
2025-05-22,147.37970149858072,147.56467080442226,143.3201659422921,143.4661865234375,9539100
2025-05-23,139.62082890724173,142.6095123044748,138.01454304432,141.52891540527344,8994600
2025-05-27,143.6414325221901,145.3937538475113,142.55109100055313,144.6928253173828,9788800
2025-05-28,144.87779286703872,145.53004290846147,143.45646146087023,143.6901092529297,7032300
2025-05-29,145.8902315291829,146.51327743038448,143.33963969216796,144.41049194335938,5980700
2025-05-30,144.07951510677947,144.09898947080808,139.67924467531498,141.3536834716797,13755600
2025-06-02,140.96429347211102,143.31045684458704,140.6527630479834,142.74581909179688,6419500
2025-06-03,142.82369002956173,145.81235866210633,141.65546588911172,144.99461364746094,6164100
2025-06-04,146.02651620200814,146.0751946783259,143.4759244724804,145.1016845703125,7143800
2025-06-05,145.72847794122714,146.98205502488273,143.9656304973935,144.51406860351562,5605500
2025-06-06,146.70783139957655,147.48151764435403,145.97331289952243,146.15939331054688,5794700
2025-06-09,148.67634658762913,152.89737748887788,148.04955801901383,152.20204162597656,10589400
2025-06-10,152.96593041264023,156.21739124440217,151.86905422030858,155.84524536132812,9068400
2025-06-11,156.69728917290914,158.79311481784407,154.44476265228496,156.18801879882812,8859900
2025-06-12,155.71791315527824,156.3153220990983,154.68958432492352,155.42410278320312,5689400
2025-06-13,153.1128308617383,153.92569982009846,151.2520565818029,151.52627563476562,8446400
2025-06-16,153.78859785171264,155.17928452974687,152.42729072052418,153.63189697265625,8686300
2025-06-17,153.416433816002,154.32724458077385,151.20308998458353,151.2716522216797,7146900
2025-06-18,151.80050179295483,152.8778016541741,149.9886833746729,150.4587860107422,6708700
2025-06-20,151.046377277574,151.91800528321264,147.5206975110454,148.1964569091797,15501900
2025-06-23,148.10831955893082,150.3510579504271,146.59031153279383,149.97889709472656,6860700
2025-06-24,151.53606795410056,153.0736672764077,150.968038487862,152.495849609375,7692700
2025-06-25,152.87779246563522,153.29890924000765,151.39895229558925,152.71128845214844,5280100
2025-06-26,153.26953460645848,155.14990026651918,152.69171694429866,154.92465209960938,6278200
2025-06-27,155.37515552512554,157.77459480877476,154.31746193491773,155.26742553710938,22100300
2025-06-30,155.1205127619279,156.56017021501728,154.5426951294137,155.97254943847656,7988200
2025-07-01,154.9540296078695,158.31322049737278,154.7189782995212,156.1096649169922,8942300
2025-07-02,156.38388652532845,159.42969066392476,155.52206160161265,158.9694061279297,8916400
2025-07-03,159.67453312452042,160.57555569929423,158.74414594697635,158.86167907714844,4280800
2025-07-07,157.78437133990954,158.15653216986124,154.31745052131402,154.8267059326172,7187400
2025-07-08,156.17822171539515,158.48950719699394,155.3359732362409,156.15863037109375,6879100
2025-07-09,156.10965540664026,158.14672179010574,154.9833997116965,156.06069946289062,4190100
2025-07-10,155.7081339572069,156.98128740344043,154.53289240096493,155.80606079101562,5674400
2025-07-11,155.7179369451355,155.88442602785636,153.90611849371814,154.20973205566406,5907700
2025-07-14,153.19118576267417,153.2695362006355,150.31187067882067,151.1051483154297,7382600
2025-07-15,153.06385734065165,153.47520085684334,150.9386522448089,151.1149444580078,6467300
2025-07-16,151.1149270880024,151.3107956794068,148.41188971764865,150.88967895507812,7106700
2025-07-17,149.8417879249297,150.3608465176609,148.66656120447826,149.4598388671875,7018600
2025-07-18,149.88094978014857,152.2216149278838,149.57735117488275,151.60462951660156,7433900
2025-07-21,151.7221497027021,156.62872823071714,151.71236150182236,155.6885528564453,7662300
2025-07-22,155.678753475159,155.75708896420738,152.9463363003138,154.72877502441406,6951600
2025-07-23,155.3163926709002,156.73645888305245,153.6906546888525,156.57977294921875,7296200
2025-07-24,155.08135762633924,155.8060730400039,153.55354647187636,155.5612335205078,5014800
2025-07-25,155.61998908648553,155.9137994919842,154.1607551474115,155.13031005859375,4808200
2025-07-28,156.46223620593443,158.61683586434725,155.87463034403646,157.72561645507812,9627300
2025-07-29,158.69517704938835,160.2229882102832,157.81376075301912,158.73435974121094,9460900
2025-07-30,159.63537633166658,159.89980721292704,154.73858564664613,155.77670288085938,14382500
2025-07-31,149.9495048763169,153.56333830898333,142.57494028763057,143.73057556152344,24440100
2025-08-01,143.4367726614138,146.09082435086802,142.78058968101982,145.1310577392578,12706700
2025-08-04,145.4444612168616,147.67739641513657,144.0341981525444,144.46510314941406,8150200
2025-08-05,145.45426103676087,145.58156742082272,142.6630846308093,143.68162536621094,7794500
2025-08-06,143.62285221533583,143.68162625120848,141.1352893408382,142.82957458496094,8475700
2025-08-07,145.2583803455069,145.2583803455069,141.82082432896033,142.88832092285156,6753500
2025-08-08,143.32905375503412,144.96457987286885,142.6826738683255,144.51406860351562,5028700
2025-08-11,145.50322441190602,147.9418162541012,144.66097593890643,144.9156036376953,6215900
2025-08-12,145.71867073293618,150.723190727456,145.5032257205261,150.55670166015625,9304100
2025-08-13,150.79175283125267,153.8669363611628,150.45877469693906,153.357666015625,7103300
2025-08-14,151.70255145503523,155.37514403329286,151.70255145503523,154.8267059326172,6294800
2025-08-15,154.77774028214435,155.972558303555,153.45561587550725,154.5916748046875,7583700
2025-08-18,154.52310368298606,156.45244013397775,153.99425693950286,155.61997985839844,4774400
2025-08-19,155.78650100994707,156.13905558184982,152.8288353471622,153.0247039794922,6396500
2025-08-20,153.16180193600727,153.40664144386224,150.29229007697938,152.23141479492188,7151700
2025-08-21,151.62421523269813,151.99636111703765,149.89074735985153,150.94845581054688,4997300
2025-08-22,151.63400078682108,156.58954987102464,151.36956994280766,154.74835205078125,7711500
2025-08-25,154.35661578527183,154.7875356985369,152.19222801866925,153.19117736816406,4653000
2025-08-26,154.40558943841575,156.65811587928738,154.1607499327518,155.88441467285156,9173000
2025-08-27,155.09113228376336,156.6678992493771,154.54269419899632,156.47203063964844,4549900
2025-08-28,156.60914587842234,157.89210250437355,155.74730603157127,157.48077392578125,8156300
2025-08-29,156.2369895078637,158.2642678572016,156.10966817853776,157.41221618652344,9949100
2025-09-02,154.5622965526348,155.6591728002997,151.4087623967801,155.50247192382812,7520300
2025-09-03,156.10966627866065,156.27617029674576,152.83861399732456,154.03343200683594,6336400
2025-09-04,153.8462868137564,157.4511394651099,152.14235964291439,157.30340576171875,7781200
2025-09-05,157.6678312234862,161.026451136774,156.751837143107,157.4314422607422,7954200
2025-09-08,157.8746587447564,157.8746587447564,155.6290161950222,157.82542419433594,7019700
2025-09-09,157.95343499933472,159.16491137454742,155.19563925623177,156.2692108154297,6126000
2025-09-10,156.22981092852362,156.81093186555808,154.2501042620447,156.55484008789062,8256900
2025-09-11,156.79124545698423,159.62785294220978,155.57978393886154,159.07627868652344,8360200
2025-09-12,158.89899849024223,159.88392997655464,157.17536838919554,159.39146423339844,5430600
2025-09-15,158.96792986103355,160.2286409134762,157.79587406093765,158.7906494140625,5604800
2025-09-16,159.38160817634488,162.5136828501492,159.0664229109036,161.66664123535156,7997500
2025-09-17,162.1985133132623,163.8630499642418,160.7703656342866,162.769775390625,6057800
2025-09-18,164.36536280493877,166.3155228396159,163.72514835439344,165.59652709960938,10421200
2025-09-19,166.62084853676606,167.02467403078552,163.7842412035614,164.3358154296875,19444400
2025-09-22,164.33581868230908,167.6550328643859,163.41982461747318,167.16256713867188,6196600
2025-09-23,167.26107189625068,168.27555012288337,165.76397183186717,166.97543334960938,5468400
2025-09-24,166.5026537356574,171.8114333027022,166.12837499990712,170.93484497070312,9213700
2025-09-25,168.63011256362665,169.37865502148463,165.40938265926897,167.12315368652344,8093700
2025-09-26,167.1231534910489,168.35431774659537,165.5965218372597,166.650390625,4846000
2025-09-29,166.65038465331102,167.2807401284085,162.2772869696962,162.8091583251953,7523100
2025-09-30,163.14404335032157,164.32595807421473,162.39550086525685,163.8531951904297,5593300
2025-10-01,163.30164182477563,164.2570265593791,162.0113839950576,163.9812469482422,6153000
2025-10-02,165.2222487279222,166.98526938927986,164.66083059439728,166.30567932128906,5499500
2025-10-03,166.30567738295943,169.1619725083834,166.1973343248855,166.6306915283203,5137900
2025-10-06,167.97019861268103,168.305086719127,165.19269980909144,166.07913208007812,8265800
2025-10-07,167.33983375734428,169.38849281047956,162.65156584636892,162.9667510986328,7147500
2025-10-08,163.7350146559774,166.01020397030388,161.42041966628588,165.24195861816406,7302200
2025-10-09,164.84796637149415,165.08435532184563,160.77035090831077,163.1637420654297,6928400
2025-10-10,162.33641063601874,162.60233130974152,151.0392455746379,151.27561950683594,15818600
2025-10-13,153.6000567023282,159.9430176482744,153.43262015920368,159.3422088623047,10311000
2025-10-14,156.89959066753144,161.79470141584758,156.86018499144112,159.30282592773438,8675200
2025-10-15,161.7651647742423,161.7651647742423,157.89437592964313,160.51429748535156,7334100
2025-10-16,162.01136942131598,162.70081838713884,159.76572705900136,161.6075439453125,5686700
2025-10-17,160.40593932943682,161.3219183799656,159.23386847899647,160.98704528808594,4833100
2025-10-20,160.8786907964392,165.12374271335028,159.6179798104518,164.52293395996094,8194100
2025-10-21,164.286585638084,166.6898210260524,163.69562069620684,166.28599548339844,6176100
2025-10-22,164.96618347189948,167.22167000960232,163.51833295470354,166.7193603515625,10083800
2025-10-23,165.79351502592257,168.6695130953849,165.35029887319604,167.4678955078125,6546400
2025-10-24,169.1028790503071,169.8218747836982,165.9313986541074,166.39431762695312,6256000
2025-10-27,166.40418045792072,202.84664738989258,166.276149577516,184.85194396972656,81799300
2025-10-28,181.1584344771404,183.10860956991618,176.7065551416475,178.30213928222656,20323100
2025-10-29,179.25753056305504,180.72508388849448,175.51478790816395,175.9777069091797,11614600
2025-10-30,175.98754433750136,177.16947410102927,174.52000609492757,174.5889434814453,7862900
2025-10-31,175.82996096893942,179.4052517970506,174.16542446771712,178.17408752441406,9452800
2025-11-03,180.19321926172478,180.68568502359275,176.3913829789494,177.996826171875,8535100
2025-11-04,174.80563129966202,176.63760441627963,169.69383461802602,170.2355499267578,12323600
2025-11-05,172.12661984845818,180.66597396736955,171.69326262197018,177.0118865966797,18845500
2025-11-06,175.12082460171666,175.82011755413166,167.49744934232402,170.5901336669922,16184700
2025-11-07,170.1272117374917,171.62431180753836,165.71472287872786,168.31494140625,10614700
2025-11-10,171.1416826774562,172.16601979764332,166.945880127129,168.9846954345703,10129300
2025-11-11,168.42327643343208,173.32823080218424,168.42327643343208,171.35836791992188,8419100
2025-11-12,172.36300924708365,174.74654162863706,172.24482227854998,174.00784301757812,8785800
2025-11-13,173.96845330955477,176.13529957457843,170.42269394579836,171.87054443359375,9526100
2025-11-14,169.1915217552055,173.04260729695508,168.8172429983401,171.35836791992188,7949900
2025-11-17,170.1961582484634,172.205411801824,162.68112644558352,164.23731994628906,10211100
2025-11-18,162.40534787904943,164.27671164197506,158.9580877681833,162.57278442382812,11073200
2025-11-19,162.20836325279373,164.98586213273916,161.63710120710596,163.60696411132812,8176500
2025-11-20,164.61161893176737,166.33524918794177,156.45638669343407,157.1852264404297,12075400
2025-11-21,158.3277314750315,162.77962586206846,156.70260058496606,160.8393096923828,10815000
2025-11-24,161.89317931163956,164.424460378329,161.25297987402328,162.57278442382812,12070100
2025-11-25,161.51891480131025,162.48414341963985,159.4308498959796,160.8393096923828,7758100
2025-11-26,161.64693134806134,163.74483997167042,160.69154671854943,162.6515655517578,7967700
2025-11-28,162.5432409813401,165.65562806581846,161.65680866067075,165.55712890625,5068800
2025-12-01,163.40997977528332,166.4829610768625,163.00615427558932,165.50787353515625,6818300
2025-12-02,166.20719415714407,168.59072663433417,165.11391956775591,168.1278076171875,9159100
2025-12-03,168.32478357109648,172.45164886834903,167.78308328131013,172.4319610595703,7624300
2025-12-04,172.58044673217137,173.1744161403658,171.49148015866777,172.60025024414062,7245000
2025-12-05,172.98632865552116,175.47113305653772,172.7487318384532,173.0556182861328,8400100
2025-12-08,172.98632648135987,173.73869373413933,171.97655890357865,173.55059814453125,6690200
2025-12-09,172.74874214692548,174.580181845186,170.5906275759758,174.2336883544922,7719100
2025-12-10,174.04559841851415,181.59902987409848,173.49122089987577,180.38137817382812,11100100
2025-12-11,179.54979301565012,179.81708756567966,176.30271181275424,179.4508056640625,6319200
2025-12-12,179.4309869267716,181.27232069339107,176.08490355054894,176.5006866455078,8865800
2025-12-15,177.91635817287764,178.5004333957791,174.6197757420624,177.46096801757812,6954700
2025-12-16,177.39167516213516,177.39167516213516,173.05562743182438,174.35247802734375,7136000
2025-12-17,174.35247575802717,175.69882756373465,170.32332964971033,170.61041259765625,8501900
2025-12-18,173.9466138063018,175.30285990760666,171.78848402541294,172.44186401367188,8967500
2025-12-19,172.68934242225407,175.41174373511072,172.45174559691495,173.4912109375,25223500
2025-12-22,175.7780187436078,176.53040110824074,172.15474660367866,172.47154235839844,6422100
2025-12-23,171.8676574200456,173.51100135019027,171.7686549738817,172.9962158203125,4690400
2025-12-24,173.28331642904914,173.7288123765979,172.6695434960232,173.0160369873047,1645300
2025-12-26,173.24371387810496,173.73869591775667,172.60024326881893,173.0556182861328,2442800
2025-12-29,172.2636493803919,173.43181488538488,171.0558919574779,171.68946838378906,3978400
2025-12-30,172.31314597972315,172.6497301428006,171.60037063105733,171.90725708007812,3429300
2025-12-31,171.86766439044143,172.03595647122344,169.29375174231558,169.33335876464844,4682600
2026-01-02,172.05576586048286,172.92692400807817,170.47181723742187,171.24398803710938,6532200
2026-01-05,173.6991126740859,177.05509046626668,172.26365260289913,174.5405731201172,8972200
2026-01-06,175.43154018115806,182.59887040852922,174.84744989726462,180.6189422607422,11033900
2026-01-07,180.55955562067209,182.2227032006947,175.33254626457884,178.3816375732422,9853000
2026-01-08,177.0055873001225,182.4602841516691,174.43167455134326,180.04476928710938,8353500
2026-01-09,176.33240326541676,177.63916314745194,173.04573025976023,175.99581909179688,9662200
2026-01-12,174.1149072102845,174.1149072102845,167.54154556877614,167.5712432861328,13657600
2026-01-13,165.30420634891513,166.66046748009944,163.31438388383168,163.63116455078125,9993300
2026-01-14,162.0472267082226,163.08669203924325,160.72067843333895,162.88868713378906,7959900
2026-01-15,164.77952550128919,164.82902672864478,159.41392175919734,159.7703094482422,9241600
2026-01-16,159.77031420999842,160.07720068083407,157.61219960499022,157.82008361816406,11990800
2026-01-20,153.39493131269805,156.13713604634484,151.7119953963165,152.52377319335938,11971400
2026-01-21,154.76109777765228,155.94905173955712,153.0682524303386,154.80068969726562,9181900
2026-01-22,156.87961325036346,157.82997033395156,155.23626920732775,156.21633911132812,7450300
2026-01-23,155.46396798682906,156.39453673177326,153.29595912408269,154.2562255859375,7106700
2026-01-26,153.24644227338678,154.6323859401253,152.7514602344583,152.96925354003906,8004200
2026-01-27,154.76109507844134,155.16698399925636,151.1279285147023,151.5041046142578,8354600
2026-01-28,150.47453915608202,152.4544673028726,148.8905905963884,151.16751098632812,8539000
2026-01-29,151.55360097232818,151.69219534258553,148.22732098049855,150.6923370361328,9142900
2026-01-30,148.45501813461735,151.53380698723026,148.3263179720977,150.0686492919922,9577200
2026-02-02,149.45488312929615,152.0980854944587,149.30639455482492,151.08831787109375,9099100
2026-02-03,149.20739280759585,149.20739280759585,142.8518249940369,145.70291137695312,11966400
2026-02-04,147.21756566860898,151.92978927331004,146.68297660375467,147.395751953125,19249300
2026-02-05,131.5860300615094,137.93170374640246,131.39793446031277,134.93211364746094,30229600
2026-02-06,135.49638557255187,137.7535025793878,133.92234623198408,135.961669921875,15036800
2026-02-09,135.72408455105816,138.53557897796233,135.1301000470515,137.53570556640625,11022700
2026-02-10,136.76353400669663,139.00086253432667,135.41718223007393,138.68406677246094,9762900
2026-02-11,138.6246686963437,140.9609845257024,137.7139035568517,139.62452697753906,9379300
2026-02-12,139.44635124672178,140.07992770064695,135.3677037686819,137.08033752441406,12416600
2026-02-13,135.74387524750597,140.06011941324417,135.36769915389758,139.28794860839844,13134400
2026-02-17,139.58493163874445,142.05984177418318,138.60486178707575,141.19857788085938,10670700
2026-02-18,142.05984493858082,143.0300055037005,139.3077460151219,141.80245971679688,9944500
2026-02-19,140.45611259734295,140.89169922214117,138.49597278575087,139.85223388671875,8219400
2026-02-20,138.90186045178189,142.62413513533804,138.69397644995124,141.44607543945312,10265100
2026-02-23,140.5452114061178,142.61423285164284,138.23859312685792,139.00086975097656,8260100
2026-02-24,141.1292894458543,144.901050510972,140.6343073615994,143.32701110839844,11085700
2026-02-25,144.13878931556593,144.56446665831004,142.57464411297104,144.35658264160156,7358300
2026-02-26,144.4555657117881,145.46533336567876,143.06962195598052,144.12887573242188,8642100
2026-02-27,141.4262717221232,142.46573704672437,139.93143137135803,140.93128967285156,12439900
2026-03-02,136.44675710467496,140.58479989473997,135.5161884106574,139.61463928222656,8963900
2026-03-03,136.88235353841424,137.80301298949504,134.93212286486894,136.74375915527344,10372400
2026-03-04,136.83284668561737,138.48608501146342,136.0408723406424,138.10989379882812,9309800
2026-03-05,137.08369012662706,139.14608019963927,135.3002836908686,136.49586486816406,8981000
2026-03-06,133.6762630526933,136.67518101478723,132.9290229941276,135.190673828125,9197000
2026-03-09,132.99878190832413,138.07004780839145,131.97257337303,137.60177612304688,12304600
2026-03-10,134.20432404516637,136.24678343703553,131.67367749900723,134.70248413085938,10447300
2026-03-11,135.94787728810286,137.69143749752098,133.46704991981943,133.62644958496094,7830500
2026-03-12,132.97884356213916,134.37368560638774,130.12936749805584,130.66737365722656,9162800
2026-03-13,130.66737753630468,132.9290284633554,128.7444870037465,129.34228515625,7786700
2026-03-16,130.58768990006544,131.38473386126418,128.46552310690814,128.9138641357422,10132900
2026-03-17,133.02866437059464,133.55671280881992,130.69726377624784,131.1057586669922,10544300
2026-03-18,130.24892117343006,132.25153428500968,129.45186206050795,129.98988342285156,9894300
2026-03-19,128.66478104638517,132.19174761924128,128.42565874211203,130.79690551757812,9846700
2026-03-20,130.8267968760809,132.26150032902132,129.3024282579914,129.42198181152344,78568000
2026-03-23,132.66001757868563,133.4770073723921,126.94114983329418,127.87769317626953,11431600
2026-03-24,127.86771523530156,128.70462045266896,126.8415067705834,128.19650268554688,8409200
2026-03-25,129.68102755957008,131.44450318652213,129.47179364990146,129.87033081054688,6669400
2026-03-26,128.31605595510322,131.85299526698057,127.83782657515228,130.0596160888672,11912500
2026-03-27,129.41201875654735,129.56146069231158,126.2138321087662,126.64225006103516,8964900
2026-03-30,126.98100065564877,128.1267779549537,125.87508467600334,126.60240173339844,11555900
2026-03-31,127.92750004888279,128.81422436644425,125.31714614378613,128.3061065673828,12219800
2026-04-01,127.52897431636956,129.7507639090488,126.51273114686644,126.8116226196289,10210700
2026-04-02,124.76917459439929,126.53265789928116,123.55366280624233,126.3333969116211,8575300
2026-04-06,126.09427391985957,126.96107517424295,123.25476305387186,125.267333984375,8038600
2026-04-07,124.60976162341748,124.94851442918865,121.54109371821322,123.61344146728516,8840400
2026-04-08,128.17657582759284,128.41569812648962,125.15773471754281,127.04077911376953,12535800
2026-04-09,126.79170485037022,128.1168048773927,126.33339849196342,127.27989959716797,9352700
2026-04-10,128.32603511186727,130.12937210529233,127.37952643253708,127.58875274658203,8427400
2026-04-13,127.52898198976973,130.82679932598913,125.99464801304696,130.75706481933594,8615000
2026-04-14,131.7135214802458,132.45080386806254,130.56775938279245,132.35116577148438,7608300
2026-04-15,132.94895852369507,133.84564054577325,131.7932235421341,132.56039428710938,9691500
2026-04-16,131.30502799970446,135.20064349774574,131.30502799970446,133.9751739501953,8163700
2026-04-17,136.1869938147911,136.4659622202573,133.91538525448738,135.69879150390625,9667600
2026-04-20,135.90803059694986,137.99033598960378,135.57924313453526,137.01394653320312,7953800
2026-04-21,137.61173438050054,137.75121859352407,134.55303942254233,135.0611572265625,11874600
2026-04-22,136.13718474148408,136.98406295037304,135.05119942618995,135.5692901611328,9432700
2026-04-23,135.49953631278615,136.48589870448353,131.5640748795234,133.4570770263672,10164900
2026-04-24,145.0741785730414,150.98234980288177,143.0516498718786,148.30226135253906,29449600
2026-04-27,155.7348017760628,160.40754575885163,146.50888256747893,149.70706176757812,41744000
2026-04-28,144.54612029355485,150.9424934387207,143.4700927734375,149.44801330566406,22921300
2026-04-29,150.8926743937579,156.7111800631586,150.4443333943685,155.42593383789062,37571200
2026-04-30,171.41688468804875,186.20227205161655,162.95812114949305,178.91917419433594,61132700
2026-05-01,178.4708364115493,179.3276723634285,170.5201905315637,176.35862731933594,21111500
2026-05-04,176.5678576871772,179.82582882496823,166.2160919668021,167.76039123535156,23117400
2026-05-05,167.0330655994258,186.5310580609455,164.18358938734664,185.863525390625,34274900
2026-05-06,194.4617548348847,196.77322482375178,187.52737527356075,191.8613739013672,30145000
2026-05-07,189.96835392837485,222.83695989579832,186.94950520526325,201.8046417236328,51092200
2026-05-08,212.21618192204332,227.21080251152287,207.86226793712547,218.2837677001953,37850000
2026-05-11,231.15622304747632,246.98774897352695,230.34920619149906,236.65591430664062,45474000
2026-05-12,228.994218230748,229.15363310240912,201.2566690725506,209.5360870361328,38590100
2026-05-13,215.83283340142145,218.68230956515,206.3877076767433,212.38555908203125,26226300
2026-05-14,207.74270619489104,208.75895699089037,198.92528210818506,199.34373474121094,24883900
2026-05-15,200.90795008338074,206.6367908864827,198.42712266529153,200.74855041503906,25876800
2026-05-18,206.00911178467027,210.024280580248,192.86764720448292,202.890625,21082500
2026-05-19,196.1355826656543,200.7585074905825,190.3170767175382,194.8901824951172,19605200
2026-05-20,196.27506727663646,202.8408133404551,193.28610686125623,201.76478576660156,19037500
2026-05-21,202.0337918694362,213.2224625133376,196.87286096676354,212.6246795654297,28163700
2026-05-22,213.64091281615708,242.10578551304346,213.38187506180898,237.28359985351562,30375700
2026-05-26,239.83418908586052,257.0506001593949,234.93229574434687,247.90438842773438,30646400
2026-05-27,244.52683686342237,247.35639752477528,223.35503456372535,232.54110717773438,25694700
2026-05-28,235.13154739830082,248.54202285009364,230.66803753493625,242.39471435546875,21118400
2026-05-29,249.26933542786006,258.9635412258548,246.59918957761496,250.09628295898438,28781800
2026-06-01,232.47137988104706,237.14412376585886,225.97536831736144,228.14735412597656,21185200
2026-06-02,231.1462690917016,244.28773397808735,225.2181673861275,239.9537353515625,18508500
2026-06-03,234.15516695256622,254.1513045467482,232.16252664369185,249.08999633789062,19467000
2026-06-04,239.4499969482422,246.6999969482422,235.32000732421875,242.57000732421875,14185600
2026-06-05,237.64999389648438,238.44000244140625,215.0,215.94000244140625,24189200
2026-06-08,221.02999877929688,221.92999267578125,214.6300048828125,217.77000427246094,17180600
2026-06-09,216.4600067138672,219.63999938964844,192.6699981689453,205.4199981689453,29906300
2026-06-10,199.4600067138672,204.89999389648438,190.10000610351562,191.1999969482422,18426600
2026-06-11,190.9199981689453,203.83999633789062,190.75,202.9600067138672,18933100
2026-06-12,201.85000610351562,215.00999450683594,200.10000610351562,211.72000122070312,14123700
2026-06-15,219.77000427246094,226.4600067138672,216.27999877929688,220.80999755859375,13993800
2026-06-16,225.8300018310547,231.19000244140625,213.8000030517578,214.07000732421875,19629600
2026-06-17,219.0399932861328,221.32000732421875,212.67999267578125,212.97000122070312,11955800
2026-06-18,220.7100067138672,229.4199981689453,214.72999572753906,226.11000061035156,47081500
