Date,Open,High,Low,Close,Volume
1997-10-09,2.7883081534917684,3.240998210267755,2.7883081534917684,3.1229052543640137,10201979
1997-10-10,3.4640611634056633,3.4771829640047636,3.1425859972296033,3.267239570617676,10669148
1997-10-13,3.2738013594204354,3.2738013594204354,3.1819513206546266,3.195072889328003,3044363
1997-10-14,3.1688289101886826,3.1753898110135235,2.978568202467252,3.0638577938079834,2549907
1997-10-15,2.8735969487130797,2.985129458980344,2.86703675304979,2.9785687923431396,3167153
1997-10-16,2.9785680512736605,2.9785680512736605,2.8735962337606504,2.8867180347442627,1770821
1997-10-17,2.7555028052707295,2.7620637039721516,2.630849262246228,2.6374099254608154,3287121
1997-10-20,2.2044027611591215,2.361859882575532,2.1978418613396618,2.3093743324279785,11499985
1997-10-21,2.414345021296493,2.6374099254608154,2.4012239303541527,2.6374099254608154,6924737
1997-10-22,2.427467912745099,2.434028578916541,2.3224960765673255,2.329056978225708,4458573
1997-10-23,2.256888433587116,2.256888433587116,2.099431068152635,2.1912810802459717,12494072
1997-10-24,2.243767484635849,2.256888579372625,2.0207025159642775,2.073188543319702,9498638
1997-10-27,2.0207030957318293,2.0207030957318293,1.7910776315526127,1.7976384162902832,4905042
1997-10-28,1.6533027880015334,2.2044036388397217,1.6401811008816678,2.2044036388397217,10417921
1997-10-29,2.020702666741246,2.079749363614345,1.9944597688488426,2.001020669937134,7548100
1997-10-30,1.8894884963419822,1.9682174437064328,1.8829281824543984,1.948535442352295,2797370
1997-10-31,2.0207025159642775,2.119113199102579,2.014142086339341,2.073188543319702,3611270
1997-11-03,2.256888624258809,2.4143457675090616,2.256888624258809,2.381542205810547,6205871
1997-11-04,2.3618602100835826,2.407785573240555,2.3159350824135174,2.381542205810547,3145042
1997-11-05,2.427467749240801,2.591485805400907,2.427467749240801,2.5718038082122803,3979642
1997-11-06,2.6636545399549045,2.676775639400214,2.5324400131970037,2.558682918548584,3649848
1997-11-07,2.374981874220176,2.512756791951202,2.361860307706272,2.499635696411133,4470805
1997-11-10,2.598045926198788,2.6111672549057166,2.506195918789661,2.51275634765625,2435114
1997-11-11,2.466832024339837,2.5061964904127754,2.4537104571532145,2.4602713584899902,2194707
1997-11-12,2.38154215584472,2.38154215584472,2.3159350338241573,2.322495698928833,3905309
1997-11-13,2.348738904071567,2.434028503609269,2.270010441476191,2.30281400680542,2482160
1997-11-14,2.348738904071567,2.381542469400796,2.270010441476191,2.30281400680542,2205999
1997-11-17,2.460271256952047,2.466831922531128,2.4143458914377196,2.466831922531128,3290415
1997-11-18,2.3881027753927464,2.3881027753927464,2.296252768275934,2.3093743324279785,2240813
1997-11-19,2.283131983179941,2.283131983179941,2.217524839726854,2.2437682151794434,1442908
1997-11-20,2.1978419804209075,2.2306455393480356,2.1847204155579236,2.1912810802459717,2578134
1997-11-21,2.204403310817733,2.30281400680542,2.204403310817733,2.30281400680542,4223342
1997-11-24,2.1912815968774386,2.2568889656866222,2.1912815968774386,2.2503280639648438,2254927
1997-11-25,2.26344897563926,2.3421778895777776,2.26344897563926,2.3093743324279785,1083946
1997-11-26,2.283131088373252,2.2896919885367906,2.24376733580023,2.270009994506836,1136637
1997-11-28,2.3093743324279785,2.3093743324279785,2.302813432608519,2.3093743324279785,1083475
1997-12-01,2.2044036388397217,2.2044036388397217,2.1715998331422526,2.2044036388397217,2365485
1997-12-02,2.2240856396738407,2.243768111481897,2.1978427364080466,2.2044036388397217,2203176
1997-12-03,2.2437676590326707,2.2437676590326707,2.1847207264890818,2.217524290084839,2783727
1997-12-04,2.3224954256062733,2.3421778895777776,2.3093743324279785,2.3093743324279785,2721625
1997-12-05,2.309374229497231,2.3356171211447774,2.2962526659300257,2.315934658050537,1796226
1997-12-08,2.4012248835396868,2.466832012702509,2.4012248835396868,2.4143459796905518,2020166
1997-12-09,2.361859882575532,2.361859882575532,2.3093743324279785,2.3093743324279785,1487132
1997-12-10,2.342177955398637,2.342177955398637,2.204402823108167,2.210963487625122,1393980
1997-12-11,2.1125528812408447,2.1191130749946745,2.0797490866290276,2.1125528812408447,3128576
1997-12-12,2.105991799252663,2.1387953555462302,2.0928702354431152,2.0928702354431152,2271863
1997-12-15,2.0797491065763487,2.0797491065763487,1.9157311916351318,1.9157311916351318,5162855
1997-12-16,1.9157313570726293,2.007581260789229,1.9026096731280735,1.9747776985168457,3736884
1997-12-17,1.9813390246349565,2.001021024930779,1.902610081503818,1.9091708660125732,3310174
1997-12-18,1.8960492237931756,1.8960492237931756,1.8370027542114258,1.8370027542114258,1023256
1997-12-19,1.8238812364440857,1.974778228567966,1.8107601376949685,1.948535442352295,3056124
1997-12-22,1.9354134612112934,1.9682171450544423,1.9091706789776315,1.9288526773452759,1266485
1997-12-23,1.8960491922367833,1.8960491922367833,1.8632455069923999,1.8698064088821411,813430
1997-12-24,1.8698062694041766,1.896049050801242,1.8566845843469795,1.8632453680038452,742860
1997-12-26,1.8632450851734201,1.8960487629913978,1.8632450851734201,1.889487862586975,292628
1997-12-29,1.915731510127171,1.9288526064027387,1.896049041509563,1.9026098251342773,951275
1997-12-30,1.9157318023512604,1.968217372894287,1.9157318023512604,1.968217372894287,1465491
1997-12-31,1.968217337873965,1.968217337873965,1.8894883947428265,1.9091708660125732,917402
1998-01-02,1.9026100305789626,1.9354135990142822,1.8960492462458118,1.9354135990142822,568789
1998-01-05,1.9354134612112934,1.9485351466867982,1.8960491112455964,1.9288526773452759,1749650
1998-01-06,1.9091703283133472,1.9091703283133472,1.882927550899792,1.889487862586975,1504069
1998-01-07,1.8501245786568343,1.8501245786568343,1.7057883739471436,1.7057883739471436,1337054
1998-01-08,1.6795453763333137,1.6861062779946923,1.6270593404769897,1.6270593404769897,4584186
1998-01-09,1.627059309133388,1.6336200929249094,1.5220880636471952,1.5286483764648438,5332692
1998-01-12,1.4958444995248785,1.6008161941454206,1.403994487500861,1.5811342000961304,3469190
1998-01-13,1.6467413809925169,1.7779558477341644,1.640180481040275,1.7648341655731201,2123668
1998-01-14,1.8698065774307169,1.8698065774307169,1.7517136295875013,1.7976384162902832,2803486
1998-01-15,1.7845164101592161,1.7976375019870479,1.7451519572414678,1.7713947296142578,1833863
1998-01-16,1.8435631599405968,1.8435631599405968,1.8238806934720098,1.8304415941238403,2319380
1998-01-20,1.8763672464767935,1.961656500859929,1.8763672464767935,1.9354135990142822,3270655
1998-01-21,1.9288524522999064,1.9813385993608514,1.9222916691993563,1.9747776985168457,2871233
1998-01-22,1.9747778408132295,2.033824304255607,1.9419742761771228,2.0272634029388428,1798578
1998-01-23,2.079749208431542,2.0863096380564783,2.0338240816748594,2.073188543319702,1195445
1998-01-26,2.217523854016966,2.2306454181671143,2.1715989682086336,2.2306454181671143,3288062
1998-01-27,2.243767644230884,2.3093747709895975,2.2372067431654767,2.296253204345703,2171655
1998-01-28,2.30937485561435,2.4143459796905518,2.30937485561435,2.4143459796905518,3175151
1998-01-29,2.4143454327230858,2.4143454327230858,2.3093743324279785,2.3093743324279785,3233489
1998-01-30,2.3356175146087947,2.5061962213105344,2.329056613976494,2.493074655532837,4949265
1998-02-02,2.532439342861177,2.5980464711304494,2.5258784416447098,2.5718038082122803,2354194
1998-02-03,2.6767749243816823,2.748942953692793,2.6439713603264225,2.742382287979126,5174617
1998-02-04,2.7030177333634744,2.7030177333634744,2.5586817046620083,2.5914852619171143,2420059
1998-02-05,2.7030171750349683,2.7292598270289354,2.6046062881102836,2.6111667156219482,1634387
1998-02-06,2.5914853996744354,2.6111673937816224,2.5258780461898143,2.598046064376831,1084886
1998-02-09,2.5980460332266264,2.611167362474095,2.4996353574099572,2.5061960220336914,1854563
1998-02-10,2.5455600008788086,2.617728017948298,2.5389998072517743,2.5849244594573975,1728950
1998-02-11,2.670214751810481,2.670214751810481,2.6111678179495614,2.66365385055542,3018958
1998-02-12,2.7227003966946675,2.7817466259002686,2.7095785937833186,2.7817466259002686,3442374
1998-02-13,2.7423817327500744,2.7423817327500744,2.7030177464377974,2.7161388397216797,1759530
1998-02-17,2.8211110656862233,2.847353964796954,2.8014290679683738,2.8145503997802734,2100145
1998-02-18,2.8211110736405796,2.867036441572513,2.8145504077161316,2.860475540161133,1625918
1998-02-19,2.9260826110839844,2.9260826110839844,2.8998397145430483,2.9260826110839844,1120642
1998-02-20,2.939202978994426,2.939202978994426,2.840792082440069,2.847352981567383,1716718
1998-02-23,2.8342328955979292,2.8473539920484776,2.7686255294497206,2.7817466259002686,1026549
1998-02-24,2.807988624302245,2.86047464167252,2.788306632711107,2.840792179107666,2524972
1998-02-25,2.8867179190021512,3.090100409894905,2.8801570187734025,3.0507359504699707,3695012
1998-02-26,3.188512399757873,3.188512399757873,3.10978368399305,3.1229052543640137,1549703
1998-02-27,3.0835410988757275,3.0835410988757275,2.978569466957659,3.0113730430603027,980914
1998-03-02,3.0113724316162394,3.0179333338942183,2.9588868618011475,2.9588868618011475,777204
1998-03-03,2.9260829858584794,2.965447453455162,2.873596715080317,2.9326436519622803,2350431
1998-03-04,2.8079894255674187,2.8342327949714394,2.781746527137249,2.7883074283599854,1772232
1998-03-05,2.617728600040705,2.624289501587311,2.525878568744532,2.5324394702911377,2942272
1998-03-06,2.630850110059707,2.8145501521880427,2.630850110059707,2.768625259399414,2974264
1998-03-09,2.6505318825789694,2.722699901572178,2.6242889879893383,2.6898961067199707,866592
1998-03-10,2.703018428158653,2.7489430904388428,2.703018428158653,2.7489430904388428,1178038
1998-03-11,2.860475540161133,2.8867184393458576,2.8539148742366844,2.860475540161133,1091002
1998-03-12,2.8604751870642384,2.8604751870642384,2.7817462637414256,2.821110725402832,471874
1998-03-13,2.847353621348135,2.8539145219496382,2.7948680649444317,2.821110725402832,891056
1998-03-16,2.8604746613780874,2.8604746613780874,2.8079886436462402,2.8079886436462402,1242491
1998-03-17,2.8145493150857295,2.8145493150857295,2.689895533478142,2.6964564323425293,2250222
1998-03-18,2.6636528138060003,2.6636528138060003,2.630849262246228,2.6374099254608154,2122256
1998-03-19,2.6636539596995075,2.716139523482126,2.6636539596995075,2.7030184268951416,1310238
1998-03-20,2.7095775236107817,2.7292599847171024,2.6833348701005955,2.6964564323425293,1988174
1998-03-23,2.617727659769988,2.6374101218530557,2.6111669960668666,2.624288558959961,727335
1998-03-24,2.676774382435649,2.7292604039793154,2.676774382435649,2.7161388397216797,931045
1998-03-25,2.8342320919036865,2.8604747483371025,2.80798872900967,2.8342320919036865,2439818
1998-03-26,2.8079894983873923,2.8211110656862233,2.794868402062424,2.8145503997802734,907522
1998-03-27,2.8342320057424533,2.8473530980734103,2.7948675513152827,2.8079886436462402,705694
1998-03-30,2.794868258692211,2.801428924261614,2.742382227676229,2.7620646953582764,666175
1998-03-31,2.7620641968799666,2.7620641968799666,2.7095779398494235,2.7161388397216797,3265951
1998-04-01,2.703017331206916,2.703017331206916,2.670213778832343,2.6964564323425293,1167217
1998-04-02,2.6898961067199707,2.6964570069825466,2.6308498882519142,2.6898961067199707,1446672
1998-04-03,2.68989651362796,2.68989651362796,2.6505322835322236,2.66365385055542,600310
1998-04-06,2.6702146114977303,2.6898963722809843,2.657092809677124,2.657092809677124,330735
1998-04-07,2.624289369535543,2.624289369535543,2.5718038082122803,2.5718038082122803,1165336
1998-04-08,2.5914853996744354,2.6242889586733016,2.5914853996744354,2.598046064376831,1172863
1998-04-09,2.545560803420501,2.5980468432349104,2.545560803420501,2.578364372253418,829425
1998-04-13,2.5258784879623155,2.5258784879623155,2.44058936094045,2.4602713584899902,1350227
1998-04-14,2.4471493339594277,2.5061960220336914,2.427467340088225,2.5061960220336914,1475370
1998-04-15,2.525878568744532,2.5455605669235384,2.506196570565526,2.5324394702911377,1158749
1998-04-16,2.4865138804823315,2.4865138804823315,2.4274676557047172,2.4537103176116943,1011494
1998-04-17,2.4012252928876165,2.4077861953119086,2.3749823896513536,2.388103723526001,1130521
1998-04-20,2.3815418320767203,2.3881027317763515,2.3356171825873955,2.37498140335083,1067950
1998-04-21,2.4012247957664767,2.4799532536892905,2.4012247957664767,2.466831922531128,1178979
1998-04-22,2.519317286958071,2.6111672958058962,2.4865134937031743,2.604606866836548,2119904
1998-04-23,2.5586823022058565,2.5783640643763146,2.545560499460403,2.55212140083313,2294916
1998-04-24,2.5718033090685304,2.6111672958058962,2.5718033090685304,2.604606866836548,1254253
1998-04-27,2.538999874804966,2.538999874804966,2.4668316203284677,2.486513614654541,882117
1998-04-28,2.545560536832351,2.5718039072216126,2.545560536832351,2.5652430057525635,1609452
1998-04-29,2.5390009161501395,2.558682918548584,2.5061971078454235,2.558682918548584,819075
1998-04-30,2.5980468432349104,2.5980468432349104,2.571804176558144,2.578364372253418,1226025
1998-05-01,2.5586821619811673,2.565242827507416,2.5258783633760875,2.545560359954834,359433
1998-05-04,2.532439705569076,2.604607745391061,2.532439705569076,2.578364372253418,926811
1998-05-05,2.512757001138258,2.5324394702911377,2.512757001138258,2.5324394702911377,715103
1998-05-06,2.545560945649828,2.5718043202537793,2.5127573749840613,2.5390007495880127,850596
1998-05-07,2.53899951281078,2.53899951281078,2.512756150990286,2.5258777141571045,399423
1998-05-08,2.519317050317124,2.5324386134839423,2.506195722637163,2.5258777141571045,371665
1998-05-11,2.545560499460403,2.591485867121768,2.545560499460403,2.55212140083313,1157808
1998-05-12,2.552120464579206,2.552120464579206,2.5193169116973877,2.5193169116973877,1122994
1998-05-13,2.538999373108061,2.538999373108061,2.5193169116973877,2.5193169116973877,746624
1998-05-14,2.5258777141571045,2.5324386134839423,2.519317050317124,2.5258777141571045,2121315
1998-05-15,2.519317409505111,2.519317409505111,2.4799529498791832,2.486513614654541,1482427
1998-05-18,2.4340283487392336,2.4340283487392336,2.4143458811123266,2.4209067821502686,828484
1998-05-19,2.4012249506377175,2.4012249506377175,2.3946640491485596,2.3946640491485596,895761
1998-05-20,2.4012242956887433,2.414345388627394,2.3684207391380694,2.37498140335083,2110024
1998-05-21,2.374981841602247,2.374981841602247,2.3618602752685547,2.3618602752685547,780027
1998-05-22,2.3684211108128115,2.381542205810547,2.3618602100835826,2.381542205810547,1144635
1998-05-26,2.1256741731626017,2.1781602023318936,2.099431276321411,2.099431276321411,3804160
1998-05-27,1.9813386731330214,2.0469458001205703,1.9813386731330214,2.001020669937134,4008340
1998-05-28,2.0403851345191995,2.0469458001205703,1.9944597688488426,2.001020669937134,1392569
1998-05-29,1.994459955548507,2.0075815234664676,1.9813388586044312,1.9813388586044312,708987
1998-06-01,1.8435633702636456,1.8763670530610423,1.8435633702636456,1.8632453680038452,1521946
1998-06-02,1.8173204467255648,1.8370024429263447,1.8107596635818481,1.8107596635818481,1113114
1998-06-03,1.8370025081502335,1.9026097531995412,1.8370025081502335,1.8763669729232788,1964181
1998-06-04,1.8304418894862837,1.8501243591308594,1.7845171081778688,1.8501243591308594,2058744
1998-06-05,1.8763672966992404,1.9157317682648096,1.8698065121904852,1.9091708660125732,1428324
1998-06-08,1.9026095456523724,1.9026095456523724,1.882927550899792,1.889487862586975,485047
1998-06-09,1.8763672242572278,1.8763672242572278,1.8041991861645594,1.8370027542114258,837423
1998-06-10,1.758273646598178,1.758273646598178,1.7123488707217318,1.7320307493209839,2057332
1998-06-11,1.7320305340893933,1.7451522165843332,1.6729841991683132,1.699226975440979,2420059
1998-06-12,1.7123488381723924,1.7189096212387085,1.6664235921950907,1.7189096212387085,1160160
1998-06-15,1.6533021303709048,1.7189093624389342,1.6533021303709048,1.7123485803604126,809666
1998-06-16,1.7189096415174692,1.823880758895455,1.7189096415174692,1.8107596635818481,1420326
1998-06-17,1.889488162056236,1.9944598770649007,1.889488162056236,1.9550954103469849,2269041
1998-06-18,1.9550955987833003,1.9550955987833003,1.9288528146811315,1.9354135990142822,558439
1998-06-19,1.9288524522999064,1.9878987937441226,1.9157313570726293,1.9747776985168457,1015729
1998-06-22,1.8698059855778426,1.8960487629913978,1.8501239908252622,1.889487862586975,652061
1998-06-23,1.843563054735154,1.9288522857293058,1.843563054735154,1.9157311916351318,1544528
1998-06-24,1.9157311297563215,1.9157311297563215,1.837002212865338,1.896048665046692,1180861
1998-06-25,1.909170229690817,1.9682166818721711,1.896048665046692,1.896048665046692,1187918
1998-06-26,1.9091708149121132,1.9419745010909106,1.9026100305789626,1.9354135990142822,884940
1998-06-29,1.8238811492919922,1.8304420515835076,1.8107600511698518,1.8238811492919922,1479134
1998-06-30,1.7976375019870479,1.7976375019870479,1.7648339482134914,1.7713947296142578,1034547
1998-07-01,1.7976383643303027,1.8304420515835076,1.7976383643303027,1.8238811492919922,2183416
1998-07-02,1.810759362476502,1.810759362476502,1.791076898574829,1.791076898574829,608308
1998-07-06,1.7648347113510632,1.7648347113510632,1.7385919276305508,1.7451527118682861,894349
1998-07-07,1.7451527165828096,1.8370027542114258,1.7385919323273504,1.8370027542114258,1214264
1998-07-08,1.837002577604461,1.915731510127171,1.8238808926115673,1.9026098251342773,1397744
1998-07-09,1.9091702481954618,1.9419739246368408,1.8829274718831788,1.9419739246368408,1223202
1998-07-10,1.8763677281072269,1.8763677281072269,1.8370032474911122,1.8435640335083008,2306678
1998-07-13,1.8107597529958124,1.8107597529958124,1.745152507036293,1.758273720741272,2275157
1998-07-14,1.7517137175683315,1.8041994093883928,1.7517137175683315,1.7845174074172974,2037573
1998-07-15,1.804199106848559,1.8566846721240087,1.7845171081778688,1.8501243591308594,3286651
1998-07-16,1.9157312854575885,2.073188543319702,1.9026096020035554,2.073188543319702,6345598
1998-07-17,2.0731885693157053,2.0731885693157053,2.033824107177266,2.0403850078582764,1444790
1998-07-20,2.0403851446839387,2.066627807220157,2.0403851446839387,2.046945810317993,934809
1998-07-21,2.001020669937134,2.0075813355385046,1.9944597688488426,2.001020669937134,747565
1998-07-22,1.994459955548507,1.994459955548507,1.9682171729429994,1.9813388586044312,2061096
1998-07-23,1.9616559629123056,1.9616559629123056,1.9157311916351318,1.9157311916351318,1383630
1998-07-24,1.9550952314717394,1.9944596945881286,1.9550952314717394,1.9747776985168457,445058
1998-07-27,1.974778228567966,1.974778228567966,1.9288529700242074,1.948535442352295,1040663
1998-07-28,1.9485351466867982,1.9485351466867982,1.922291893479258,1.9288526773452759,676996
1998-07-29,1.9288529700242074,1.9616566588448994,1.9288529700242074,1.948535442352295,1097119
1998-07-30,1.9485353722482646,1.9878992557968265,1.9485353722482646,1.968217372894287,1337054
1998-07-31,1.9550954595789376,1.9616563611884248,1.9288526773452759,1.9288526773452759,604074
1998-08-03,1.915731300958948,1.915731300958948,1.797637915068854,1.8304415941238403,1775055
1998-08-04,1.8894888291675713,1.8894888291675713,1.8435640335083008,1.8435640335083008,1380337
1998-08-05,1.8501240153513996,1.9026095708742836,1.837002332112055,1.8566843271255493,684993
1998-08-06,1.8501243306442903,1.9419743628207806,1.8501243306442903,1.9288526773452759,1489014
1998-08-07,1.9944597764250853,1.9944597764250853,1.9419742159278242,1.9616562128067017,851067
1998-08-10,1.9550953972522382,1.9550953972522382,1.8632453680038452,1.8632453680038452,1239669
1998-08-11,1.8501238193060991,1.8501238193060991,1.784516587495832,1.791076898574829,1431147
1998-08-12,1.8107597963359996,1.9026098251342773,1.8107597963359996,1.9026098251342773,1200620
1998-08-13,1.896049229118919,1.9026100133928066,1.8763672295276872,1.8829280138015747,641711
1998-08-14,1.9288525314448575,1.9616562128067017,1.9288525314448575,1.9616562128067017,1967945
1998-08-17,1.9222917480751043,1.9616562128067017,1.90917053456598,1.9616562128067017,1356343
1998-08-18,1.88948806671326,1.9616562128067017,1.88948806671326,1.9616562128067017,1937835
1998-08-19,1.9616566588448994,1.9813391311729869,1.9419746574907615,1.948535442352295,793670
1998-08-20,1.889487862586975,1.8960487629913978,1.889487862586975,1.889487862586975,685464
1998-08-21,1.8370028361315414,1.8435636206795751,1.8238811492919922,1.8238811492919922,585726
1998-08-24,1.7648345042089553,1.7713952876766383,1.758273720741272,1.758273720741272,724983
1998-08-25,1.7845171866286116,1.8370027542114258,1.7845171866286116,1.8370027542114258,705223
1998-08-26,1.7504010200500488,1.7979658428194574,1.7123488086041627,1.7504010200500488,1463625
1998-08-27,1.7408880752480358,1.7408880752480358,1.6742966116507518,1.693322777748108,1047671
1998-08-28,1.6742966116507518,1.693322777748108,1.5886789819561118,1.693322777748108,975317
1998-08-31,1.6838094723832269,1.7123487177611765,1.617218017578125,1.617218017578125,416278
1998-09-01,1.6267313518624302,1.6267313518624302,1.569652969990608,1.5791659355163574,1879903
1998-09-02,1.5791656403298693,1.6172179662937736,1.5696526765823364,1.5696526765823364,2026558
1998-09-03,1.5601399709413895,1.5601399709413895,1.5220881067842635,1.5316011905670166,1403276
1998-09-04,1.5411142110824585,1.579165955933976,1.5411142110824585,1.5411142110824585,1047996
1998-09-08,1.702835499331103,1.7504007867342135,1.6838093372724838,1.7123485803604126,2580406
1998-09-09,1.693323145363686,1.7028362304776274,1.6552708049079203,1.6742969751358032,757931
1998-09-10,1.636244297027588,1.6552703442166947,1.6267312145613066,1.636244297027588,516211
1998-09-11,1.6742969876880747,1.807479473820801,1.6552708173175519,1.7599146366119385,1990867
1998-09-14,1.759913850346897,1.8265048281758727,1.759913850346897,1.807478666305542,2340632
1998-09-15,1.8074789619576177,1.8455312919225564,1.7884529147186041,1.8169920444488525,1809172
1998-09-16,1.8169917472407073,1.8455309900462034,1.7884526221786476,1.807478666305542,614197
1998-09-17,1.7789403032011917,1.8169920444488525,1.7504010557274876,1.8169920444488525,408491
1998-09-18,1.7884527373082133,1.8455311088501227,1.7789401267344298,1.8265049457550049,756309
1998-09-21,1.7599139636393122,1.8360180273025637,1.7504008820917532,1.8265049457550049,861757
1998-09-22,1.8550441903976815,1.8645572719452403,1.816991864207446,1.8265049457550049,373450
1998-09-23,1.8455319579683547,1.9311496135451127,1.8455319579683547,1.912123441696167,1207953
1998-09-24,1.9121219448323101,1.9121219448323101,1.845530513234179,1.8645566701889038,459755
1998-09-25,1.8740710979982753,1.9216365276206397,1.8550450438928276,1.912123441696167,887390
1998-09-28,1.9026100368290415,1.978714711467073,1.9002316185672552,1.959688425064087,1308535
1998-09-29,1.9787143569058414,1.9882273217875108,1.9311489437802078,1.9406620264053345,734570
1998-09-30,1.9121219448323101,1.931148101787035,1.8645566701889038,1.8645566701889038,3648842
1998-10-01,1.8265047845544506,1.8265047845544506,1.6838092803955078,1.6838092803955078,1345847
1998-10-02,1.6838094189871629,1.693322500478139,1.5220877401012287,1.5696526765823364,7057262
1998-10-05,1.5696531199685444,1.5981922547595933,1.5220881700515747,1.5220881700515747,1775104
1998-10-06,1.5886788846961823,1.674296509149257,1.579165802229901,1.636244297027588,824769
1998-10-07,1.6267312644935281,1.68380964329977,1.6267312644935281,1.6647834777832031,1192379
1998-10-08,1.6742961996875383,1.7313745661919222,1.6742961996875383,1.6838092803955078,712832
1998-10-09,1.826504766447495,1.8360178470611572,1.7979655246065085,1.8360178470611572,1846484
1998-10-12,1.883583707507548,1.940662208617509,1.883583707507548,1.9311491250991821,999652
1998-10-13,1.9121219448323101,1.9121219448323101,1.845530513234179,1.8645566701889038,521078
1998-10-14,1.826504766447495,1.90260929361336,1.7694268714826835,1.8360178470611572,1791975
1998-10-15,1.8455314432500847,1.92163599167683,1.8265052767075323,1.9026098251342773,718672
1998-10-16,1.9026096959048275,1.9596880739121307,1.9026096959048275,1.9406620264053345,1687176
1998-10-19,1.9026094089721353,1.9216355713530515,1.8645572019537422,1.8930963277816772,408491
1998-10-20,1.912123441696167,1.9501756676505604,1.893097269847221,1.912123441696167,1165774
1998-10-21,1.9216350233096726,1.9406611802643976,1.826504356279454,1.8645566701889038,1415605
1998-10-22,1.8455309900462034,1.8550440709813687,1.807478666305542,1.807478666305542,1044751
1998-10-23,1.7884527596243787,1.8265049685459827,1.731374740600586,1.731374740600586,1511969
1998-10-26,1.7504011055129634,1.8740704749557249,1.7504011055129634,1.8455313444137573,1240074
1998-10-27,1.864556968089309,1.88358301034042,1.845530808094773,1.855043888092041,1082064
1998-10-28,1.8455313938627305,1.8740705251693726,1.8455313938627305,1.8740705251693726,494797
1998-10-29,1.8835839750283698,1.9787148237228394,1.8740708901589227,1.9787148237228394,2697859
1998-10-30,2.035792210737641,2.273618459701538,2.035792210737641,2.273618459701538,6619894
1998-11-02,2.264105470058461,2.3592360628110645,2.168975112792777,2.3497228622436523,2396114
1998-11-03,2.3211838220791603,2.3497229539210474,2.2450798629790083,2.2641055583953857,2725438
1998-11-04,2.2736185238470386,2.311670856627507,2.254592828430661,2.2641055583953857,1565504
1998-11-05,2.2736185423985655,2.2736185423985655,2.1880013816612416,2.2260537147521973,2696886
1998-11-06,2.1689755473501853,2.207027886269836,2.10238407198428,2.1404364109039307,1804305
1998-11-09,2.130922985465117,2.1499491529341723,2.0833576845359496,2.102383852005005,819254
1998-11-10,2.045305266468542,2.0548182309776752,2.007253408432007,2.007253408432007,1825719
1998-11-11,1.9977403159805724,2.0928706726537896,1.9977403159805724,2.0262792110443115,4605341
1998-11-12,2.0167660549348696,2.1404355160008683,2.0167660549348696,2.130922317504883,2330574
1998-11-13,2.1880010854587333,2.283131198847011,2.1689749214889384,2.2355663776397705,1615795
1998-11-16,2.273618332930688,2.511444568634033,2.264105368277841,2.511444568634033,3845463
1998-11-17,2.501930660126636,2.501930660126636,2.4163137670046817,2.4733920097351074,2208254
1998-11-18,2.4733918887608257,2.4733918887608257,2.4353395718104633,2.4543657302856445,1737467
1998-11-19,2.520957604052919,2.758783846432307,2.520957604052919,2.6826798915863037,3586546
1998-11-20,2.4733925340495158,2.5304705533926053,2.454366370610558,2.5019311904907227,11671363
1998-11-23,2.520958213360907,2.520958213360907,2.4353410374146893,2.4829065799713135,3563186
1998-11-24,2.473392556063053,2.4829057556106466,2.3972881371167736,2.4258272647857666,5037193
1998-11-25,2.3877751935394613,2.406801359187366,2.2450797753843954,2.3497228622436523,4066094
1998-11-27,2.359235463772343,2.3972877854062022,2.359235463772343,2.368748426437378,506477
1998-11-30,2.321183206865494,2.3306964052826675,2.2736179212402248,2.2831308841705322,1336438
1998-12-01,2.283131116502286,2.321183443069458,2.226053333112198,2.321183443069458,2410066
1998-12-02,2.321183671653912,2.3972883322828555,2.302157506496676,2.359236001968384,2912974
1998-12-03,2.2831307059681785,2.473392069105889,2.2831307059681785,2.3877744674682617,6401210
1998-12-04,2.511445010926982,2.5875494480133057,2.4733931456142453,2.5875494480133057,4416507
1998-12-07,2.578035844246554,2.587548808222587,2.4353402071716004,2.5019311904907227,1930843
1998-12-08,2.4638795920023533,2.5019312127582576,2.38777493756918,2.4258272647857666,921458
1998-12-09,2.292644690237273,2.378262321249863,2.254592828430661,2.2641055583953857,2228694
1998-12-10,2.26410485019579,2.26410485019579,2.1404353960597162,2.1499483585357666,2005144
1998-12-11,2.1309230979476745,2.1689754348944095,2.073844828014526,2.1214101314544678,2552178
1998-12-14,2.0928706071522845,2.1118967720862245,2.035792112350464,2.035792112350464,1868872
1998-12-15,2.0548182871261758,2.2260535368648764,2.045305322357098,2.2165403366088867,4787037
1998-12-16,2.1689754348944095,2.1689754348944095,2.111897164961261,2.1214101314544678,1990219
1998-12-17,2.1023834653381064,2.2355663776397705,2.0738443371268636,2.2355663776397705,2753990
1998-12-18,2.3211830256930903,2.3972876651429136,2.2926439036428303,2.3877744674682617,3291615
1998-12-21,2.3592360628110645,2.3592360628110645,2.3211837315152555,2.3497228622436523,1670304
1998-12-22,2.387775745139011,2.387775745139011,2.3116713004534413,2.340210437774658,649563
1998-12-23,2.349722391530755,2.349722391530755,2.3021571046830656,2.3116703033447266,450671
1998-12-24,2.3306967662229394,2.3306967662229394,2.292644437635054,2.302157402038574,160282
1998-12-28,2.302157674473317,2.302157674473317,2.207027548206719,2.2260537147521973,343600
1998-12-29,2.226053727582122,2.226053727582122,2.1499490609615792,2.1880013942718506,1201788
1998-12-30,2.1880013942718506,2.2070275609269863,2.168975227616715,2.1880013942718506,443208
1998-12-31,2.168974699948867,2.2165399872715636,2.149948537922413,2.159461736679077,718023
1999-01-04,2.2070275609269863,2.2641055899185294,2.1880013942718506,2.1880013942718506,1972049
1999-01-05,2.1689748764038086,2.1689748764038086,2.0643310944885522,2.1689748764038086,4110544
1999-01-06,2.2070267729788986,2.444852947055629,2.2070267729788986,2.3877744674682617,8977398
1999-01-07,2.406801449923432,2.473392914458127,2.378262318119114,2.4448537826538086,2373402
1999-01-08,2.663653639831868,2.939531968426273,2.644627475122524,2.768296957015991,14079482
1999-01-11,2.7492717254925387,2.7587846933327453,2.673167511796908,2.701706886291504,7098468
1999-01-12,2.720731438047424,2.7397571285632614,2.701705512044718,2.7302446365356445,8473840
1999-01-13,2.597063114408497,2.796837091445923,2.549497803284874,2.796837091445923,7953412
1999-01-14,2.844401876706986,3.015636682510376,2.834888910435781,3.015636682510376,7397293
1999-01-15,3.015635736151451,3.4342101240066976,3.015635736151451,3.424697160720825,8724970
1999-01-19,3.1963846009834294,3.386645555496216,3.158332268788717,3.386645555496216,5921014
1999-01-20,3.4437239486658076,3.4817755732381883,3.2629754940018807,3.3295669555664062,6156894
1999-01-21,3.23443628911619,3.2915147843537516,3.1202800051018045,3.1963844299316406,4765947
1999-01-22,3.082227781725059,3.082227781725059,3.0061231187717175,3.0346624851226807,3429509
1999-01-25,2.9109925629047257,2.949044888712931,2.8919664000006233,2.9205057621002197,2226099
1999-01-26,2.9680707856982824,3.1678446540888934,2.9680707856982824,3.1488184928894043,3154694
1999-01-27,3.186872058690083,3.205898227312892,3.063202080385303,3.0727152824401855,2071008
1999-01-28,3.072714979697109,3.1297932444548726,3.0251494450830623,3.082227945327759,2934388
1999-01-29,3.0727154741427953,3.0727154741427953,2.99661079490349,3.0441761016845703,2887342
1999-02-01,2.9490465056725625,2.958559474597124,2.853915874478893,2.930020332336426,4225726
1999-02-02,2.891967122962362,2.9014803245360574,2.815862687807519,2.8824541568756104,3845787
1999-02-03,2.9109932871112965,3.205898061288175,2.9109932871112965,3.1678457260131836,5719526
1999-02-04,3.0917410710584083,3.1012542726686143,2.9870975017547607,2.9870975017547607,1935710
1999-02-05,2.9585578524215395,3.0061226709645825,2.9014795991961173,2.9205057621002197,2779622
1999-02-08,3.044175769468215,3.0917410710584083,2.9680718049951844,2.9870975017547607,1578158
1999-02-09,2.949046228333711,2.949046228333711,2.7587847483522276,2.796837091445923,2355557
1999-02-10,2.7778100330540614,2.8063491635194193,2.701706077624635,2.787322998046875,1849729
1999-02-11,2.7873237332215672,3.063202381134033,2.7873237332215672,3.063202381134033,3959347
1999-02-12,2.94904580300876,2.9585587696666837,2.882454329942418,2.891967296600342,3693617
1999-02-16,2.891967122962362,2.9300194582832555,2.8824541568756104,2.8824541568756104,407518
1999-02-17,2.891967122962362,2.9014803245360574,2.8539150231284123,2.8824541568756104,1163178
1999-02-18,2.88245368869842,2.939531946921986,2.8444013595581055,2.8444013595581055,1021066
1999-02-19,2.882454439504304,2.949045915101783,2.882454439504304,2.9109935760498047,2560938
1999-02-22,3.006123869661572,3.1202808926064938,3.006123869661572,3.063202381134033,1931816
1999-02-23,3.044176210643213,3.0727155841229328,3.006123869661572,3.063202381134033,2734523
1999-02-24,3.110767332242518,3.310541275241022,3.110767332242518,3.1868720054626465,4004771
1999-02-25,3.1583329100784483,3.2058984527233374,3.0632022957626157,3.1107676029205322,3649167
1999-02-26,3.1297932949050056,3.1297932949050056,2.930019365032614,2.968071699142456,6250986
1999-03-01,2.9490456581115723,2.987097522873643,2.891967154507626,2.9490456581115723,2850354
1999-03-02,2.920505956127843,2.920505956127843,2.834888335114706,2.853914499282837,1355581
1999-03-03,2.8824532681571022,2.8824532681571022,2.8063486209799136,2.834887981414795,1485364
1999-03-04,2.9300197455757937,2.987097783179827,2.853915302958804,2.9109935760498047,3444759
1999-03-05,2.9870978467602343,3.025149951135185,2.9680721478032175,3.0061237812042236,1167071
1999-03-08,3.006123869661572,3.091741519126774,3.006123869661572,3.063202381134033,1174209
1999-03-09,3.072714827874948,3.17735838658941,2.996610164642334,2.996610164642334,1790029
1999-03-10,3.0632012693492348,3.23443603515625,3.0536883053000317,3.23443603515625,3098563
1999-03-11,3.3105408535759624,3.367619351220945,3.2724887572995627,3.320054054260254,3502837
1999-03-12,3.3105416098158407,3.367620120499489,3.272489504847051,3.3485939502716064,1039884
1999-03-15,3.5769059087228228,3.5769059087228228,3.5103144563197164,3.5483665466308594,2503834
1999-03-16,3.5483669409190655,3.653010730748031,3.5008016461296023,3.6339845657348633,3347746
1999-03-17,3.653010201314868,3.95742714899782,3.653010201314868,3.938401222229004,5259446
1999-03-18,3.9384011726173953,3.957427099146544,3.8242449069818814,3.909862518310547,3207905
1999-03-19,3.9479156006353895,4.0715853390164005,3.9479156006353895,3.976454734802246,2439267
1999-03-22,3.9288891440778206,3.9384021096056316,3.776680518198191,3.8052196502685547,879603
1999-03-23,3.729114942910483,3.729114942910483,3.557880163192749,3.557880163192749,1168045
1999-03-24,3.5769054278468975,3.6434968712975104,3.548366069591739,3.586418390274048,2149527
1999-03-25,3.6815499758546544,3.738628001708393,3.633984679575134,3.653010845184326,2067115
1999-03-26,3.643497788538529,3.643497788538529,3.548366962883822,3.557880163192749,1888015
1999-03-29,3.538853998061808,3.5769063283236906,3.5198278329308663,3.557880163192749,956823
1999-03-30,3.5293411245352817,3.5578804926176164,3.4722628593444824,3.4722628593444824,1035017
1999-03-31,3.4912889221151397,3.6054456845791365,3.481775721209099,3.5959324836730957,1654730
1999-04-01,3.6530107345788028,3.8242455134161433,3.6530107345788028,3.814732313156128,2664115
1999-04-05,3.8147317659614384,3.9384012322199777,3.795705839144357,3.9003493785858154,1081415
1999-04-06,3.928889751434326,4.004994193882387,3.8908378834407458,3.928889751434326,1892881
1999-04-07,3.94791504246927,3.94791504246927,3.8527846871918316,3.881324052810669,974668
1999-04-08,3.995479473509207,4.024019070123063,3.938401222229004,3.938401222229004,1564856
1999-04-09,3.9764538723899348,4.1096367835998535,3.9384015447622733,4.1096367835998535,2262762
1999-04-12,3.9384025344328983,4.128663749407644,3.9384025344328983,4.062072277069092,3250409
1999-04-13,4.052559559770815,4.062072290870134,3.919376850128174,3.919376850128174,3723143
1999-04-14,3.9193765158213885,3.9193765158213885,3.8052197490884034,3.8622982501983643,5186443
1999-04-15,3.8718112159732225,3.976454545957476,3.729115316428725,3.8622982501983643,6332749
1999-04-16,3.8622982977907996,4.004993728119761,3.83375892914068,3.8908374309539795,4246816
1999-04-19,3.9574269414169914,3.9574269414169914,3.6625232080740524,3.6720361709594727,7368416
1999-04-20,3.786193447186469,3.7957066481094013,3.6815501209296406,3.7386281490325928,5729584
1999-04-21,3.805219873846587,3.947915542582577,3.805219873846587,3.8432722091674805,3106675
1999-04-22,3.9384011726173953,3.947914371368844,3.862297231013927,3.909862518310547,1227420
1999-04-23,3.9479147749711783,4.223793328203004,3.9479147749711783,4.214280128479004,2540822
1999-04-26,4.299898532842084,4.309411734822245,4.19525472398204,4.2428202629089355,1891584
1999-04-27,4.223794094071772,4.223794094071772,4.052559293833839,4.100124359130859,2639132
1999-04-28,4.090611897089831,4.090611897089831,3.919376850128174,3.919376850128174,1622933
1999-04-29,3.7671671323787215,3.8052194635971053,3.6434978801231894,3.653010845184326,7252260
1999-04-30,3.653010845184326,3.6815499758546544,3.5864193832956133,3.653010845184326,3157290
1999-05-03,3.643497765984903,3.643497765984903,3.5769063061822726,3.6339845657348633,965584
1999-05-04,3.7481411144685968,3.767167280827533,3.6720371554936366,3.7386281490325928,5423621
1999-05-05,3.7386286010932843,3.919376850128174,3.7291156345070084,3.919376850128174,6918070
1999-05-06,3.881323838138666,3.881323838138666,3.7576538885955326,3.76716685295105,2996359
1999-05-07,3.7100882200359226,3.7100882200359226,3.5293402671813965,3.5293402671813965,3852601
1999-05-10,3.529340522151831,3.529340522151831,3.4532361030578613,3.4532361030578613,3225750
1999-05-11,3.3105416098158407,3.4151854283257084,3.2344371643912853,3.3485939502716064,9290498
1999-05-12,3.3676186745449677,3.4437233227794444,3.3295663504277297,3.424697160720825,5775008
1999-05-13,3.481775094227753,3.643497361125929,3.481775094227753,3.5483665466308594,2981110
1999-05-14,3.538854220184561,3.6149586499982496,3.481775721209099,3.5959324836730957,3331199
1999-05-17,3.5578793924909626,3.5578793924909626,3.4817747484528554,3.49128794670105,1857191
1999-05-18,3.5388540870160927,3.653010845184326,3.5103149563457645,3.653010845184326,2595006
1999-05-19,3.6910622385602503,3.6910622385602503,3.538853639399766,3.5769059658050537,3602445
1999-05-20,3.614957631017311,3.729114125816052,3.5959314700552336,3.6434969902038574,2957100
1999-05-21,3.7005763317216176,3.7291157029783775,3.643498531155942,3.662524700164795,1886068
1999-05-24,3.6625240292593824,3.7100888543511323,3.6625240292593824,3.6910626888275146,1382186
1999-05-25,3.6815499758546544,3.7481409667695296,3.633984679575134,3.653010845184326,2809472
1999-05-26,3.691061026468358,3.7386263011117644,3.691061026468358,3.7291133403778076,1260839
1999-05-27,3.719601449365977,4.024019361001449,3.710088485293919,4.004992961883545,4805206
1999-05-28,3.9764544351117888,4.004993567127758,3.9574280331185694,3.9859676361083984,812764
1999-06-01,3.985966800991537,3.985966800991537,3.947914475951462,3.966940402984619,514913
1999-06-02,4.062071482819121,4.15720254267959,4.062071482819121,4.147689342498779,3630997
1999-06-03,4.185740574659852,4.337949399897734,4.147688721580694,4.318923473358154,3072931
1999-06-04,4.337950027613659,4.433080145050951,4.337950027613659,4.404541015625,1669655
1999-06-07,4.585288801859851,4.727984428405762,4.547236477789691,4.727984428405762,1812741
1999-06-08,4.832631203313163,4.965813713815292,4.756526507905625,4.785065650939941,1739738
1999-06-09,4.86116739445173,5.127532253708566,4.86116739445173,5.089480400085449,1904562
1999-06-10,4.946786493893227,4.956299697003841,4.80409080210384,4.899221420288086,4168622
1999-06-11,4.804088661573227,4.870680111728819,4.756523609161377,4.756523609161377,1503858
1999-06-14,4.737497257267721,4.870680158867868,4.737497257267721,4.8611674308776855,942547
1999-06-15,4.918246540095044,5.022890344040068,4.918246540095044,4.984838008880615,827041
1999-06-16,5.127533706309999,5.241690241466762,5.118020504722305,5.194125175476074,2193004
1999-06-17,5.289255040313773,5.308280969860194,5.194124450634017,5.232176780700684,2300075
1999-06-18,5.24169081120275,5.27023041906789,5.175099334798636,5.251204013824463,935409
1999-06-21,5.251202463137545,5.289254791413557,5.213150134861533,5.270228862762451,2043754
1999-06-22,5.260717345573119,5.279743280309607,5.11802118664063,5.12753438949585,948063
1999-06-23,5.0324022118420695,5.079967264954863,5.003862614805879,5.041914939880371,980833
1999-06-24,5.127532990760805,5.251202710247106,5.098994331928084,5.232176780700684,1540846
1999-06-25,4.984838008880615,5.022890344040068,4.965812076787832,4.984838008880615,1179401
1999-06-28,4.984838008880615,5.032403545573403,4.984838008880615,4.984838008880615,794919
1999-06-29,5.098995597720689,5.251204013824463,5.079969192477263,5.251204013824463,1168694
1999-06-30,5.118020627083606,5.2131512323132485,5.032403694642999,5.175098896026611,1669980
1999-07-01,5.194124206210429,5.279741591601104,5.175097806585522,5.270228862762451,1526894
1999-07-02,5.270230679337866,5.270230679337866,5.17509959037057,5.213151931762695,647940
1999-07-06,5.241689044722874,5.241689044722874,5.108506607771847,5.156071662902832,2057057
1999-07-07,5.11802047547787,5.137046407570653,4.965812076787832,4.984838008880615,2145958
1999-07-08,4.965812900114455,4.975325632251105,4.8706822819302085,4.899221420288086,1781593
1999-07-09,4.937270103669397,4.984835617543949,4.794574974966726,4.908730983734131,1666086
1999-07-12,4.87068308004289,4.889709018407754,4.785065650939941,4.785065650939941,1964911
1999-07-13,4.718472416421774,4.718472416421774,4.5757767539854495,4.58528995513916,4178680
1999-07-14,4.613828025605276,4.870680158867868,4.604314826641334,4.8611674308776855,3148530
1999-07-15,4.8706804908606784,5.06094165726544,4.851654562609719,4.956297874450684,8948196
1999-07-16,4.7184717423446765,4.8706805841902785,4.689932613934488,4.8326287269592285,5070612
1999-07-19,4.9087324414213285,4.9087324414213285,4.756524070549527,4.8326287269592285,3625157
1999-07-20,4.889709018407754,4.956300509145839,4.785065650939941,4.785065650939941,4214370
1999-07-21,4.794574974966726,4.937270103669397,4.794574974966726,4.908730983734131,739762
1999-07-22,4.85165389518548,4.870679820819113,4.613827705383301,4.613827705383301,1772832
1999-07-23,4.661393847254092,4.699445707438012,4.566263254846616,4.5948028564453125,2355881
1999-07-26,4.5852885814459885,4.680418680587879,4.537723060901317,4.613827705383301,1786784
1999-07-27,4.6518797802654435,4.7374971561929895,4.575775603098874,4.727984428405762,2122597
1999-07-28,4.813601907031736,4.88019288685805,4.804088708067795,4.8611674308776855,2377945
1999-07-29,4.832628726816603,4.832628726816603,4.566262900364309,4.575776100158691,2139793
1999-07-30,4.642366581504466,4.7374971561929895,4.642366581504466,4.727984428405762,2194626
1999-08-02,4.604314686179159,4.651879737600299,4.585288759805453,4.623341083526611,881874
1999-08-03,4.623342083071107,4.632854812827695,4.442593624062084,4.471132755279541,3131982
1999-08-04,4.442592580591073,4.442592580591073,4.252331907487516,4.261844635009766,2902591
1999-08-05,4.271359574826855,4.280872777201123,4.166715761631688,4.252333641052246,2187813
1999-08-06,4.223793588641391,4.376002438741577,4.204767188020226,4.356976509094238,802706
1999-08-09,4.48064532243255,4.642366886138916,4.452106195250615,4.642366886138916,1824421
1999-08-10,4.8421412052502495,4.946784513682148,4.71847149821344,4.870680332183838,1746551
1999-08-11,4.965810971405111,5.270228642970003,4.965810971405111,5.156071662902832,3236133
1999-08-12,5.6697751874395665,5.698314308484608,5.403409900694613,5.5270795822143555,4358429
1999-08-13,5.669777144184566,5.669777144184566,5.251202910417116,5.3463335037231445,1961017
1999-08-16,5.663310106158097,5.6867123346975506,5.499495448329976,5.593104362487793,2577981
1999-08-17,5.569698568982217,5.593100782542745,5.476089714740101,5.557997226715088,1306269
1999-08-18,5.534597711011116,5.546298587012444,5.335679522171134,5.359081745147705,1850987
1999-08-19,5.417586361861765,5.429287707313773,5.253771764298348,5.3005757331848145,2309711
1999-08-20,5.370782621149033,5.42928841407742,5.312277299194562,5.359081745147705,3144330
1999-08-23,5.382482528686523,5.429286962122753,5.359080311968409,5.382482528686523,3971563
1999-08-24,5.359081521585788,5.429288187586729,5.3122770775851595,5.323978424072266,3762117
1999-08-25,5.522896095244729,5.557999192514212,5.405885928004416,5.417586803436279,5155963
1999-08-26,5.417586803436279,5.546298317082349,5.405885928004416,5.417586803436279,2690090
1999-08-27,5.4760904536114,5.4994926703295155,5.37078118484057,5.382482528686523,1490655
1999-08-30,5.405884503819534,5.417585376168792,5.323976984453416,5.370780944824219,1011620
1999-08-31,5.382483706166796,5.452689900705763,5.335679262491555,5.417586803436279,2193118
1999-09-01,5.639903543121024,5.639903543121024,5.546295642852783,5.546295642852783,2833063
1999-09-02,5.5111949768209225,5.522895851736887,5.417586564571588,5.429287910461426,1591949
1999-09-03,5.663308319929293,5.838824272155762,5.628205694652656,5.838824272155762,2184413
1999-09-07,5.792021439785751,5.967537426526581,5.7803205623926175,5.9207329750061035,2576135
1999-09-08,5.979236811861279,6.178154503750465,5.967535937387982,6.06114387512207,3422097
1999-09-09,6.084544658660889,6.131349087452643,5.990936272051125,6.084544658660889,1914823
1999-09-10,6.248359441725297,6.306865215301514,6.178153266991855,6.306865215301514,1422862
1999-09-13,6.295165916317752,6.3068672632220775,5.897330012022901,5.9792375564575195,1716456
1999-09-14,5.87392544397995,6.131348850436015,5.803719745453717,6.096245765686035,2372228
1999-09-15,6.107947875799955,6.131350094037779,5.897328853607178,5.897328853607178,2961263
1999-09-16,6.072846267214636,6.072846267214636,5.756917892247303,5.873928070068359,2103166
1999-09-17,5.94413302351104,6.026040077209473,5.94413302351104,6.026040077209473,879463
1999-09-20,6.002638176760533,6.22495854532002,5.616504163134075,5.71011209487915,3300755
1999-09-21,5.686708688132353,5.838822369635846,5.581399433694732,5.792018413543701,3313153
1999-09-22,5.756919020315913,5.780321248855367,5.52289767686943,5.593104362487793,3906408
1999-09-23,5.651606349420667,5.6984107826654595,5.476090431213379,5.476090431213379,3267518
1999-09-24,5.522895851736887,5.522895851736887,5.300575931516451,5.429287910461426,2232685
1999-09-27,5.5462991989374935,5.710113835899385,5.522896973378947,5.58140230178833,3368285
1999-09-28,5.593101509115761,5.639905000369381,5.440987807672553,5.522894859313965,3192603
1999-09-29,5.710111608523521,5.920730614445146,5.710111608523521,5.803720474243164,2941742
1999-09-30,5.756916083372374,5.780318299972973,5.522894859313965,5.522894859313965,4417098
1999-10-01,5.5111937275071705,5.733513597330672,5.49949238426987,5.721812725067139,2867619
1999-10-04,5.698411411720491,5.8973290975351675,5.698411411720491,5.8856282234191895,2104485
1999-10-05,5.803720896741084,6.014339447021484,5.780318678607544,6.014339447021484,2958889
1999-10-06,5.9909376863345765,6.096247440489673,5.979236811861279,6.06114387512207,3078120
1999-10-07,6.084547143704561,6.084547143704561,5.780320116201089,5.873928070068359,3147232
1999-10-08,5.803722443513378,5.803722443513378,5.639906872919482,5.663309097290039,3517851
1999-10-11,5.803721625935119,5.9441340104304805,5.803721625935119,5.909030914306641,1586410
1999-10-12,6.061144919750775,6.084547143704561,5.862227193578435,5.873928070068359,2952030
1999-10-13,5.838822670199915,5.967534615769882,5.812495708465576,5.812495708465576,2270934
1999-10-14,5.944133990559197,6.0143401825721785,5.909030894552707,5.955834865570068,1436843
1999-10-15,5.803720474243164,5.862225308857262,5.7569160413833425,5.803720474243164,1637584
1999-10-18,5.80372073797325,5.80372073797325,5.628204813233881,5.651606559753418,3230061
1999-10-19,5.803722443513378,5.850525950306599,5.663309097290039,5.663309097290039,2312876
1999-10-20,5.67500804084208,5.873925686288883,5.651605826385471,5.850523471832275,1432886
1999-10-21,5.780319425720819,5.862226493314067,5.675009665995385,5.838824272155762,1151162
1999-10-22,5.827122669867526,5.979236381952652,5.756916486127874,5.897328853607178,1456627
1999-10-25,6.026040780728324,6.06114387512207,6.002638560807873,6.06114387512207,1756815
1999-10-26,6.061144308381059,6.236660263869774,6.061144308381059,6.178154945373535,1529959
1999-10-27,6.189855378223762,6.201556723670915,6.026040780728324,6.06114387512207,790567
1999-10-28,6.049442255628622,6.248359923020067,6.0143391655580025,6.236659049987793,1311808
1999-10-29,6.283465981571499,6.529187709733549,6.283465981571499,6.482383728027344,3267254
1999-11-01,6.435577168663951,6.599392228445846,6.271762579855886,6.377071857452393,3106873
1999-11-02,6.552587501962268,6.646195901575641,6.5291852843154725,6.599391937255859,2467983
1999-11-03,6.552588671114302,6.634496212005615,6.5291864492919425,6.634496212005615,1577968
1999-11-04,6.63449455272443,6.6929993861874815,6.505783071352918,6.552587032318115,1109484
1999-11-05,6.599393818208118,6.76320844647834,6.575991593891246,6.64619779586792,2345322
1999-11-08,6.599390040097561,6.810008996423461,6.587688699151099,6.763204574584961,2602514
1999-11-09,6.833410736369036,6.903616898153111,6.763204574584961,6.763204574584961,2168585
1999-11-10,6.751505965086096,7.2078471432512625,6.739805090379502,7.137640953063965,3012173
1999-11-11,7.3482605018814455,7.3482605018814455,7.067434779797928,7.090837001800537,2782152
1999-11-12,7.114237843886539,7.137640061349925,6.739804248367573,6.8334126472473145,2960207
1999-11-15,6.927021029969836,6.973825464787439,6.891917939343537,6.903618812561035,1794537
1999-11-16,6.985528637861546,7.1142401695251465,6.9270233105646435,7.1142401695251465,1495667
1999-11-17,7.055731790756717,7.067432662766105,6.856813669780809,6.915319442749023,2151176
1999-11-18,6.927021251828155,7.008928779895387,6.915320378235902,6.9855265617370605,1858901
1999-11-19,6.985527768990265,7.090837062441771,6.903620226767602,6.950424671173096,1609095
1999-11-22,6.950421336388821,7.008926628338132,6.833410752490199,6.973823547363281,2259328
1999-11-23,6.903616914439902,7.008926628338132,6.798307671515348,6.973823547363281,1329746
1999-11-24,6.99722575833774,6.99722575833774,6.786606801514956,6.973823547363281,1599071
1999-11-26,6.739804729469672,6.810011386871338,6.716402510335783,6.810011386871338,1055408
1999-11-29,6.8451144852126715,6.85681488832762,6.774907827758415,6.786609172821045,1140611
1999-11-30,6.786607504542145,6.833411460365828,6.704699993133545,6.704699993133545,675820
1999-12-01,6.728100784591002,6.810008755396238,6.704699045473687,6.774905204772949,1494612
1999-12-02,6.915320307218993,7.3131561279296875,6.903618962773087,7.3131561279296875,3680607
1999-12-03,7.535475947775426,7.675888311976639,7.441867077009537,7.617383003234863,3041717
1999-12-06,7.324855792674954,7.5003716916360785,7.254649150506261,7.488670349121094,2548965
1999-12-07,7.441865442685118,7.465267655237178,7.348257534424288,7.418463230133057,1042219
1999-12-08,7.324857523691144,7.324857523691144,7.137640708945547,7.149341583251953,1454516
1999-12-09,7.20784663100359,7.254650597477566,7.161042664529614,7.231248378753662,1764729
1999-12-10,7.23124647578358,7.301453113479759,7.032328846412008,7.2078447341918945,1252720
1999-12-13,7.207845462197182,7.278051636010603,7.020628684712222,7.102536201477051,1382239
1999-12-14,7.114238078161808,7.114238078161808,6.891918182373047,6.891918182373047,1881850
1999-12-15,6.8802168520729134,7.008928817140775,6.845114231109619,6.845114231109619,1861538
1999-12-16,6.8802165729494575,7.020629405975342,6.8802165729494575,7.020629405975342,4116118
1999-12-17,7.207848349285862,7.254652326917459,7.125940799713135,7.125940799713135,1043010
1999-12-20,7.149339438339828,7.33655619691751,7.149339438339828,7.301453113555908,974162
1999-12-21,7.418463465426317,7.6290824431277064,7.406762594266021,7.593979358673096,1903217
1999-12-22,7.605683134118994,7.605683134118994,7.441868059622602,7.476971626281738,616204
1999-12-23,7.535475002956948,7.664186477661133,7.51207278819971,7.664186477661133,752054
1999-12-27,8.097126015169467,8.097126015169467,7.980116337615988,8.050321578979492,808504
1999-12-28,8.00351896848669,8.284343732739963,7.980117218781497,8.237539291381836,1002651
1999-12-29,8.249239897071204,8.565168181447042,8.249239897071204,8.34284782409668,798480
1999-12-30,8.41305570869476,8.424756584199198,8.296046011702595,8.307746887207031,474287
1999-12-31,8.319447235298211,8.471560491108228,8.296045485772897,8.424756050109863,428125
2000-01-03,8.845993508175933,8.892797945856696,8.623674077600734,8.86939525604248,2062807
2000-01-04,8.8693978466515,9.220429818866528,8.845996091949676,8.927903175354004,2557142
2000-01-05,9.009808072871646,9.068313381263515,8.92790007595446,8.986406326293945,2295467
2000-01-06,8.775786908338983,8.787487781719879,8.424755055226374,8.611971855163574,1539456
2000-01-07,8.916201112005158,8.986408250667843,8.799190470164444,8.939603805541992,1511230
2000-01-10,9.232128595383903,9.302334785461426,9.103417089917158,9.302334785461426,1102626
2000-01-11,9.2906337251897,9.2906337251897,9.15022134783944,9.173624038696289,2573761
2000-01-12,9.384242311906748,9.384242311906748,9.278932561206158,9.325736999511719,1407826
2000-01-13,9.3608386351716,9.524652722569924,9.3608386351716,9.512951850891113,1751803
2000-01-14,9.641667269612208,10.36713291400327,9.641667269612208,10.332029342651367,4445851
2000-01-18,9.899085289721233,10.156508209005757,9.899085289721233,10.074601173400879,2009786
2000-01-19,10.07460261371805,10.133107916642151,9.99269462445579,10.004396438598633,1653939
2000-01-20,10.215017200620839,10.226718075378159,9.85228443145752,9.85228443145752,3375671
2000-01-21,10.343729543521208,10.484141935862068,10.20331715118035,10.22671890258789,2109234
2000-01-24,10.554349372707554,11.467030890703217,10.530946678689821,11.174504280090332,3403896
2000-01-25,11.174499280416878,12.309501644995114,11.16279840961711,12.262697219848633,3588546
2000-01-26,12.59033340654806,13.479613275697398,11.747857988919199,11.841465950012207,7180257
2000-01-27,11.303215141870464,11.314916017223744,10.811770841450395,11.022390365600586,5966841
2000-01-28,10.764963901481483,10.788365644713037,10.121405601191462,10.16821002960205,2885028
2000-01-31,9.969297072521625,9.969297072521625,9.524657148479507,9.711874008178711,5711760
2000-02-01,9.828882373117054,10.893677955688503,9.793778808000322,10.881977081298828,3431066
2000-02-02,10.893676764098682,11.326615662794184,10.5777484803963,10.846872329711914,2395969
2000-02-03,11.513834882228625,12.917960673840398,11.490432189134822,12.84775447845459,5274930
2000-02-04,12.941363254416055,13.198785340627342,12.40311450520757,12.53182601928711,2517311
2000-02-07,12.531823651296971,12.531823651296971,12.262699798519769,12.461617469787598,1274351
2000-02-08,11.724452412404679,12.06378248319842,11.689348846899533,11.9818754196167,2094989
2000-02-09,11.77125605318455,11.782956926909229,11.115996763178416,11.4202241897583,2509925
2000-02-10,11.139400389966797,12.145690686131836,10.881977378570879,12.110587120056152,3035123
2000-02-11,11.7946568057811,11.981873595427587,11.396821481012655,11.513832092285156,1776599
2000-02-14,11.326614351230349,11.981872588979153,11.279809922263293,11.607439041137695,1560295
2000-02-15,11.607438569646611,11.654242996712483,11.44362448783724,11.584036827087402,1512286
2000-02-16,11.595738891759131,11.841460981709483,11.525532714908682,11.619141578674316,1560558
2000-02-17,11.619144154762125,11.736153847490133,11.56063883742424,11.72445297241211,1383030
2000-02-18,11.233011270666507,11.279815723706063,11.069197097950033,11.186206817626953,2233741
2000-02-22,10.718160657445098,10.928780137592803,10.495840304388652,10.57774829864502,2169113
2000-02-23,10.484141418937403,10.566049428720905,10.296924591064453,10.296924591064453,10828683
2000-02-24,10.39053246228784,10.530944834007162,10.191614778694191,10.484140396118164,3039079
2000-02-25,10.601149748727792,11.045789500489217,10.577748003563133,10.917078018188477,6144633
2000-02-28,10.963883217456617,11.045790273210386,10.729861981648567,10.74156379699707,2190743
2000-02-29,11.02239147402233,11.221309200874805,10.95218527289486,11.197907447814941,3062293
2000-03-01,11.396821481012655,11.584038270659143,11.186202003943125,11.513832092285156,2967330
2000-03-02,11.467030587178506,11.560639476875998,11.18620486003384,11.326618194580078,2227410
2000-03-03,11.467026653235424,12.169089317321777,11.396820481021535,12.169089317321777,6426884
2000-03-06,11.806357678518836,11.841461238679615,11.186202003943125,11.513832092285156,1922209
2000-03-07,11.537234204613238,11.560636892780423,10.82347058349233,10.846872329711914,997903
2000-03-08,10.952184100436375,11.513834591277925,10.788369020710505,11.209607124328613,1222385
2000-03-09,11.326620519731895,11.46703294115447,10.905382313516162,11.034093856811523,1904272
2000-03-10,11.069191002498078,11.186200657741498,10.203313336843546,10.413931846618652,7170233
2000-03-13,9.875687434811141,10.296924591064453,9.606562597154687,10.296924591064453,3268573
2000-03-14,10.016097071809513,10.390530624810758,9.875684724920923,9.92248821258545,2343212
2000-03-15,9.875685766884411,9.922489259487078,9.454447739827168,9.501252174377441,3456389
2000-03-16,9.922490935318555,10.39053347597481,9.665067914736719,10.296924591064453,3658713
2000-03-17,10.507545622325509,11.373422751563348,10.390534970333068,11.139402389526367,4302351
2000-03-20,10.06290153536472,10.273520056408042,9.407642344428536,9.641663551330566,12210394
2000-03-21,10.320324637040143,10.577747591616372,10.016097252009818,10.472437858581543,9370209
2000-03-22,10.425635074553307,10.800068693421913,10.390532452629941,10.53094482421875,4180746
2000-03-23,10.741563061273165,11.034088644049593,10.694758628927815,10.870274543762207,4402590
2000-03-24,10.9287825702005,10.9287825702005,10.647956848144531,10.647956848144531,2924333
2000-03-27,11.186201573784464,11.443625473853428,11.151098956921107,11.25640869140625,2431580
2000-03-28,11.30321747925185,11.3617228100643,11.15110418430827,11.186206817626953,1304422
2000-03-29,11.162804108403126,11.186205861949619,10.542648219942075,10.729865074157715,2030098
2000-03-30,10.577746871075373,10.788365380850479,10.296921249427774,10.413931846618652,1887389
2000-03-31,10.671360969543457,10.741568122113037,10.308628096375317,10.671360969543457,2042759
2000-04-03,10.858572072957584,10.881974758689655,10.17991208373008,10.203313827514648,3255120
2000-04-04,10.554349812392708,10.577751565437502,9.431047769232999,9.735275268554688,7899338
2000-04-05,9.735272571412784,10.566047761608246,9.735272571412784,10.098005294799805,2829897
2000-04-06,10.179914367616954,10.601151501929701,10.156511676634436,10.507543563842773,3536844
2000-04-07,10.60115230656405,10.71816294451468,10.203316891090138,10.285223960876465,5655310
2000-04-10,10.530944717717823,10.55434740737773,9.94589254738272,10.027799606323242,2267769
2000-04-11,9.852281811892826,10.03949858407519,9.735271211535414,9.840580940246582,2960207
2000-04-12,9.700174134645632,9.700174134645632,8.79919237428167,8.892801284790039,12369721
2000-04-13,9.033210957245402,9.150221588767446,8.214137478538824,8.424756050109863,8636620
2000-04-14,7.68758871107565,8.354547829998728,7.336556901786394,7.4535675048828125,7031482
2000-04-17,7.4886698701969445,8.56516646722708,7.4886698701969445,8.284340858459473,6777983
2000-04-18,8.588570896490687,9.220427536514569,8.518364707815556,9.173624038696289,5738403
2000-04-19,9.173622431681107,9.173622431681107,8.658775568340387,8.693879127502441,3183107
2000-04-20,8.845991861074001,8.951301590760387,8.611970658192034,8.717280387878418,1494084
2000-04-24,8.611972155505825,8.740683651079733,8.237538542573065,8.366250038146973,2207098
2000-04-25,9.17362491607666,9.688470976900135,8.810892121606376,9.360841751098633,5241693
2000-04-26,9.360840879864922,9.360840879864922,9.009808993639595,9.080015182495117,2808267
2000-04-27,8.705578583202511,9.477847339616902,8.705578583202511,9.466146469116211,2373020
2000-04-28,9.782079450638987,9.875688344168891,9.64166705229198,9.793780326843262,2070457
2000-05-01,9.863986592332044,9.96929541077004,9.512954685678007,9.559758186340332,2111344
2000-05-02,9.53635585652651,9.53635585652651,9.173624038696289,9.173624038696289,1697463
2000-05-03,9.12681774617719,9.12681774617719,8.541764722737934,8.70557975769043,3723077
2000-05-04,8.705580726105985,8.84599309057198,8.44815774393579,8.611971855163574,2139305
2000-05-05,8.717281530912302,9.173623124758402,8.717281530912302,8.986406326293945,1948060
2000-05-08,8.963005080454044,8.963005080454044,8.752386501510717,8.916200637817383,2059378
2000-05-09,8.91619827875549,8.986405395108855,8.705579755537943,8.752384185791016,1132961
2000-05-10,8.565169493417008,8.58857124327104,8.062024335973346,8.097126960754395,3201572
2000-05-11,8.23753786415959,8.366249349133291,8.085424633535245,8.260940551757812,2622561
2000-05-12,8.260940556935429,8.518363527044173,8.190734377991916,8.214136123657227,2926707
2000-05-15,8.417267989618736,8.626951217651367,8.19260779184711,8.626951217651367,2156657
2000-05-16,9.270977856832946,9.735275268554688,9.121204376671368,9.735275268554688,3985231
2000-05-17,9.585501396394601,9.585501396394601,9.106226091087912,9.255999565124512,2549039
2000-05-18,9.196086236407794,9.211064141643934,8.896539435053521,9.061290740966797,1715022
2000-05-19,8.98640674817547,9.016360683777927,8.716813792172077,8.941473960876465,1802607
2000-05-22,9.106225552672612,9.106225552672612,8.507132633896056,8.626951217651367,2722561
2000-05-23,8.507131853843573,8.58201763761976,8.147675193589855,8.31242561340332,3303096
2000-05-24,8.147673813786751,8.22256052682862,7.488670833213064,7.908036708831787,4368751
2000-05-25,8.087766513068564,8.252517896765367,7.92301607131958,7.92301607131958,2234557
2000-05-26,7.937990044643242,7.937990044643242,7.5935113788976665,7.818171501159668,1817857
2000-05-30,8.477176477020826,8.76174545288086,8.387311846264257,8.76174545288086,2242388
2000-05-31,8.80667796701526,8.80667796701526,8.417267363299166,8.462199211120605,2163458
2000-06-01,8.462199968570106,8.911521312846286,8.447222998604945,8.776724815368652,4799052
2000-06-02,8.98640532341539,9.226042421927463,8.746767282955807,8.956449508666992,11749815
2000-06-05,8.971429854165834,9.016361704604332,8.776724540967159,9.001384735107422,4367721
2000-06-06,8.92649525531256,8.92649525531256,8.626948422020897,8.686857223510742,3029006
2000-06-07,8.671881539705087,8.986406326293945,8.671881539705087,8.986406326293945,2730804
2000-06-08,8.986405990508672,9.21106614027139,8.896541365435038,9.121201515197754,5290560
2000-06-09,9.345861883502788,9.840114036148771,9.345861883502788,9.765227317810059,7268131
2000-06-12,9.825137401027666,9.825137401027666,9.091247159747805,9.166133880615234,4369781
2000-06-13,9.181108787975349,9.285951304002609,8.896539877698562,9.046313285827637,2745024
2000-06-14,9.300929361875452,9.31590632767076,9.136178970336914,9.136178970336914,2479177
2000-06-15,8.866587084766651,8.91151987128925,8.746768518584226,8.79170036315918,2525340
2000-06-16,8.77672323870448,8.836632991698437,8.62694979816722,8.641926765441895,1501520
2000-06-19,8.656906549414055,9.256000506490288,8.641929577266323,9.226046562194824,3017259
2000-06-20,9.181111379289456,9.45070434357074,9.016360960626617,9.211067199707031,3632005
2000-06-21,9.15115673216362,9.166133699261731,8.88156378881671,8.986406326293945,1719143
2000-06-22,9.046314997328402,9.07626987301096,8.776723000080596,8.866586685180664,2129454
2000-06-23,8.986406626763419,8.986406626763419,8.67188182965811,8.8216552734375,5211218
2000-06-26,8.821654380367276,8.89654109467573,8.746767666058822,8.881563186645508,3649316
2000-06-27,8.926496574006272,9.121201856019784,8.896541697862435,8.986406326293945,3036013
2000-06-28,9.046314301574366,9.330883243803388,9.031336393911241,9.106223106384277,2108434
2000-06-29,9.106224850206287,9.121202760737647,8.881564669765245,8.926497459411621,1781999
2000-06-30,9.226045140146082,9.55554695414011,9.196090258519753,9.241022109985352,2279483
2000-07-03,9.345861374292468,9.37581624838538,9.211065853795697,9.2859525680542,933968
2000-07-05,9.016361986498005,9.091248720219403,8.776724815368652,8.776724815368652,3300211
2000-07-06,8.836631901358468,8.971427416041191,8.836631901358468,8.956449508666992,2220749
2000-07-07,8.956450773916561,8.956450773916561,8.70183667400927,8.79170036315918,2330179
2000-07-10,8.52210841201878,8.596995134138176,8.357358000135166,8.387311935424805,4183276
2000-07-11,8.50713276236118,8.776724815368652,8.387313234848708,8.776724815368652,2486802
2000-07-12,8.596994887947648,8.701836484302005,8.492153291593292,8.611971855163574,2177472
2000-07-13,8.611972665157213,8.611972665157213,8.462199211120605,8.462199211120605,2023116
2000-07-14,8.52210684197932,8.746766966948066,8.52210684197932,8.686857223510742,2328530
2000-07-17,8.776725743811534,8.791702715361028,8.686861088670877,8.746770858764648,2625290
2000-07-18,8.49215030670166,8.53708213450405,8.417263613048577,8.49215030670166,2165313
2000-07-19,8.432244820852272,8.537085479487203,8.417266911084667,8.477176666259766,4139587
2000-07-20,8.372336181499028,8.372336181499028,8.057812279780787,8.132699012756348,3076817
2000-07-21,7.908035912223859,7.908035912223859,7.63844348984599,7.653420925140381,2812001
2000-07-24,7.5485808194294925,7.578535223010398,7.2640109240812984,7.278988361358643,4604304
2000-07-25,7.428762881418714,7.518626576311379,7.278989428632468,7.398808002471924,3485274
2000-07-26,7.488669796509579,7.488669796509579,7.26400968848508,7.428760528564453,2573151
2000-07-27,7.308945629514124,7.308945629514124,6.605009614737756,6.679896354675293,6442357
2000-07-28,7.069307577726338,7.069307577726338,6.6649194600041675,6.769761085510254,5364543
2000-07-31,7.099260055978076,7.278988361358643,6.889577347016603,7.278988361358643,4064573
2000-08-01,7.189124969234727,7.338898415905739,7.084283839149319,7.0992608070373535,2854660
2000-08-02,7.114239713201192,7.2490357488118295,7.099262271250248,7.14419412612915,2073194
2000-08-03,7.039351915134268,7.1441930510664555,6.709850596666714,7.009397506713867,3187896
2000-08-04,7.2190789721571695,7.293965691303593,7.02437369076599,7.174147129058838,2822717
2000-08-07,7.174146162114136,7.189123598119496,7.069304581050362,7.1591691970825195,2129660
2000-08-08,7.2190789721571695,7.308943600301446,7.129215285960506,7.174147129058838,1848976
2000-08-09,7.428761687500082,7.428761687500082,7.18912410736084,7.18912410736084,3829432
2000-08-10,7.249031223242887,7.308940953645029,6.979439320327791,7.024371147155762,3771317
2000-08-11,7.0693045006115405,7.488670349121094,6.949485955879519,7.488670349121094,2170465
2000-08-14,7.443737739937727,7.638443455953435,7.368851034771774,7.623466491699219,2374281
2000-08-15,7.593512552241193,7.65342230421392,7.518625833249089,7.608489990234375,3233440
2000-08-16,7.77324325168817,8.147676467895508,7.728310926642066,8.147676467895508,4448093
2000-08-17,8.327401385217309,8.507129669189453,8.177627972231763,8.507129669189453,3210771
2000-08-18,8.626952260525004,8.746770858764648,8.567042490431232,8.746770858764648,4030981
2000-08-21,8.626951291711022,8.716814994812012,8.537086646662242,8.716814994812012,3119064
2000-08-22,8.686858823902393,8.911519932208234,8.387311935424805,8.387311935424805,2613955
2000-08-23,8.477176783637152,8.626950231701043,8.28247148954363,8.59699535369873,2120799
2000-08-24,8.791700102332817,8.986406326293945,8.686858506803198,8.986406326293945,3623143
2000-08-25,8.941474062169473,8.956451030140366,8.552063475449517,8.56704044342041,2501228
2000-08-28,8.582019461980726,8.836635513905303,8.567042490431232,8.746770858764648,3195315
2000-08-29,8.716812095229404,8.716812095229404,8.611970515187826,8.686857223510742,1661440
2000-08-30,8.582018058204252,8.582018058204252,8.237539291381836,8.237539291381836,1777259
2000-08-31,8.357358000135166,8.49215353478149,8.327403122897877,8.387311935424805,1996119
2000-09-01,8.147674681665618,8.357357877297023,7.773241547545953,7.803195953369141,4723007
2000-09-05,7.803195953369141,8.012878207052909,7.803195953369141,7.803195953369141,3627059
2000-09-06,7.518625625038096,7.653422092270049,7.338897787018479,7.413784503936768,4609456
2000-09-07,7.413787857505352,7.473697634918733,7.189127605127189,7.443742275238037,3166876
2000-09-08,7.5336037081885205,7.5336037081885205,7.0992608070373535,7.0992608070373535,2056089
2000-09-11,7.189123598119496,7.293964708209526,7.144191290103417,7.1591691970825195,1732745
2000-09-12,7.204101658429195,7.219078624758709,6.82966808071567,6.859622955322266,2722561
2000-09-13,6.739804849373589,6.949487587367407,6.724827410022492,6.844646453857422,2423535
2000-09-14,6.9494870860996505,7.174147247239787,6.799713645339559,6.8296685218811035,2827869
2000-09-15,6.889578997111899,6.90455643797643,6.48519091961294,6.545100212097168,5172886
2000-09-18,6.575053731001532,6.619986047500433,5.960982506640534,6.140710830688477,10746192
2000-09-19,6.110756194720104,6.4103030762450866,6.050846441636057,6.380347728729248,7793024
2000-09-20,6.3503928722458305,6.395325183868408,6.050846011990436,6.395325183868408,4664480
2000-09-21,6.350393238745818,6.44025739620352,5.391843795776367,5.391843795776367,3060331
2000-09-22,5.990937384306469,6.155688269521444,5.76627768570729,6.140710830688477,3014374
2000-09-25,6.21559796495442,6.320439572745165,6.050847068843477,6.065824508666992,3773171
2000-09-26,6.110757957483302,6.200621671084625,5.511663550639462,5.661437034606934,7117484
2000-09-27,5.990937209180007,5.990937209180007,5.272024875951075,5.511662006378174,6307167
2000-09-28,5.287000163651803,5.631479253401284,5.227091371052331,5.2720232009887695,8011472
2000-09-29,5.152206647310386,5.272025220351199,4.882614151507783,4.897591590881348,5657387
2000-10-02,4.972477557235338,5.092296111974011,4.627998859131322,4.657953262329102,5987326
2000-10-03,4.957500725027583,4.957500725027583,4.6579538306586015,4.7478179931640625,10720637
2000-10-04,4.732840255516772,4.91256856918335,4.642976098683483,4.91256856918335,10432740
2000-10-05,5.032387455564257,5.3019799434526655,4.912568886040855,5.22709321975708,12118085
2000-10-06,5.541616328587977,5.856140121809931,5.43677427922444,5.451752185821533,7063697
2000-10-09,5.391845505443056,5.406822477290121,4.912570161014091,5.137229919433594,3098456
2000-10-10,5.137227788785408,5.137227788785408,4.927545560151936,4.9425225257873535,2928644
2000-10-11,4.762795962946709,4.942523837016575,4.6729317904248315,4.807727813720703,4421096
2000-10-12,4.852658834470396,4.882613236630986,4.523156642913818,4.523156642913818,5001425
2000-10-13,4.672929762956306,5.0623402233057355,4.613020497592831,5.03238582611084,8488760
2000-10-16,4.88261333523794,5.032386761986926,4.568089044870314,4.598043918609619,5354651
2000-10-17,4.5231570276904005,4.568089341214235,4.313474781807708,4.433293342590332,8855175
2000-10-18,4.223611285907028,4.328452896209484,3.8641550764004116,4.148724555969238,6549314
2000-10-19,4.523158503947032,5.272026401660285,4.403340375032281,5.0922980308532715,13299765
2000-10-20,4.942523080340029,5.571571720714954,4.912568674734537,5.46673059463501,8650123
2000-10-23,5.481707950995025,5.496685390347648,5.301980091685102,5.376866817474365,4800907
2000-10-24,5.631481567124653,5.706368295102096,5.481708111169766,5.5416178703308105,4757217
2000-10-25,5.361889215755557,5.466731297258181,5.167183905886597,5.197138786315918,4090127
2000-10-26,5.257047927237436,5.616504598308254,5.242070487447175,5.5416178703308105,3391300
2000-10-27,5.3918445671587545,5.406821536399539,5.182161346101258,5.197138786315918,3289083
2000-10-30,5.002433340152721,5.047365188598633,4.837682444227942,5.047365188598633,3558433
2000-10-31,5.092296484233282,5.436775207519531,5.047364640665097,5.436775207519531,2532965
2000-11-01,5.152204948981704,5.272023482526563,5.092295211235581,5.122250080108643,3091243
2000-11-02,5.631480711441805,5.751299269610178,5.51166168229964,5.646458148956299,3166670
2000-11-03,5.796233604425724,5.871120347151952,5.601527790753156,5.736323833465576,3716293
2000-11-06,5.841166037835313,5.946007196955671,5.736323936767028,5.871120452880859,3375844
2000-11-07,5.990937725262148,6.095779332085821,5.946005877179921,6.00591516494751,3470436
2000-11-08,6.110755627612152,6.170664904162512,5.826185739793843,5.856140613555908,6720569
2000-11-09,5.706364511112979,5.721341940971448,5.556591154475399,5.6314778327941895,4869532
2000-11-10,5.4367743339698595,5.451752240717773,5.032386393909491,5.107273101806641,6890175
2000-11-13,4.912571087667138,5.27202742830575,4.852661776056378,5.1522088050842285,4183482
2000-11-14,5.316957710098074,5.6464590320832135,5.316957710098074,5.571572303771973,2482474
2000-11-15,5.481707600561696,5.631481042565541,5.391843912138443,5.511662006378174,2754916
2000-11-16,5.047365998860813,5.122252738941602,4.792750894196555,4.867637634277344,4617699
2000-11-17,4.837683220829391,5.002434143201914,4.7627964807486025,4.867637634277344,2285871
2000-11-20,4.553113286397238,4.747818604414576,4.313475645855511,4.358407497406006,4168232
2000-11-21,4.49320275375765,4.642976194582032,4.463248348177062,4.553112506866455,3637363
2000-11-22,4.43329476059451,4.493204060148012,4.313476161487505,4.4183173179626465,1972831
2000-11-24,4.91256996091018,4.91256996091018,4.717864154115766,4.867637634277344,1870820
2000-11-27,4.867637477530337,4.927547244444913,4.538136114369787,4.672932147979736,2371808
2000-11-28,4.5830677269704,4.59804516790946,4.388362407684326,4.388362407684326,3275275
2000-11-29,4.373384938247469,4.433294230639427,4.253566353463553,4.358407497406006,6010819
2000-11-30,4.193656789536938,4.22361167264444,4.013928903813681,4.028906345367432,4882722
2000-12-01,4.373384340326194,4.388361779119968,4.193656016748559,4.238588333129883,3360594
2000-12-04,4.193657357864432,4.223612245031442,4.103793638311366,4.1337480545043945,1777671
2000-12-05,4.223610266439113,4.538134550454755,4.223610266439113,4.523156642913818,3725154
2000-12-06,4.373383483474033,4.418315320078287,4.133745922645955,4.343428611755371,2409521
2000-12-07,4.313475608825684,4.32845304953857,4.223611435522255,4.313475608825684,3104226
2000-12-08,4.478225976621513,4.7777728709904945,4.388361814116052,4.7478179931640625,4754950
2000-12-11,4.747818522364081,4.82270525430333,4.6729317904248315,4.807727813720703,3559257
2000-12-12,4.792750704269262,4.792750704269262,4.628000259399414,4.628000259399414,2584485
2000-12-13,4.6729304917100825,4.6729304917100825,4.478225231170654,4.478225231170654,1415789
2000-12-14,4.38836200289213,4.4632487297058105,4.328452715635957,4.4632487297058105,3509385
2000-12-15,4.4632487297058105,4.4632487297058105,4.373384563334623,4.4632487297058105,3449827
2000-12-18,4.433292647593144,4.4482700830864434,4.253564834594727,4.253564834594727,2673719
2000-12-19,4.17867959828458,4.418316766593888,4.11876983523336,4.328453063964844,3400574
2000-12-20,4.133746596177297,4.133746596177297,4.013928031727509,4.103792190551758,4990091
2000-12-21,3.9839746952056885,4.0888158494900315,3.9689967819128573,3.9839746952056885,3488983
2000-12-22,3.983973626101969,4.11876915787762,3.983973626101969,4.103792190551758,2733277
2000-12-26,4.073837747729184,4.088815187623639,4.013928459125228,4.058860778808594,2609834
2000-12-27,3.998951067050218,4.148724525838029,3.983974097950534,4.118769645690918,3708667
2000-12-28,4.193656405542362,4.343429865417942,4.073837826031449,4.148724555969238,2554397
2000-12-29,4.103793638311366,4.193657357864432,4.028906891367823,4.1337480545043945,2611276
2001-01-02,4.3434304266584265,4.3434304266584265,4.163702534168345,4.223611831665039,2782737
2001-01-03,4.11877007025069,4.732841408773507,4.043883333137515,4.628000259399414,6085215
2001-01-04,4.628000259399414,4.702886996512588,4.583067934547158,4.628000259399414,6000309
2001-01-05,4.792748018227106,4.9425214085146285,4.792748018227106,4.822702884674072,5165880
2001-01-08,4.7927503350939755,4.7927503350939755,4.672931753331832,4.762795925140381,3272802
2001-01-09,4.822703161851835,5.122249959642894,4.822703161851835,5.03238582611084,2632091
2001-01-10,5.032385675722537,5.2720232009887695,4.957498978512694,5.2720232009887695,6104381
2001-01-11,5.122249806569083,5.301978068262175,5.002431279422801,5.2720232009887695,5024095
2001-01-12,5.3618879318237305,5.421797678336674,5.272024254001841,5.3618879318237305,3190781
2001-01-16,5.406821074042184,5.406821074042184,5.182160902955427,5.22709321975708,4018204
2001-01-17,5.571571432357618,5.646458148956299,5.4667303117037385,5.646458148956299,4698690
2001-01-18,5.616505039171104,6.155689146152411,5.616505039171104,6.05084753036499,5319411
2001-01-19,6.110756771771183,6.380348331238402,5.960982845891424,6.00591516494751,5659242
2001-01-22,5.931028676448067,5.97596052634054,5.736322894641637,5.75130033493042,2203644
2001-01-23,5.7662761436297405,6.005913216975649,5.691389440465718,5.975958347320557,2292054
2001-01-24,6.020893016207245,6.09577974877928,5.931028842926025,5.931028842926025,1495337
2001-01-25,5.960982625014759,5.990937503275543,5.706368043693465,5.781254768371582,2416322
2001-01-26,5.451754969632243,5.466732412903486,5.27202659232528,5.3469133377075195,6741383
2001-01-29,5.348708374893962,5.348708374893962,5.07552191889554,5.21930456161499,6380326
2001-01-30,5.305574663250262,5.6171036179062535,5.305574663250262,5.52843713760376,6575486
2001-01-31,5.715354622589483,5.981352167287428,5.705768892117836,5.784849166870117,3775851
2001-02-01,5.631481069762829,5.799227344456221,5.576364416464694,5.7153544425964355,3349465
2001-02-02,5.657843084714177,5.775264898151681,5.542817115783691,5.542817115783691,2991911
2001-02-05,5.272027218955322,5.324747580629941,5.212117438749512,5.269630432128906,3880335
2001-02-06,4.9413241109616095,5.128241813059606,4.93173885345459,4.93173885345459,7650415
2001-02-07,4.828695457099439,4.869433747473644,4.763992607670565,4.804731369018555,4502293
2001-02-08,5.020406136925984,5.140224712552712,4.97727105408232,5.0491623878479,3500730
2001-02-09,5.029990665802109,5.029990665802109,4.91975736618042,4.91975736618042,1624345
2001-02-12,4.91256926903802,5.128243276163274,4.91256926903802,5.097089767456055,2033214
2001-02-13,5.2720264902168745,5.367881465932749,5.200135140686478,5.212116718292236,3050439
2001-02-14,5.080314985851291,5.387051313790103,5.0323877436874485,5.384654998779297,6172800
2001-02-15,5.511664017792774,5.662636143259581,5.456547815620657,5.576366424560547,3260437
2001-02-16,5.295989112737083,5.372673078777081,5.272025491093053,5.339123725891113,2901647
2001-02-20,5.339124706905003,5.375070852436624,5.032388786385177,5.058749198913574,2767693
2001-02-21,5.0443697841409545,5.176170406406666,4.962892718994281,4.97727108001709,2998918
2001-02-22,4.9413250401980005,5.032387358508017,4.802335483392498,4.948513984680176,3160075
2001-02-23,4.816712777943523,4.840676391890861,4.660948109851516,4.828694820404053,3137200
2001-02-26,4.912568505585881,4.912568505585881,4.742425923971939,4.852659225463867,1761596
2001-02-27,4.833487881613583,4.833487881613583,4.641777992248535,4.641777992248535,2114410
2001-02-28,4.6417792108295854,4.672932252645023,4.509978568418483,4.512375354766846,2020643
2001-03-01,4.313474404091243,4.339834805417314,4.109782491818357,4.2943034172058105,4545776
2001-03-02,4.241583298432479,4.7160653654068785,4.227204939803246,4.45725679397583,3508767
2001-03-05,4.55550935892954,4.672931622280218,4.55550935892954,4.557905673980713,1854540
2001-03-06,4.816712853711701,5.173772638135955,4.797541397083792,5.142619609832764,7236806
2001-03-07,5.104280024870953,5.104280024870953,4.994046688079834,4.994046688079834,5045321
2001-03-08,4.816714708424759,4.9125696736053515,4.754409098800852,4.756804943084717,2332240
2001-03-09,4.636985966358791,4.636985966358791,4.447672367095947,4.447672367095947,2597675
2001-03-12,4.433292785522701,4.5650933742116395,4.318266868591309,4.318266868591309,2748321
2001-03-13,4.505184502584337,4.759200444994373,4.505184502584337,4.749614715576172,2246303
2001-03-14,4.385365827704059,4.720858341722555,4.385365827704059,4.68491268157959,5715709
2001-03-15,4.852660458709111,4.912569754056351,4.7975433229819915,4.79994010925293,4300538
2001-03-16,4.768785851091197,4.816713557718586,4.69689499761081,4.742425918579102,2518333
2001-03-19,4.68491295045283,4.716065512317187,4.545922930996874,4.687309265136719,3709698
2001-03-20,4.6489666637505005,4.6657413369575735,4.5267517930652605,4.529148578643799,2932765
2001-03-21,4.529148820219795,4.648966911717362,4.457257023373641,4.4932026863098145,3135757
2001-03-22,4.51716586085007,4.792749092629935,4.507580602861428,4.76878547668457,4317642
2001-03-23,4.912570176379714,5.029992461871721,4.828697249877982,5.020407199859619,3615930
2001-03-26,5.008423896966133,5.008423896966133,4.876623280492652,4.886209011077881,2012605
2001-03-27,4.756803602595959,4.879018943119073,4.682515966643852,4.85505485534668,2801078
2001-03-28,4.816713825016136,4.816713825016136,4.6897053718566895,4.6897053718566895,2789332
2001-03-29,4.689705150214427,4.828695641870207,4.672930947279238,4.708876609802246,3577599
2001-03-30,4.7088778197389125,4.7088778197389125,4.601040804461384,4.672932147979736,2439815
2001-04-02,4.541129963261265,4.541129963261265,4.205637454986572,4.205637454986572,4307544
2001-04-03,4.212829211690331,4.2367928410405495,4.030704498291016,4.030704498291016,3499493
2001-04-04,4.073837683783331,4.191260415094662,3.96839699839426,3.975586414337158,3775232
2001-04-05,4.2535670420853275,4.409331321716309,4.2248103133363,4.409331321716309,4467052
2001-04-06,4.301493180192042,4.301493180192042,4.15291788577997,4.19126033782959,2211888
2001-04-09,4.241583510700108,4.265547599939359,4.030702633821827,4.107386589050293,1796012
2001-04-10,4.229601168126773,4.359005451202393,4.215223280764639,4.359005451202393,4819660
2001-04-11,4.73283929295461,4.811920017468795,4.6729300242413325,4.747217178344727,7760051
2001-04-12,4.6250028114102495,4.864640382352304,4.569886636357597,4.857451438903809,5181542
2001-04-16,4.780768302364907,4.780768302364907,4.589058853574954,4.605833530426025,3018908
2001-04-17,4.457257373852099,4.644175118402009,4.442879484326128,4.538734436035156,3583369
2001-04-18,4.768786689556117,5.461339181405296,4.754408798916346,5.327142238616943,13422590
2001-04-19,5.2720244243699295,5.2720244243699295,5.118656523321864,5.21930456161499,5596181
2001-04-20,5.147413363873245,5.168981139551537,4.929343530995851,5.008423805236816,5445328
2001-04-23,4.936531318653938,4.936531318653938,4.773577707669847,4.828694820404053,4475090
2001-04-24,4.840677738189697,4.984460403810292,4.819110432541379,4.840677738189697,3334833
2001-04-25,4.804731949511872,4.907775845203505,4.768786284021482,4.886209011077881,4793694
2001-04-26,4.900586813212218,4.970081828052397,4.852659574061209,4.898190498352051,3468993
2001-04-27,4.948513530586042,5.224096775054932,4.88860425247727,5.224096775054932,11742809
2001-04-30,5.451754129833629,5.871119650984716,5.427790035901528,5.808813571929932,13056999
2001-05-01,5.763283127760945,5.943011021581334,5.607518858921821,5.940615177154541,15228700
2001-05-02,5.847155581976778,5.986145149700223,5.763282201560494,5.885497093200684,8730495
2001-05-03,5.727332724525415,5.871115297609029,5.607514227604771,5.6314778327941895,7867832
2001-05-04,5.295988494799022,5.605121108930183,5.286402764675552,5.511662006378174,5668310
2001-05-07,5.514057771685192,5.650651457079679,5.451752185821533,5.451752185821533,2738429
2001-05-08,5.499679747918891,5.516454420316725,5.355897110779603,5.458941459655762,3581102
2001-05-09,5.353502319121669,5.425393658141174,5.300782443416334,5.319952964782715,5023064
2001-05-10,5.439772020139854,5.482906635161998,5.295989342100844,5.319952964782715,4777001
2001-05-11,5.322351005152286,5.322351005152286,5.125848387713142,5.1522088050842285,5642961
2001-05-14,5.020404040694362,5.020404040694362,4.869432491213211,4.8909993171691895,11792062
2001-05-15,4.912567635919258,4.912567635919258,4.795145411150387,4.823901653289795,7476069
2001-05-16,4.7807663925524215,4.9317384239020114,4.720857596404107,4.881414413452148,10381425
2001-05-17,4.91256926903802,5.12345017506854,4.910172953977589,5.097089767456055,8503186
2001-05-18,5.0803149186695435,5.0803149186695435,4.948514298001106,4.97247838973999,4265710
2001-05-21,4.756804732159977,5.056351661682129,4.732841109670893,5.056351661682129,9289392
2001-05-22,5.080315732036109,5.269629355434336,5.080315732036109,5.128243923187256,11670267
2001-05-23,5.188153671589231,5.188153671589231,5.068335056304932,5.068335056304932,6363839
2001-05-24,5.070728742025935,5.113863345799536,5.006026365391763,5.104278087615967,5375054
2001-05-25,5.068332688259177,5.140224012230024,4.984459790942386,4.99644136428833,4681585
2001-05-29,4.9389280842439724,4.955702756832006,4.876622493898253,4.917360782623291,3514125
2001-05-30,4.720857799017791,4.7639919268674165,4.672930100678964,4.680119514465332,5321678
2001-05-31,4.696895449076682,4.79754255942867,4.696895449076682,4.7592010498046875,4378437
2001-06-01,4.76878616164311,4.816713871391638,4.696895303481062,4.766389846801758,3976575
2001-06-04,4.787958896106224,4.797543687047733,4.6753287717818495,4.696896553039551,4274571
2001-06-05,4.768787336591022,5.080315878303373,4.768787336591022,5.0275959968566895,7064315
2001-06-06,4.998838663401679,5.006027608824998,4.912569434426305,4.924551010131836,12601968
2001-06-07,4.936533405641937,5.403826665525224,4.936533405641937,5.343917369842529,13007539
2001-06-08,5.291195642089537,5.389446899099205,5.188151284733354,5.310366630554199,6320356
2001-06-11,5.31036574799499,5.3367256761378234,5.156997865766755,5.171375751495361,4704460
2001-06-12,5.0922959646936325,5.188150899906991,5.010819387505719,5.116260051727295,5315290
2001-06-13,5.128242924020877,5.183359108573857,5.037180603108139,5.106675148010254,2329355
2001-06-14,5.092296709195699,5.092296709195699,4.94851404986752,5.008423805236816,4400488
2001-06-15,5.00842384337873,5.097089377730766,4.9365325131671485,5.085107803344727,6554466
2001-06-18,4.98446159479316,5.2312882177042255,4.838282108306885,4.838282108306885,4431194
2001-06-19,4.912567756111303,4.96528761315236,4.761596186007987,4.7783708572387695,6066462
2001-06-20,4.672931448799467,4.706480329244264,4.531545098238236,4.581869125366211,11151557
2001-06-21,4.565094012182161,4.565094012182161,4.476428012208013,4.4932026863098145,5513335
2001-06-22,4.529149028273646,4.636985551062005,4.382969584107582,4.601039886474609,4234591
2001-06-25,4.732839636626076,4.732839636626076,4.653759377343249,4.682515621185303,5361864
2001-06-26,4.579472521546275,4.62979654549998,4.515729040455876,4.59624719619751,4991769
2001-06-27,4.680122540842273,4.730446585993766,4.659992640197263,4.693542003631592,4986175
2001-06-28,4.713669593249998,4.911609515933733,4.713669593249998,4.864640712738037,12659966
2001-06-29,4.9317393270763485,5.206843120164095,4.914964653854364,5.09613037109375,6481159
2001-07-02,5.0994854156042715,5.133034760911935,5.035741471130204,5.0827107429504395,2611070
2001-07-03,5.082712706332612,5.126326777885338,5.039098634779886,5.106196880340576,2447823
2001-07-05,4.9820637085755575,4.998838384601616,4.867996194182682,4.88477087020874,5451775
2001-07-06,4.8847711297534735,4.8847711297534735,4.676765983731278,4.700250625610352,4156250
2001-07-09,4.713669029325912,4.794186698900707,4.676764469472486,4.784121990203857,6517960
2001-07-10,4.891481420402493,4.901546133028262,4.7438645362854,4.7438645362854,6158934
2001-07-11,4.68682977120445,4.814316241675979,4.609666374554022,4.757282733917236,4358800
2001-07-12,4.898190504059064,5.069291529844083,4.881415829044516,5.045807361602783,6180278
2001-07-13,4.931739097495655,5.0525160797082815,4.914964425054559,4.9686431884765625,5373022
2001-07-16,4.968645698459747,4.975355665020575,4.770704746246338,4.770704746246338,4409143
2001-07-17,4.7673481048530295,4.938449122861475,4.720378828557526,4.9183197021484375,6661629
2001-07-18,4.747220178802844,4.8747076617118505,4.720380783081055,4.720380783081055,4002424
2001-07-19,4.861284950104055,4.93173885345459,4.861284950104055,4.93173885345459,4410910
2001-07-20,4.814317165424236,4.814317165424236,4.680120706239835,4.717024803161621,4079558
2001-07-23,4.717025299337121,4.717025299337121,4.49560022354126,4.49560022354126,4460811
2001-07-24,4.509019108694871,4.519083819362932,4.411726277605177,4.415081024169922,3598501
2001-07-25,4.4955992770064945,4.576117426618148,4.445275256884041,4.5694074630737305,4754038
2001-07-26,4.696894493312902,4.861285054085464,4.63986051442074,4.831090927124023,10751049
2001-07-27,5.1665865154079285,5.284009289443176,5.03574427835307,5.099488258361816,8593509
2001-07-30,5.099486586115447,5.206844138963283,5.099486586115447,5.136390686035156,6025275
2001-07-31,5.099487675395385,5.525562759913654,5.099487675395385,5.468529224395752,10831569
2001-08-01,5.619499084405537,5.767115939574306,5.606079627194099,5.720147132873535,11052666
2001-08-02,5.871118952599137,5.871118952599137,5.653048643795246,5.70001745223999,13317076
2001-08-03,5.5356273891275585,5.5356273891275585,5.3846557544683495,5.518852710723877,6254763
2001-08-06,5.515496876259001,5.518852094149245,5.284007564682745,5.341041088104248,7077180
2001-08-07,5.307491192898523,5.310846410446039,5.14645487983256,5.243747711181641,5669634
2001-08-08,5.250457958338905,5.401429568848389,5.143100410507615,5.173294544219971,6439501
2001-08-09,5.1498090250345685,5.23368238932071,5.059226168384554,5.196778297424316,6951323
2001-08-10,5.300781016734098,5.53562549195162,5.18335830815157,5.3376851081848145,4574893
2001-08-13,5.391363283187565,5.468526203798995,5.2940704750058485,5.34774923324585,4079705
2001-08-14,5.394718717539136,5.502076247722151,5.371234552170211,5.418203353881836,4220725
2001-08-15,5.421560330300328,5.434980262580522,5.270588682504979,5.273943901062012,3507972
2001-08-16,5.200134516128783,5.3880107169411495,5.149810483306838,5.367880821228027,4367043
2001-08-17,5.149811601255654,5.2102003595567234,4.98206525974113,5.005549907684326,6668695
2001-08-20,5.032386444547665,5.032386444547665,4.951868302880592,4.988772392272949,3750708
2001-08-21,4.948513864944386,4.948513864944386,4.613021790672172,4.663345813751221,17759045
2001-08-22,4.696895852156237,4.797542971145587,4.160107135772705,4.160107135772705,24537552
2001-08-23,4.311080096360212,4.405017740338842,4.076235044465681,4.1131391525268555,23277650
2001-08-24,4.113137538270121,4.173526269112563,3.972231127602813,4.025909423828125,19982385
2001-08-27,4.13326734107365,4.176881402334437,4.062813893727291,4.109783172607422,16305277
2001-08-28,4.093009507336969,4.371468618783602,4.07623482802279,4.3211445808410645,19172037
2001-08-29,4.388241111300279,4.4285004201075155,4.180236016888571,4.210430145263672,12699121
2001-08-30,4.176881855054298,4.260755240021152,4.113138365063823,4.200366497039795,6468500
2001-08-31,4.197012282648899,4.35804863705277,4.197012282648899,4.35469388961792,5541716
2001-09-04,4.378175838589348,4.53250261969354,4.2439789447859475,4.277528285980225,6661923
2001-09-05,4.344627456968919,4.361402131270987,4.126557632989657,4.203720569610596,5945933
2001-09-06,4.109782526558289,4.267464071639016,4.076233181481749,4.260754108428955,4673518
2001-09-07,4.230559142338743,4.374821219453915,4.230559142338743,4.341271877288818,4095897
2001-09-10,4.341273337745024,4.354693267515176,4.210431141868502,4.250690460205078,2759303
2001-09-17,3.6904169698566744,3.8581629816802763,3.4354428529147776,3.539444923400879,7450190
2001-09-18,3.4220246764193556,3.47234848214354,3.2710530237598094,3.3046023845672607,6579343
2001-09-19,3.3213752929934564,3.3482146731256184,3.0496260393098624,3.2073073387145996,8791348
2001-09-20,3.0026575255198584,3.1066600744866664,2.9959475621094125,3.029496908187866,5653442
2001-09-21,2.851685877147546,3.1838234070589406,2.8147817856530186,3.170403480529785,8776039
2001-09-24,3.3046011186029722,3.4455080032348633,3.3046011186029722,3.4455080032348633,8594392
2001-09-25,3.3549254059270663,3.3683453364440936,3.0194330301752275,3.113370895385742,9280501
2001-09-26,3.153630282784357,3.2106642907469936,3.0999514935101034,3.1368556022644043,3457482
2001-09-27,3.0362079005535567,3.052982579277636,2.9221403678141797,2.9791738986968994,6145097
2001-09-28,3.0865312277486425,3.183823823928833,3.026142492408055,3.183823823928833,5647554
2001-10-01,3.086530792836221,3.086530792836221,3.022786848919089,3.0764660835266113,2467106
2001-10-02,2.9691083431243896,2.982528270685105,2.9288495023898506,2.9691083431243896,3178387
2001-10-03,2.8684613503300667,3.2844718887374955,2.834911995618251,3.2207283973693848,8595717
2001-10-04,3.187177543227737,3.274405636051836,3.0932394884232437,3.106659412384033,10657723
2001-10-05,3.2039535746986436,3.210663539531457,3.029497550375697,3.116725444793701,7778304
2001-10-08,3.116724835466303,3.334795117595381,3.076466231774772,3.234147548675537,6647939
2001-10-09,3.3549258264373973,3.3750557247360433,3.200599431991577,3.200599431991577,6148924
2001-10-10,3.1737589529046564,3.3649898599957524,3.1569842788809597,3.3549246788024902,6646026
2001-10-11,3.522671622086473,3.7742908218181364,3.5058969459745133,3.7575161457061768,9768476
2001-10-12,3.6568686962127686,3.7407416089226495,3.5562206357922537,3.6568686962127686,4486719
2001-10-15,3.660222372176018,3.6769970440044397,3.5260254685223877,3.539444923400879,3792955
2001-10-16,3.7675802744083216,3.9051316852046734,3.6937716259642643,3.895066976547241,7058780
2001-10-17,4.042684668938752,4.086298732325199,3.858163939479002,3.9588117599487305,9237371
2001-10-18,3.9420362923303673,3.9420362923303673,3.757515588902619,3.787710189819336,7250584
2001-10-19,3.7541614832154218,3.8413893770808203,3.7105474185392535,3.8011302947998047,3810325
2001-10-22,3.8346799666798197,4.069524765014648,3.794421349552389,4.069524765014648,4048204
2001-10-23,4.059459315031995,4.156752152489181,3.9990710470714155,4.123202800750732,7596657
2001-10-24,4.210430947983888,4.3546930669874895,4.193656272030589,4.327853679656982,6551375
2001-10-25,4.193656124089657,4.462050458900352,4.072878649876151,4.445275783538818,8835656
2001-10-26,4.545923093233441,4.720378858821276,4.539213600268619,4.663345813751221,12764038
2001-10-29,4.599601892501146,4.643215947457398,4.462049764337477,4.465404510498047,6238865
2001-10-30,4.3446263618251235,4.361401031898825,4.207074726583947,4.213784217834473,5443090
2001-10-31,4.260755719822924,4.462051395437298,4.260755719822924,4.331209182739258,6050888
2001-11-01,4.361401558818256,4.502308427681946,4.243979325089765,4.451984882354736,8697728
2001-11-02,4.4553413533492865,4.542569493653365,4.401662570235074,4.512375354766846,4187310
2001-11-05,4.646570615468378,4.831091070671693,4.6331506891042675,4.787477016448975,7393959
2001-11-06,4.760638040017699,4.784122677667507,4.613021663286912,4.763992786407471,8308673
2001-11-07,4.713669593249998,5.0424516865936635,4.713669593249998,4.864640712738037,9245172
2001-11-08,4.9652886390686035,5.190068903225677,4.948513964371878,4.9652886390686035,11271556
2001-11-09,4.88141557805967,4.948513803694078,4.790832243443816,4.86128568649292,6693278
2001-11-12,4.861286949083793,4.914966202896419,4.717025750050471,4.847867488861084,4669102
2001-11-13,4.965288148034809,5.149809080477087,4.965288148034809,5.146454334259033,10705858
2001-11-14,5.351107546489288,5.388012129484784,5.086068324368176,5.099488258361816,10725731
2001-11-15,5.267232740826822,5.401429678336125,5.166584684464447,5.2370381355285645,8883644
2001-11-16,5.367878828914943,5.458462148568807,5.324264777518262,5.451752185821533,5748682
2001-11-19,5.535625684576713,5.582594487059854,5.384654096405248,5.42491340637207,5144712
2001-11-20,5.2437490608470085,5.300783064096242,5.102842132903424,5.106196880340576,8715687
2001-11-21,5.1833594473321325,5.341041028161505,5.169939988843394,5.317556858062744,10276323
2001-11-23,5.1699391174269165,5.3443953451922335,5.102840423371397,5.2672319412231445,1934824
2001-11-26,5.552399617279397,5.602723634551314,5.49201136172161,5.569174289703369,9572403
2001-11-27,5.434977752597208,5.6161434578960305,5.408138371405761,5.488656044006348,6829587
2001-11-28,5.367879763962967,5.384654438266319,5.129680048218709,5.139744758605957,8177369
2001-11-29,5.159873344725419,5.441687048154884,5.1330339668261225,5.401427745819092,20882231
2001-11-30,5.3511051305057125,5.398074407303149,5.220262952525109,5.344395637512207,7774329
2001-12-03,5.502078584570506,5.515498046056022,5.367881614845466,5.468529224395752,6985326
2001-12-04,5.703371706889379,5.894602597010873,5.636273016748851,5.881182670593262,11133775
2001-12-05,6.37435851890851,6.538750085594227,6.273710918900761,6.401197910308838,15103520
2001-12-06,6.407906353166531,6.4414557021879615,6.320678234100342,6.320678234100342,7503772
2001-12-07,6.357581604895463,6.488423768579264,6.270353495772929,6.283773422241211,8670054
2001-12-10,6.0891897058919255,6.2300961415118215,5.968412222819012,6.028800964355469,6880371
2001-12-11,6.075769768187357,6.3206790099640155,6.075769768187357,6.176417827606201,5127784
2001-12-12,6.273710605475989,6.397842843372796,6.179772975754783,6.357583522796631,6048385
2001-12-13,6.032154687600163,6.122738020019383,5.971765956311949,6.00531530380249,5523316
2001-12-14,6.062349180198921,6.196545625811014,6.0422192894806965,6.179771423339844,4268712
2001-12-17,6.038865668123331,6.206611491873652,6.038865668123331,6.176417827606201,7767853
2001-12-18,6.176417022458099,6.226740103659729,6.022090206523226,6.132802963256836,4225729
2001-12-19,5.988542739485246,6.022092098793347,5.854345773226809,5.871120452880859,9435063
2001-12-20,5.887892734963747,5.887892734963747,5.629563150263286,5.706726551055908,11824594
2001-12-21,5.585950592719895,5.679888691520818,5.347751305103859,5.434979438781738,13805345
2001-12-24,5.401430176442658,5.42491481928768,5.320912006511889,5.367880821228027,3144089
2001-12-26,5.418203934657172,5.569175065557524,5.4014292598962825,5.48194694519043,5606338
2001-12-27,5.5859487129793965,5.663112108493226,5.518850497250024,5.622852802276611,4027448
2001-12-28,5.636274744737087,5.847635118310815,5.6161453199130875,5.686598777770996,6086658
2001-12-31,5.72014717440304,5.884538234536165,5.72014717440304,5.760406017303467,3947518
2002-01-02,5.871117502051655,5.871117502051655,5.793954108620212,5.864407539367676,5303837
2002-01-03,5.867764164346414,6.25693553101531,5.861054670487478,6.233450889587402,14104459
2002-01-04,6.290484811023011,6.47500578044849,6.290484811023011,6.431391716003418,14525163
2002-01-07,6.558877754446038,6.57565242844948,6.324033260345459,6.324033260345459,7267660
2002-01-08,6.33409790301614,6.542103481661941,6.2502245338932205,6.538748264312744,9179373
2002-01-09,6.60920199465014,6.756818848169515,6.37435702182267,6.5421037673950195,10260867
2002-01-10,6.49178161569373,6.49178161569373,6.240161895751953,6.240161895751953,7135620
2002-01-11,6.173061979867853,6.337453523436959,6.166352957165568,6.220031261444092,6041172
2002-01-14,6.220031026374099,6.273709799597837,6.109318733215332,6.109318733215332,4193787
2002-01-15,6.156287956646502,6.273710222109665,6.0388656911833385,6.085834503173828,6579049
2002-01-16,5.921443882660167,5.938218560588481,5.804021137161965,5.824150562286377,9998700
2002-01-17,5.954991861966317,6.112673433734679,5.884538413770829,6.069059371948242,7762553
2002-01-18,5.9382164352075675,6.032154032815689,5.857697821580968,5.901311874389648,7827764
2002-01-22,6.042221044841939,6.089190332522663,5.901314123747615,5.9281535148620605,8587621
2002-01-23,5.938216450248972,6.12273737091097,5.938216450248972,6.065703392028809,4538681
2002-01-24,6.206609342705881,6.287127479775548,6.105962260085939,6.122736930847168,6620707
2002-01-25,5.954994204036334,6.139515705758992,5.954994204036334,6.126095771789551,8778689
2002-01-28,6.126094793208458,6.169708865181197,6.08583546870518,6.142869472503662,3009988
2002-01-29,6.055639847830049,6.169707356561215,5.938217592449729,5.971766471862793,5255408
2002-01-30,5.975122802542786,6.0220916192495855,5.736923029786855,5.9281535148620605,10015628
2002-01-31,5.938216076196443,5.95834549289924,5.656401887488687,5.6933064460754395,14361621
2002-02-01,5.636273390037166,5.797309691871292,5.619498716391054,5.710081577301025,37969004
2002-02-04,5.736923253994642,5.773827359347535,5.639629927556736,5.6463398933410645,9408567
2002-02-05,5.619499617537084,5.75034181037441,5.569175588528758,5.66982364654541,8435561
2002-02-06,5.753694786991689,5.817438725846118,5.686596573265478,5.790599346160889,7305491
2002-02-07,5.8375693766460195,5.840924123200557,5.572530269622803,5.572530269622803,5231855
2002-02-08,5.602723724307175,5.632918323543548,5.401428593942274,5.5758843421936035,11151439
2002-02-11,5.653047434056637,5.770469665527344,5.61949809050108,5.770469665527344,4858993
2002-02-12,5.7369197261376215,5.820792598456206,5.66982105150383,5.797307968139648,8019568
2002-02-13,5.867761851654283,5.954989947179554,5.827503020472584,5.921441078186035,6663395
2002-02-14,6.052285339209201,6.206611226721172,6.038865410137117,6.156287670135498,11861689
2002-02-15,6.048930328283383,6.089189645902352,5.854344646901754,5.9315080642700195,6674141
2002-02-19,5.720146811343026,5.787245035576263,5.57588471084266,5.585949420928955,5205506
2002-02-20,5.589304795654069,5.6194989267631446,5.317556202750949,5.616144180297852,9315682
2002-02-21,5.535626437163378,5.538981183877626,5.354460695117052,5.371235370635986,7034050
2002-02-22,5.367881586168672,5.475239161375169,5.334332697147122,5.42827033996582,6710059
2002-02-25,5.431623279984296,5.626208450187131,5.431623279984296,5.582594394683838,5469881
2002-02-26,5.508786383666248,5.518851565398776,5.367879962070645,5.448398590087891,4827786
2002-02-27,5.6362747390980426,5.6362747390980426,5.421559618593106,5.555756568908691,8054749
2002-02-28,5.582593869037845,5.602723286305935,5.441687477187489,5.451752185821533,5689654
2002-03-01,5.4517525113524075,5.871117908004994,5.4517525113524075,5.840923309326172,7147101
2002-03-04,6.035507924476371,6.414613919605652,5.971763996771394,6.411259174346924,12734744
2002-03-05,6.324033469124785,6.592427320092905,6.313968287611388,6.5421037673950195,10776957
2002-03-06,6.4750037035682535,6.70984862686622,6.391130348471222,6.582361221313477,6946023
2002-03-07,6.666234758106251,6.733332973038992,6.475003880051783,6.595781326293945,9141542
2002-03-08,6.6662343231446135,6.803785960914626,6.642749690414937,6.7433977127075195,8544049
2002-03-11,6.793724321394509,6.904437101727137,6.659527368698837,6.813854217529297,5927238
2002-03-12,6.625979450733617,6.636044165498269,6.518621865278625,6.6092047691345215,6191466
2002-03-13,6.525328256039096,6.575651802283561,6.337452113480557,6.350872039794922,6234007
2002-03-14,6.307258734511665,6.387776889035431,6.263644675272898,6.28041934967041,6462170
2002-03-15,6.270354852445619,6.451521073122492,6.169707737026024,6.407907009124756,6946023
2002-03-18,6.5924290853955965,6.6058490170244655,6.374358728731076,6.4548773765563965,4737698
2002-03-19,6.542104743741604,6.558878949828408,6.441456681377432,6.525330066680908,3008368
2002-03-20,6.528684905381897,6.5924283965233155,6.428036841604385,6.458231449127197,4364541
2002-03-21,6.441454621891613,6.6930742263793945,6.438099875941623,6.6930742263793945,4642164
2002-03-22,6.68972069941401,6.709850593120393,6.552169016109952,6.565588474273682,3318082
2002-03-25,6.632686563726034,6.686365333357198,6.505199132621659,6.518619060516357,3807528
2002-03-26,6.542103938134329,6.74339956710085,6.508554588144271,6.629331588745117,3940305
2002-03-27,6.592427369682381,6.6830107071675995,6.5588780203155475,6.6561713218688965,5280432
2002-03-28,6.844045042322063,7.041985392860853,6.82727037248336,6.9614667892456055,9659988
2002-04-01,6.877598235974565,6.948051229413445,6.827274198258557,6.911147594451904,5675817
2002-04-02,6.827270125905412,6.9111434720697025,6.719912619594057,6.726622581481934,5799172
2002-04-03,6.6930755421157615,6.753464277903101,6.555523395546054,6.629331588745117,5480627
2002-04-04,6.532038822820218,6.703140321120903,6.5219741119155605,6.652816295623779,4154925
2002-04-05,6.69978550630854,6.703140252918013,6.61255738472392,6.629331588745117,5495053
2002-04-08,6.4414565289071,6.589073400962768,6.407907175579829,6.568943977355957,5320766
2002-04-09,6.592426773698312,6.693074812699796,6.407905839836042,6.428035259246826,7244549
2002-04-10,6.424680386449563,6.632685952842975,6.159641780164888,6.290483474731445,10786820
2002-04-11,6.287129081576061,6.290484299167359,6.0724144656601755,6.169707298278809,8963280
2002-04-12,6.340809767291137,6.374358654022217,6.240161694176078,6.374358654022217,4524697
2002-04-15,6.424682117382862,6.475006149450586,6.374358085315138,6.4414567947387695,2716614
2002-04-16,6.709848806583308,6.776947021484375,6.609200777771106,6.776947021484375,7733260
2002-04-17,6.927921802716622,6.978245369458679,6.850758843387484,6.911147594451904,8404796
2002-04-18,6.8574647189140245,6.860819464371128,6.609199896851927,6.726622581481934,6575369
2002-04-19,6.837336848788943,6.854111522966709,6.582362460650229,6.585717678070068,7998518
2002-04-22,6.532039799415682,6.53539501753476,6.394488101855103,6.4884257316589355,5132200
2002-04-23,6.5085545674902825,6.589072724626611,6.45823054266489,6.498489856719971,3862729
2002-04-24,6.508555066492085,6.649461970027253,6.387777586040837,6.407907009124756,5963155
2002-04-25,6.3072596950130455,6.324034371965089,6.146223361442088,6.206611633300781,9919652
2002-04-26,6.30725996724785,6.334099357334789,5.954992677998093,6.022091388702393,10522297
2002-04-29,6.005315471715743,6.109318263454899,5.914732607737554,5.944926738739014,8117457
2002-04-30,5.8878931411442705,6.092543504343723,5.874473213570305,5.9382171630859375,6899066
2002-05-01,5.938217430582074,6.136157838911074,5.844279346254138,6.105963706970215,7828058
2002-05-02,5.9214442219571986,6.038866503209748,5.730213259396067,5.793956756591797,6676938
2002-05-03,5.79395658879119,5.814086014486037,5.508787526902525,5.518852710723877,14141996
2002-05-06,5.3846540079562,5.589304358739294,5.374589298373265,5.418203353881836,7094698
2002-05-07,5.552400912222125,5.616144870689224,5.401429767144085,5.596014976501465,9238695
2002-05-08,5.8040192559553585,6.156286436324817,5.8040192559553585,6.1529316902160645,11205021
2002-05-09,5.988540070752847,6.206609867126968,5.904667180833666,5.908021926879883,10359050
2002-05-10,6.03886591994036,6.062350562312161,5.787246231874739,5.991897106170654,6269483
2002-05-13,6.02209041445422,6.099253825085959,5.985186317926729,6.038865089416504,7211134
2002-05-14,6.256934564331691,6.367647318559648,6.196545832114061,6.324033260345459,10263663
2002-05-15,6.27035471237893,6.401196901449396,6.156287670135498,6.156287670135498,6616732
2002-05-16,6.14286821203727,6.206611226721172,6.07241476184347,6.156287670135498,4635982
2002-05-17,6.307258586342018,6.357582137378539,6.196545832114061,6.324033260345459,4659828
2002-05-20,6.206610523022569,6.206610523022569,6.075768819760647,6.1026082038879395,3544037
2002-05-21,6.112672924730869,6.119382888517851,5.9013125977444325,5.9382171630859375,5694659
2002-05-22,5.991895971197308,6.075768870682875,5.827504447681219,5.904667854309082,6722718
2002-05-23,5.938217546078248,5.941572292701205,5.767116048830711,5.857698917388916,5849663
2002-05-24,5.837567525489491,5.850987449399686,5.767114102395153,5.834212779998779,4835735
2002-05-28,5.971764145408583,5.971764145408583,5.753693923822415,5.797307968139648,3700660
2002-05-29,5.736921406339331,5.750340862612122,5.62285343766475,5.653048038482666,4709288
2002-05-30,5.6194982707962,5.736920977008021,5.5893041432117,5.602723598480225,7607697
2002-05-31,5.653048536206155,5.663113247040346,5.495366967531563,5.562465667724609,7071587
2002-06-03,5.518852195299712,5.538981619114605,5.190069565436303,5.20013427734375,10646830
2002-06-04,5.1330359391238645,5.149810144654198,4.898190939038818,5.136390686035156,16332951
2002-06-05,5.19006867217883,5.213553309903544,5.015612439878223,5.14980936050415,9978091
2002-06-06,4.965289099219229,4.992128487026525,4.77405863770744,4.834446907043457,17669252
2002-06-07,4.505663626090102,4.847865616797769,4.4788242450351134,4.814316272735596,14755681
2002-06-10,4.814316272735596,4.968643067032092,4.750572801601717,4.814316272735596,6056776
2002-06-11,4.881414543108818,4.925028592462405,4.696894108505611,4.747217178344727,5702902
2002-06-12,4.6968953403596805,4.898190498352051,4.629796640379669,4.898190498352051,9008471
2002-06-13,4.898189904220282,5.10955021835152,4.881415231259983,4.998837471008301,9914059
2002-06-14,4.914964181843568,4.99883706892494,4.747217465733349,4.93173885345459,6816486
2002-06-17,4.931740684587114,5.072647601658795,4.931740684587114,4.982064247131348,5339019
2002-06-18,4.982064718420122,5.099487474403648,4.891481826297711,4.9250311851501465,5375083
2002-06-19,4.88980188048096,4.915634789677821,4.627782709322617,4.64623498916626,5439116
2002-06-20,4.779090565163562,4.841827575555808,4.620402999220998,4.635164260864258,6759652
2002-06-21,4.760637782835902,4.782780143954573,4.54659385974994,4.5613555908203125,7610346
2002-06-24,4.649926426996778,4.686830997467041,4.4801671925342745,4.686830997467041,8231940
2002-06-25,4.871350582268286,4.911945225400796,4.690520198934055,4.793851375579834,6375589
2002-06-26,4.594569570819022,4.797542332709196,4.57611775845109,4.760638236999512,5648143
2002-06-27,4.9082550908120695,4.945159186521754,4.705282328921896,4.760638236999512,8585894
2002-06-28,4.797542095184326,4.871350753923271,4.712663197325584,4.797542095184326,4720101
2002-07-01,4.70528244391641,4.760638353346894,4.417429830982564,4.446953296661377,6513156
2002-07-02,4.373145178245584,4.373145178245584,3.9930325118304872,4.1000542640686035,15476021
2002-07-03,4.151718919539518,4.550284229702936,4.1369571890548995,4.483856678009033,9907100
2002-07-05,4.779089743372369,5.125988751814272,4.779089743372369,5.037418842315674,8912014
2002-07-08,5.037420636903918,5.063253556001262,4.889803754501702,4.982064247131348,4624018
2002-07-09,4.9451603515388065,4.98206445594263,4.760639358545759,4.76432991027832,4465040
2002-07-10,4.790160898524066,4.812303258041271,4.62040218092717,4.6905198097229,5697656
2002-07-11,4.613021735698486,5.022657799822504,4.576117640936498,4.989444255828857,7671101
2002-07-12,4.98944643484449,5.203490937305923,4.904566555946331,4.963613510131836,7307512
2002-07-15,4.889803123933467,5.052181720733643,4.852899025835386,5.052181720733643,3668141
2002-07-16,4.911944904234592,5.148131646485945,4.908254353925547,4.996824264526367,7544239
2002-07-17,5.166584743622444,5.207179394217075,4.889803291917527,4.908255577087402,7544641
2002-07-18,4.83444693055875,4.856589767063529,4.4506437301449315,4.539214134216309,8625104
2002-07-19,4.299336427165531,4.6831400669906085,4.133267286419023,4.151719570159912,9025092
2002-07-22,4.151718250010949,4.251359325996265,4.026243796613263,4.133265972137451,6952353
2002-07-23,4.133268331825377,4.262433408732998,3.893391172878991,3.9524383544921875,10309095
2002-07-24,3.690417291842101,4.188623251816626,3.690417291842101,4.111124515533447,13005971
2002-07-25,3.3287563805368436,3.524348266540689,3.081498668892945,3.3508987426757812,39002925
2002-07-26,3.266019344329834,3.3398275314422166,3.1368543104224735,3.266019344329834,15465450
2002-07-29,3.395185115062096,3.4173274848779496,3.277091691087608,3.37673282623291,12247211
2002-07-30,3.38042278624181,3.4985159540498167,3.3472092373341122,3.3582804203033447,8550700
2002-07-31,3.266018867026376,3.391492860975129,3.2401859582149433,3.3656599521636963,10530701
2002-08-01,3.2660197453886513,3.33982794156449,3.2475674608577654,3.269709825515747,5663265
2002-08-02,3.2364956116029795,3.2475667916505966,3.029832563604325,3.081498384475708,6787487
2002-08-05,2.8490014876539176,2.8785249460266695,2.6017438189598416,2.6201956272125244,10474229
2002-08-06,2.8969781812570625,3.0409044996028265,2.8822164471993084,3.0298333168029785,10538061
2002-08-07,3.11102161768057,3.192210911825825,2.952333815785529,3.1184027194976807,8838814
2002-08-08,3.099950326404192,3.2660194597358583,3.0261423721706744,3.2475671768188477,7239932
2002-08-09,3.2438760373496303,3.413635690651875,3.1184020434008772,3.3656599521636963,5143106
2002-08-12,3.3213761047581305,3.376732016015598,3.221734522546993,3.258638620376587,3798884
2002-08-13,3.2217350415113786,3.3767325599473352,3.2069733058069176,3.2807819843292236,6622754
2002-08-14,3.258637692913614,3.4357779714419574,3.188520068286192,3.4320874214172363,11278622
2002-08-15,3.4689928684733506,3.572325019866857,3.3804231594540988,3.546492099761963,6753497
2002-08-16,3.4689921241038197,3.690417644317205,3.454230391358005,3.6719653606414795,7072657
2002-08-19,3.653512651502486,3.7605348482161896,3.5833950178425784,3.6941072940826416,5434165
2002-08-20,3.6350606518809556,3.6350606518809556,3.417325954765216,3.4431588649749756,7993607
2002-08-21,3.468991642834441,3.535419195487887,3.4136359769215887,3.4874439239501953,4830502
2002-08-22,3.516968387582362,3.516968387582362,3.376732376963251,3.3878040313720703,5818763
2002-08-23,3.3878037678636037,3.3878037678636037,3.1368547649797276,3.2291152477264404,9340773
2002-08-26,3.302923437886025,3.302923437886025,3.21066296850865,3.266019344329834,3674030
2002-08-27,3.2291157701510342,3.2291157701510342,3.0814995861401333,3.129474639892578,4888982
2002-08-28,3.0445942878723145,3.063046571418171,3.003999640850491,3.0445942878723145,8586162
2002-08-29,3.015070833216251,3.1368540492269164,3.0113802828757934,3.081498384475708,5822243
2002-08-30,3.044594868840059,3.114712759038662,3.0150718688964844,3.0150718688964844,2561450
2002-09-03,2.841621323604315,2.878525417123081,2.80840730975577,2.845311403274536,5587790
2002-09-04,2.8969779936833406,2.970786188219302,2.8231693281735377,2.941262722015381,5431622
2002-09-05,2.8416220506304493,2.8563837860094896,2.7715039253234863,2.7715039253234863,3825514
2002-09-06,2.9080488094299577,2.9117388890102154,2.823168972529735,2.849001884460449,3885867
2002-09-09,2.8748350155147264,2.9338819449848668,2.8453115507796567,2.9117391109466553,3339346
2002-09-10,3.0076909054172605,3.1331651916722065,2.970786800542793,3.129474639892578,6098581
2002-09-11,3.129474392972483,3.1774496784265773,3.007690668106079,3.007690668106079,3504613
2002-09-12,2.9191199901182947,2.9265006202525927,2.8416212543261516,2.849001884460449,3928288
2002-09-13,2.7862651348114014,2.8563832468839836,2.77519395311022,2.7862651348114014,3841037
2002-09-16,2.767813067343848,2.7973365348337396,2.6718627399494244,2.701385736465454,4226439
2002-09-17,2.8416204671460377,2.85638219429915,2.62757636537321,2.664480447769165,9532002
2002-09-18,2.583291539733443,2.657100185665322,2.5500780022943843,2.6201956272125244,5690162
2002-09-19,2.568530635442433,2.6201964687006094,2.5463882700386056,2.56484055519104,4732011
2002-09-20,2.564840557615215,2.568530637870096,2.4430566058313232,2.454127788543701,6390175
2002-09-23,2.4172234467192295,2.4172234467192295,2.343415019903855,2.3803188800811768,8730822
2002-09-24,2.3803186323951846,2.5094836602403556,2.3618670574568825,2.443056106567383,6802475
2002-09-25,2.454127580099584,2.568530419709043,2.3618673395211074,2.5390074253082275,11116699
2002-09-26,2.601744098874935,2.6349576398873547,2.4246038005540624,2.4319849014282227,13811701
2002-09-27,2.398771581563769,2.431985603133255,2.3360347963875725,2.3471059799194336,9500555
2002-09-30,2.29174966005196,2.3434154987335205,2.2474649245957177,2.3434154987335205,10646188
2002-10-01,2.343415235807548,2.4282948520449446,2.288058851724191,2.4061524868011475,7623862
2002-10-02,2.3065108317872003,2.3581766578409558,2.2622256361809234,2.2991302013397217,13761251
2002-10-03,2.2216307807453153,2.2216307807453153,2.1219896887912526,2.1736555099487305,7113606
2002-10-04,2.184727243235977,2.2031795287388505,2.1146095944675847,2.133061408996582,4819663
2002-10-07,2.0371102398216765,2.0555625241260502,1.9743733444884195,1.9928257465362549,10397818
2002-10-08,2.059253313047384,2.0666339450373674,1.9633023890776693,2.0297298431396484,13550618
2002-10-09,1.9928255019714183,2.085085734736253,1.9669924719564387,1.9743731021881104,17430463
2002-10-10,1.9743733388322655,2.1588941797085486,1.9596116056258248,2.1035377979278564,9267975
2002-10-11,2.140442532078666,2.262226016252339,2.1035379607196156,2.2179412841796875,12341956
2002-10-14,2.162585008726622,2.2843689701031664,2.1515138251421915,2.2363932132720947,4234869
2002-10-15,2.5648401624610058,2.845311415722835,2.5574590611406838,2.6718623638153076,16384392
2002-10-16,2.509483885328296,2.583292075596809,2.4947221530798305,2.5426974296569824,11511468
2002-10-17,2.767812847094201,2.771503397980226,2.668171976449032,2.712456703186035,10244326
2002-10-18,2.730908751155424,2.7493610346117245,2.664481425563007,2.712456703186035,6386428
2002-10-21,2.6571001323218373,2.7751932569814524,2.6017437667276817,2.7604315280914307,8315310
2002-10-22,2.49841298800569,2.6201964687006094,2.4910318855551687,2.56484055519104,9655652
2002-10-23,2.620196169194854,2.8674543600075078,2.6165060893652616,2.8637638092041016,10162027
2002-10-24,2.8895971370728817,2.9080494227610343,2.7715037332007957,2.8305506706237793,9289788
2002-10-25,2.841622187054139,2.9855485251921614,2.8305510027318195,2.9597156047821045,6843290
2002-10-28,3.0261424033833983,3.0445942155169177,2.956024292744106,2.9744765758514404,7482281
2002-10-29,2.952334154854391,2.9670958892101367,2.7899560188889483,2.8305506706237793,4765064
2002-10-30,2.849002384677604,2.952334050543048,2.797336551744882,2.933882236480713,5882596
2002-10-31,2.9597146373776297,2.992928179488497,2.8600730690974627,2.8859059810638428,4065052
2002-11-01,2.823168744572368,2.9892378544094877,2.7825741046770993,2.9855473041534424,6671197
2002-11-04,3.0814986410619807,3.3582798137072087,3.026142265240797,3.266019344329834,15701107
2002-11-05,3.136854602311101,3.1626875173016025,3.0593560928265155,3.1147122383117676,10464996
2002-11-06,3.2660196340795147,3.46899216664557,3.2660196340795147,3.435778856277466,16713321
2002-11-07,3.3250657998249813,3.347208632737731,3.2623287936820766,3.266019344329834,9337294
2002-11-08,3.229114551768936,3.291852024455292,3.1737586508306226,3.2032816410064697,5547376
2002-11-11,3.033523000182877,3.033523000182877,2.878525519317033,2.889596700668335,6435540
2002-11-12,2.9523336984122794,3.0704270840266754,2.9412625171005877,3.0261423587799072,4933276
2002-11-13,2.989238869201583,2.989238869201583,2.8490026216016444,2.8969783782958984,7271246
2002-11-14,3.026143756092073,3.107332849011458,2.915430949906253,3.09995174407959,9378377
2002-11-15,3.0999507394505774,3.170068858709387,2.967095838959703,3.1516165733337402,8803887
2002-11-18,3.192210938539319,3.2180438531677305,3.0925700664520264,3.0925700664520264,10527222
2002-11-19,3.0335232243624484,3.05935613974916,2.9375721939372994,2.952333927154541,10154935
2002-11-20,2.937573198036553,3.0778094760479404,2.937573198036553,3.0704283714294434,10553718
2002-11-21,3.2401865462363295,3.36566056295581,3.206972531180472,3.2475671768188477,24130298
2002-11-22,3.358280566101556,3.402565299901088,3.284471891479171,3.313995361328125,16084635
2002-11-25,3.317685576906509,3.4025649554113384,3.2475674608577654,3.269709825515747,16521022
2002-11-26,3.2106642907469936,3.2844725082555954,3.1184037833742475,3.1368556022644043,11955751
2002-11-27,3.199591295347447,3.369350476370981,3.199591295347447,3.354588747024536,12530642
2002-11-29,3.4505400603358445,3.5022056466871154,3.3619696763500717,3.4136359691619873,7278071
2002-12-02,3.5428003667291135,3.579704458720246,3.4320878552688288,3.4837534427642822,11634851
2002-12-03,3.4505418328708966,3.4616127833259163,3.3435195838080047,3.3730430603027344,9781309
2002-12-04,3.2291155032558567,3.3213764642773134,3.1663784830572537,3.313995361328125,13286458
2002-12-05,3.4136370460260146,3.4136370460260146,3.184830855011007,3.1995925903320312,7593351
2002-12-06,3.155306704181414,3.280781191874705,3.1184026093212025,3.2475671768188477,3953713
2002-12-09,3.247567291558847,3.247567291558847,3.1073315377458415,3.1184027194976807,5634359
2002-12-10,3.118402013041673,3.2069719179652103,3.0925693399685965,3.155306100845337,6232803
2002-12-11,3.1368558558168544,3.1516175947065657,3.0445955764736925,3.09995174407959,5480065
2002-12-12,3.0814996173003992,3.0814996173003992,2.9523345424727325,2.981858015060425,7773339
2002-12-13,2.952333930124271,2.956024481175755,2.8194788020093022,2.8416216373443604,9922757
2002-12-16,2.9154293094554666,2.9301910400390625,2.863763487899763,2.9301910400390625,6664372
2002-12-17,2.9301919506794025,2.9707866046567912,2.8637643778958486,2.871145009994507,4704176
2002-12-18,2.871144504112308,2.871144504112308,2.6903143398175335,2.712456703186035,12773258
2002-12-19,2.6607911830979805,2.7530514336391114,2.6571011027580504,2.7087669372558594,5796817
2002-12-20,2.7124565400612983,2.8157884263520288,2.7124565400612983,2.7456703186035156,4821135
2002-12-23,2.7161470220865453,2.7604319805280926,2.705075841347882,2.7493607997894287,3328372
2002-12-24,2.730909019617777,2.745670753639207,2.7124569698344576,2.7235286235809326,754477
2002-12-26,2.7493605300206223,2.786264619186379,2.7161467555766934,2.7382888793945312,1617617
2002-12-27,2.719837561917634,2.7419796878206375,2.6718622885816012,2.6755523681640625,3161097
2002-12-30,2.6201954457117553,2.6386477236599664,2.5685296326251854,2.5796008110046387,4800661
2002-12-31,2.6091257614531993,2.653410971304706,2.579602288218862,2.601745128631592,3080270
2003-01-02,2.6386490020140405,2.7013860238744534,2.5980543476399114,2.68662428855896,6774506
2003-01-03,2.6903141100384023,2.771503161266756,2.6903141100384023,2.7493607997894287,5766574
2003-01-06,2.760432920473222,2.8600740520234242,2.745671184137276,2.8231699466705322,7918400
2003-01-07,2.852692960165826,2.8822164280855462,2.804717207052814,2.834240674972534,7438789
2003-01-08,2.804716943032979,2.808407493919004,2.705076072387809,2.712456703186035,5619907
2003-01-09,2.7604322216913544,2.8600733280181885,2.756741670798116,2.8600733280181885,5988180
2003-01-10,2.8637639988249353,2.9966191268062663,2.789955803712571,2.952333927154541,12429073
2003-01-13,3.1110229488517547,3.1257846878285283,3.029834326427556,3.0630478858947754,8989496
2003-01-14,3.0814982327292673,3.0851880764273885,3.007689584423556,3.0519747734069824,6153849
2003-01-15,3.06304650807265,3.173759029623626,2.9966189480446825,3.1589972972869873,8745140
2003-01-16,3.092569668991275,3.162687066499145,2.9744762928712043,2.9892380237579346,7566587
2003-01-17,2.9154301544367627,2.9154301544367627,2.789956114570607,2.801027297973633,8409386
2003-01-21,2.834240412507796,2.9006679736887095,2.7788840330280635,2.7862651348114014,4390904
2003-01-22,2.7493613868099396,2.852693057065022,2.7235287047331114,2.8047173023223877,4535697
2003-01-23,2.9707859812476385,3.0298329095417404,2.933881886550729,3.0261423587799072,8294301
2003-01-24,3.0261420414136317,3.0261420414136317,2.8342400155573095,2.8563828468322754,3681256
2003-01-27,2.789955157095441,2.860072784909142,2.7567411473110686,2.764122247695923,7480809
2003-01-28,2.657101033512113,2.9523340630366888,2.5980540979254916,2.638648748397827,15055425
2003-01-29,2.6017447674414114,2.6681723375098114,2.54638838055543,2.6571011543273926,10043061
2003-01-30,2.686623525783418,2.686623525783418,2.513173773788929,2.52793550491333,5942681
2003-01-31,2.4725799560546875,2.516864684796889,2.435675387471059,2.4725799560546875,7499677
2003-02-03,2.476269943643653,2.575911521539618,2.476269943643653,2.5390074253082275,4204492
2003-02-04,2.5426973576273135,2.5426973576273135,2.4836509012799373,2.509483814239502,3803969
2003-02-05,2.5648407606905566,2.649720148855159,2.5353172904707364,2.627577781677246,8189787
2003-02-06,2.49103254886996,2.5500795003017416,2.4725807297780227,2.5057942867279053,6627304
2003-02-07,2.5057929176128786,2.5279352768146595,2.4430559192253436,2.465198278427124,4853252
2003-02-10,2.4356751169193025,2.4541273991614605,2.3581766147419643,2.387699842453003,5088775
2003-02-11,2.387699842453003,2.4209133853203353,2.3766286614972256,2.387699842453003,8853267
2003-02-12,2.391391059990582,2.443056899508279,2.3766293242749645,2.4024622440338135,4328008
2003-02-13,2.3803182848141393,2.3987705635186427,2.3471049838013283,2.3618667125701904,5423861
2003-02-14,2.387699765692188,2.557458967162132,2.387699765692188,2.52793550491333,8277305
2003-02-18,2.5463885903153054,2.6423396374234236,2.5463885903153054,2.6091256141662598,8318923
2003-02-19,2.598054606862916,2.6128163436512732,2.5537693964978425,2.5759122371673584,3594674
2003-02-20,2.6940054124518977,2.749361567080897,2.6866243092503486,2.734600067138672,10634679
2003-02-21,2.730908374631284,2.7825741960169097,2.664481058197537,2.7567412853240967,5122498
2003-02-24,2.7678124566368205,2.815788198465699,2.6829333305358887,2.6829333305358887,5506963
2003-02-25,2.5832924814881215,2.6718628888952467,2.5685307469202674,2.6571011543273926,5296196
2003-02-26,2.6460290692957127,2.6866237150034693,2.58698261161322,2.6054348945617676,2519564
2003-02-27,2.6091242673323025,2.6460283522550405,2.5574584542457326,2.5796008110046387,5437109
2003-02-28,2.594363265766837,2.6423390134791878,2.579601533468715,2.6165060997009277,2967995
2003-03-03,2.6866234099275275,2.7272178155387343,2.660790499317269,2.6829333305358887,6173253
2003-03-04,2.6201969765584727,2.6386492652874094,2.56484105231958,2.5759122371673584,4899420
2003-03-05,2.564840166211393,2.5685302459031543,2.4799603267463515,2.498412609100342,6532827
2003-03-06,2.498412352092083,2.524245262145996,2.4356748811265114,2.524245262145996,6312693
2003-03-07,2.4947221314914123,2.590673154789205,2.4688892180236,2.568530321121216,5760819
2003-03-10,2.54638891586324,2.575912391205442,2.5279366260308667,2.5316271781921387,3669881
2003-03-11,2.5463878448542503,2.6128154009478273,2.5463878448542503,2.586982488632202,3405185
2003-03-12,2.609125136713026,2.66448151802915,2.609125136713026,2.646029233932495,5703946
2003-03-13,2.7124564591856886,2.849001884460449,2.701385278497351,2.849001884460449,10761942
2003-03-14,2.849002268473483,2.9191203835824515,2.8379310862928766,2.8416216373443604,6179944
2003-03-17,2.730909298501764,2.919120837778063,2.7235289017112234,2.9043591022491455,8454751
2003-03-18,2.9892386658876227,3.0409044996028265,2.933882280914512,3.0298333168029785,11964717
2003-03-19,3.037214089173373,3.040904640602402,2.9597153350071332,3.0224523544311523,6167231
2003-03-20,3.0224515063501203,3.099950003283819,3.007689775749949,3.0667366981506348,8216953
2003-03-21,3.111020861471861,3.1405443196162603,3.070426459753596,3.1331636905670166,8681843
2003-03-24,2.952334050543048,3.0261427197139827,2.933882236480713,2.933882236480713,5893569
2003-03-25,2.915429204157298,3.01876084353662,2.915429204157298,2.9855473041534424,7968181
2003-03-26,2.7862646832066664,2.874834593434311,2.7862646832066664,2.7973358631134033,16098285
2003-03-27,2.7715041049816946,2.8416222348339506,2.738290080482331,2.8231699466705322,6359396
2003-03-28,2.793646615323814,2.8416223785861243,2.7050768992884864,2.730909585952759,8037098
2003-03-31,2.583291711851905,2.583291711851905,2.5057929816901665,2.524245262145996,13036616
2003-04-01,2.5648397130998983,2.583291521220347,2.535316254938726,2.5463874340057373,6138460
2003-04-02,2.7124559275709292,2.7641219767932097,2.5094832224599126,2.7530503273010254,10754315
2003-04-03,2.767812967300415,2.896978015156515,2.701385638823057,2.767812967300415,6561197
2003-04-04,2.8084069661101054,2.8084069661101054,2.7493605178999503,2.764122247695923,4622412
2003-04-07,2.878525611510555,2.937572070933243,2.841621515499647,2.8600733280181885,11147478
2003-04-08,2.8194791351138933,2.867454891529697,2.789956136135592,2.812098503112793,6419883
2003-04-09,2.749360636544414,2.826859368087308,2.7419795358410397,2.78257417678833,4277424
2003-04-10,2.7530503273010254,2.7973355123486945,2.7124559275709292,2.7530503273010254,5368860
2003-04-11,2.7862654044546717,2.8194789527724864,2.7235286235809326,2.7235286235809326,2922898
2003-04-14,2.741979868525747,2.7899556159973145,2.70138545814001,2.7899556159973145,3989176
2003-04-15,2.7862648367283316,2.81209774825868,2.716146967644084,2.72721791267395,7717938
2003-04-16,2.841621323604315,2.871144315835052,2.7973361287975194,2.845311403274536,11480422
2003-04-17,2.8342401571310827,2.9301911748521148,2.815788346282973,2.8859059810638428,8085809
2003-04-21,2.952334213899017,2.9560247653052327,2.8969782976752416,2.937572479248047,5418775
2003-04-22,2.937571869741785,3.02983280991093,2.860073132134544,3.018761157989502,14139694
2003-04-23,3.0224519243963477,3.0445942878723145,2.9597149138985577,3.0445942878723145,6224506
2003-04-24,2.9154292979600798,2.9228103987096548,2.845311195707913,2.8563828468322754,8249739
2003-04-25,2.767812402712939,2.8157881436071306,2.6976950084658964,2.7973358631134033,8574252
2003-04-28,2.7678142019625653,2.8711459095624132,2.7382907223700217,2.8379323482513428,9172294
2003-04-29,2.9707850984465463,3.177448108629222,2.9707850984465463,3.173758029937744,26193134
2003-04-30,2.6607903571452636,3.103640364222585,2.6607903571452636,3.088878870010376,23862792
2003-05-01,3.092569382302999,3.162686773310826,3.0593553731434286,3.1405444145202637,10441042
2003-05-02,3.1516164290500934,3.3029238434765706,3.129474064392112,3.269709825515747,11817515
2003-05-05,3.269709229781333,3.3066137921191676,3.1774487658842787,3.2512574195861816,6334907
2003-05-06,3.2512591744302153,3.2512591744302153,3.151617555895232,3.2106645107269287,11487247
2003-05-07,3.155307124603644,3.1885211440850334,3.11471247355632,3.1516165733337402,7076137
2003-05-08,3.0814987604870687,3.151616164182234,3.0224518317297333,3.0372135639190674,7952524
2003-05-09,3.155306959265102,3.2475674393611262,3.103641128089236,3.2217345237731934,11476809
2003-05-12,3.1663781170688257,3.2881620628888393,3.1553069348986145,3.2844715118408203,8373254
2003-05-13,3.2844707784292795,3.3176847884971785,3.2106625997930984,3.3103036880493164,9598377
2003-05-14,3.3066143748159904,3.347209023762249,3.2180439747656906,3.3324472904205322,13936555
2003-05-15,3.3103053599842505,3.3951852321624756,3.302924726782394,3.3951852321624756,10181832
2003-05-16,3.395184155474039,3.395184155474039,3.2660195830976795,3.3029236793518066,6259701
2003-05-19,3.1922120008828494,3.2328066618047764,3.122094335541874,3.1368556022644043,7477195
2003-05-20,3.16637760870292,3.181139339551135,3.088879110467,3.1257829666137695,7852561
2003-05-21,3.0630467872182554,3.125783566649111,3.0630467872182554,3.1073317527770996,7242475
2003-05-22,3.1368546748563575,3.2328057060289006,3.118402861421462,3.2217345237731934,7810140
2003-05-23,3.2475673694394693,3.251257920436528,3.1626875223501365,3.188520908355713,5463337
2003-05-27,3.2069719491866864,3.3841122317320305,3.192210219726764,3.3656599521636963,9041953
2003-05-28,3.339827641195142,3.524348350526688,3.339827641195142,3.4948248863220215,12564498
2003-05-29,3.5132764999299453,3.627679313212542,3.502205320705658,3.5797040462493896,10365434
2003-05-30,3.671964967372864,3.7568448038271818,3.623989694317507,3.7420830726623535,19148713
2003-06-02,3.8564868426668037,3.911843233696016,3.7568459510803223,3.7568459510803223,14051774
2003-06-03,3.457921004143255,3.646132511301831,3.457921004143255,3.520658016204834,17480110
2003-06-04,3.5428006115167334,3.7605350989902875,3.5317294302518145,3.7310121059417725,13585278
2003-06-05,3.7310123903496892,3.911842561579679,3.690417741967997,3.900771379470825,12547503
2003-06-06,4.022554576277639,4.1406479553389595,3.915532613400555,3.9266037940979004,17860159
2003-06-09,3.893391162712814,3.893391162712814,3.749465056110374,3.7826790809631348,11761444
2003-06-10,3.8454148534916475,3.8638671369624333,3.7273216992974745,3.834343671798706,6271878
2003-06-11,3.6904171312589176,3.7752964940297544,3.6387513093182955,3.7605347633361816,12232357
2003-06-12,3.8749384598090217,3.893390272978133,3.8122016827680483,3.82696270942688,8607440
2003-06-13,3.830653042875794,3.830653042875794,3.6830364265249815,3.690417528152466,6208447
2003-06-16,3.6793468624246315,3.7716073488837702,3.653513474081147,3.749464511871338,6366623
2003-06-17,3.749463768570244,3.92291328859733,3.727321406921238,3.911842107772827,8663510
2003-06-18,3.819583079731754,3.9671999695535303,3.7826789750197936,3.933985710144043,9066844
2003-06-19,3.93398507072922,4.011483583833238,3.8749386069820564,3.930294990539551,6816793
2003-06-20,3.9487470915286464,3.963509061769196,3.8638677054127957,3.878628969192505,5172413
2003-06-23,3.841724985120856,3.8564867203252793,3.712560626286493,3.738393545150757,7463278
2003-06-24,3.7125601077726436,3.7568453072008308,3.6719654593735993,3.6793465614318848,6363679
2003-06-25,3.7014899962952237,3.7826793165768886,3.6904188109793563,3.6977994441986084,6365285
2003-06-26,3.686728258882741,3.7420846564360564,3.6719665214702584,3.6977994441986084,7810943
2003-06-27,3.6977979651842308,3.716250247312939,3.6535127706596056,3.6756556034088135,5124907
2003-06-30,3.745775248454586,3.760536515050413,3.7088706690430664,3.7199418544769287,5367121
2003-07-01,3.719940298878728,3.83803391456604,3.719940298878728,3.83803391456604,6211124
2003-07-02,3.93767545429352,4.041006879196427,3.900771357150559,4.037316799163818,11385009
2003-07-03,4.015174040674285,4.03731687616143,3.970889782621541,3.99672269821167,5881124
2003-07-07,4.352331041001972,4.4121155195125255,4.336388576195671,4.404144287109375,18337932
2003-07-08,4.264645394580691,4.292544935968109,4.157033079646529,4.172975540161133,25415897
2003-07-09,4.2168203442399665,4.260662370379367,4.157035377798435,4.232762813568115,39266149
2003-07-10,4.065363810492613,4.073335042820955,3.9856510162353516,3.9856510162353516,24926215
2003-07-11,4.049421649712416,4.08130658141849,4.021522098982661,4.02949333190918,7818808
2003-07-14,4.176962585792841,4.256675862107108,4.137106418609619,4.137106418609619,13606030
2003-07-15,4.145076585545035,4.153047816930734,4.045435486763119,4.1211628913879395,11370492
2003-07-16,4.184932485228356,4.184932485228356,4.077320161675603,4.153047561645508,9288846
2003-07-17,3.9856500697631176,4.017535462478506,3.913908524870661,3.9537646770477295,8975608
2003-07-18,3.981665497187454,3.9856513491715,3.878038761801922,3.929852247238159,8649112
2003-07-21,3.905938522273433,3.917895136198268,3.7823832342503794,3.822239398956299,12761972
2003-07-22,3.925865022702518,3.937822103500366,3.8501378647592057,3.937822103500366,8593230
2003-07-23,3.9657214776475294,4.037463017464898,3.929850707738845,4.013549327850342,7295051
2003-07-24,4.184933586948356,4.184933586948356,3.9059385482555347,3.929852247238159,17728307
2003-07-25,3.9059380441688214,3.9298517400652275,3.826224782566486,3.925865888595581,7486612
2003-07-28,3.925864456393879,4.025505997046388,3.690711550790724,3.957749843597412,9321682
2003-07-29,3.587085006908108,3.9258653831535435,3.587085006908108,3.854124069213867,8486050
2003-07-30,3.8262247037131885,3.8262247037131885,3.758468762429238,3.7783966064453125,9137679
2003-07-31,3.925866067312022,4.025507648850905,3.774411475638918,3.9856510162353516,15780482
2003-08-01,4.025506496429443,4.029491875965758,3.981664024714014,4.025506496429443,7183411
2003-08-04,4.04144999337832,4.061378309093741,3.9736938141406535,4.037464141845703,7798487
2003-08-05,3.9418075707212568,4.00956420642367,3.9298509606314007,3.9497792720794678,9790300
2003-08-06,3.9497802352708917,3.9856510162353516,3.90593822197809,3.9856510162353516,8345663
2003-08-07,3.9816651645842582,3.989636867886445,3.9457943836197984,3.9856510162353516,8988619
2003-08-08,3.977678681592361,3.981664532610816,3.7146261726136416,3.76245379447937,12824917
2003-08-11,3.786367478470917,3.8222382514238733,3.7704247818880083,3.794339179992676,6352611
2003-08-12,3.8262243147319577,3.866080705172951,3.7783962223263767,3.858109474182129,6619632
2003-08-13,3.925865627769018,4.029492578382995,3.9099231648972657,3.9896364212036133,8333892
2003-08-14,4.00557929751539,4.105220878182934,3.977679278149405,4.049421310424805,8762983
2003-08-15,4.1650056087028915,4.1650056087028915,4.025507858265366,4.085292339324951,5087764
2003-08-18,4.065363411323124,4.272617315405561,4.065363411323124,4.268631935119629,10127948
2003-08-19,4.268632898678089,4.348346174075995,4.25269043198807,4.34037446975708,11548794
2003-08-20,4.304504318395952,4.364289283752441,4.2447193530394625,4.364289283752441,7049219
2003-08-21,4.404143860880247,4.58349822100185,4.396172629248545,4.547626972198486,11941209
2003-08-22,4.687124835330768,4.770823467873794,4.563570047510423,4.5675554275512695,17250520
2003-08-25,4.5675554026020855,4.63929695268316,4.487842150535322,4.563570022583008,6080634
2003-08-26,4.571541278565887,4.579512509621351,4.455957250827235,4.5675554275512695,10082474
2003-08-27,4.567555901454012,4.742924415790735,4.55161296671517,4.703068256378174,10115309
2003-08-28,4.750894870306153,4.762851951660348,4.631325469685426,4.663210391998291,6703269
2003-08-29,4.703068673167281,4.726982370934065,4.68314035620803,4.695096969604492,4077051
2003-09-02,4.695096925862232,4.826623439788818,4.695096925862232,4.826623439788818,6775384
2003-09-03,4.822637557574311,4.822637557574311,4.683139825637637,4.687125205993652,5746456
2003-09-04,4.691109558012961,4.786764778644759,4.679152478818865,4.742922782897949,7172879
2003-09-05,4.78278050585963,5.001991498832642,4.770823893696126,4.898364543914795,8757903
2003-09-08,5.041847522356611,5.153445695621666,4.982062584833008,5.149460315704346,6580725
2003-09-09,5.113591212198369,5.117577064758735,4.92626603231414,4.974093437194824,9345100
2003-09-10,4.408129322684559,4.890392797067471,4.408129322684559,4.691110610961914,11042880
2003-09-11,4.683139118598364,4.9023491342980705,4.6711815664141945,4.854521751403809,8915265
2003-09-12,4.794738347223277,4.8385803600549275,4.715025082830633,4.802709579467773,6267363
2003-09-15,4.6632121784605625,4.675169735369403,4.487843625635426,4.503786563873291,21677114
2003-09-16,4.563569774283717,4.711038717415072,4.495813136934525,4.663210391998291,18842978
2003-09-17,4.663211236167701,4.715024950766425,4.62734045658526,4.647268772125244,6478501
2003-09-18,4.64726846114567,4.703068023508004,4.5356702783685945,4.671182155609131,8324475
2003-09-19,4.671182246531352,4.671182246531352,4.563570383864269,4.615383625030518,6770675
2003-09-22,4.523713170810687,4.527699022019609,4.440014534187462,4.463928699493408,5682520
2003-09-23,4.495812447717141,4.543640294828071,4.48385583916966,4.49979829788208,4681967
2003-09-24,4.499801212530253,4.531686150607868,4.348346814713634,4.364289283752441,6491388
2003-09-25,4.38421441462213,4.42805641276651,4.28855871778559,4.320444107055664,5599006
2003-09-26,4.320445561893182,4.392187123191513,4.2885601618862355,4.3244309425354,5563445
2003-09-29,4.392187625101316,4.424073028751914,4.308488970364129,4.396173477172852,6533764
2003-09-30,4.089277419887786,4.344359674774081,4.089277419887786,4.316459655761719,9584489
2003-10-01,4.328416735933432,4.42407198231179,4.3244304138309,4.384215354919434,6996682
2003-10-02,4.46392963535908,4.535671204369998,4.44400084611018,4.5316853523254395,7972949
2003-10-03,4.982063248506247,4.982063248506247,4.683139933989167,4.770823955535889,11973921
2003-10-06,4.8186518424764735,4.8186518424764735,4.758866896681753,4.77480936050415,4891495
2003-10-07,4.483857149596472,4.7229959840668245,4.483857149596472,4.687125205993652,6220278
2003-10-08,4.4838567950082435,4.607412053802359,4.4838567950082435,4.5675554275512695,8941286
2003-10-09,4.623355655744893,4.667197672845541,4.495814514492457,4.523714065551758,9095055
2003-10-10,4.543642495289786,4.719011509951364,4.53965664319452,4.679154872894287,8193876
2003-10-13,4.703066522519204,4.862492043342373,4.683138214672897,4.726980209350586,6217924
2003-10-14,4.623354040006274,4.6632101911809825,4.56755495738796,4.635310649871826,6003068
2003-10-15,4.7150252459137665,4.742924795221413,4.539656246573828,4.5516133308410645,8396960
2003-10-16,4.575526855693794,4.655239640655766,4.563570244082461,4.595455169677734,8647749
2003-10-17,4.563570987171117,4.579513452564672,4.412115682036863,4.42805814743042,7882001
2003-10-20,4.463928141097827,4.50777014404278,4.416100287442544,4.451971530914307,8919478
2003-10-21,4.424072235176146,4.428057615558902,4.352330678548438,4.42008638381958,10945985
2003-10-22,4.336388109718464,4.340373490004396,4.220804074871851,4.268631935119629,8332529
2003-10-23,4.192903940061679,4.288559657866593,4.161019014775898,4.184932708740234,8298950
2003-10-24,4.17696288179571,4.18493411579724,4.121164243784996,4.180948734283447,7851520
2003-10-27,4.216819373849179,4.288560469316509,4.153048569263802,4.161019802093506,10153349
2003-10-28,4.440015051374719,4.6273406605384855,4.436029199701513,4.607412815093994,17848497
2003-10-29,4.595454498697117,4.643281880106768,4.5516120259443555,4.635310649871826,14081587
2003-10-30,4.699083075902121,4.73893924100549,4.5197286845283635,4.523714065551758,10996043
2003-10-31,4.503785900353832,4.511757132811443,4.368273535652888,4.408130168914795,8360903
2003-11-03,4.503786078007858,4.58349887670213,4.483857760590822,4.571542263031006,10820590
2003-11-04,4.547627479094033,4.591469964415946,4.483857618932393,4.5516133308410645,9054166
2003-11-05,4.551612524380485,4.639297008514404,4.551612524380485,4.639297008514404,8465110
2003-11-06,4.643283588353336,4.6552406735915755,4.5316853820601475,4.535671234130859,9490939
2003-11-07,4.392187267515393,4.679154464085915,4.392187267515393,4.5516133308410645,6241962
2003-11-10,4.424072789903056,4.424072789903056,4.272617954943844,4.292546272277832,22944811
2003-11-11,4.184934463635703,4.3204468658469155,4.176963228971629,4.232762813568115,33142023
2003-11-12,4.2925454886960415,4.451971998265465,4.2885596375672925,4.384215354919434,18950530
2003-11-13,4.388202106686614,4.424072890312372,4.352331323060856,4.376245021820068,9327877
2003-11-14,4.376243787635834,4.416100411968073,4.308487620465779,4.336387634277344,7894392
2003-11-17,4.336388908736439,4.336388908736439,4.161019898523365,4.244718551635742,13086734
2003-11-18,4.324431437654705,4.356317312286219,4.248704487043913,4.256675720214844,6933489
2003-11-19,4.25667482182564,4.300516830499667,4.224789895871364,4.264646053314209,7660702
2003-11-20,4.2128332677749825,4.272618223535232,4.184933715948312,4.192904949188232,7548690
2003-11-21,4.220804044640182,4.280588516291347,4.212832342177818,4.264646053314209,4992603
2003-11-24,4.579513824976893,4.579513824976893,4.25269043198807,4.34037446975708,7166559
2003-11-25,4.3523302386763945,4.412114706166045,4.344359007742692,4.356316089630127,10683796
2003-11-26,4.3842151313335,4.404143444013375,4.308487731539478,4.352330207824707,8826919
2003-11-28,4.264645585786419,4.336387603266142,4.264645585786419,4.332401752471924,2243964
2003-12-01,4.384216527886274,4.428058547163224,4.344360360804459,4.416101932525635,9545954
2003-12-02,4.471901158371483,4.56357152257396,4.447987457475569,4.503786563873291,13989399
2003-12-03,4.5555985675606845,4.58349811310176,4.432043302743411,4.463928699493408,8877721
2003-12-04,4.5237144531968685,4.527700305535703,4.392187919650297,4.44001579284668,7697007
2003-12-05,4.324431257568446,4.368273744643636,4.288560474306109,4.300517559051514,4911568
2003-12-08,4.264646621564421,4.316459868630963,4.188919205871893,4.208847522735596,7338295
2003-12-09,4.18493407712932,4.204862397435985,4.001594754840245,4.033479690551758,17812192
2003-12-10,3.9856508347973323,4.0215216141288535,3.8820236418116796,3.925865888595581,19013723
2003-12-11,4.005579808937003,4.125149250030518,4.001594427785763,4.125149250030518,14730738
2003-12-12,4.125147578469246,4.145075889071949,4.005578185826741,4.025506496429443,8072075
2003-12-15,4.125148887922826,4.165005521779996,3.9457945065394235,3.969708204269409,9213263
2003-12-16,4.005578768187748,4.005578768187748,3.846152966648177,3.905937671661377,14622690
2003-12-17,3.84216805131301,3.969708488120062,3.746512311605564,3.7664406299591064,16801479
2003-12-18,3.826223661024104,3.9258647378464144,3.8102812017662187,3.897965669631958,11842331
2003-12-19,3.9059384187177058,3.9537658150967907,3.866081548607665,3.9457945823669434,13948758
2003-12-22,3.965722432430027,4.025507377320718,3.9577512006393643,3.9816648960113525,8682443
2003-12-23,4.025507749722576,4.025507749722576,3.917894933158776,3.9657227993011475,5199405
2003-12-24,3.9657216447128656,3.981664105127517,3.9059371826710643,3.937822103500366,2566247
2003-12-26,3.9856511318863,3.9856511318863,3.9258661812282005,3.933837413787842,1123469
2003-12-29,3.977678654760788,4.005578669754235,3.9497795817148753,3.993621587753296,5302991
2003-12-30,4.029493838100849,4.081307094119026,4.017537222696002,4.033479690551758,6053994
2003-12-31,4.053406905033023,4.097249386136427,4.03746397055278,4.081305980682373,4991860
2004-01-02,4.176962446557744,4.288560652898568,4.14507751387402,4.256675720214844,10085323
2004-01-05,4.304502798852863,4.364287743104523,4.2885598644681355,4.3483452796936035,8401173
2004-01-06,4.344358976947509,4.352330207824707,4.268631577153487,4.352330207824707,7615352
2004-01-07,4.320445452559786,4.324430833101149,4.184933094676843,4.308488368988037,10438088
2004-01-08,4.42407207129936,4.463928699493408,4.352330517329107,4.463928699493408,10189530
2004-01-09,4.503786218487017,4.563571172602898,4.4639295824097625,4.523714065551758,10287045
2004-01-12,4.56357021331267,4.56357021331267,4.447986181374654,4.455957412719727,7368776
2004-01-13,4.424073195924558,4.43602981064318,4.268632965817267,4.280589580535889,14175880
2004-01-14,4.324431532093156,4.396173574146053,4.304503684217584,4.34037446975708,7003497
2004-01-15,4.340373347372112,4.428057362466755,4.304502571108505,4.384215354919434,7373237
2004-01-16,4.432043688286523,4.527699415883806,4.388201676043533,4.519728183746338,12189768
2004-01-20,4.623354040006274,4.647267730711099,4.583497417857844,4.635310649871826,11065803
2004-01-21,4.65125557092188,4.65125557092188,4.551613972928428,4.575528144836426,8123373
2004-01-22,4.583498511819915,4.603426827650502,4.444000301005808,4.519728183746338,7740003
2004-01-23,4.51972769966393,4.5356701622313595,4.384215354919434,4.384215354919434,5412525
2004-01-26,4.396172287437556,4.571541253594931,4.396172287437556,4.563570022583008,6734866
2004-01-27,4.607412505219972,4.619369117487748,4.483857234320358,4.495813846588135,7357749
2004-01-28,4.563570269978529,4.623354741295808,4.455957468049357,4.463928699493408,9500356
2004-01-29,4.495813420618783,4.547626658133457,4.276602917477635,4.36827278137207,16148239
2004-01-30,4.3961724711710035,4.455957412719727,4.368272925976357,4.455957412719727,9213015
2004-02-02,4.443999598399365,4.451971771224082,4.344358976947509,4.352330207824707,5696026
2004-02-03,4.304502681730849,4.336388078658921,4.260660673056822,4.264646053314209,6550615
2004-02-04,4.220805890582855,4.224791743557225,4.113193511962891,4.113193511962891,8244430
2004-02-05,4.184933597566665,4.256675636644335,4.161019898523365,4.244718551635742,5122210
2004-02-06,4.284574888387193,4.444000479487118,4.2726178042138505,4.408130168914795,7061981
2004-02-09,4.4639274629385755,4.479869921410449,4.336386853216262,4.360300540924072,4830284
2004-02-10,4.372259777665325,4.424073028751914,4.352331459255438,4.396173477172852,3198299
2004-02-11,4.384216254739806,4.408130424472898,4.324431301380955,4.376245021820068,5220469
2004-02-12,4.376245255296576,4.424073126340539,4.336389088571528,4.34037446975708,3237826
2004-02-13,4.364287913204656,4.384215757758097,4.220804323992619,4.236746788024902,6562139
2004-02-17,4.30450341095794,4.312474643796918,4.248704310111221,4.300517559051514,4597586
2004-02-18,4.316458639307721,4.340372801122978,4.224789255594985,4.240731716156006,6457933
2004-02-19,4.304503168865045,4.316459781964112,4.184933270083578,4.196890354156494,6404157
2004-02-20,4.192904172728252,4.228775422125949,4.149062633514404,4.149062633514404,5979650
2004-02-23,4.188919940295847,4.2088482606534905,4.0653646366628235,4.105221748352051,11395025
2004-02-24,4.097249391562972,4.157033865278177,4.069349373929048,4.149062633514404,5851158
2004-02-25,4.16500509658966,4.252689587929268,4.133119698564218,4.216818809509277,5107341
2004-02-26,4.165006266280386,4.228776609266575,4.137106711788057,4.180948734283447,5210928
2004-02-27,4.184932397561289,4.200875329992496,4.125147931608949,4.141090393066406,5929467
2004-03-01,4.212833323315212,4.348346174075995,4.204862089970202,4.34037446975708,8818122
2004-03-02,4.404143757202336,4.511756559131507,4.380230062870183,4.463928699493408,12933336
2004-03-03,4.42407198231179,4.451971998265465,4.352330429784575,4.384215354919434,8043824
2004-03-04,4.384216565807716,4.5037864810091115,4.384216565807716,4.4918293952941895,6349390
2004-03-05,4.42407207129936,4.511756559131507,4.376244211661261,4.463928699493408,7724143
2004-03-08,4.447986984028212,4.471900682378733,4.264646746112066,4.296531677246094,8883173
2004-03-09,4.304501635466678,4.336387024644597,4.216817639431341,4.252688407897949,8472668
2004-03-10,4.192904624279513,4.220804644918106,4.113192298057229,4.145077228546143,7770360
2004-03-11,4.105220878182934,4.137105807217475,4.021521762032661,4.049421310424805,17031328
2004-03-12,4.077321418398589,4.240733350536113,4.077321418398589,4.200876712799072,8875863
2004-03-15,4.049421556494426,4.105221127643306,4.0414503237514054,4.085292339324951,10049019
2004-03-16,4.125149371870703,4.161020158160844,4.0454365657786,4.073335647583008,4202817
2004-03-17,4.145077382248049,4.165005700029504,4.0334791794510005,4.097249984741211,9110172
2004-03-18,4.137106418609619,4.172977204561475,4.073335609168642,4.137106418609619,7052441
2004-03-19,4.125148293967947,4.125148293967947,4.021521343444233,4.057392120361328,9878398
2004-03-22,3.7465121401338912,3.8262251744127798,3.690713275174299,3.706655740737915,19851957
2004-03-23,3.8341963822013403,3.9657228996784966,3.8062968321599397,3.9457945823669434,21177767
2004-03-24,3.9577516734888905,4.113192360386326,3.9537658216304457,4.085292339324951,13472458
2004-03-25,4.085292428903681,4.145077382248049,4.061378730150262,4.097249984741211,14776336
2004-03-26,4.057391787057459,4.057391787057459,3.941807763398368,3.9776785373687744,12936806
2004-03-29,4.204860709869985,4.2686314976473145,4.125147931608949,4.141090393066406,11293917
2004-03-30,4.085291065383365,4.180946770418435,4.077319835126063,4.172975540161133,6203798
2004-03-31,4.176962267752913,4.176962267752913,4.101235320383793,4.161019802093506,4668585
2004-04-01,4.216820508582487,4.216820508582487,4.097251042013415,4.113193511962891,8456188
2004-04-02,4.204861586547156,4.2247903739845825,4.125148791666693,4.196890354156494,8163147
2004-04-05,4.236744965408101,4.312472343444824,4.236744965408101,4.312472343444824,5702965
2004-04-06,4.3045028482027625,4.356316561342992,4.264646218244711,4.288559913635254,5934176
2004-04-07,4.324430811176292,4.324430811176292,4.172976460921939,4.236746788024902,5401374
2004-04-08,4.284576177300339,4.284576177300339,4.16102085960405,4.1769633293151855,3978668
2004-04-12,4.204861473176664,4.26464642095549,4.192904389426132,4.248703956604004,2955193
2004-04-13,4.252690147497536,4.26464676122824,4.212833041490983,4.228775978088379,5714240
2004-04-14,4.264646193802184,4.324430667422797,4.216818803295219,4.284574508666992,8080377
2004-04-15,4.224789243294181,4.252688784681599,4.117176457386296,4.172975540161133,6511461
2004-04-16,4.1131921057817955,4.15304826702982,4.077320854197813,4.117177486419678,4995577
2004-04-19,4.045435925199394,4.145077034780215,4.041450073587671,4.117177486419678,5085905
2004-04-20,4.216819327993326,4.2487042589654065,4.081306487466506,4.085292339324951,6717395
2004-04-21,4.145077108130271,4.212832818937817,4.141091256448016,4.196890354156494,7330117
2004-04-22,4.252689744592144,4.328417155590171,4.196890178248593,4.308488368988037,9601465
2004-04-23,4.3762438841338325,4.495813288793355,4.352330191591431,4.483856678009033,10743024
2004-04-26,4.4639274629385755,4.487841150646386,4.352329311688136,4.360300540924072,5898367
2004-04-27,4.372257793111205,4.384214401950954,4.248702557635579,4.252688407897949,5490711
2004-04-28,4.224790560736347,4.224790560736347,4.065364021980466,4.085292339324951,10570421
2004-04-29,4.05739270456041,4.0653639371370724,3.901952491880853,3.969708204269409,10805102
2004-04-30,3.9258666950676324,3.953766248164957,3.7863689295810103,3.798326015472412,12065117
2004-05-03,3.9258654212550828,3.9378225032668097,3.810281865054278,3.8262243270874023,8593230
2004-05-04,3.893979866386356,3.9657216447128656,3.8660803251738565,3.937822103500366,6642183
2004-05-05,3.806296393757941,3.8860094183360245,3.766439999212353,3.8461532592773438,11484362
2004-05-06,3.834196582679425,3.8381819637657975,3.762454777898841,3.7664406299591064,15055623
2004-05-07,3.7783968573032842,3.889995051876913,3.7783968573032842,3.814267873764038,10973368
2004-05-10,3.7465120663084277,3.762454531557896,3.662813417287927,3.73056960105896,11057501
2004-05-11,3.8501383467639156,3.905937671661377,3.7744109438533138,3.905937671661377,10452709
2004-05-12,3.9019517467466334,3.9298512909240575,3.7664396413867305,3.862095355987549,10892085
2004-05-13,3.8461530456294475,3.889994582671759,3.8102820334953997,3.8501384258270264,6698685
2004-05-14,3.778397160288891,3.8023115656586017,3.7345551434689916,3.754483461380005,6826186
2004-05-17,3.543244127279967,3.6628135633673407,3.5273011904208045,3.5791146755218506,10994928
2004-05-18,3.614985711013241,3.6628135798583004,3.611000330010918,3.6508564949035645,8551473
2004-05-19,3.7823826256016466,3.8501385656725247,3.718611830386202,3.7345545291900635,12926150
2004-05-20,3.738540907352083,3.7664404575753476,3.702669888860075,3.706655740737915,5249215
2004-05-21,3.7465121746063232,3.7863685743690265,3.7305697088960175,3.7465121746063232,6039125
2004-05-24,3.7465121746063232,3.7863685743690265,3.7305697088960175,3.7465121746063232,6817140
2004-05-25,3.7465112008132406,3.8142671334447975,3.6986835806267377,3.810281753540039,10111096
2004-05-26,3.834196223694737,3.9218807220458984,3.8302103720076546,3.9218807220458984,9015135
2004-05-27,3.9258666477076476,4.04145071099103,3.9258666477076476,4.001594543457031,9024180
2004-05-28,4.0015938928107575,4.045435905456543,3.9617367898095663,4.045435905456543,5143027
2004-06-01,3.9776786642969517,3.981664515298076,3.9457937401830288,3.9617362022399902,7302610
2004-06-02,3.8620959117512936,3.9378230886395427,3.8341961280721466,3.8740525245666504,5533087
2004-06-03,3.738540907352083,3.7664404575753476,3.706655740737915,3.706655740737915,9522660
2004-06-04,3.7544830038597254,3.798325250823962,3.7106407568954887,3.722598075866699,9446209
2004-06-07,3.814267263200255,3.862095355987549,3.770425021427066,3.862095355987549,9788441
2004-06-08,3.8660808885649196,3.8860092024741797,3.8182532648643464,3.8501384258270264,6960873
2004-06-09,3.8262250000346874,3.8262250000346874,3.6787560228573755,3.682741403579712,15014362
2004-06-10,3.6827416859520707,3.686727537953871,3.599043032679246,3.618971586227417,12397189
2004-06-14,3.602925943111429,3.8740646374924004,3.4512724240921018,3.4788455963134766,14728466
2004-06-15,3.5248011697595687,3.566161524103019,3.506419292871957,3.561566114425659,11874030
2004-06-16,3.52939738380194,3.53858868036721,3.3961259653874833,3.423699140548706,10834729
2004-06-17,3.4328916012320865,3.4374867747165863,3.3547667448255725,3.391531229019165,12722252
2004-06-18,3.33178848027371,3.4696553351979507,3.3042148234749726,3.400722026824951,6952839
2004-06-21,3.4420829552750134,3.4604650798449494,3.331789255142212,3.331789255142212,6291238
2004-06-22,3.4007217943579646,3.4926328659057617,3.3593614310762963,3.4926328659057617,8751236
2004-06-23,3.54777935956117,3.635095250253386,3.511015125006008,3.630500078201294,9398815
2004-06-24,3.653477360551385,3.685646418798656,3.5661614814106035,3.5799479484558105,9003616
2004-06-25,3.607522114600512,3.671860240324728,3.5845443486579804,3.6626689434051514,6405255
2004-06-28,3.676455567561325,3.722411098408329,3.570757322621176,3.5983309745788574,4332413
2004-06-29,3.6259043940265814,3.7499850025570223,3.616713573052926,3.7407939434051514,7845516
2004-06-30,3.7361984496229685,3.837300825464516,3.7316030386526875,3.8189189434051514,6469817
2004-07-01,3.7867500729007793,3.7913454841103467,3.6167141418687208,3.6534786224365234,9648478
2004-07-02,3.6213085217136793,3.630499817871598,3.566161697478907,3.589139461517334,3699507
2004-07-06,3.5661619216671316,3.5707573318567984,3.3501697828721984,3.4466769695281982,8804603
2004-07-07,3.460464000161141,3.6167136775029127,3.460464000161141,3.602926731109619,8493965
2004-07-08,3.598330582735403,3.598330582735403,3.5248011697595687,3.561566114425659,3438106
2004-07-09,3.6121181371194444,3.6580739149720043,3.5937357783427712,3.60752272605896,4621422
2004-07-12,3.5156095624056563,3.5202052095424565,3.4466760462443324,3.4880363941192627,6125919
2004-07-13,3.4834416564863266,3.53399259384258,3.4742503604413875,3.5064194202423096,2898021
2004-07-14,3.4099133834773085,3.4145087948614856,3.2674506288243186,3.290428638458252,14233923
2004-07-15,3.3317890891746402,3.3317890891746402,3.249068580017328,3.2628557682037354,10831251
2004-07-16,3.3547651200710673,3.3593605295082294,3.221493721008301,3.221493721008301,7277389
2004-07-19,3.2444737254425746,3.2490691380562753,3.1249887102764884,3.193922281265259,8238541
2004-07-20,3.15715724721117,3.2674509418498734,3.15715724721117,3.2628557682037354,7692914
2004-07-21,3.331789000343578,3.3455757118058393,3.180134936080427,3.2077085971832275,9727931
2004-07-22,3.2352823128024153,3.3225982457837113,3.212304535987682,3.3134071826934814,9583807
2004-07-23,3.2812371554694226,3.2812371554694226,3.0376717913387807,3.088223457336426,17502689
2004-07-26,3.106605923810142,3.1112018121569647,3.0330771883617182,3.051459550857544,8584504
2004-07-27,3.111200718662688,3.1571562514828133,3.079031655146033,3.1479649543762207,10499309
2004-07-28,3.193921552878047,3.2628555845027734,3.042267969466313,3.111201524734497,8708194
2004-07-29,3.212302425777654,3.2352801874979487,3.1617510165435805,3.221493721008301,10918095
2004-07-30,3.272045850753784,3.295024097235516,3.235281370917758,3.272045850753784,6318302
2004-08-02,3.2582587970322665,3.272045266101429,3.207707616517985,3.2674498558044434,5329651
2004-08-03,3.295024603687834,3.327193200993648,3.23528186818749,3.2628557682037354,8941771
2004-08-04,3.2398772583923523,3.2858330368210713,3.235281370917758,3.272045850753784,5209548
2004-08-05,3.3501704597221833,3.3685530569075683,3.272045850753784,3.272045850753784,9191977
2004-08-06,3.258258448892327,3.2720449164884267,3.13417809692381,3.1617512702941895,9039484
2004-08-09,3.1939203083470087,3.2260893676633766,3.170942544937134,3.170942544937134,5182049
2004-08-10,3.2398772583923523,3.281237149346477,3.2123036007925223,3.272045850753784,5402039
2004-08-11,3.198516868904713,3.2628550011035258,3.1341787367059006,3.1893255710601807,9320341
2004-08-12,3.1709435720546764,3.17553945967478,3.1020100213182324,3.1433703899383545,7786279
2004-08-13,3.1847296414636874,3.1985163478061436,3.14336952243632,3.157155990600586,5808325
2004-08-16,3.147965863275725,3.2077085971832275,3.147965863275725,3.2077085971832275,3626358
2004-08-17,3.2306866084058483,3.267450854734174,3.1985175356011464,3.2077085971832275,3274744
2004-08-18,3.26285421343604,3.382338436610425,3.244471622184614,3.3685519695281982,8857318
2004-08-19,3.40531685315001,3.4328907453214237,3.3501700215200505,3.3961262702941895,8865361
2004-08-20,3.36855252630862,3.4374858258262693,3.3547658187694482,3.4328906536102295,4889997
2004-08-23,3.437486680532594,3.4926335244011475,3.437486680532594,3.469655752182007,4477189
2004-08-24,3.497229431035773,3.511016142076793,3.3823398547895813,3.419104814529419,6911645
2004-08-25,3.4420818292907676,3.5339931366090314,3.4282953594623358,3.52939772605896,6580790
2004-08-26,3.5707575888796637,3.579948648098769,3.5248018164277037,3.5385890007019043,5536055
2004-08-27,3.5615671394807236,3.5615671394807236,3.4834425325206513,3.5339934825897217,4048404
2004-08-30,3.533992856394507,3.533992856394507,3.474250618554868,3.4972283840179443,5559097
2004-08-31,3.4742516400754124,3.478847051612279,3.3915311360943123,3.469655752182007,5318564
2004-09-01,3.4696560681948356,3.5248029170861095,3.40991380734815,3.4420828819274902,5420625
2004-09-02,3.3777437882927903,3.511015461300481,3.3639573181032008,3.4926328659057617,5899408
2004-09-03,3.322597352796527,3.3593618334548774,3.2444727420806885,3.2444727420806885,11455679
2004-09-07,3.345574688991666,3.345574688991666,3.2536633867352807,3.2674498558044434,5013143
2004-09-08,3.2214949714415013,3.276641811518153,3.2214949714415013,3.2444727420806885,2830416
2004-09-09,3.3042138528608924,3.396125618227166,3.2904273857786652,3.3685519695281982,7204023
2004-09-10,3.4328902427737087,3.566161653643502,3.405316354638892,3.5064194202423096,12598127
2004-09-13,3.566163485288668,3.644288112727758,3.488038857849578,3.5018253326416016,13004305
2004-09-14,3.478847848084408,3.520207990455108,3.442083356481005,3.4834437370300293,7448251
2004-09-15,3.460464492725906,3.460464492725906,3.3915309418385027,3.4099133014678955,4493058
2004-09-16,3.423700011645376,3.4788468523552987,3.405317413837727,3.4099133014678955,3033559
2004-09-17,3.3961271532081136,3.4742517722683983,3.3915312651398377,3.4650604724884033,2785309
2004-09-20,3.4374866875678034,3.533993902713555,3.4374866875678034,3.5110161304473877,5866583
2004-09-21,3.5431837611817008,3.5753528198140847,3.5202057600822094,3.561566114425659,4382846
2004-09-22,3.5018237322843264,3.511015028849596,3.4007213754919228,3.423699140548706,5697134
2004-09-23,3.423698775514387,3.492632063335079,3.396125603293012,3.4788455963134766,4801305
2004-09-24,3.3961261441465824,3.4420816766790727,3.318001548298782,3.3501698970794678,7919751
2004-09-27,3.2444728573686477,3.308810998529746,3.2398774459844706,3.290428638458252,4921517
2004-09-28,3.2858335418607036,3.299620015512257,3.230686694541352,3.2628557682037354,4219701
2004-09-29,3.2812376575294517,3.3225977930674917,3.2674509456834384,3.304215431213379,4756199
2004-09-30,3.2904277066630447,3.3317878264777017,3.249067348670193,3.281236410140991,3785699
2004-10-01,3.3225966071995985,3.474250621557198,3.3225966071995985,3.4466769695281982,10986026
2004-10-04,3.533993902713555,3.561567562882534,3.5018248309983044,3.5110161304473877,5934950
2004-10-05,3.46965567030901,3.4880382687357825,3.4374865994186865,3.455869197845459,4750873
2004-10-06,3.4604638305103625,3.4650594790828237,3.377743585275331,3.4328906536102295,7392819
2004-10-07,3.4007211592230506,3.4328902187993124,3.3593608036660396,3.3639566898345947,8621785
2004-10-08,3.304214884364275,3.3317885416711337,3.2123035666616473,3.239877223968506,12959742
2004-10-11,3.2398765285045283,3.281236410140991,3.2214941736386162,3.281236410140991,4159595
2004-10-12,3.216898071756884,3.216898071756884,3.111200312435823,3.170942544937134,10344968
2004-10-13,3.2628552695288806,3.295024100096492,3.1801345348358154,3.1801345348358154,7746064
2004-10-14,3.193920680056023,3.207707625520289,3.1341784406019007,3.1663475036621094,5798217
2004-10-15,3.203111931866161,3.2214942873811063,3.166347459014474,3.184729814529419,10406378
2004-10-18,3.1525615413345442,3.207708383510126,3.1525615413345442,3.198517322540283,6630571
2004-10-19,3.2628549596473513,3.3088104955732116,3.2536636619195987,3.299619197845459,10526264
2004-10-20,3.281237232754649,3.3180021898817267,3.2490681632189915,3.2858331203460693,6508185
2004-10-21,3.3180023142582535,3.3777443297993446,3.276641944345855,3.3731491565704346,7398905
2004-10-22,3.3501698190143134,3.3501698190143134,3.2306855801209666,3.235280752182007,7056747
2004-10-25,3.2398780718916593,3.2950249245816177,3.235282183263086,3.2766425609588623,4913365
2004-10-26,3.2214960230066363,3.2720469920068123,3.2169001339290477,3.2490692138671875,7384123
2004-10-27,3.2214944780138395,3.400721680811208,3.216898591140387,3.3961262702941895,12773880
2004-10-28,3.396127042187143,3.4328915255704384,3.3685533819268327,3.419104814529419,6868929
2004-10-29,3.4558678337065794,3.5339924171125667,3.4512724240921018,3.4788455963134766,8098004
2004-11-01,3.469654732012773,3.50182379420364,3.446676966549696,3.4972283840179443,4533382
2004-11-02,3.5523755470470983,3.6534781533503624,3.5431844876297913,3.602926731109619,11993807
2004-11-03,3.7224119933111646,3.777558834127948,3.635096082625171,3.6764564514160156,17349435
2004-11-04,3.6994346048968727,3.777559224739565,3.6856481314453684,3.7545814514160156,8343645
2004-11-05,3.8143222554055836,3.846491316336074,3.7959403772048,3.805131435394287,8001704
2004-11-08,3.7591762188121853,3.8005365847902306,3.6902426724791777,3.7270076274871826,6469600
2004-11-09,3.7040288225673206,3.7178160061090217,3.681051056651235,3.7132201194763184,4140248
2004-11-10,3.6902421196292665,3.713220123750003,3.6396911774626197,3.6626689434051514,5276066
2004-11-11,3.6075215170707438,3.713219508713008,3.589139164454546,3.6672637462615967,3816350
2004-11-12,3.6856479776048987,3.7729638936750325,3.630501133387608,3.7683680057525635,4540013
2004-11-15,3.749985826447802,3.768367948790188,3.7316034659271473,3.7453901767730713,3783199
2004-11-16,3.6764556241463686,3.736197862802619,3.6764556241463686,3.7224111557006836,8369405
2004-11-17,3.837301068836542,3.952190637588501,3.7913455271496646,3.952190637588501,20307128
2004-11-18,3.9292130131490737,4.030315399169922,3.9062352414494743,4.030315399169922,7128048
2004-11-19,4.030315451724933,4.034910863217818,3.860279748388034,3.878661632537842,8440272
2004-11-22,3.7453891335515643,3.7959405513584636,3.7270070163292384,3.782153367996216,7778454
2004-11-23,3.786750871913549,3.7959421726285743,3.7407953210516367,3.7591772079467773,5806695
2004-11-24,3.800537586212158,3.8327064241917235,3.795942174031251,3.800537586212158,4088185
2004-11-26,3.7775590099613816,3.8097280813279597,3.7407947652766085,3.7453901767730713,3203116
2004-11-29,3.7683671208607636,3.809727244311506,3.736198056561893,3.7407939434051514,4848586
2004-11-30,3.713220123750003,3.745389186612111,3.630500118721248,3.6626689434051514,7324887
2004-12-01,3.685648469474699,3.7591772079467773,3.6764571687596743,3.7591772079467773,8095504
2004-12-02,3.7959410669150984,3.846492015231317,3.7683674109802117,3.8143229484558105,7002728
2004-12-03,3.8648736708932385,3.901638141829377,3.791344490842771,3.805131435394287,7269672
2004-12-06,3.8235147571090136,3.864874889267478,3.7775589753179655,3.8464925289154053,3000517
2004-12-07,3.8694709125304994,3.8832581017864345,3.7867508733128292,3.800537586212158,4569577
2004-12-08,3.782153394356934,3.791344691210359,3.6994333899235263,3.7224111557006836,5964840
2004-12-09,3.685647233952386,3.7040291146854543,3.621309103228194,3.644286870956421,7768345
2004-12-10,3.630500949476409,3.644287421654076,3.6167142391204834,3.6167142391204834,4689354
2004-12-13,3.6534770895813917,3.7132193156663034,3.6534770895813917,3.699432611465454,4830760
2004-12-14,3.699433970775739,3.731603038457223,3.6948385598056985,3.7270076274871826,6483186
2004-12-15,3.786749694946447,3.8051320524847374,3.7224115626515455,3.7499852180480957,6541770
2004-12-16,3.777559067062688,3.805132727349605,3.749985883132314,3.7683680057525635,4757829
2004-12-17,3.805132727349605,3.805132727349605,3.7270081107678665,3.7683680057525635,5024447
2004-12-20,3.768367517108747,3.777558577227068,3.7224117401606613,3.7270076274871826,7465859
2004-12-21,3.7683680057525635,3.786750366551084,3.749985883132314,3.7683680057525635,4928039
2004-12-22,3.8097268453999353,3.8373000199683966,3.791344490842771,3.805131435394287,4624031
2004-12-23,3.8235148070144174,3.837301279735584,3.814323507629281,3.828110694885254,2838894
2004-12-27,3.8051321267745712,3.8189188356528976,3.7867497688773915,3.8143229484558105,2146099
2004-12-28,3.8235143543754324,3.8464921237615584,3.8143230560783894,3.8189189434051514,2190662
2004-12-29,3.841896548025043,3.91083009140533,3.841896548025043,3.8832569122314453,4238722
2004-12-30,3.874066065046194,3.9108305464002,3.8648747660739993,3.8924479484558105,3413324
2004-12-31,3.910830044053167,3.9200211036665102,3.8832568652131374,3.9016387462615967,1991867
2005-01-03,3.9246169850990866,3.9521906436027305,3.8464923735699053,3.8602795600891113,4851846
2005-01-04,3.860278726416443,3.860278726416443,3.6856469432839383,3.7132201194763184,8654718
2005-01-05,3.66726453039699,3.6718604172564397,3.602926639750803,3.6396913528442383,11110477
2005-01-06,3.6580739149720043,3.6672649752712183,3.5753538959225883,3.60752272605896,8670044
2005-01-07,3.6075229153632424,3.6396919853659266,3.556971485619273,3.6259050369262695,5708438
2005-01-10,3.6396905284576455,3.671859585583585,3.630499471355161,3.63509464263916,4604358
2005-01-11,3.6213098575757665,3.6350963305419555,3.5707584245938913,3.584545373916626,6002773
2005-01-12,3.5845441160618963,3.625903996803386,3.5293972908356577,3.612117290496826,3547449
2005-01-13,3.5937353560165346,3.6213090100302843,3.5385890007019043,3.5385890007019043,3996124
2005-01-14,3.561565947641121,3.662668290302938,3.561565947641121,3.63509464263916,6406233
2005-01-18,3.7178165673688617,3.740794336753784,3.6948385598056985,3.7270076274871826,6485142
2005-01-19,3.690241461610392,3.690241461610392,3.63509464263916,3.63509464263916,3832001
2005-01-20,3.6167133711540074,3.6672643127564557,3.6029264259285187,3.630500078201294,13829594
2005-01-21,3.5845442676891164,3.62130874000236,3.575353209155355,3.5983309745788574,8200500
2005-01-24,3.5983312660922127,3.607522325370573,3.52939772605896,3.52939772605896,7218370
2005-01-25,3.566161697478907,3.6075218156549864,3.566161697478907,3.589139461517334,6307542
2005-01-26,3.676454850523423,3.7453883715276697,3.676454850523423,3.699432611465454,10905052
2005-01-27,3.7683681630458015,3.7867505246116093,3.7407949779645113,3.7545814514160156,10708104
2005-01-28,3.85108837614441,3.85108837614441,3.7683678745209055,3.772963762283325,7687153
2005-01-31,3.9429995141199843,4.0395064835757335,3.920021505464067,4.021123886108398,14972912
2005-02-01,3.998145872297235,4.0854615325035635,3.9659768069601427,4.0716753005981445,10825055
2005-02-02,4.048696901951965,4.145203374066635,4.04410101540622,4.136012077331543,8868622
2005-02-03,4.113035225139327,4.113035225139327,3.9935507297530193,4.011932849884033,7404231
2005-02-04,4.044101099519255,4.149799346923828,4.044101099519255,4.149799346923828,6489164
2005-02-07,4.1498000030325795,4.158991301412041,4.103844463848239,4.126822471618652,3901563
2005-02-08,4.108440250744043,4.181969691794033,4.094653540091736,4.1635870933532715,4455451
2005-02-09,4.149801148179352,4.154396560458955,4.103845596313477,4.103845596313477,3231702
2005-02-10,4.11303562937462,4.131417751312256,4.085462208289902,4.131417751312256,2659445
2005-02-11,4.126822447601243,4.260093653367158,4.108439850949303,4.227924823760986,5832128
2005-02-14,4.191159725189209,4.218733620790368,4.172778080834756,4.191159725189209,4680658
2005-02-15,4.18656474293635,4.260093701302019,4.18656474293635,4.209542274475098,8457336
2005-02-16,4.214137948577204,4.227925135260194,4.172778293954305,4.200351238250732,5891799
2005-02-17,4.136013096150532,4.1498002828275515,4.02112400226519,4.067080020904541,13506021
2005-02-18,4.076270698088447,4.131417537402579,4.067079875773758,4.122226715087891,4164377
2005-02-22,4.090056943138703,4.131417067924297,4.057888115979834,4.0716753005981445,7784105
2005-02-23,4.136012431103161,4.241711161706607,3.952190053351165,4.090056896209717,5743002
2005-02-24,4.071675157056975,4.181968819263646,4.057887972924712,4.177372932434082,5238459
2005-02-25,4.250904073638304,4.338220252144854,4.2279265330685165,4.333624362945557,6708176
2005-02-28,4.296858467435752,4.324431410323925,4.163586782301036,4.191159725189209,12404984
2005-03-01,4.186563150983852,4.237114558588456,4.172776446760442,4.232518672943115,5558445
2005-03-02,4.200351337521738,4.2049472253101925,4.1589916819213455,4.1635870933532715,8643415
2005-03-03,4.163586323666956,4.172777621188221,4.067079366941216,4.090056896209717,10632999
2005-03-04,4.090057254001452,4.090057254001452,4.030315005778173,4.044101715087891,10612782
2005-03-07,4.044101265148878,4.181968819263646,4.039505854675744,4.177372932434082,9533374
2005-03-08,4.158991228416617,4.158991228416617,4.044101667937492,4.062484264373779,7629330
2005-03-09,4.136013096150532,4.1727782921472265,4.067080020904541,4.067080020904541,10415617
2005-03-10,4.044102109825334,4.057888820480747,3.9751685565482724,4.030315399169922,6815453
2005-03-11,4.048698876654444,4.126823746116161,4.011934148138936,4.0165300369262695,7996161
2005-03-14,3.984359491126561,4.002741611532623,3.920021355170615,3.9429993629455566,6251348
2005-03-15,3.9429997001828596,3.952190761171985,3.883257446486151,3.9062352180480957,5787456
2005-03-16,3.9384042143963502,3.97976386897716,3.92921291540255,3.9338083267211914,3703420
2005-03-17,3.892448273747561,3.965977718956941,3.892448273747561,3.9475951194763184,4159378
2005-03-18,3.938404396236525,3.942999807767342,3.8786616645532144,3.9108307361602783,4794458
2005-03-21,3.91083009140533,3.9384037469356747,3.874065614328587,3.8832569122314453,3291265
2005-03-22,3.8694690808988867,3.9154253245590835,3.805131435394287,3.805131435394287,7630743
2005-03-23,3.7959414351433263,3.8510882760061937,3.7959414351433263,3.809727907180786,5639854
2005-03-24,3.8235153369034176,3.878662188143788,3.8189199247522545,3.8510890007019043,4130249
2005-03-28,3.8832569122314453,3.91083009140533,3.8602791438307595,3.8832569122314453,3132250
2005-03-29,3.846492195999867,3.8832571517002545,3.772963475490316,3.7913453578948975,5182701
2005-03-30,3.782154386772284,3.8740661885326464,3.782154386772284,3.8464925289154053,6253088
2005-03-31,3.8832572333487034,3.9338081851034716,3.8556835755382166,3.8970437049865723,9939117
2005-04-01,4.0532933082145295,4.0532933082145295,3.92921291540255,3.9338083267211914,5600726
2005-04-04,3.9062344636868533,3.9384035282037853,3.8648741017775317,3.874065399169922,4512296
2005-04-05,3.892447495599613,3.906234680632131,3.874065614328587,3.8832569122314453,3774938
2005-04-06,3.887852369801049,3.933807907155567,3.8648743629455566,3.8648743629455566,4287198
2005-04-07,3.851088293972223,3.933808317474172,3.814323336261701,3.8924479484558105,5967666
2005-04-08,3.9705728406678777,4.0165286159649405,3.942999184947054,3.9659769535064697,6044293
2005-04-11,3.9705732353484606,3.979763819693674,3.9200215678650827,3.952190637588501,3072144
2005-04-12,3.9521902680314938,3.9613815660520237,3.883256961946917,3.9567856788635254,2567167
2005-04-13,3.9521916990461925,3.961383000394721,3.8970448436682994,3.9154274463653564,4794784
2005-04-14,3.860281102535116,3.860281102535116,3.7683692677616722,3.8235161304473877,6769369
2005-04-15,3.8005367292709593,3.8143232008834254,3.759176361720564,3.7637722492218018,4807609
2005-04-18,3.7178165673688617,3.7637721061387066,3.699433970775739,3.7270076274871826,8817863
2005-04-19,3.7499863835883587,3.768368508661802,3.7316040203366114,3.7591772079467773,3810915
2005-04-20,3.772962967698262,3.786749437190779,3.6902422453174584,3.708624839782715,7220870
2005-04-21,3.7316034731297356,3.8005370274924073,3.727008061624403,3.786750316619873,8861231
2005-04-22,3.7729628120381173,3.7729628120381173,3.713220097025461,3.7224111557006836,6861756
2005-04-25,3.740794158368065,3.786749694946447,3.7270074497589043,3.7499852180480957,4181333
2005-04-26,3.818919336922664,3.956786205624043,3.809728037678511,3.9384043216705322,15873197
2005-04-27,3.92921291540255,3.9843597566523186,3.901639256599407,3.9338083267211914,7473033
2005-04-28,3.942999807767342,3.975168641196136,3.8786616645532144,3.9108307361602783,4673050
2005-04-29,3.9200212013161044,3.970572864072554,3.8648743659058566,3.9567856788635254,6172874
2005-05-02,3.998147354994654,4.030316194083213,3.961382865388454,4.002742767333984,3920041
2005-05-03,4.021124973626375,4.030316274845841,3.956787055981694,3.9751694202423096,4239809
2005-05-04,4.01652855014571,4.099248325061485,4.007337252329977,4.085461616516113,8059310
2005-05-05,4.13141610753877,4.209540928313989,4.122225288404981,4.172776699066162,7946707
2005-05-06,4.172777962046425,4.223328911651594,4.136012768958158,4.145204067230225,5254328
2005-05-09,4.154395925725636,4.163587225237157,4.122227091970131,4.158991813659668,4367846
2005-05-10,4.090058085271642,4.090058085271642,4.039507125099608,4.048698425292969,9069482
2005-05-11,4.048697782309402,4.067079903420233,4.002741764997566,4.021123886108398,6120267
2005-05-12,4.080867024295495,4.085462912839873,3.993551810944829,4.007338523864746,6970881
2005-05-13,4.057888400893268,4.1589912528165645,4.048697578977681,4.145204067230225,9936291
2005-05-16,4.113035202026367,4.126822387492749,4.071675551053124,4.113035202026367,3798850
2005-05-17,4.067079793681996,4.113035333397352,4.034910487160405,4.108439922332764,5842889
2005-05-18,4.149799346923828,4.177372761346203,4.126821819142789,4.149799346923828,7370320
2005-05-19,4.191160005029337,4.26928485689105,4.191160005029337,4.2646894454956055,6912514
2005-05-20,4.273880958557129,4.283072258164582,4.2095428140180555,4.273880958557129,6429927
2005-05-23,4.195754484724948,4.237115078829819,4.177372368955512,4.214136600494385,6368517
2005-05-24,4.237116500766411,4.27388074464302,4.204947191928722,4.2646894454956055,3354305
2005-05-25,4.227925135260194,4.227925135260194,4.158991583627833,4.200351238250732,2564776
2005-05-26,4.232520365840879,4.246306599222117,4.204946946365411,4.223329067230225,6865451
2005-05-27,4.237114558588456,4.24170996787749,4.214136083074364,4.232518672943115,4582293
2005-05-31,4.191158083916579,4.24170996787749,4.191158083916579,4.232518672943115,6448731
2005-06-01,4.1911602148031495,4.292263557772035,4.1911602148031495,4.273880958557129,6642092
2005-06-02,4.292262970727052,4.365791452104124,4.278475785023246,4.361196041107178,8161045
2005-06-03,4.365790929023262,4.439320354303481,4.158990789947373,4.37957763671875,7876601
2005-06-06,4.393364427670385,4.448511253518024,4.370386424781741,4.443915367126465,6758717
2005-06-07,4.407151830133466,4.4439160689336425,4.3841738236160115,4.402556419372559,5403995
2005-06-08,4.434724376699577,4.4714895649433455,4.397960141168643,4.416342735290527,4594141
2005-06-09,4.425534576996977,4.485276830785015,4.370387734621395,4.480681419372559,9513919
2005-06-10,4.462299001019673,4.476085234341482,4.43472510530657,4.457703113555908,4920104
2005-06-13,4.518130729522201,4.623086947073994,4.453157175084069,4.498138904571533,5232269
2005-06-14,4.523127690670638,4.523127690670638,4.473148381897447,4.493140697479248,5858638
2005-06-15,4.5281273093192835,4.538123470509298,4.4381648189727825,4.478147983551025,6761082
2005-06-16,4.5131328140891505,4.5781058774966645,4.50313714794717,4.558114051818848,7603694
2005-06-17,4.608093688784338,4.668068670160263,4.588101863861084,4.588101863861084,6083887
2005-06-20,4.608093057832926,4.633082465520005,4.598096900043079,4.618088722229004,6243818
2005-06-21,4.598097468507459,4.6880604327693876,4.5681094848242605,4.603095054626465,4040294
2005-06-22,4.768027008223801,4.768027008223801,4.6730659690254175,4.703053951263428,6579206
2005-06-23,4.753032564031953,4.783020544967889,4.7080513327187274,4.713049411773682,8674143
2005-06-24,4.713049565086228,4.723045723521304,4.648076508833441,4.6830620765686035,10768148
2005-06-27,4.648076354347441,4.673065762816965,4.608093202117445,4.623086452484131,10720945
2005-06-28,4.638080196244602,4.648076354347441,4.608093202117445,4.623086452484131,9391916
2005-06-29,4.588102165054162,4.593099751567671,4.513132940018946,4.563112258911133,5696016
2005-06-30,4.558114051818848,4.598097703174482,4.523128480231131,4.558114051818848,7681227
2005-07-01,4.573108118517103,4.638080686078463,4.553116293593848,4.588101863861084,4474022
2005-07-05,4.448158719814913,4.488141868510543,4.418171234944754,4.483144283294678,12847454
2005-07-06,4.473148126075464,4.483144283294678,4.453156305030777,4.483144283294678,6531693
2005-07-07,4.383187563214236,4.418173141793502,4.338205823101491,4.39318323135376,7414779
2005-07-08,4.413174123524443,4.453157280982764,4.388184711787224,4.448159694671631,7606696
2005-07-11,4.588101863861084,4.598097529625792,4.568109545543992,4.588101863861084,7865380
2005-07-12,4.58810192261316,4.698056221008301,4.58810192261316,4.698056221008301,7041711
2005-07-13,4.693057991057525,4.693057991057525,4.57310803061139,4.638080596923828,6588833
2005-07-14,4.678065552414404,4.703055463415336,4.663071803171431,4.688061714172363,5762577
2005-07-15,4.693056656594322,4.693056656594322,4.603093718446711,4.678062915802002,5874476
2005-07-18,4.648076414465891,4.693057646329096,4.598097103486621,4.60809326171875,3489180
2005-07-19,4.623086631440588,4.66307027861211,4.598097222003741,4.64807653427124,6792758
2005-07-20,4.648078053928459,4.713051131779329,4.588103056956568,4.688061714172363,11185313
2005-07-21,4.673066216835864,4.728043611561532,4.648076805938455,4.658072471618652,6549498
2005-07-22,4.663070528599029,4.678064273743711,4.598097468507459,4.603095054626465,7901507
2005-07-25,4.6130919003953075,4.6180899806522016,4.493141921381094,4.503137588500977,6845240
2005-07-26,4.443161198758811,4.443161198758811,4.278229517882619,4.343203067779541,21855122
2005-07-27,4.29822146041763,4.313215205149262,4.228250322740804,4.2932233810424805,16221836
2005-07-28,4.313216729770179,4.353199898723036,4.308219142022317,4.3332085609436035,11429298
2005-07-29,4.29822146041763,4.323211363899561,4.278229636310849,4.2932233810424805,8418254
2005-08-01,4.293222812505207,4.318212219284057,4.283226655078666,4.3082170486450195,6068567
2005-08-02,4.383186976815129,4.468151871513003,4.383186976815129,4.443161964416504,12339816
2005-08-03,4.443162486600519,4.473149983925496,4.423171150646499,4.463154315948486,5430604
2005-08-04,4.398178935281051,4.4031775073011925,4.313214558994764,4.323210716247559,8482640
2005-08-05,4.288227306224345,4.338206144013019,4.273233556208943,4.278231143951416,29986743
2005-08-08,4.2932232622029725,4.2932232622029725,4.243243950016391,4.25324010848999,7549452
2005-08-09,4.308216516101155,4.32321025699382,4.263234800029467,4.288224697113037,8217124
2005-08-10,4.298220816509317,4.363193865077504,4.293222737882919,4.323210716247559,10801376
2005-08-11,4.328210101075775,4.358197598514956,4.293224522932079,4.318213939666748,7786605
2005-08-12,4.293222556045743,4.323210533140257,4.263235072344952,4.298220634460449,6325802
2005-08-15,4.28822630198432,4.28822630198432,4.248242649044178,4.258238315582275,5895800
2005-08-16,4.2582387171600065,4.263236797597343,4.17327431008883,4.18326997756958,10677883
2005-08-17,4.183269267421755,4.248242328501667,4.178271187832888,4.228250503540039,7161168
2005-08-18,4.193265616746947,4.198263203168595,4.108300233458735,4.118296146392822,9864358
2005-08-19,4.148284401296073,4.188267564612993,4.143286320858737,4.18326997756958,10527683
2005-08-22,4.193265504000702,4.233248661268147,4.173273678670055,4.2132568359375,12679242
2005-08-23,4.203261312531079,4.213257473405751,4.168275736257572,4.18326997756958,7247810
2005-08-24,4.128291410314341,4.143285154009827,4.098303676226476,4.103302001953125,8784283
2005-08-25,4.113297939300537,4.118295524968081,4.093306116449001,4.113297939300537,7277622
2005-08-26,4.1482834815979,4.1582791468625535,4.108299833751661,4.1482834815979,8376227
2005-08-29,4.038329336313981,4.133289892445489,4.023335590261314,4.118296146392822,7646964
2005-08-30,4.098304102654123,4.118295927459511,4.063318532593154,4.083310604095459,5760092
2005-08-31,4.123293357332519,4.148283259245385,4.058320549807259,4.113297939300537,13722155
2005-09-01,4.16327700303559,4.213256313467538,4.103302027874769,4.113297939300537,13132223
2005-09-02,4.133289439473937,4.143285351312562,4.11829569506445,4.128291606903076,4548449
2005-09-06,4.128291606903076,4.138287518741701,4.1033021973518675,4.128291606903076,12251621
2005-09-07,4.12829150301028,4.12829150301028,4.038328792120465,4.043326377868652,14678013
2005-09-08,4.093306116449001,4.133289268758286,4.058320549807259,4.113297939300537,17119207
2005-09-09,4.098304706176593,4.198263598226709,4.088308792301886,4.178271770477295,16613640
2005-09-12,4.188266533085084,4.233248259154716,4.173273282253608,4.198262691497803,9554227
2005-09-13,4.2132566809466665,4.283227326939184,4.203260521952143,4.243244171142578,12603262
2005-09-14,4.248242328501667,4.268234153463296,4.208258678578411,4.228250503540039,11489544
2005-09-15,4.228250154618748,4.248241977930622,4.188266507994999,4.233248233795166,11414703
2005-09-16,4.213255869631711,4.213255869631711,4.123292922973633,4.123292922973633,13658804
2005-09-19,4.123293721623238,4.158279291355935,4.118295888817245,4.153281211853027,9570272
2005-09-20,4.183268998667064,4.203260328950507,4.1033021973518675,4.128291606903076,6112664
2005-09-21,4.1532803565071035,4.1532803565071035,4.0233345100407,4.0683159828186035,9610126
2005-09-22,4.013339040738851,4.013339040738851,3.908382588321252,3.968357563018799,17636679
2005-09-23,3.963360957216269,3.998347029986216,3.9333737054178313,3.9883508682250977,6492564
2005-09-26,3.9983456134796147,4.0183369431315255,3.9433682234523793,3.9983456134796143,6994716
2005-09-27,3.9633598853673764,3.973355797728222,3.908382984125016,3.9383702278137207,9107664
2005-09-28,3.9133802139734892,3.978353515055152,3.8733970615641327,3.8983867168426514,10973418
2005-09-29,3.9483671715808493,4.0383301596319905,3.9283753416368223,4.023336410522461,14155159
2005-09-30,4.083310322967367,4.123293476431543,4.058320667029581,4.108299732208252,14248322
2005-10-03,4.10829970706743,4.15328093946204,4.088307883760781,4.143285274505615,11111404
2005-10-04,4.2482420033799935,4.283227077643105,4.178270868066167,4.198262691497803,13794305
2005-10-05,4.213256461387067,4.22325212646687,4.153280990726832,4.1632771492004395,12303689
2005-10-06,4.173273256162487,4.233248232688634,4.128291530374078,4.143285274505615,14277513
2005-10-07,4.188266329547962,4.2282499744681505,4.168274507087868,4.208258152008057,16609396
2005-10-10,4.1882665845410205,4.2082584082182715,4.123293527635312,4.128291606903076,13977320
2005-10-11,4.1482843523983295,4.1482843523983295,4.043327378118025,4.063319206237793,10931598
2005-10-12,3.9983454441136033,4.03832859511757,3.9833512074191235,4.018336772918701,9609919
2005-10-13,4.028332684018136,4.04332618062196,3.948365641919546,4.018336772918701,10765560
2005-10-14,4.0133393939045465,4.028333138898352,3.948366087769866,3.963359832763672,10607389
2005-10-17,3.948365740321689,3.973355395344631,3.913380173950192,3.968357563018799,6833543
2005-10-18,3.998345853457559,3.998345853457559,3.9333725480078194,3.953364372253418,5274296
2005-10-19,3.8733959058069733,3.9133790462860234,3.748447666696866,3.908381462097168,16667261
2005-10-20,3.8833927538975295,3.8983864968792514,3.7834341384235426,3.8184194564819336,9036445
2005-10-21,3.8733970615641327,3.9133802139734892,3.823417504310202,3.8983867168426514,7167482
2005-10-24,3.9483655295031284,3.9883491727624665,3.908382379637547,3.978353261947632,7251122
2005-10-25,3.9483659955051205,4.073314278695253,3.908382840920567,3.9333724975585938,6195683
2005-10-26,3.9133808589528805,3.92837460525179,3.8584037069579016,3.8683996200561523,7862585
2005-10-27,3.9183791855474084,3.9183791855474084,3.803426801659857,3.8683996200561523,13144231
2005-10-28,3.9433685761157147,4.0233353820563265,3.888391181171741,3.993347644805908,12298410
2005-10-31,4.018337299631342,4.043326710610143,4.00834138722167,4.038329124450684,8290309
2005-11-01,4.023336410522461,4.043327747072526,3.973356835662393,4.023336410522461,8836040
2005-11-02,4.033331011625954,4.223252100741997,4.033331011625954,4.198262691497803,13071771
2005-11-03,4.173273574192469,4.303219202103872,4.168275001242636,4.263236045837402,17353876
2005-11-04,4.268233716414233,4.303218789772461,4.238245735345514,4.28322696685791,7647792
2005-11-07,4.293222556045743,4.318211961331828,4.203259611549648,4.298220634460449,8808712
2005-11-08,4.288226319430614,4.333207559125869,4.263236412892887,4.313215732574463,7398321
2005-11-09,4.353200251943177,4.448161334373619,4.323213242840872,4.438165664672852,18770478
2005-11-10,4.423170377396208,4.438164123437518,4.373190566066693,4.433165550231934,11579809
2005-11-11,4.488142042063739,4.488142042063739,4.40317766277736,4.418171405792236,9271321
2005-11-14,4.428168809933026,4.428168809933026,4.388185643980975,4.39318323135376,6123533
2005-11-15,4.433165550231934,4.468151615520139,4.38318672569014,4.433165550231934,9634348
2005-11-16,4.408175399698267,4.423169636622267,4.363194169107604,4.388184070587158,9203312
2005-11-17,4.373190955579069,4.503137588500977,4.373190955579069,4.503137588500977,9154349
2005-11-18,4.50313714794717,4.568109717960827,4.488142908643415,4.558114051818848,6445051
2005-11-21,4.583103656768799,4.598097401695617,4.5631118324017645,4.583103656768799,4618218
2005-11-22,4.583103691881156,4.738039715170391,4.538122456756086,4.728043556213379,16022362
2005-11-23,4.698053955137744,4.808008200501973,4.69305587790504,4.738037586212158,14969511
2005-11-25,4.738040224103755,4.773025304029711,4.688060904131684,4.693058490753174,4235006
2005-11-28,4.698054752211034,4.738038390069083,4.623085554575614,4.643077373504639,8389477
2005-11-29,4.64807653427124,4.753032744657325,4.643078455026349,4.64807653427124,10420959
2005-11-30,4.693059085178484,4.813010060377164,4.693059085178484,4.78801965713501,12606057
2005-12-01,4.837998774445106,4.982938651661569,4.808010788302155,4.887977600097656,10153372
2005-12-02,4.887976524271515,4.902970267345986,4.82300347315089,4.84799337387085,5891867
2005-12-05,4.897973729722929,4.957948714851042,4.8679857437650025,4.9229631423950195,10777361
2005-12-06,4.957948462764119,5.022922017874486,4.957948462764119,4.967944622039795,11216885
2005-12-07,4.992934464625674,5.002930624764608,4.932959477367613,4.947953224182129,7894779
2005-12-08,4.972942905313657,4.997932317738448,4.867985695590397,4.902971267700195,11881245
2005-12-09,4.887977234247393,4.897973393344819,4.837998412335606,4.892975807189941,9273184
2005-12-12,4.907970095177243,4.957948922615808,4.872984521255136,4.912967681884766,5353692
2005-12-13,4.872984521255136,4.957948922615808,4.837998947333029,4.912967681884766,8205220
2005-12-14,4.698056891401605,4.703054971758085,4.5931001642790035,4.633083820343018,13520922
2005-12-15,4.823005164489259,4.8829806512131935,4.818007577307717,4.857990741729736,6530140
2005-12-16,4.907968839562494,4.912966424991475,4.832999630796379,4.84799337387085,6723506
2005-12-19,4.867985640370814,4.907969785263424,4.7930169105529785,4.7930169105529785,9029613
2005-12-20,4.842996120452881,4.852992279802042,4.783021137933304,4.842996120452881,9298545
2005-12-21,4.917965129745974,4.9929338546599356,4.892975719239262,4.9429545402526855,8559241
2005-12-22,4.862988157266905,4.962946794743009,4.862988157266905,4.9229631423950195,2533737
2005-12-23,4.977940828399124,5.0778999650396885,4.977940828399124,5.042914390563965,5767545
2005-12-27,5.047911605505616,5.077899590985725,4.932959223579091,4.937956809997559,3473756
2005-12-28,4.937956809997558,4.962946715665339,4.867985666200405,4.937956809997559,4085116
2005-12-29,4.957948285235478,4.977940109677143,4.932958874728766,4.9429545402526855,3140645
2005-12-30,4.94295431912953,5.017923040689765,4.87298367680458,4.952950477600098,3254719
2006-01-03,5.147869308068287,5.147869308068287,5.032916946982894,5.047910690307617,8110090
2006-01-04,5.072901153533342,5.107886726368154,5.057907900482851,5.087895393371582,4159957
2006-01-05,5.182856289555332,5.217841864668835,5.142872634170213,5.172860622406006,5631423
2006-01-06,5.397767066955567,5.427754064217228,5.292809862873647,5.397767066955566,13516368
2006-01-09,5.487729835976257,5.517717824345038,5.437751006614076,5.462740421295166,11633533
2006-01-10,5.3627818617155825,5.382773689817147,5.272819375349417,5.302806377410889,11263260
2006-01-11,5.2828134795030595,5.41775766251584,5.257823578422211,5.387770175933838,12073990
2006-01-12,5.297806986485156,5.3177988077793445,5.177856552113771,5.217840194702148,9373904
2006-01-13,5.197850084023775,5.207845751263576,5.107887105289925,5.19285249710083,7864552
2006-01-17,5.132874733999675,5.152867048310372,5.042912773357716,5.052907943725586,10413816
2006-01-18,4.912968765381396,5.002931760077634,4.897975015164356,4.972944259643555,12198725
2006-01-19,5.047911662598289,5.137874633268391,5.047911662598289,5.102889060974121,11090804
2006-01-20,5.097890774801531,5.112884520407463,4.927961493469685,4.932959079742432,9733722
2006-01-23,4.957948295913544,4.982938199867903,4.887977156913931,4.9079694747924805,9528866
2006-01-24,4.967944061105517,5.022921450732671,4.962945982032016,5.017922878265381,11078900
2006-01-25,5.0679030838826025,5.082896828897687,4.90796947479248,4.9079694747924805,13457985
2006-01-26,5.047911424351007,5.24782868894337,5.022922012973884,5.237833023071289,23527200
2006-01-27,5.347787542959082,5.487729337939424,5.317800050705714,5.40776252746582,14564043
2006-01-30,5.407762305543087,5.4327522103246055,5.327795498351145,5.417758464813232,7760830
2006-01-31,5.467737714020451,5.467737714020451,5.26782045179201,5.397767066955566,11103019
2006-02-01,5.372776167588881,5.397766563125578,5.2828137040195235,5.342789173126221,8685426
2006-02-02,5.317800704510789,5.342790613390261,5.147870902990937,5.197850227355957,13446081
2006-02-03,5.037916408567521,5.18285680367056,5.037916408567521,5.137875556945801,8476533
2006-02-06,5.197849093028036,5.267820230548029,5.162863524268039,5.262822151184082,7841158
2006-02-07,5.262821498453205,5.262821498453205,5.182854705517159,5.202846527099609,9449263
2006-02-08,5.172860054973438,5.242830704131165,5.127878324250935,5.222838878631592,7137670
2006-02-09,5.2228382822819155,5.272818087021022,5.16286330602506,5.182855129241943,11174651
2006-02-10,5.182854473830028,5.182854473830028,5.027918480234276,5.122879505157471,14689503
2006-02-13,5.097890124750345,5.097890124750345,4.957947859081083,4.962945938110352,8673522
2006-02-14,5.012925547859705,5.057907275024255,4.952950569498722,5.027919292449951,15694737
2006-02-15,5.297808990092557,5.297808990092557,4.962947460301459,5.002931118011475,8653647
2006-02-16,5.047910049277626,5.09788935181113,5.022920644707728,5.077898025512695,6930433
2006-02-17,5.137874446814275,5.237833080200713,4.962946591691086,4.987936496734619,5024204
2006-02-21,5.06290572449818,5.0778999650396885,4.9829389085796265,5.042914390563965,11939213
2006-02-22,5.022922451648591,5.022922451648591,4.877982076785134,4.947953224182129,14884732
2006-02-23,4.897973305304308,4.9729425236120965,4.882979560321516,4.9429545402526855,11315328
2006-02-24,4.9429545402526855,4.962946364694351,4.907969464222054,4.9429545402526855,7028047
2006-02-27,4.977939438439369,5.0329168248922045,4.947951952517372,5.007927417755127,6198996
2006-02-28,5.012925454824097,5.0179230406655515,4.847993773998573,4.862987518310547,10232665
2006-03-01,4.892975915051576,5.032917704955919,4.892975915051576,5.022922039031982,9441189
2006-03-02,5.022923591498354,5.042915422919073,4.957950016032516,4.972944259643555,11993765
2006-03-03,4.967943712312032,4.992933119137486,4.897972583770752,4.897972583770752,9379184
2006-03-06,4.887977357342565,4.9479528332559894,4.803012963237778,4.842996120452881,7871384
2006-03-07,4.81300975869569,4.842996760524847,4.648077548180982,4.723046779632568,12821471
2006-03-08,4.6980565707685455,4.738040224103755,4.653075330811846,4.693058490753174,10961410
2006-03-09,4.743037457616244,4.852992249405229,4.683062475472321,4.698056221008301,11219059
2006-03-10,4.798015165859373,4.837998818820803,4.768027672835239,4.818006992340088,9888374
2006-03-13,4.847993602407075,4.927960893765623,4.788018133888165,4.803012371063232,8505828
2006-03-14,4.76802762910134,4.892976173414332,4.753033389332929,4.887977600097656,6493082
2006-03-15,4.932960596802115,4.977941847453235,4.882981264947316,4.972944259643555,8493820
2006-03-16,4.932958347795307,4.932958347795307,4.793016085045964,4.798014163970947,10034330
2006-03-17,4.78801965713501,4.912968219588177,4.758032653426255,4.78801965713501,9064602
2006-03-20,4.837996170504587,4.837996170504587,4.723043847907655,4.738037586212158,9261591
2006-03-21,4.753032889215903,4.823004027197263,4.738039637812835,4.743037223815918,6121463
2006-03-22,4.693058507561022,4.783021481190498,4.693058507561022,4.748035907745361,7390557
2006-03-23,4.748035907745362,4.778023894551109,4.723046494366769,4.748035907745361,5181443
2006-03-24,4.758030450081457,4.832999158121756,4.753031878353817,4.813007831573486,4345249
2006-03-27,4.847992899729816,4.872982798005725,4.798013596571711,4.813007831573486,5650263
2006-03-28,4.823004464866272,4.862988116882216,4.743037654228248,4.778023719787598,8174787
2006-03-29,4.823004287440468,4.962946570954296,4.823004287440468,4.932959079742432,8620005
2006-03-30,4.972942722624607,5.047911450538747,4.9529508973828875,5.022922039031982,8562864
2006-03-31,5.057907275024255,5.13287550458167,5.017923133793912,5.027919292449951,6663364
2006-04-03,5.0878948627567935,5.1928515703153275,5.082896783331962,5.15786600112915,8495787
2006-04-04,5.127877139804802,5.1778564453125,5.107885318922975,5.1778564453125,6918943
2006-04-05,5.177857547657275,5.24782868894337,5.157866215913113,5.237833023071289,5892384
2006-04-06,5.2678204857625595,5.287812310793091,5.2178411698831475,5.272818565368652,7662698
2006-04-07,5.297807340580911,5.347786650460034,5.187852562810569,5.2128424644470215,8137211
2006-04-10,5.247828561118835,5.272818465281108,5.1928516600707315,5.232834815979004,8222403
2006-04-11,5.212843364331919,5.247828936626187,5.087895314761416,5.102889060974121,8791011
2006-04-12,5.172860669227318,5.247829407010601,5.157866921670661,5.19285249710083,6073536
2006-04-13,5.2228387560954,5.342789706278596,5.2178411698831475,5.272818565368652,5548197
2006-04-17,5.332790781546685,5.417755623819347,5.292807152220639,5.347784519195557,8641743
2006-04-18,5.372776723254604,5.457742103291533,5.342789725690613,5.4527435302734375,6574341
2006-04-19,5.452744149713233,5.497725884653816,5.412760988358591,5.422757148742676,7236837
2006-04-20,5.467737830804048,5.497725322100039,5.437750339508057,5.437750339508057,8326747
2006-04-21,5.482731459348201,5.49772520467595,5.367779082906231,5.397767066955566,9598118
2006-04-24,5.372776535392733,5.377774614842226,5.262822241260674,5.3377909660339355,11281582
2006-04-25,5.327796191344423,5.352786099376411,5.212843798542656,5.227838039398193,12735450
2006-04-26,5.412761185272536,5.43775109374797,5.282815042703241,5.302806377410889,16496771
2006-04-27,5.247828496306022,5.377774614842226,5.202847261442065,5.3377909660339355,17839154
2006-04-28,5.322797909862428,5.362781066744594,5.217841197933284,5.237833023071289,10329141
2006-05-01,5.272818593714337,5.292809925458498,5.227837357199208,5.237833023071289,7403807
2006-05-02,5.227836948818038,5.292809512001889,5.227836948818038,5.257823944091797,5403276
2006-05-03,5.2778175691769755,5.372778146835653,5.257825738776735,5.3627824783325195,7876042
2006-05-04,5.387771933517868,5.512720492894944,5.377775772467101,5.472736835479736,10442386
2006-05-05,5.502723651505717,5.642665941763014,5.477734238756269,5.62767219543457,13744929
2006-05-08,5.642665103991595,5.682648257133153,5.572693969251622,5.577691555023193,9517376
2006-05-09,5.46273857743393,5.497724140893759,5.34278863802165,5.357781887054443,14001646
2006-05-10,5.342789604862874,5.342789604862874,5.227837229861614,5.232834815979004,9411894
2006-05-11,5.282813751932566,5.327794984125207,5.142871482808177,5.182855129241943,12718888
2006-05-12,5.127876834652491,5.1878518003352125,5.022920644707728,5.077898025512695,14489305
2006-05-15,5.022921450732671,5.0579070174596055,4.962945982032016,5.017922878265381,14268922
2006-05-16,5.017923494677932,5.067903304764999,4.9729427510660384,4.987936496734619,10866591
2006-05-17,5.042914019087148,5.072901017779536,4.897973651680514,4.937956809997559,10393424
2006-05-18,4.9729426130001695,5.0579074983591115,4.892975807189941,4.892975807189941,8555825
2006-05-19,4.90796988950686,4.987936700808969,4.8679857437650025,4.9229631423950195,9277739
2006-05-22,4.927961308021512,4.927961308021512,4.62308684752772,4.728043556213379,13004486
2006-05-23,4.798014041617397,4.89797265720539,4.758030891418457,4.758030891418457,9333326
2006-05-24,4.773024791338449,4.798014695337151,4.648076751526422,4.728043556213379,11626598
2006-05-25,4.723043847907655,4.793014462197469,4.678062139600537,4.738037586212158,8362459
2006-05-26,4.723044631572651,4.738038372364971,4.648075434217361,4.678062915802002,7796957
2006-05-30,4.67806293328201,4.718046077746369,4.63807929542396,4.643077373504639,8867302
2006-05-31,4.693058113187219,4.73803984291893,4.648076876849351,4.733041763305664,8621143
2006-06-01,4.7480354257017545,4.857989721513458,4.743037346175912,4.837998390197754,6816670
2006-06-02,4.897973393344819,4.92796137724326,4.852992157587909,4.892975807189941,7646446
2006-06-05,4.798014699841722,4.798014699841722,4.623086851868061,4.638080596923828,8219402
2006-06-06,4.688058868984202,4.698054531281816,4.578104116742109,4.653073310852051,9671613
2006-06-07,4.643079216560481,4.688060950354568,4.563112402495495,4.56810998916626,7395319
2006-06-08,4.453157772719847,4.518131335877753,4.32321212658575,4.503137588500977,17503351
2006-06-09,4.593098894429361,4.623086381489803,4.388184070587158,4.388184070587158,13432417
2006-06-12,4.398179011727627,4.443160733359559,4.303218476537997,4.3082170486450195,10423857
2006-06-13,4.298221289513408,4.3232111920017005,4.22325207544233,4.233248233795166,8022620
2006-06-14,4.463153440392733,4.478147186113834,4.378188552377256,4.448159694671631,9503298
2006-06-15,4.4481597506816355,4.5831039572645835,4.413174179093919,4.558114051818848,16352161
2006-06-16,4.5930987384096085,4.598096817214499,4.463152636632557,4.543119430541992,6680858
2006-06-19,4.553117055711091,4.593100218856289,4.503137731734154,4.5081353187561035,6464305
2006-06-20,4.556942462921143,4.578462661194017,4.470860638526715,4.556942462921143,6917314
2006-06-21,4.556942745904031,4.734485681809196,4.513901831034007,4.659163951873779,8159695
2006-06-22,4.712964323737246,4.729104727302576,4.616122417996637,4.664543628692627,5960956
2006-06-23,4.648402223039074,4.707583002485446,4.524659843249373,4.686062812805176,6636819
2006-06-26,4.669923724410622,4.7237242137228135,4.637642915171902,4.691443920135498,4930932
2006-06-27,4.691444251997913,4.70758465775901,4.6107427388438715,4.6215033531188965,6432603
2006-06-28,4.680683728675114,4.680683728675114,4.530040814659115,4.599982738494873,6221050
2006-06-29,4.6645436878525155,4.901267890975133,4.659162865727333,4.868987083435059,14031006
2006-06-30,4.8958876937956255,4.987349821616914,4.820567003107535,4.938928604125977,10107486
2006-07-03,4.9604495937828466,5.003490510987992,4.9389293930060365,4.981970310211182,3021231
2006-07-05,4.885128723649064,4.901269131504297,4.820567607879639,4.820567607879639,8626116
2006-07-06,4.820568804988697,4.906650142174314,4.820568804988697,4.831328392028809,8720787
2006-07-07,4.79366749555475,4.842088207464382,4.707585656991459,4.712965965270996,8200498
2006-07-10,4.815186503458708,4.847466798177477,4.761385496609337,4.777525901794434,6662547
2006-07-11,4.772146899965447,4.820567607879639,4.7075852685445145,4.820567607879639,5653929
2006-07-12,4.8205664443655785,4.8205664443655785,4.745244731104987,4.772145748138428,7836487
2006-07-13,4.702204177377621,4.729105196422625,4.573081967348996,4.610742568969727,7814679
2006-07-14,4.57308292388916,4.594603124844783,4.503141497306091,4.57308292388916,8178087
2006-07-17,4.465479698506313,4.503140297974182,4.384778708590248,4.433199405670166,7534183
2006-07-18,4.438578571429602,4.486999261688952,4.363257383103653,4.4762396812438965,8209141
2006-07-19,4.465479953774668,4.632263281075446,4.433199659093223,4.610742568969727,13070226
2006-07-20,4.653783092584654,4.669923496416009,4.535420990573687,4.551560878753662,9726088
2006-07-21,4.438579406242158,4.443959713127939,4.287936743431573,4.3040771484375,21058167
2006-07-24,4.336356780629566,4.530040052654929,4.3309764748852615,4.519279956817627,12091657
2006-07-25,4.519279956817627,4.546180454236536,4.433198674467901,4.519279956817627,6043869
2006-07-26,4.519280226076017,4.567700918054432,4.443959035075962,4.546180725097656,7207558
2006-07-27,4.653782875327843,4.718343971987916,4.503139972686768,4.503139972686768,11620915
2006-07-28,4.5031404586317025,4.68606418716824,4.492380876287179,4.669923782348633,13363786
2006-07-31,4.669923419446823,4.696823920171917,4.583841610865977,4.664543628692627,7251979
2006-08-01,4.653781942437945,4.680682436958157,4.616121353239898,4.632261753082275,10012111
2006-08-02,4.66992431986782,4.696824825779674,4.643023813955967,4.648404121398926,6365670
2006-08-03,4.648404482845126,4.7022049832007315,4.626883767051374,4.653784275054932,7004347
2006-08-04,4.680683728675114,4.702203923969659,4.583841818546873,4.599982738494873,5528806
2006-08-07,4.610742730817512,4.610742730817512,4.530041217803955,4.530041217803955,6863245
2006-08-08,4.610742897690865,4.621503512336609,4.535421689079407,4.578462600708008,11064648
2006-08-09,4.637642318640962,4.675302914140989,4.546180725097656,4.546180725097656,10744656
2006-08-10,4.643024473103491,4.777527021757431,4.632264372341485,4.734486103057861,16353661
2006-08-11,4.788286815072721,4.793667122934036,4.648404482845126,4.653784275054932,7338208
2006-08-14,4.750625037641952,4.831326026136741,4.7398644245680215,4.772145748138428,10440844
2006-08-15,4.815187465062091,4.992730926251113,4.777526855876911,4.981970310211182,12447226
2006-08-16,4.981968842871144,5.105711250020746,4.976589052087215,5.094951152801514,17967189
2006-08-17,5.094951417515317,5.21331352437925,5.089571110800475,5.159512519836426,13342179
2006-08-18,5.137992422881359,5.137992422881359,5.041150509715536,5.1003313064575195,7259718
2006-08-21,5.100331156177619,5.105711462837184,4.976589259521578,4.992729663848877,7301626
2006-08-22,5.014251168977234,5.05729208654246,4.976590559476984,5.035771369934082,5998041
2006-08-23,5.030389540926172,5.030389540926172,4.8743663423759385,4.890506744384766,7068567
2006-08-24,4.895887647025123,4.895887647025123,4.831326539972071,4.847466945648193,6915304
2006-08-25,4.858227563962502,4.88512806822824,4.804426555431026,4.8098063468933105,4488732
2006-08-28,4.799046944888046,4.8636080613664285,4.739865620652812,4.836708068847656,5222884
2006-08-29,4.842087154190445,4.863607351324316,4.8098063428382,4.847466945648193,5181177
2006-08-30,4.901268928913838,4.971209833976379,4.874367906499379,4.96044921875,7921812
2006-08-31,4.998109987188846,5.030390799281565,4.93892867023601,5.008870601654053,8785408
2006-09-01,5.046528868296782,5.084189458378296,4.987348088354766,5.025008678436279,5640160
2006-09-05,5.025009101388457,5.068049484732148,4.97658841230115,5.046529293060303,4702093
2006-09-06,5.0142497447724566,5.019629535657874,4.85284673648504,4.885127544403076,10289893
2006-09-07,4.885127487205096,4.922788085567596,4.809805774828716,4.868987083435059,8675864
2006-09-08,4.917409023708022,4.917409023708022,4.782906484333592,4.820567607879639,8549937
2006-09-11,5.057291188134912,5.057291188134912,4.766765432919018,4.847466945648193,6423960
2006-09-12,4.8582276713071115,5.014250393235205,4.852847364074509,5.008870601654053,13760158
2006-09-13,5.0519106077003135,5.143372214048043,5.014250006927885,5.1003313064575195,13299567
2006-09-14,5.073429633811422,5.1595109047428815,5.0411488349301,5.111089706420898,10715913
2006-09-15,5.154133329305365,5.207934345499385,5.111092413219846,5.1164727210998535,8992036
2006-09-18,5.164892579949297,5.3531960868584765,5.154131967033386,5.337055683135986,17932617
2006-09-19,5.299395150743209,5.299395150743209,5.0895714262807035,5.202553749084473,14983545
2006-09-20,5.218693460922612,5.3209156817944345,5.2025535716309586,5.304774761199951,10237734
2006-09-21,5.326296577107237,5.326296577107237,5.170273833501923,5.1864142417907715,9025503
2006-09-22,5.121850316482165,5.191791187972965,5.100329612010871,5.111089706420898,9467602
2006-09-25,5.170274130155655,5.304776165209292,5.111092801584751,5.267116069793701,13291828
2006-09-26,5.2671141611099745,5.2671141611099745,5.164892465877496,5.2294535636901855,9343284
2006-09-27,5.175652677378127,5.23483399170826,5.143372382367405,5.148752689361572,8758676
2006-09-28,5.154131738949309,5.19717264175415,5.121851448584193,5.19717264175415,10567072
2006-09-29,5.234834048098615,5.234834048098615,5.137992646371831,5.16489315032959,10841940
2006-10-02,5.1648931467003605,5.267114855407441,5.137992642761504,5.202553749084473,10834402
2006-10-03,5.164893681031852,5.164893681031852,5.078811853261388,5.089571952819824,13788097
2006-10-04,5.057291080020717,5.15951278769848,5.030390576352735,5.148752689361572,13735335
2006-10-05,5.202554152058485,5.299395561218262,5.175653130384525,5.299395561218262,10083064
2006-10-06,5.234833029556245,5.283253720998414,5.1971724344732975,5.2240729331970215,8134470
2006-10-09,5.22407325735106,5.261733854770848,5.202553063297285,5.2294535636901855,6082561
2006-10-10,5.299394818352668,5.353196338507255,5.240213507138603,5.272494316101074,14386273
2006-10-11,5.27249511590436,5.320916336693252,5.213314311364351,5.2778754234313965,11604534
2006-10-12,5.2993955949809335,5.433898125950292,5.294015803133044,5.428517818450928,17075453
2006-10-13,5.45003753666644,5.589919833916705,5.433897132769884,5.541499137878418,10550389
2006-10-16,5.643722347094816,5.649102139399393,5.536120313185044,5.55764102935791,10148992
2006-10-17,5.503838549630916,5.503838549630916,5.3424360421925075,5.390856742858887,11168967
2006-10-18,5.385477393451068,5.423137998799111,5.2455950713509845,5.261734962463379,13023493
2006-10-19,5.25635322227469,5.261733528279968,5.19179212846802,5.2240729331970215,7679104
2006-10-20,5.27249516198072,5.2778754695547745,5.197173949852847,5.2402143478393555,7103842
2006-10-23,5.272493539023579,5.347814727966394,5.240212734818758,5.3209147453308105,8895255
2006-10-24,5.358575877665056,5.406996573181152,5.31553497295554,5.337055683135986,9652522
2006-10-25,5.337055513262253,5.3854762072371605,5.288634303635985,5.363955497741699,11359314
2006-10-26,5.358576030663106,5.514598734582064,5.3262952222964435,5.369336128234863,8323008
2006-10-27,5.369335189320303,5.374715494991044,5.218692302703857,5.218692302703857,8388232
2006-10-30,5.2186936389266405,5.2455946585169295,5.1218522372679045,5.202553749084473,12410644
2006-10-31,5.245593315406262,5.288633698166989,5.191791805652754,5.218692302703857,7805332
2006-11-01,5.250974993150832,5.2617350927092685,5.078811853261388,5.089571952819824,10841136
2006-11-02,5.111089706420898,5.1433705053022205,5.0357685298994666,5.111089706420898,13923873
2006-11-03,5.100331265925015,5.1379923820495605,5.057290874327946,5.1379923820495605,9557047
2006-11-06,5.084190861250411,5.1810332892980355,5.084190861250411,5.1379923820495605,11255799
2006-11-07,5.121852127358129,5.213313735657279,5.11647182042524,5.1702728271484375,15684834
2006-11-08,5.170272997078165,5.191793194214172,5.100331582908982,5.181033611297607,7665738
2006-11-09,5.213313624426216,5.2186934155929,5.084190901654647,5.1003313064575195,10808272
2006-11-10,5.132611600411854,5.143372214048043,5.078811110487964,5.1003313064575195,8938269
2006-11-13,5.127230440064828,5.164891546431611,5.084189543967986,5.154130935668945,7590363
2006-11-14,5.154132356801753,5.3101555837161944,5.143372258723513,5.304774761199951,9058366
2006-11-15,5.363956456445094,5.374717070941756,5.2724948427836305,5.326295852661133,10885356
2006-11-16,5.326294806859952,5.396236209098222,5.272493807546106,5.385476112365723,8776565
2006-11-17,5.358576030663106,5.3800962258066205,5.315535124724685,5.369336128234863,7566846
2006-11-20,5.3047740977436035,5.396236209098222,5.3047740977436035,5.385476112365723,12745209
2006-11-21,5.412375146950031,5.428515547043158,5.347814062228781,5.423135757446289,7821513
2006-11-22,5.406997449947397,5.563020174711304,5.396237350938069,5.546879768371582,11876989
2006-11-24,5.493078297609604,5.676001512402124,5.476937892621696,5.638341426849365,8016885
2006-11-27,5.649100568985978,5.713662183905346,5.5092187888319355,5.5253586769104,13331827
2006-11-28,5.487698078641687,5.546878871449272,5.471557674911845,5.5253586769104,9365695
2006-11-29,5.600681449140488,5.681383490494366,5.5630208402763595,5.632961750030518,11818800
2006-11-30,5.681380602187382,5.810502771407264,5.6544795916443755,5.783601760864258,17083794
2006-12-01,5.783604967850097,5.842786295688254,5.654482727032449,5.7136640548706055,13913622
2006-12-04,5.778223158100236,5.99880695212882,5.735182254302761,5.961146354675293,17645388
2006-12-05,5.89658484708089,6.0687479346566775,5.89658484708089,6.014946937561035,11921209
2006-12-06,6.014949017290729,6.041849009488167,5.92348739373462,5.9342474937438965,13284190
2006-12-07,5.912725257003898,6.025707567164961,5.880444965280291,5.9181060791015625,7563429
2006-12-08,5.842784518479393,5.907345619250567,5.767463320188255,5.875065326690674,11731164
2006-12-11,5.875064139741305,5.971905513507341,5.821262631708319,5.84816312789917,12532551
2006-12-12,5.805124194883655,5.805124194883655,5.654481777769783,5.751323699951172,12412654
2006-12-13,5.772842668452202,5.799743168015035,5.676000766895731,5.686761379241943,10313913
2006-12-14,5.676000771815489,5.762082576751709,5.665240675111299,5.762082576751709,8357982
2006-12-15,5.799743709957513,5.826644212033996,5.729802817079773,5.778223514556885,7953670
2006-12-18,5.815883846581682,5.918106059157044,5.740562134844355,5.826643943786621,7873471
2006-12-19,5.724424155663486,5.724424155663486,5.643722626239569,5.7136640548706055,11242734
2006-12-20,5.735183879402809,5.794365203350153,5.670622763238487,5.692142963409424,8017990
2006-12-21,5.676001970326995,5.799744397682285,5.676001970326995,5.788984298706055,10309189
2006-12-22,5.78898206610311,5.837402750647751,5.751321476384916,5.783601760864258,4552650
2006-12-26,5.8105042259195,5.891205215144926,5.799743612748148,5.875065326690674,4484008
2006-12-27,5.880444852132392,5.928865546611809,5.880444852132392,5.92348575592041,5479662
2006-12-28,5.891206203631907,5.934247116584998,5.848165290678817,5.912726402282715,6184870
2006-12-29,5.982668672472585,5.9934282567498,5.864306026302166,5.880446434020996,4470843
2007-01-03,5.977286781013487,6.0149478975119965,5.864304978472194,5.901966094970703,12438784
2007-01-04,5.907345886148054,5.939626695817801,5.80512366596146,5.901966094970703,17678653
2007-01-05,5.864305512786575,5.864305512786575,5.692142382048251,5.751323699951172,12691240
2007-01-08,5.751321476384916,5.821262350582451,5.751321476384916,5.783601760864258,5477350
2007-01-09,5.837405987466042,5.837405987466042,5.6921433376333015,5.7136640548706055,7396096
2007-01-10,5.643722259942832,5.756704084412484,5.606061651786281,5.745944499969482,11091582
2007-01-11,5.778224507069071,5.8912063258060865,5.772844199469052,5.869686126708984,17608203
2007-01-12,6.025708936622204,6.149450856495804,5.988048329893217,6.052609443664551,33519865
2007-01-16,6.106410125781093,6.133310631361024,6.052609114621232,6.0848894119262695,14243463
2007-01-17,6.106410016050343,6.181731224060059,6.03646859966906,6.181731224060059,19711668
2007-01-18,6.176351879189643,6.187111978876283,6.03108924429127,6.052609443664551,20908723
2007-01-19,6.052608868471805,6.106409877443669,6.014948265321788,6.074129581451416,12316677
2007-01-22,6.052607254046269,6.052607254046269,5.939625474732104,5.950385570526123,11010579
2007-01-23,5.955767515181805,6.095650358062604,5.896586709079537,6.052609443664551,17382380
2007-01-24,6.133312055699117,6.176352977752686,6.047230727243565,6.1763529777526855,12059698
2007-01-25,6.0149484398127155,6.047229252392864,5.783603991392211,5.788984298706055,47390574
2007-01-26,5.805124703216956,5.891206533949714,5.7674646112921915,5.880446434020996,13772620
2007-01-29,5.880446241461681,5.891206341038052,5.788984621585289,5.794364929199219,7460115
2007-01-30,5.79436491421764,5.875066434309002,5.79436491421764,5.869686126708984,6525867
2007-01-31,5.842785620011863,5.9019669410061235,5.778224507069071,5.869686126708984,9210423
2007-02-01,5.869684755098229,5.939626159297337,5.810503963584648,5.92348575592041,8544711
2007-02-02,5.9665247248802435,5.97728430277392,5.864302547075949,5.8858232498168945,7043643
2007-02-05,5.832024936525915,5.880445637471967,5.832024936525915,5.837404727935791,8542199
2007-02-06,5.918106499805577,5.939626695817801,5.864304978472194,5.901966094970703,9055954
2007-02-07,5.901966351777439,6.079509265732075,5.891205737651699,6.004188060760498,13428508
2007-02-08,6.00956695363735,6.00956695363735,5.950386163051506,5.982666969299316,7503732
2007-02-09,5.982666461874801,6.004186653780518,5.880444261194358,5.891204357147217,9731515
2007-02-12,5.832025816377096,5.875066732406659,5.729804092001958,5.745944499969482,11556394
2007-02-13,5.708282728840695,5.778224145000921,5.654481718817667,5.772843837738037,13869804
2007-02-14,5.832026014518677,6.0310896778105905,5.82664570646287,5.998808860778809,12912843
2007-02-15,6.004186517039618,6.047227415522142,6.004186517039618,6.009566307067871,11425242
2007-02-16,6.047229005423771,6.047229005423771,5.971907284363388,6.041848182678223,4949826
2007-02-20,6.047228280195329,6.154830283961643,6.014947472804884,6.106409072875977,8291049
2007-02-21,6.106411543872086,6.181732770727142,6.05799082884406,6.1763529777526855,7740409
2007-02-22,6.1763501580644675,6.240911253844961,6.149449142866968,6.214010238647461,10243161
2007-02-23,6.262432229777463,6.262432229777463,6.10640901636927,6.127929210662842,6074823
2007-02-26,6.13330951706192,6.13330951706192,6.0741287249289115,6.127929210662842,8577776
2007-02-27,6.031085801800684,6.036465590747522,5.880442945218858,5.8858232498168945,16183816
2007-02-28,5.945005211244634,6.047227409495162,5.918105229827581,5.971905708312988,9975529
2007-03-01,5.815885318797179,5.918107557248767,5.724423695925813,5.880446434020996,15206554
2007-03-02,5.880444669268783,5.89120476596834,5.724421977996826,5.724421977996826,9541369
2007-03-05,5.326295370954734,5.627580689629845,5.272494365942956,5.439277172088623,19155400
2007-03-06,5.595301131554162,5.729803661764882,5.589920824085144,5.708282947540283,16901789
2007-03-07,5.70828160932914,5.735182109064913,5.622200319565482,5.649100303649902,12763902
2007-03-08,5.799743175506591,5.826643675104172,5.751322482491485,5.799743175506592,7744027
2007-03-09,5.751321476384916,5.78898206610311,5.616819001926182,5.783601760864258,22430796
2007-03-12,5.810503872497489,6.004187163030286,5.783602856856741,5.982666969299316,15808047
2007-03-13,5.93962685010861,6.047228864267678,5.8858258430290755,5.896585941314697,18061458
2007-03-14,5.950385570526123,5.998806259424865,5.8051224725272865,5.950385570526123,9948997
2007-03-15,5.950388150882664,6.025709369754783,5.9234876419066875,5.998808860778809,11060427
2007-03-16,5.998807800519622,6.014948206182778,5.923486594960147,5.928866386413574,8237683
2007-03-19,5.934247339709167,6.031089268581951,5.923487239979189,5.939627647399902,9695034
2007-03-20,5.966527806156332,6.095650026679413,5.955767191403188,6.0848894119262695,9877341
2007-03-21,6.095648659426013,6.251671350533151,6.04722796650348,6.214010238647461,9281376
2007-03-22,6.251672808617621,6.251672808617621,6.063369267876322,6.101029872894287,14519034
2007-03-23,6.031088553736769,6.17097086494967,6.031088553736769,6.1171698570251465,7086657
2007-03-26,6.133308985117873,6.154829693196318,6.041846878174307,6.149448871612549,9676743
2007-03-27,6.122549259853333,6.122549259853333,5.982666969299316,5.982666969299316,6576820
2007-03-28,5.982667805104255,5.982667805104255,5.810504684250485,5.821264266967773,13758952
2007-03-29,5.885825637513707,5.955766531753835,5.7298029286914725,5.81050443649292,22769179
2007-03-30,5.78898206610311,5.8266426558213045,5.751321476384916,5.783601760864258,9627900
2007-04-02,5.81588357839541,5.864304271410516,5.745942691962779,5.799743175506592,6349188
2007-04-03,5.837404516350032,5.864305019378662,5.778223719077895,5.864305019378662,16976259
2007-04-04,5.864304271410516,5.907345173896915,5.77284267590901,5.799743175506592,12961585
2007-04-05,5.858925187294844,5.945006486995151,5.8158842796189845,5.901966094970703,12080301
2007-04-09,5.971905513507341,5.971905513507341,5.832023242705687,5.84816312789917,8725913
2007-04-10,5.805123024007038,5.8804447330232605,5.77284273355839,5.815883636474609,11179921
2007-04-11,5.864305834271379,5.869686141885309,5.772844214394988,5.794364929199219,7455894
2007-04-12,5.805123614060854,5.842784730222654,5.756702915640548,5.81050443649292,8070753
2007-04-13,5.762084161264475,5.821264967237298,5.713663454954759,5.756703853607178,8323108
2007-04-16,5.8212649203144045,5.832025535542264,5.740563400014385,5.794364929199219,13586394
2007-04-17,5.81050496247365,5.81050496247365,5.70290294233133,5.735183238983154,10811790
2007-04-18,5.74056339263916,5.799744713710402,5.729803808728099,5.74056339263916,10639633
2007-04-19,5.659862610289706,5.697523218062851,5.632961586850025,5.676002502441406,14985253
2007-04-20,5.842785269788586,5.848165061414648,5.611440822930103,5.659862041473389,16506421
2007-04-23,5.729804087185831,5.735183879402809,5.670622763238487,5.692142963409424,10061055
2007-04-24,5.783602659329449,5.837403657470765,5.632959761403495,5.8051228523254395,27024651
2007-04-25,5.8158831698258915,5.907344758902162,5.805122558221719,5.891204357147217,27902016
2007-04-26,5.837405562357394,5.950387901583564,5.837405562357394,5.9342474937438965,18366676
2007-04-27,5.858925721119056,5.864305512786575,5.724423194659201,5.751323699951172,16408132
2007-04-30,5.735182495699016,5.740562286618034,5.670621395111084,5.670621395111084,13280874
2007-05-01,5.676001975742777,5.767464106256646,5.654481777769783,5.751323699951172,8039598
2007-05-02,5.7459448729007905,5.756704458042125,5.686763545062634,5.7136640548706055,11618503
2007-05-03,5.697521480875219,5.788983076337859,5.697521480875219,5.762082576751709,9798348
2007-05-04,5.864305881541207,5.8696861891985055,5.756703853607178,5.756703853607178,9569610
2007-05-07,5.756703853607178,5.788984668247983,5.729803862275161,5.756703853607178,5307907
2007-05-08,5.724422012300874,5.729802318508569,5.632959900678169,5.649100303649902,7262230
2007-05-09,5.6060590302722355,5.665239810943603,5.58991862985231,5.6652398109436035,12284517
2007-05-10,5.676000916258945,5.676000916258945,5.5845393184687815,5.606060028076172,14074924
2007-05-11,5.557640904853158,5.627581812806447,5.557640904853158,5.600681304931641,10183162
2007-05-14,5.568399162675379,5.611440068151843,5.487698173927666,5.503838062286377,11532174
2007-05-15,5.546877761741612,5.589918657859976,5.476936370005681,5.53073787689209,8597574
2007-05-16,5.536118514150472,5.665240706621636,5.530738723594129,5.649100303649902,12650538
2007-05-17,5.622202059753807,5.826645508504084,5.622202059753807,5.745944499969482,26391802
2007-05-18,5.756701392454822,5.7889821932946735,5.659860021237808,5.6652398109436035,50246784
2007-05-21,5.697523280719249,5.745944504661363,5.638342472325348,5.654482364654541,24418384
2007-05-22,5.6813827445634475,5.772843842902676,5.632961010457078,5.735183238983154,19368561
2007-05-23,5.762081697811888,5.805122078063329,5.6544797158807425,5.6652398109436035,15541018
2007-05-24,5.697521625866336,5.7298024324517405,5.557639333849427,5.606060028076172,30232209
2007-05-25,5.59530165681791,5.649102158301294,5.552260739979682,5.632961750030518,16438785
2007-05-29,5.69752448062499,5.751325508123561,5.67600376023459,5.7190446853637695,16839177
2007-05-30,5.724423140099213,5.762083744018734,5.649101416608716,5.735183238983154,13727998
2007-05-31,5.788984606617622,5.8912063258060865,5.740563385171913,5.869686126708984,18564159
2007-06-01,5.907345353841292,5.9826670643997115,5.842784255970764,5.961146354675293,17743878
2007-06-04,5.91810722542263,5.971907722049649,5.896586511120347,5.912726402282715,12507627
2007-06-05,5.928865640710611,5.955766141548647,5.767463151333764,5.826643943786621,31429365
2007-06-06,5.8320239812842285,5.864304271410516,5.745942691962779,5.799743175506592,9908596
2007-06-07,5.832023978805968,5.858924478392118,5.756702270573939,5.762082576751709,20211253
2007-06-08,5.839000222474052,5.945674128402795,5.794084695410794,5.934445381164551,17631921
2007-06-11,5.9007585228859165,5.9232160170638215,5.861457639019446,5.872686386108398,14579635
2007-06-12,5.833385691438747,5.833385691438747,5.743554635593049,5.766012668609619,11875683
2007-06-13,5.766013277100955,5.833386307040005,5.754784528462838,5.8277716636657715,15673578
2007-06-14,5.861457177408947,5.97936035783334,5.838999684999649,5.951288223266602,22370395
2007-06-15,5.962518190232426,6.108493535110431,5.962518190232426,6.074806213378906,20602500
2007-06-18,6.0635792750557815,6.074807487804605,5.968133547475778,5.990591049194336,12754254
2007-06-19,6.001819309047454,6.02427680691528,5.93444627733361,6.0074334144592285,9767595
2007-06-20,6.1197213912455615,6.125336034227519,6.024276227324457,6.063577651977539,20268237
2007-06-21,6.091649608149477,6.316226730772244,6.091649608149477,6.304997444152832,22318537
2007-06-22,6.254468095948526,6.293769524712674,6.136565423987183,6.164637565612793,16197685
2007-06-25,6.282540901519854,6.2993842958973225,6.170252323150635,6.170252323150635,13686291
2007-06-26,6.271310930050666,6.271310930050666,6.136564877491773,6.181480407714844,11499109
2007-06-27,6.147792168669126,6.265695340301218,6.125334677934532,6.2544660568237305,7901410
2007-06-28,6.187093449692118,6.304996090897153,6.187093449692118,6.271309852600098,9823774
2007-06-29,6.271307830568737,6.366752948801768,6.187091454814289,6.248850345611572,13889502
2007-07-02,6.2881537980070705,6.349912176079294,6.282539155404925,6.333069324493408,12859678
2007-07-03,6.355527969983878,6.4116717108708,6.327455292374927,6.3948283195495605,5946082
2007-07-05,6.400442962693416,6.422900997158511,6.344298683696167,6.3948283195495605,20753752
2007-07-06,6.361144213742106,6.473432809489936,6.349914923678917,6.4453606605529785,18436725
2007-07-09,6.557647444238864,6.630634580818154,6.450972984889267,6.585719585418701,20947717
2007-07-10,6.501503108353896,6.5351898927365095,6.422901328941604,6.428515434265137,17535140
2007-07-11,6.394829863099789,6.439745404761129,6.361143610436626,6.400444507598877,15924526
2007-07-12,6.445359776125567,6.568877106877124,6.428516381452529,6.563262462615967,10888672
2007-07-13,6.591332763519216,6.602562048899701,6.535189027168205,6.546417236328125,10991785
2007-07-16,6.568875976720974,6.608176865456169,6.406057778485018,6.557647228240967,12971535
2007-07-17,6.495888221258783,6.619405529177964,6.495888221258783,6.591333389282227,12932842
2007-07-18,6.3892137479677995,6.512731045120296,6.27692519817275,6.377985000610352,17524085
2007-07-19,6.327455479281314,6.361142262918865,6.260082450116553,6.304997444152832,20027740
2007-07-20,6.265697237808537,6.288154735344171,6.0298913612429565,6.11972188949585,21393736
2007-07-23,6.198323974872998,6.203938079991398,6.142179695026985,6.187094688415527,13816036
2007-07-24,6.125336532934935,6.3106127709901605,5.996205114939505,6.11972188949585,15984726
2007-07-25,6.153408673909655,6.192709563652193,6.041120110010774,6.11972188949585,13326903
2007-07-26,5.979361290835593,5.979361290835593,5.670567762418226,5.737940788269043,28733955
2007-07-27,5.7940867597084305,5.7940867597084305,5.575124227165451,5.67056941986084,25589209
2007-07-30,5.771626472473144,5.827770201578231,5.68179542968458,5.7716264724731445,19054699
2007-07-31,5.822157722522104,5.861458612918536,5.676182371780655,5.698639869689941,17469413
2007-08-01,5.558280091301895,5.603195628388097,5.401075980555387,5.580737590789795,18272005
2007-08-02,5.67056941986084,5.737942465404028,5.395462593013458,5.67056941986084,14925456
2007-08-03,5.805313211585505,5.805313211585505,5.429147234469961,5.445990085601807,18280749
2007-08-06,5.547051008471367,5.63688207724964,5.401075656234266,5.62565279006958,16319592
2007-08-07,5.4965195383370276,5.597578784423281,5.462832764234816,5.552663803100586,12688426
2007-08-08,5.670567508092497,5.805313553750753,5.648109475075927,5.766012668609619,12370947
2007-08-09,5.687412201056606,5.693026307013969,5.3898479038935605,5.490907192230225,26989777
2007-08-10,5.6144242769684185,5.6144242769684185,5.36177552889549,5.558279991149902,18508281
2007-08-13,5.726711753958393,5.726711753958393,5.558278928698373,5.6312665939331055,13358560
2007-08-14,5.659338899696066,5.687411038073827,5.3898468017578125,5.3898468017578125,16883799
2007-08-15,5.361774707368947,5.401075055687872,5.1315829555386605,5.1596550941467285,30594913
2007-08-16,5.0642083081820966,5.187725570866779,4.918233557049341,5.114738464355469,22003068
2007-08-17,5.271943165060745,5.474062759745488,5.249485671478111,5.445990085601807,16835961
2007-08-20,5.535820831531944,5.55827886417207,5.389846578977676,5.45721960067749,8833146
2007-08-21,5.535821093456,5.535821093456,5.361774695449385,5.429147720336914,11068065
2007-08-22,5.485292969537544,5.597581554635666,5.474064756760279,5.547051906585693,16875156
2007-08-23,5.614424909965748,5.614424909965748,5.451606677979297,5.586353302001953,10086180
2007-08-24,5.535821945101122,5.6481105165585355,5.5245937336878495,5.636882305145264,7980303
2007-08-27,5.614423138606963,5.614423138606963,5.423532820772442,5.45721960067749,10061256
2007-08-28,5.462833518703953,5.462833518703953,5.255099818010828,5.277557849884033,8762294
2007-08-29,5.3449321572213115,5.474064122750083,5.3168600141981175,5.46283483505249,8693954
2007-08-30,5.395461416449803,5.490906588331899,5.339317134388527,5.350545883178711,7645437
2007-08-31,5.530207127114807,5.575122657534821,5.485291596694795,5.5695085525512695,10421448
2007-09-04,5.54143778830132,5.721098878340092,5.530208499327249,5.681797981262207,12640488
2007-09-05,5.569507881461579,5.636880899918425,5.563893239044235,5.597579479217529,14275221
2007-09-06,5.6649545859115555,5.721098878340092,5.591967436242821,5.681797981262207,12682899
2007-09-07,5.591965644077119,5.591965644077119,5.378617293602471,5.45721960067749,16333360
2007-09-10,5.496521621924481,5.5863526948428595,5.406691087116497,5.46283483505249,12108340
2007-09-11,5.518978668850209,5.547050809573052,5.43476224668168,5.502135276794434,12389037
2007-09-12,5.496521860585062,5.636882581795536,5.4459916780830415,5.530208110809326,13083592
2007-09-13,5.502135696530132,5.681797303239916,5.485292303189443,5.636882305145264,13220976
2007-09-14,5.597580070582018,5.642495600335167,5.5751225747606,5.603194713592529,11346148
2007-09-17,5.530206751385577,5.580736383356093,5.4740630148129386,5.513363361358643,8778374
2007-09-18,5.513363845425402,5.754784355380457,5.474063495429173,5.743555068969727,13417152
2007-09-19,5.721097803173992,5.721097803173992,5.614423882851187,5.676182270050049,16512652
2007-09-20,5.659337520599365,5.6986378590189535,5.608807899076838,5.659337520599365,11045854
2007-09-21,5.670569570857752,5.777243517632459,5.664954926033614,5.754786014556885,9372328
2007-09-24,5.782856058844474,5.839000334220462,5.737940530921625,5.766012668609619,11343736
2007-09-25,5.7267135228271275,5.737942273690744,5.648111190560903,5.681797981262207,15781716
2007-09-26,5.7210971011414955,5.777241376129404,5.614423193908584,5.648109436035156,13897843
2007-09-27,5.743553800755281,5.810926813791598,5.704253459436827,5.7716264724731445,11353987
2007-09-28,5.760399775417977,5.777243170768629,5.676183336775171,5.681797981262207,7843623
2007-10-01,5.726710734276522,5.917601020337714,5.715481450770411,5.855842113494873,10708174
2007-10-02,5.867073562054757,5.923217309752383,5.844615524865315,5.906374454498291,10962942
2007-10-03,5.844615055678122,5.911988085617171,5.7772420257390715,5.8277716636657715,8875959
2007-10-04,5.844615459442139,5.923217243449359,5.816543854962748,5.844615459442139,11784630
2007-10-05,5.900759788892229,6.0804213951926345,5.878301751785684,6.001819610595703,11529561
2007-10-08,5.956904411315918,6.069192988866635,5.928832805038659,5.956904411315918,10397529
2007-10-09,5.984975916591402,6.018662701503505,5.895144848899369,6.0074334144592285,14241051
2007-10-10,6.007432609077405,6.074805631758935,5.895144058571423,6.0523481369018555,15874779
2007-10-11,5.951290023113127,5.984976271914793,5.670568592547265,5.732326984405518,22792797
2007-10-12,5.754784982309313,5.754784982309313,5.597580874646856,5.636882305145264,16922592
2007-10-15,5.687410941154347,5.771627354852491,5.59196577991851,5.6144232749938965,11790660
2007-10-16,5.659338393367287,5.664952497674374,5.5582785966268915,5.597579479217529,10599433
2007-10-17,5.693024741081749,5.766012403334674,5.603194227479144,5.715482234954834,12266527
2007-10-18,5.698641028902568,5.737942465404028,5.603196374317652,5.67056941986084,13324792
2007-10-19,5.614424968954303,5.676183368100245,5.445992090739164,5.468449592590332,15072789
2007-10-22,5.462833112348705,5.513362738611785,5.389845993993195,5.45160436630249,9349615
2007-10-23,5.535821721291306,5.63688207724964,5.513364223151923,5.62565279006958,16278387
2007-10-24,5.580736644828844,5.580736644828844,5.339316682869321,5.485291481018066,16157284
2007-10-25,5.580737730541751,5.580737730541751,5.445991654019255,5.490907192230225,21184194
2007-10-26,5.5751220650604,5.597579558828663,5.53020653941361,5.5638933181762695,22524562
2007-10-29,5.709869805547385,5.91760356819861,5.693026411146383,5.900760173797607,29765688
2007-10-30,5.7828554784885196,5.861457240882469,5.70425371609457,5.8389997482299805,15677296
2007-10-31,5.867072037996893,6.024275566935112,5.850228649007726,5.979360580444336,21427404
2007-11-01,5.693024920200489,6.029890567557109,5.693024920200489,5.895143985748291,23194495
2007-11-02,5.827771777719498,5.923216950176945,5.766013389946024,5.833386421203613,17370822
2007-11-05,5.715484844043388,5.8614602351862315,5.6705698357937555,5.726714134216309,11784328
2007-11-06,5.726710734276522,5.87829960428671,5.726710734276522,5.855842113494873,9938746
2007-11-07,5.855844513028476,5.855844513028476,5.693026292794594,5.7042555809021,9930505
2007-11-08,5.67618266850255,5.74917088579909,5.4796782062481375,5.558279991149902,17854026
2007-11-09,5.50213586717827,5.608810336237544,5.479678367434426,5.507750511169434,13851814
2007-11-12,5.496521082122272,5.580736964810789,5.384232521057129,5.384232521057129,13630815
2007-11-13,5.451606309784196,5.608810424804687,5.451606309784196,5.6088104248046875,20986008
2007-11-14,5.586352278564578,5.648110127636965,5.507749961090608,5.524593353271484,8140500
2007-11-15,5.558280848814363,5.563895493506732,5.361776356238538,5.417920112609863,14969676
2007-11-16,5.440376614051414,5.479677501447383,5.356159658045305,5.474063396453857,9207910
2007-11-19,5.434762306270623,5.4740637342018,5.350545883178711,5.350545883178711,11246854
2007-11-20,5.378617434452894,5.569508295396576,5.350545296500321,5.423532962799072,11248563
2007-11-21,5.333703158348959,5.350546552697041,5.142812790698497,5.204571723937988,15221428
2007-11-23,5.333701911431602,5.38423208266286,5.288786383040582,5.32808780670166,7668451
2007-11-26,5.333701911431602,5.45160510619424,5.322473163861421,5.32808780670166,12451347
2007-11-27,5.356159489193896,5.356159489193896,5.227028621089751,5.2944016456604,13308310
2007-11-28,5.27755842136369,5.524593031947201,5.27755842136369,5.474063396453857,14599836
2007-11-29,5.445990719044939,5.513363745739504,5.384232335454223,5.474063396453857,12514260
2007-11-30,5.575122657534821,5.648109789093229,5.535821232098359,5.5695085525512695,16528431
2007-12-03,5.591965930779779,5.597580035644937,5.468448090201973,5.485291481018066,12347128
2007-12-04,5.457219370503383,5.535820598042601,5.417917949568384,5.445990085601807,8705913
2007-12-05,5.547049894237039,5.636880944970975,5.535820609312602,5.62003755569458,16700386
2007-12-06,5.603194837463066,5.771627674178204,5.603194837463066,5.7603983879089355,10510993
2007-12-07,5.782855987548828,5.827770976807638,5.7379404601797335,5.782855987548828,10311199
2007-12-10,5.653724051377815,5.749169748882922,5.636881199451301,5.687410831451416,9017061
2007-12-11,5.698642041114331,5.794087788873584,5.558281818532548,5.575125217437744,13668804
2007-12-12,5.67056755079266,5.721097183767427,5.530206861295753,5.6144232749938965,9967791
2007-12-13,5.530207332643496,5.55266536774331,5.4291480580805285,5.535821437835693,12614458
2007-12-14,5.547052097540098,5.547052097540098,5.401076716643229,5.417920112609863,8700386
2007-12-17,5.457219414318351,5.457219414318351,5.266328564892299,5.277557849884033,13084899
2007-12-18,5.3280887512254465,5.457220716449816,5.305630713993595,5.406691074371338,10374213
2007-12-19,5.361776280245566,5.468449684894429,5.361776280245566,5.434763431549072,10411900
2007-12-20,5.474063249632035,5.490906102271186,5.389846833995048,5.429147720336914,7812669
2007-12-21,5.474064261553669,5.513364617050191,5.434762829836332,5.507750511169434,8782795
2007-12-24,5.524592646783455,5.54705014141251,5.4740630148129386,5.513363361358643,1896435
2007-12-26,5.518979198142868,5.580737590789795,5.479678304983842,5.580737590789795,4822693
2007-12-27,5.620038483074514,5.631267231741581,5.485291884738658,5.502135276794434,4903495
2007-12-28,5.524593742525028,5.569509278801919,5.462834812880505,5.558279991149902,9009121
2007-12-31,5.586352047103716,5.631267040244605,5.56389401242294,5.591966152191162,6737922
2008-01-02,5.524593414749844,5.5582796613761065,5.328088426043719,5.373003959655762,13048015
2008-01-03,5.333700251237649,5.41230253598337,5.277556530862318,5.300014019012451,10655211
2008-01-04,5.277558461879365,5.311244706430095,4.99683706673832,5.013680458068848,20526421
2008-01-07,5.052981729500561,5.052981729500561,4.845247988942517,4.912621021270752,18029800
2008-01-08,4.91823673248291,5.036139430123759,4.884549939950962,4.91823673248291,18814906
2008-01-09,4.957536592480669,5.131583549116787,4.9463073052502855,5.086668014526367,20390545
2008-01-10,5.024909379884126,5.103511157995509,4.985608490828434,5.097897052764893,15793173
2008-01-11,5.041751535383349,5.041751535383349,4.957535663705588,4.991221904754639,14975706
2008-01-14,5.07543861409384,5.103510752346661,5.013680232803815,5.081053256988525,14863648
2008-01-15,5.081053677520945,5.109125279986804,4.918235477423086,4.923849582672119,17130527
2008-01-16,4.884547477302698,4.901390865076721,4.648741662797021,4.761030197143555,16620690
2008-01-17,4.800333220445889,4.923850003813279,4.688044648536924,4.7105021476745605,19108266
2008-01-18,4.772260185674653,4.963150528528396,4.755417331624886,4.850862503051758,16507024
2008-01-22,4.390479087319745,4.648742151548348,4.244503762077868,4.485924243927002,20373762
2008-01-23,4.42416544457918,4.845247234661789,4.323106180874348,4.805946350097656,25966687
2008-01-24,4.862090515083035,4.996837108749831,4.794717487304803,4.878933906555176,17356652
2008-01-25,4.895776934700532,5.081053150923648,4.878933544478377,4.884548187255859,19866237
2008-01-28,4.8340185546996866,4.912620324922686,4.761030889143878,4.884548187255859,11690461
2008-01-29,5.019294156841916,5.036137546809133,4.918234893259175,4.9968366622924805,11860708
2008-01-30,5.002451189881259,5.14281133475104,4.929462988999307,4.991221904754639,18682246
2008-01-31,5.142811561062564,5.260714755198294,4.9350783868430295,5.1933417320251465,22262458
2008-02-01,5.305630022551963,5.496520892648605,5.288786631350741,5.474063396453857,23160225
2008-02-04,5.5133636196747835,5.5189782626502515,5.395460960182756,5.485291481018066,12035277
2008-02-05,5.417917712265177,5.417917712265177,5.131582260131836,5.131582260131836,20530240
2008-02-06,5.131581311636457,5.2663273185451756,5.109123285078246,5.114738464355469,11811363
2008-02-07,5.109124780420843,5.260714755198294,5.019294262226744,5.1933417320251465,17001987
2008-02-08,5.109125606656325,5.238257569185441,5.097897395440345,5.187727928161621,9359263
2008-02-11,5.193342255605862,5.305630280141531,5.154040828191477,5.288786888122559,11406046
2008-02-12,5.305630995952758,5.412305467724711,5.288787601661353,5.356160640716553,10723249
2008-02-13,5.389845993993195,5.45721900838071,5.33931582961989,5.45160436630249,10441749
2008-02-14,5.423532592019172,5.547049882944178,5.423532592019172,5.445990085601807,19969752
2008-02-15,5.384231351914975,5.524592022768224,5.367387963790541,5.45160436630249,12235272
2008-02-19,5.490907117306348,5.575123548511371,5.485292473315183,5.507750511169434,19628856
2008-02-20,5.468448090201973,5.5021348718341585,5.389846855317598,5.485291481018066,12835357
2008-02-21,5.5302069555363085,5.580736589372155,5.361774663380053,5.3898468017578125,18506070
2008-02-22,5.406691822816509,5.462835578392102,5.316860737674624,5.434763431549072,13163188
2008-02-25,5.4796772762110315,5.5582790477721264,5.401074966539635,5.541436195373535,13565389
2008-02-26,5.5751222820197945,5.7210970734147315,5.524592650019679,5.687410831451416,15799002
2008-02-27,5.620036953041756,5.782855109663509,5.620036953041756,5.749168872833252,14249995
2008-02-28,5.698639078304768,5.732325858600888,5.620037846537829,5.6312665939331055,13183590
2008-02-29,5.563895320733944,5.603196218028718,5.4572213797752065,5.468449592590332,9337254
2008-03-03,5.518979108089024,5.518979108089024,5.333702856950615,5.406691074371338,14820132
2008-03-04,5.541436902991706,5.648110288208963,5.474063870463186,5.62565279006958,28308739
2008-03-05,5.726711712865031,5.833385619520132,5.721097070152537,5.782855987548828,20783500
2008-03-06,5.782857545983383,5.8726880868199105,5.693026467036425,5.709869861602783,19604032
2008-03-07,5.6874104948155315,5.7940843952174665,5.57512195203023,5.65372371673584,22971988
2008-03-10,5.614424378132047,5.670568664962199,5.530207947886819,5.580737590789795,21618655
2008-03-11,5.681797311266219,5.906374454498291,5.681797311266219,5.906374454498291,23805234
2008-03-12,5.838999485509461,5.900757856580163,5.771626472473144,5.7716264724731445,12600489
2008-03-13,5.698639909988528,5.760398836841345,5.524593492795227,5.721097946166992,20892744
2008-03-14,5.7098701397337885,5.726713535120599,5.490907614036632,5.547051906585693,15435694
2008-03-17,5.350544930710223,5.530206493702073,5.344930826369694,5.445990085601807,16274467
2008-03-18,5.603195234520294,5.698639869689941,5.5021354177077795,5.698639869689941,16088442
2008-03-19,5.670569415962949,5.732327816789056,5.485293137263684,5.496522426605225,13728300
2008-03-20,5.659339440772621,5.844615141291382,5.597580515192797,5.794085502624512,17885784
2008-03-24,6.136564255132947,6.27131029402615,6.091648729465124,6.232009410858154,22853398
2008-03-25,6.232009222451895,6.232009222451895,6.108492472292507,6.147792816162109,18325974
2008-03-26,6.14779453299875,6.14779453299875,5.97936221149292,6.024277210235596,25658554
2008-03-27,6.001819238858825,6.001819238858825,5.7267124716985665,5.794085502624512,36010758
2008-03-28,5.810929152780073,5.816544335116099,5.659340216014138,5.709869861602783,24311955
2008-03-31,5.704254288562208,5.822156943985608,5.704254288562208,5.766012668609619,22791088
2008-04-01,5.782855415866173,5.97936035783334,5.782855415866173,5.951288223266602,21019072
2008-04-02,5.979362463074891,6.007434069414979,5.861459241138588,5.878302097320557,20032966
2008-04-03,5.810929251857782,6.007434269558083,5.810929251857782,5.984976768493652,15121129
2008-04-04,5.940058511129551,5.973745285427499,5.838999264456092,5.855842113494873,17943169
2008-04-07,5.861458992300329,5.973747565335342,5.839001492937486,5.889531135559082,17137059
2008-04-08,5.839001806664837,5.90076020228611,5.794086267415457,5.805315017700195,15330772
2008-04-09,5.794085622053857,5.822157763694162,5.698639909988528,5.721097946166992,12972942
2008-04-10,5.788471595271495,5.968133213291191,5.788471595271495,5.900760173797607,23585641
2008-04-11,5.838999485509461,5.872685722972513,5.74916898083111,5.7716264724731445,16218187
2008-04-14,5.822159333912547,5.822159333912547,5.726714134216309,5.726714134216309,17896236
2008-04-15,5.833385476932461,5.833385476932461,5.760397814005533,5.816542625427246,17423082
2008-04-16,5.973747399951438,6.153409004211426,5.962518650580885,6.153409004211426,16780485
2008-04-17,6.097263670469576,6.159022588550155,6.0411193951637,6.130950450897217,13880959
2008-04-18,6.198322289359179,6.282538148116991,6.142178024780513,6.215165138244629,13342983
2008-04-21,6.2095510346528755,6.2432378086441505,6.142178024780513,6.215165138244629,8824101
2008-04-22,6.209552896577981,6.209552896577981,6.007433268245441,6.0411200523376465,17868397
2008-04-23,6.007434269558083,6.03550641494384,5.917603727189923,5.984976768493652,15706542
2008-04-24,5.945675424325516,6.074806852876305,5.878301849990705,6.024277210235596,12141706
2008-04-25,6.0074338166518935,6.035505959921265,5.883917031999138,6.024277210235596,11204343
2008-04-28,6.063578730634597,6.17586730536641,6.063578730634597,6.12533712387085,12064623
2008-04-29,6.091649241913577,6.142179414331982,6.0467342505776305,6.08042049407959,14542651
2008-04-30,6.159023227107483,6.355528211051359,6.159023227107483,6.310612678527832,18892191
2008-05-01,6.316226926479768,6.383599957732075,6.260082644084452,6.355528354644775,14288587
2008-05-02,6.3611430122061625,6.377986406008944,6.260083187499881,6.338685512542725,12926712
2008-05-05,6.316224963509149,6.316224963509149,6.2039364336158,6.2544660568237305,6700938
2008-05-06,6.232011006934809,6.467816904445156,6.215167613231841,6.4509735107421875,18080251
2008-05-07,6.40044136092916,6.40044136092916,6.232008566089137,6.2544660568237305,13523179
2008-05-08,6.2769269486986214,6.2937703434872665,6.164638367588237,6.198325157165527,14612097
2008-05-09,6.170251859212063,6.220782038545124,6.091650075507813,6.153409004211426,11230774
2008-05-12,6.175866619067599,6.355528211051359,6.164637332353958,6.310612678527832,9832015
2008-05-13,6.344298438038352,6.450972348758469,6.299382908957663,6.406057357788086,15564837
2008-05-14,6.4116718683990115,6.422901154962615,6.327455447834027,6.344298839569092,11391273
2008-05-15,6.377985795801571,6.450972931779976,6.310612765146699,6.428515434265137,10019448
2008-05-16,6.417284656817798,6.568874613218533,6.417284656817798,6.540802478790283,10786966
2008-05-19,6.490274906158446,6.6755506215342795,6.484659724141338,6.490274906158447,17348813
2008-05-20,6.400443015935061,6.484658897021152,6.282539813815938,6.321841239929199,14300848
2008-05-21,6.304998678211883,6.3779869030824665,6.226397423263999,6.2600836753845215,9239869
2008-05-22,6.22639385531195,6.349910580418031,6.22639385531195,6.28815221786499,8947414
2008-05-23,6.243241995737612,6.243241995737612,6.052351045281085,6.114109992980957,12688929
2008-05-27,6.17025060824422,6.366755565775455,6.142179009564317,6.333069324493408,14581444
2008-05-28,6.394829434737628,6.540804800831106,6.3442997900724185,6.479045867919922,19339818
2008-05-29,6.428514505595454,6.495887526517552,6.321840600644656,6.484658241271973,16754556
2008-05-30,6.439744183022556,6.450972931779976,6.366756508933798,6.428515434265137,17579158
2008-06-02,6.327455619227652,6.501503108353896,6.327455619227652,6.428515434265137,12112863
2008-06-03,6.366756740873512,6.428515668454718,6.327455849735643,6.361142635345459,15754380
2008-06-04,6.327455968817502,6.518346860681713,6.321841863183792,6.5015034675598145,16026232
2008-06-05,6.462201256771419,6.720465151807902,6.462201256771419,6.681164264678955,20573355
2008-06-06,6.574491861888379,6.6250220508945015,6.501504707952569,6.512733459472656,17935531
2008-06-09,6.42851534602795,6.445358737988066,6.24885375404419,6.310612678527832,14669884
2008-06-10,6.226393972581154,6.226393972581154,6.091647424444592,6.142177581787109,13132435
2008-06-11,6.209552221081326,6.333069519132194,6.119721165347809,6.130950450897217,21154245
2008-06-12,6.198325157165527,6.30499855586578,6.153409617099286,6.198325157165527,15511773
2008-06-13,6.198324064261497,6.377985654737642,6.198324064261497,6.304997444152832,12335370
2008-06-16,6.237625395884588,6.3611432632391605,6.2320112898023785,6.327456474304199,8660387
2008-06-17,6.321841763360926,6.366756760162929,6.254468191937171,6.265697479248047,11704531
2008-06-18,6.282538451368228,6.282538451368228,6.175865096874019,6.2095513343811035,15679507
2008-06-19,6.215163580065772,6.3106092364088555,6.136561844605642,6.248850345611572,17065202
2008-06-20,6.142179425063081,6.164636920770291,6.013047479470853,6.063577651977539,17803374
2008-06-23,6.057964034942834,6.153409761616623,6.046735822300617,6.108494758605957,11627146
2008-06-24,6.013049298961115,6.2039396845649,6.013049298961115,6.136566638946533,14775208
2008-06-25,6.260082265200293,6.473430633011904,6.260082265200293,6.3948283195495605,25579561
2008-06-26,6.192710109788529,6.288155289897837,6.041120642778405,6.0467352867126465,16710738
2008-06-27,6.001817885499437,6.147792663237843,5.9849744970384045,6.102877140045166,17133341
2008-06-30,6.164638017404903,6.209553554919709,6.097264980187897,6.12533712387085,14468080
2008-07-01,6.063578730634597,6.159023911534557,5.984976405456085,6.12533712387085,20061207
2008-07-02,6.080419611785411,6.080419611785411,5.94005893895172,5.951288223266602,30594411
2008-07-03,5.861459961331592,5.861459961331592,5.625654026596116,5.754786014556885,25748502
2008-07-07,5.760399330887565,5.900760051127261,5.620039148758282,5.7042555809021,20116984
2008-07-08,5.687410636668612,5.726711520001643,5.648109215225314,5.715482234954834,23366250
2008-07-09,5.754785095207429,5.777242594695329,5.580737590789795,5.580737590789795,16505718
2008-07-10,5.642496124916726,5.698639869689941,5.586352380143511,5.698639869689941,15561520
2008-07-11,5.7716272402341255,5.827770976807638,5.620037806209931,5.782855987548828,26063971
2008-07-14,5.777240707632426,5.794084095801872,5.62003718634487,5.6424946784973145,15522928
2008-07-15,5.496522426605224,5.625653872928207,5.389848482744376,5.496522426605225,25935733
2008-07-16,5.613645319749236,5.873919675337915,5.47167759250999,5.832511901855469,30900031
2008-07-17,5.868003020009676,6.217006680937852,5.8561719069697205,6.12827730178833,30299946
2008-07-18,6.063207449991737,6.128276293202443,5.986308062638156,6.057292461395264,16296477
2008-07-21,6.104615991386076,6.258414233241034,6.063208794230897,6.14010763168335,11093190
2008-07-22,5.944902689088556,5.944902689088556,5.74969723377824,5.868003845214844,20066332
2008-07-23,5.903495387719118,6.0572942067418145,5.826595978207769,5.998140335083008,21472729
2008-07-24,5.968563347657869,6.009971112189441,5.832510641075704,5.84434175491333,16162611
2008-07-25,5.921240981736529,5.9744787246018785,5.838426589068198,5.9271559715271,8647925
2008-07-28,5.956731958540167,5.956731958540167,5.761525978170538,5.779272079467773,8733953
2008-07-29,5.702374950672003,5.850258227282561,5.655052188766595,5.820681571960449,19184847
2008-07-30,5.856173269660353,5.90349603198179,5.779273851756786,5.797019958496094,15831664
2008-07-31,5.7082877900362625,5.726033889930816,5.5958967689539785,5.619557857513428,24250248
2008-08-01,5.678713680526801,5.737866422422272,5.578153168879306,5.643220901489258,8369740
2008-08-04,5.6195578899685925,5.643218978664693,5.536743512582301,5.554489612579346,11438608
2008-08-05,5.643221417791609,5.832511910025829,5.5899836617398595,5.791105270385742,17648604
2008-08-06,5.826596759947885,6.1046172159901495,5.826596759947885,6.0632100105285645,21347104
2008-08-07,5.9449030777133895,6.116447448730469,5.921241980659357,6.116447448730469,19253689
2008-08-08,6.104617049677286,6.2702464339614234,6.004055967360028,6.217008113861084,24252760
2008-08-11,6.146024782468821,6.370807497114221,6.146024782468821,6.3116536140441895,13967088
2008-08-12,6.293908990345791,6.341231763530796,6.2229251140434245,6.287993431091309,19161631
2008-08-13,6.015885740023252,6.211091169292577,6.004054626897817,6.151938438415527,37985080
2008-08-14,6.211092775108018,6.2347544405263475,6.122362805427167,6.2051777839660645,10728877
2008-08-15,6.264329650047404,6.270245206773056,6.0927853084039985,6.252499103546143,11626141
2008-08-18,6.252499378081777,6.252499378081777,6.0927855759268965,6.122361660003662,12901687
2008-08-19,6.045464736560561,6.080956955819441,6.004056958441786,6.033634185791016,13844478
2008-08-20,6.051378552772168,6.110532429027615,5.962649155764336,6.045463562011719,19264443
2008-08-21,6.057295854280351,6.057295854280351,5.938989212684411,6.033634185791016,12625915
2008-08-22,6.04546135030246,6.092784093823889,6.015884706470309,6.057292461395264,10325169
2008-08-25,6.004056721247602,6.06912559833488,5.974480628967285,5.974480628967285,15508657
2008-08-26,5.921240550617601,6.039546574265755,5.921240550617601,5.950816631317139,22751592
2008-08-27,5.986309787531283,6.045463092239999,5.96856368272865,5.998140335083008,13500667
2008-08-28,5.992224391586494,6.02771602859594,5.89757889232797,5.950816631317139,16594057
2008-08-29,5.891664338974349,5.891664338974349,5.708288883196706,5.743781089782715,16868322
2008-09-02,5.595900786413372,5.631393011683377,5.459848579095815,5.536747455596924,25228716
2008-09-03,5.548576405627828,5.548576405627828,5.34745536572716,5.365201473236084,19849152
2008-09-04,5.300132388404909,5.300132388404909,5.099010811148505,5.116756916046143,25150326
2008-09-05,5.146332911063111,5.377030544408179,5.116756262329127,5.341538906097412,25811917
2008-09-08,5.589981679116749,5.625473881863197,5.406606810126723,5.530828952789307,29865987
2008-09-09,5.465760404903987,5.465760404903987,5.193655014038086,5.193655014038086,33925082
2008-09-10,5.359285358111816,5.418438665693855,5.235063752359605,5.317878723144531,17696944
2008-09-11,5.175910122495176,5.2232328790042395,5.039857410137899,5.20548677444458,19982314
2008-09-12,5.205486503847669,5.412523056731114,5.075349355425228,5.377030849456787,22379541
2008-09-15,5.18182567966509,5.3001322874627075,5.116756818596367,5.20548677444458,19761315
2008-09-16,5.087179986941251,5.382945929037216,5.0576039029867115,5.335623741149902,26173918
2008-09-17,5.223232703951949,5.3829459387859755,5.175909949028868,5.240978240966797,20720085
2008-09-18,5.294215573962888,5.619558107396943,5.240977271911892,5.542659282684326,20862292
2008-09-19,5.737866410753345,5.93307244293687,5.678713668978172,5.903495788574219,25998043
2008-09-22,5.802934305842668,5.909410357116398,5.631389966032239,5.690542697906494,21722472
2008-09-23,5.702374216261681,5.749696972072379,5.495337655671196,5.507168769836426,27571170
2008-09-24,5.690542652864525,5.690542652864525,5.48350667556828,5.578152179718018,19481322
2008-09-25,5.6195594980708385,5.684628361030234,5.572236740186741,5.6550517082214355,23884930
2008-09-26,5.56632032048084,5.6136430662134496,5.465759840142767,5.471675395965576,21763878
2008-09-29,5.382945355876617,5.471675866092719,5.093095001604033,5.146332740783691,19568757
2008-09-30,5.240977271911892,5.542659282684325,5.235062282983976,5.542659282684326,15443433
2008-10-01,5.453930534653118,5.560407173025389,5.359285578794669,5.513084411621094,18988972
2008-10-02,5.507168166042286,5.507168166042286,5.093095090259401,5.193655014038086,18267081
2008-10-03,5.217316397835222,5.3770301766863,4.962957689677942,4.998449325561523,21325497
2008-10-06,4.891974145958674,5.093095128943671,4.738175347005428,4.992534637451172,20410545
2008-10-07,4.9038053448446215,5.110841911872827,4.732260704040527,4.732260704040527,20980279
2008-10-08,4.684937900559035,4.998449940723003,4.584377402754552,4.844651699066162,28668228
2008-10-09,4.974790080974451,5.087181153402541,4.318188903982475,4.4601569175720215,18323964
2008-10-10,4.37734112217384,4.998450251178899,4.288611165608819,4.880143642425537,22488684
2008-10-13,5.116756093028325,5.4243531162941325,4.75592133058286,5.146332740783691,22205676
2008-10-14,5.329707561629118,5.406606958388527,4.83282011125293,4.939296722412109,24434062
2008-10-15,4.826907495510443,4.868315275861933,4.436496180838064,4.4660725593566895,24521296
2008-10-16,4.477901154094739,4.56663110130448,4.253119074723418,4.442409515380859,35250375
2008-10-17,4.401001763621341,4.732259872487734,4.318187378142241,4.578461647033691,29068821
2008-10-20,4.578463088175078,4.708600263583473,4.448325629291598,4.696769714355469,13216554
2008-10-21,4.548885632169809,4.5962081071890735,4.371425996503751,4.377341270446777,13010428
2008-10-22,4.318187656126171,4.318187656126171,4.016505891599368,4.069743633270264,20331351
2008-10-23,4.105236053466797,4.1998809889514686,3.975098345881591,4.105236053466797,21685488
2008-10-24,3.7562316509260527,4.111151161373198,3.6734166921741926,3.821300506591797,23395596
2008-10-27,3.7562316765240555,3.9750984874025668,3.7325703000729935,3.7621469497680664,26257032
2008-10-28,3.904115095179897,4.560716454537118,3.904115095179897,4.5548014640808105,32131357
2008-10-29,4.436495041299417,4.6198696749146455,4.259034831443347,4.3418498039245605,30808777
2008-10-30,4.383254935172394,4.720428827839423,4.383254935172394,4.67902135848999,23678905
2008-10-31,4.797328857931582,5.016195953163853,4.578462046174332,4.886058807373047,18197937
2008-11-03,4.880144591039636,4.909721248977157,4.702685210364707,4.761837959289551,22831992
2008-11-04,4.957043170928955,4.998450371600185,4.826906011555047,4.957043170928955,15415494
2008-11-05,4.826904860222981,4.874227606966825,4.590291976928711,4.590291976928711,15972264
2008-11-06,4.578463209944026,4.578463209944026,4.270866370559277,4.359595775604248,18868372
2008-11-07,4.418749468322869,4.6257860740763705,4.324104219530574,4.6021246910095215,13673226
2008-11-10,4.495647641913159,4.608038974698507,4.442409895808291,4.531139850616455,12221503
2008-11-11,4.430579019409068,4.602123948082206,4.359595165142645,4.377341270446777,10574308
2008-11-12,4.395088288849243,4.5548024193425665,4.176221406636419,4.199882507324219,14037438
2008-11-13,4.158473508832066,4.471985509360771,3.910029507205091,4.436493873596191,19518105
2008-11-14,4.282694952359848,4.330017698869892,4.034251525344554,4.117065906524658,17405997
2008-11-17,4.040167710360347,4.081575193778274,3.898199722238251,3.9750988483428955,16757370
2008-11-18,3.9750989985845315,3.981014272589223,3.69707856908853,3.8449621200561523,18269995
2008-11-19,3.7680620366949884,3.8331308944819384,3.6260943412780757,3.626094341278076,13980153
2008-11-20,3.608349625775926,3.7384865205421725,3.4486355068705477,3.4604666233062744,15991258
2008-11-21,3.614262721101305,3.8567911261319705,3.4959564378808072,3.8508758544921875,23789656
2008-11-24,3.6556712322722382,4.06382877701429,3.6556712322722382,3.963268280029297,19936687
2008-11-25,4.022421699244919,4.028336973163836,3.815385127757467,3.9336917400360107,12749028
2008-11-26,3.9041153583493875,4.2886115915067196,3.80355484431248,4.253119945526123,12516270
2008-11-28,4.057913511053515,4.34776445588055,4.057913511053515,4.229457855224609,7196805
2008-12-01,3.969183471886325,4.063828693601611,3.874538250171039,3.8863685131073,15163942
2008-12-02,3.8981990977742513,3.945521847392528,3.6497553709658015,3.7503161430358887,16604811
2008-12-03,3.7148248992465924,3.910030654057597,3.5669419062852663,3.868623733520508,16485417
2008-12-04,3.7798935030630227,3.8745387366620605,3.7207399131541887,3.7976396083831787,14749983
2008-12-05,3.7148245341732737,3.9869299628552257,3.7148245341732737,3.9750988483428955,8758173
2008-12-08,4.057913302249451,4.1998809889514686,3.9928444484568484,4.105236053466797,17578555
2008-12-09,4.08157518487342,4.412833350643854,3.981014113438557,4.217627048492432,19956687
2008-12-10,4.38325556952435,4.477900781988201,4.294525913162919,4.436493873596191,16896060
2008-12-11,4.483816285797199,4.53113903321471,4.270864772843367,4.318187236785889,14385168
2008-12-12,4.229457436436066,4.613953567021163,4.0993200185153436,4.578461647033691,22912191
2008-12-15,4.57254713703431,4.584377968720434,4.383256664806944,4.537055492401123,14127385
2008-12-16,4.424664911166999,4.980705308280217,4.37734214323708,4.9629597663879395,24760788
2008-12-17,4.797328945114037,4.903804999768806,4.767752294762715,4.844651699066162,18086784
2008-12-18,4.9392974482485235,4.9392974482485235,4.548885417759948,4.649446487426758,11752068
2008-12-19,4.649446383960825,4.750006600964709,4.554801157014484,4.608038902282715,11231176
2008-12-22,4.566631170130459,4.619868912478665,4.436494309126502,4.454239845275879,12053367
2008-12-23,4.4779012215834255,4.548885067031045,4.359594623520713,4.454239845275879,12864703
2008-12-24,4.436493873596191,4.519308257330192,4.40691666003407,4.436493873596191,2914098
2008-12-26,4.3536796865919785,4.495647671927882,4.3536796865919785,4.471986293792725,2546368
2008-12-29,4.537055492401123,4.548885757137124,4.454240521023441,4.537055492401123,5938444
2008-12-30,4.537054396469254,4.732259812174948,4.537054396469254,4.702683448791504,5825985
2008-12-31,4.602123772495803,4.773668127673845,4.590292941586083,4.673107624053955,4491847
2009-01-02,4.596208077243533,4.903805438502412,4.596208077243533,4.86239767074585,9887190
2009-01-05,4.779583673045809,4.903805852913052,4.6908537065549645,4.7677531242370605,13504888
2009-01-06,4.779583043948294,5.010281266629656,4.702684203337917,4.968873500823975,17119773
2009-01-07,4.684938520239801,4.7145148910281875,4.5252244171321285,4.56071662902832,21746692
2009-01-08,4.436495534727914,4.483818016941032,4.33001945366698,4.4601569175720215,16472251
2009-01-09,4.401002814662061,4.495648051723345,4.28269619746669,4.43057918548584,18048091
2009-01-12,4.335933962790077,4.5725471979647505,4.2945270434996,4.3418498039245605,22283161
2009-01-13,4.489732732606751,4.625785454409275,4.4187488763902545,4.537055492401123,15884929
2009-01-14,4.442410756303174,4.454241022370731,4.306358019187228,4.359595775604248,9963369
2009-01-15,4.335934393043854,4.448325747599406,4.193966664631677,4.359595775604248,26572702
2009-01-16,4.442410065556013,4.537055297606177,4.312272339971321,4.406917572021484,14799529
2009-01-20,4.193965367940912,4.259033937257767,4.128897082099063,4.134812355041504,16203012
2009-01-21,4.1880503749100155,4.264949495251362,4.075659047591867,4.229457855224609,23507050
2009-01-22,3.998760274563014,4.5666316668639935,3.963268631453633,4.406917572021484,54993700
2009-01-23,4.270865379410682,4.667191815339196,4.235373172069295,4.566631317138672,28746618
2009-01-26,4.655361651685658,4.655361651685658,4.288611269090762,4.525224208831787,16830836
2009-01-27,4.507478542593253,4.732260644702387,4.501562701925828,4.673107624053955,20461398
2009-01-28,4.732260458518844,4.8505667786361695,4.720430195024654,4.803244590759277,26320950
2009-01-29,4.7440907586127965,4.7440907586127965,4.5193081369576555,4.542969226837158,19988847
2009-01-30,4.5311407826292465,4.64353157158224,4.4601569175720215,4.4601569175720215,11847241
2009-02-02,4.43649424226188,4.477901154094739,4.318187645982225,4.442409515380859,17830408
2009-02-03,4.418748344398948,4.637615160803693,4.418748344398948,4.613954067230225,24875760
2009-02-04,4.5311412613673285,4.761838421964991,4.495649041613686,4.690854549407959,32597175
2009-02-05,4.584378317784845,4.844652666046555,4.519309730719417,4.797329902648926,27358914
2009-02-06,4.850566632544785,5.229147525858043,4.797328889311686,5.140417575836182,41974227
2009-02-09,5.134503035908926,5.134503035908926,4.933381458066328,5.022111415863037,22059649
2009-02-10,4.9392972982805,5.028026684024704,4.744091572438131,4.803244590759277,21824077
2009-02-11,4.909720505150698,5.016196570984609,4.86239774623006,4.91563606262207,20736366
2009-02-12,4.791414803510762,4.968874758035292,4.755923152775988,4.9629597663879395,22272106
2009-02-13,4.909718813862096,4.986618199749248,4.880142170593954,4.903803825378418,11413081
2009-02-17,4.785498417210414,4.785498417210414,4.519308846475202,4.566631317138672,20418585
2009-02-18,4.684938362567848,4.7322608377116895,4.566631749495663,4.71451473236084,18514411
2009-02-19,4.761837079362563,4.82099095125692,4.495647774063469,4.513393878936768,19675990
2009-02-20,4.466070236733342,4.489731610718052,4.294525913162919,4.436493873596191,19996786
2009-02-23,4.531140278674274,4.608039410021004,4.330018972080787,4.3418498039245605,19382631
2009-02-24,4.377340135026544,4.560715280545758,4.288610198471281,4.519308090209961,24624912
2009-02-25,4.406917533172027,4.613954383951997,4.406917533172027,4.513393878936768,36980784
2009-02-26,4.5311389653723895,4.755921020077565,4.501561752598062,4.542969226837158,24838474
2009-02-27,4.47198718378143,4.5429710488386545,4.412834151883807,4.4601569175720215,23082036
2009-03-02,4.353679823882364,4.63170052965634,4.353679823882364,4.406917572021484,23513382
2009-03-03,4.43649557649178,4.679023831632906,4.43649557649178,4.6021246910095215,29913021
2009-03-04,4.738176211779091,4.880143923685182,4.738176211779091,4.755922317504883,24024223
2009-03-05,4.767750614384707,4.880141619327869,4.661274880731987,4.785496711730957,27629058
2009-03-06,4.886059199643241,5.004365241446514,4.738175938701539,4.880143642425537,29391526
2009-03-09,4.850566177954304,4.957042221391713,4.5725460908066164,4.578461647033691,32092765
2009-03-10,4.7322599067887,4.968872802911886,4.690852430274019,4.939296722412109,28818576
2009-03-11,4.951126795614302,5.175909433915732,4.921550714549648,5.122671127319336,22053820
2009-03-12,5.1463332980707,5.282386005868283,5.010281157223181,5.240978240966797,22754808
2009-03-13,5.317879142391435,5.377031887686794,5.128588656595795,5.217318058013916,31841415
2009-03-16,5.258724613874138,5.323793476089893,5.134503013666915,5.164079666137695,19030479
2009-03-17,5.12267305313152,5.323794675410671,5.10492751121149,5.3119635581970215,19631469
2009-03-18,5.175909225254857,5.453929025044617,5.134502033093616,5.371115207672119,28117588
2009-03-19,5.270554979880638,5.323792719987003,5.110841192611527,5.193655014038086,25133040
2009-03-20,5.175909609580493,5.24097789725109,5.010280828637132,5.039856910705566,17253137
2009-03-23,5.205485919036785,5.495336833730253,5.205485919036785,5.489421844482422,27297508
2009-03-24,5.430267323064632,5.489421177000109,5.365199047550473,5.388860702514648,19207861
2009-03-25,5.36520126669105,5.548576192023378,5.240979085860959,5.329709053039551,19927039
2009-03-26,5.365201136576509,5.513084411621094,5.235063967927303,5.513084411621094,22208791
2009-03-27,5.5012514742297585,5.507167597002521,5.382944893373212,5.471675395965576,13612926
2009-03-30,5.34153917341615,5.430268557108566,5.181825375649719,5.258724212646484,15611569
2009-03-31,5.329708754392768,5.4066081683619025,5.282386561442645,5.294217109680176,18072915
2009-04-01,5.27646964066673,5.619558285668386,5.193654690499107,5.548574447631836,26935708
2009-04-02,5.696457746812966,6.11644518210964,5.672796091577288,6.057292461395264,44326932
2009-04-03,5.9863101594560595,6.0868706703186035,5.832511330877961,6.0868706703186035,27183742
2009-04-06,5.850258278714018,5.915326580824611,5.690543885010398,5.797019958496094,22603153
2009-04-07,5.8206795514327725,5.8206795514327725,5.554489745936015,5.584066390991211,28840585
2009-04-08,5.5958973302700326,5.696458384109655,5.507167955796821,5.672796726226807,22060252
2009-04-09,5.8798336630585775,5.915325872285931,5.720120422385741,5.808849811553955,22287081
2009-04-13,5.85617302820395,5.927156885284288,5.64913701461552,5.903495788574219,15473583
2009-04-14,5.879832870792492,5.909410085796688,5.6964585599765405,5.773357391357422,22855207
2009-04-15,5.678712282435017,5.720119475042512,5.572235672387184,5.672796726226807,17045202
2009-04-16,5.649135635293948,5.761526100700017,5.51308294505504,5.672796726226807,23473383
2009-04-17,5.625475479285608,5.7142054443977015,5.4657616554738695,5.678713798522949,17250323
2009-04-20,5.660966169405773,5.660966169405773,5.388861356423727,5.442099094390869,22582551
2009-04-21,5.418439168944991,5.595899108173144,5.329709199330914,5.430269718170166,24674760
2009-04-22,5.4302692318121135,5.60181416453847,5.317878740764027,5.4775919914245605,24398284
2009-04-23,5.513083066082248,5.601813009453315,5.377030372856612,5.424353122711182,21661368
2009-04-24,5.459847001983562,5.548576405627828,5.3297092582182355,5.365201473236084,22254820
2009-04-27,5.3474538540242555,5.542659847538147,5.288300557017017,5.406607151031494,15537099
2009-04-28,5.359285924222258,5.524915316337704,5.353370933009314,5.483508110046387,13509913
2009-04-29,5.767442027136526,6.092784567641168,5.708288167922079,5.962647438049316,42830286
2009-04-30,6.181515257588527,6.353059599231933,6.116446401406523,6.252499103546143,32915257
2009-05-01,6.305736585445368,6.376720428466796,6.146022796909651,6.376720428466797,19583229
2009-05-04,6.500941608807827,7.098390098328406,6.483196074365617,7.003744602203369,47961414
2009-05-05,6.690234687796626,6.719811913148772,6.48319864593326,6.601505279541016,39620919
2009-05-06,6.388554295286623,6.566013695861048,6.388554295286623,6.536437034606934,27142437
2009-05-07,6.48319697917653,6.518688619964232,6.063208878013317,6.146023273468018,31463334
2009-05-08,6.222923768506956,6.299823187436415,6.0632099396227925,6.175601005554199,18521748
2009-05-11,5.797021028443714,6.217009275056468,5.797021028443714,6.134194850921631,20052262
2009-05-12,6.12827872396518,6.1637703704714575,5.885750488513419,6.004055976867676,22283262
2009-05-13,5.950816888557635,6.039546835341848,5.501252165020974,5.92124080657959,15019323
2009-05-14,5.927154613577527,6.134191114764991,5.897577970550747,6.0927839279174805,16468131
2009-05-15,6.098700313604374,6.169684159741521,5.915325424995915,5.9271559715271,14695411
2009-05-18,6.015888040040173,6.258416313685484,6.015888040040173,6.240670204162598,12072261
2009-05-19,6.24658497301294,6.39446767504563,6.116447242747974,6.293907165527344,16991133
2009-05-20,6.471367056072165,6.471367056072165,6.181516077089684,6.222923278808594,15213690
2009-05-21,6.134192510338507,6.388551811627397,5.915325415536454,6.157853603363037,12958972
2009-05-22,6.140107070190432,6.364889705984398,5.944901649031199,6.228837013244629,11159620
2009-05-26,6.163769570460243,6.412213331558651,6.163769570460243,6.3648905754089355,13163590
2009-05-27,6.51277286028257,6.642909428074416,6.41221237284342,6.459535121917725,22310698
2009-05-28,6.512771840722907,6.6192473007841075,6.234751512991064,6.589670658111572,16257081
2009-05-29,6.441788330837765,6.68431647259793,6.400380575484871,6.471364974975586,17311125
2009-06-01,6.542350774987862,6.8676939583438585,6.353060308970758,6.7967095375061035,20875759
2009-06-02,6.672489561294314,6.7375578736552155,6.418130169828355,6.435876846313477,17563681
2009-06-03,6.276160336864697,6.3412291945014445,6.057293804323045,6.14010763168335,28823601
2009-06-04,6.069124564413419,6.323483903854062,6.027717361934739,6.0868706703186035,24106030
2009-06-05,6.270243956816802,6.270243956816802,6.004053595377505,6.057292461395264,13522978
2009-06-08,6.00997088393214,6.069123616123367,5.927155924964348,6.039546966552734,17542878
2009-06-09,6.205177173229028,6.31165267280619,6.080955568072301,6.222923278808594,22870986
2009-06-10,6.311653169486903,6.382637030440958,6.1223626846260375,6.175601005554199,15001132
2009-06-11,6.205175921876844,6.287990308614093,6.146022626507379,6.228837013244629,20571445
2009-06-12,6.051378219697395,6.092785987492091,5.844342215474438,5.938987731933594,23985229
2009-06-15,5.779274035336055,5.779274035336055,5.530830800894527,5.5958991050720215,30128392
2009-06-16,5.625474959154734,5.684628263760153,5.394777297973633,5.394777297973633,35483635
2009-06-17,5.4125227960435645,5.560406040980552,5.3356233952863255,5.453929424285889,38205276
2009-06-18,5.471677515169787,5.572237467505208,5.465761957055857,5.501253604888916,17642976
2009-06-19,5.513083765743876,5.6018137203756,5.406607706795794,5.459846019744873,21701668
2009-06-22,5.448014035850145,5.5130828856392275,5.33562300470535,5.371115207672119,17655237
2009-06-23,5.453931021746376,5.47759268803683,5.3711171740554615,5.465762138366699,13640664
2009-06-24,5.678713680526801,5.755612528465979,5.619559804731069,5.643220901489258,22613505
2009-06-25,5.572236100257913,5.7201199142686745,5.560406120833097,5.690542697906494,13455744
2009-06-26,5.684628445826047,5.726035646986003,5.5840679381661245,5.6609673500061035,8806614
2009-06-29,5.666881124180718,5.773357166417303,5.619558375747793,5.649135589599609,10057939
2009-06-30,5.696461042036485,5.726037136027549,5.5130855174201985,5.566323280334473,19712371
2009-07-01,5.607727480255386,5.678711881947816,5.554489745936015,5.584066390991211,17364390
2009-07-02,5.518997626122785,5.578151484051657,5.489421547583289,5.542659282684326,14592097
2009-07-06,5.595897235224485,5.595897235224485,5.371115174330257,5.530828952789307,12916360
2009-07-07,5.61955840993134,5.678712271044817,5.4243529927518255,5.442099094390869,14807871
2009-07-08,5.47167749088354,5.507169705509239,5.3356247574185875,5.430269718170166,19251679
2009-07-09,5.584068555853401,5.660967976199686,5.542661350113146,5.5958991050720215,20785510
2009-07-10,5.5781528969845295,5.755612247921337,5.5781528969845295,5.7260355949401855,18805459
2009-07-13,5.702374583308157,5.773358438118206,5.5367452107846375,5.7319512367248535,14935204
2009-07-14,5.761527054900845,5.814765368741876,5.708289308009899,5.808849811553955,10728676
2009-07-15,6.090533600210231,6.190276118227985,6.015726117184612,6.103001117706299,19878300
2009-07-16,6.0468951775372775,6.171573312169668,5.934685153624246,6.140404224395752,11300900
2009-07-17,6.078063642632411,6.277548618095441,6.015724290544152,6.190274238586426,16108700
2009-07-20,6.283784044753932,6.346123410458782,6.233912789994952,6.2713165283203125,12869900
2009-07-21,6.296251418423736,6.346122667342912,6.053128634058623,6.152871131896973,15928000
2009-07-22,6.071830877866894,6.533140278839691,6.046895250638966,6.4333977699279785,17207700
2009-07-23,6.439631825363023,6.5393743342747355,6.3772924600370775,6.4333977699279785,23721600
2009-07-24,6.389760589283611,6.433397788429921,6.290018080085046,6.414696216583252,9402600
2009-07-27,6.433397788429921,6.514438725781817,6.296252135538019,6.414696216583252,10433400
2009-07-28,6.414695527794389,6.45833272225508,6.32742054436082,6.383525848388672,9445400
2009-07-29,6.339889450615647,6.346123506182615,6.23391288402622,6.296252250671387,13151600
2009-07-30,6.651583152171862,6.819898441736443,6.570542237006661,6.713922500610352,22562200
2009-07-31,6.726392972369923,6.776264235253053,6.508205751371967,6.526907920837402,18821800
2009-08-03,6.688987939640694,6.701456050216271,6.539374179807174,6.595479488372803,12038900
2009-08-04,6.570545127232054,6.58924670218514,6.477036657954272,6.526907920837402,9719100
2009-08-05,6.501972061767685,6.5206736360660456,6.352357683843809,6.408463001251221,11247900
2009-08-06,6.464568524312992,6.5705451062289715,6.233913785587728,6.333656311035156,13331100
2009-08-07,6.358589634439909,6.408460879062015,6.233911522884642,6.377291202545166,8923800
2009-08-10,6.364825248718262,6.408462449830419,6.271316790760129,6.364825248718262,7013500
2009-08-11,6.364824885509382,6.458333338131452,6.302485520753174,6.371058940887451,13716900
2009-08-12,6.358591296820648,6.583012550804621,6.346123779661697,6.495737552642822,11673100
2009-08-13,6.632884173108932,6.84483673256151,6.533141057792501,6.826135158538818,22142500
2009-08-14,6.745092406019639,6.857303009140372,6.526905848799741,6.583011150360107,13179900
2009-08-17,6.43339858510928,6.501972014559265,6.333656063559109,6.45210075378418,12249000
2009-08-18,6.464567166826782,6.514438419078095,6.364824662324155,6.483268737792969,10690300
2009-08-19,6.4209285934241,6.445864214204866,6.327419569612158,6.4271626472473145,12395400
2009-08-20,6.352358042182315,6.533141522630736,6.352358042182315,6.508205890655518,8083300
2009-08-21,6.545609635874525,6.545609635874525,6.433398994729863,6.508205890655518,10717500
2009-08-24,6.620415116709753,6.745093249936331,6.551842292063194,6.720157623291016,15636700
2009-08-25,6.732626344697433,6.770029490802746,6.6702869751721945,6.707690715789795,10449200
2009-08-26,6.751328559363522,6.751328559363522,6.514439764972058,6.5643110275268555,14304100
2009-08-27,6.533138606983997,6.576776389349979,6.483267365290386,6.570542335510254,7343700
2009-08-28,6.707690107224475,6.7949645032269625,6.639116688065681,6.720157623291016,9696200
2009-08-31,6.5954788293101325,6.688987271234059,6.564309150498099,6.670285701751709,10937300
2009-09-01,6.770028029545117,6.975747072258356,6.551841472325219,6.583011150360107,20230500
2009-09-02,6.576777899117092,6.70145603197227,6.54560821727524,6.614181041717529,10582000
2009-09-03,6.676520461278571,6.701456088058299,6.564309843513679,6.6827545166015625,9850800
2009-09-04,6.70145781376391,6.751329080165813,6.6079493378884395,6.738861560821533,10076200
2009-09-08,6.857304416365568,6.9508128751474585,6.832368787722912,6.894708156585693,13409500
2009-09-09,6.857303564147139,6.981981691865554,6.807432313059772,6.919642925262451,17604000
2009-09-10,6.981982154408611,6.981982154408611,6.7887311922706095,6.938344955444336,22581000
2009-09-11,6.969513663663516,6.981981178262127,6.763794619433034,6.813665866851807,14758300
2009-09-14,6.782496621011413,6.782496621011413,6.68275411981469,6.726391315460205,10950300
2009-09-15,6.794964903693789,6.8261345874655035,6.732626130662632,6.801198959350586,8424900
2009-09-16,6.844835985226547,6.876005668202734,6.7637956418056175,6.857304096221924,19386500
2009-09-17,6.857303923384488,6.882239550234487,6.7575614159844895,6.788731098175049,19546400
2009-09-18,6.776264667510985,6.857305623493762,6.732627458332717,6.776264667510986,15003000
2009-09-21,6.7575596878100415,6.7824953082830195,6.695220339371552,6.713922500610352,16159100
2009-09-22,6.757562252904754,6.851070716545163,6.713925049140872,6.782497882843018,15338400
2009-09-23,6.732624067337063,6.7824953082830195,6.701454393117818,6.713922500610352,16297500
2009-09-24,6.7326263237857455,6.757561952615933,6.464567867977016,6.495737552642822,16017100
2009-09-25,6.48950300222063,6.564309883009912,6.477035486011871,6.514438629150391,10537400
2009-09-28,6.570543205162941,6.788730362335002,6.539373526350907,6.670285701751709,18422500
2009-09-29,6.8136663012634395,6.85106944195611,6.68275411981469,6.726391315460205,18984700
2009-09-30,6.857304479580536,6.900941681479389,6.732626335217892,6.832368850708008,27449600
2009-10-01,6.813665697977825,6.851068835358801,6.564308872552002,6.57677698135376,24258400
2009-10-02,6.470802327946756,6.539375162884418,6.346124176009042,6.45210075378418,17399800
2009-10-05,6.452100350818066,6.545608810303197,6.43339818331121,6.495737552642822,12091700
2009-10-06,6.508203421547215,6.589244343349134,6.445864662515679,6.464566230773926,23505700
2009-10-07,6.346121672784502,6.389758860121954,6.265080757363456,6.339887619018555,28978000
2009-10-08,6.352357814949626,6.35859187134852,6.15287276628374,6.184042453765869,60267100
2009-10-09,6.2152111054587325,6.308719557809232,6.2152111054587325,6.265082359313965,28774400
2009-10-12,6.290017463350334,6.333654658218027,6.152871229393338,6.177806854248047,18448300
2009-10-13,6.240146527485852,6.371058713185283,6.190275275268185,6.358590602874756,32475400
2009-10-14,6.533141106659452,6.533141106659452,6.389761380559161,6.45210075378418,29421100
2009-10-15,6.4022287206906965,6.4458659199767405,6.246380900940823,6.2713165283203125,33561500
2009-10-16,6.2276793595863635,6.2276793595863635,6.065597468095598,6.127936840057373,28068700
2009-10-19,6.202741752296805,6.240145482452184,6.159104562542297,6.190274238586426,24560300
2009-10-20,6.233911428340933,6.252612996162562,6.140402994720668,6.190274238586426,26659600
2009-10-21,6.215210901377018,6.489502788574187,6.184041220112921,6.358590602874756,40126400
2009-10-22,6.3087204293956045,6.408462950886077,6.252615112429133,6.346124172210693,16077100
2009-10-23,6.327421999631198,6.377293260345571,6.2339135344198295,6.240147590637207,21380000
2009-10-26,6.314953631592172,6.327421147836232,6.215211123590724,6.246380805969238,36695500
2009-10-27,6.290017363680795,6.314952988140382,6.07806425851821,6.152871131896973,30691100
2009-10-28,6.140404363249359,6.1840415627294085,5.984556542806606,5.997024059295654,26203000
2009-10-29,6.096765924842195,6.208976533944481,6.065596245145761,6.177806854248047,15226500
2009-10-30,6.12170298312235,6.140405152026726,5.853645101795266,5.947153568267822,37967500
2009-11-02,6.071828906117558,6.071828906117558,5.8723439530743375,5.972086429595947,32200500
2009-11-03,5.922218434935245,5.972089700510551,5.828709960609641,5.928452491760254,19438900
2009-11-04,5.959621233198227,6.096766894454278,5.959621233198227,6.034428119659424,22544400
2009-11-05,6.059363914701606,6.159106432719361,6.015726117184612,6.103001117706299,22592700
2009-11-06,6.07806548820186,6.177808006219615,6.053129858697422,6.103001117706299,15232000
2009-11-09,6.115468655619853,6.215211164274195,6.078064917618352,6.202743053436279,9987000
2009-11-10,6.30248552083587,6.346123313970686,6.221444584456633,6.246380805969238,17089600
2009-11-11,6.358590812211328,6.520672684510891,6.3087195583518065,6.514438629150391,35230800
2009-11-12,6.45833331993037,6.558076422161652,6.44586580372161,6.514438629150391,20016400
2009-11-13,6.501971618738171,6.6204157072403875,6.477035989868637,6.601714134216309,19700600
2009-11-16,6.751328011453089,6.807433325902043,6.695222697004135,6.732626438140869,22942900
2009-11-17,6.632883872800991,6.695222648224974,6.564310446968629,6.664052963256836,17113900
2009-11-18,6.632883227288528,6.751327305225718,6.626649171999141,6.720157623291016,9765200
2009-11-19,6.570544439133384,6.626649752629377,6.402229093157691,6.495737552642822,30733700
2009-11-20,6.395994585855104,6.489503038739858,6.395994585855104,6.4770355224609375,9168600
2009-11-23,6.551840782165527,6.6266476448619365,6.526905161266725,6.551840782165527,7806400
2009-11-24,6.539375120928752,6.583012919711221,6.483269804288663,6.489503860473633,8482000
2009-11-25,6.545608770928512,6.558076882524747,6.501971569366252,6.533140659332275,5773200
2009-11-27,6.296250489520273,6.464565781162416,6.283782381873842,6.4271626472473145,5924900
2009-11-30,6.408462102134023,6.545608348275607,6.395994585855104,6.4770355224609375,8545200
2009-12-01,6.558074836018252,6.614179537156486,6.533138620607352,6.551840782165527,10236400
2009-12-02,6.501972138518969,6.7700300216674805,6.501972138518969,6.7700300216674805,26319200
2009-12-03,6.745093851588059,6.745093851588059,6.576778505346774,6.601714134216309,18637600
2009-12-04,6.632883921125972,6.763796123336099,6.632883921125972,6.732626438140869,16975400
2009-12-07,6.77002977061773,6.8136675688939246,6.720158510741203,6.782497882843018,13526100
2009-12-08,6.720157944642086,6.801198883742715,6.701456372391868,6.757561683654785,10102300
2009-12-09,6.826134473595999,6.832368529148803,6.726391962800174,6.794964790344238,11882900
2009-12-10,6.751326510322258,6.838601490561194,6.688987153792708,6.813665866851807,16557000
2009-12-11,6.7824962913069395,6.851069108918238,6.651584116221972,6.6889872550964355,10867200
2009-12-14,6.720157831746867,6.794964714003285,6.720157831746867,6.7513275146484375,11616700
2009-12-15,6.720158326257859,6.801199269960538,6.68275517963342,6.732626438140869,10312600
2009-12-16,6.751327628067291,6.863538250593126,6.732626055817073,6.757561683654785,13210700
2009-12-17,6.751328011453089,6.826134899214262,6.6765211236919155,6.732626438140869,15242300
2009-12-18,6.913408149541297,7.006916586954013,6.8323672263446085,6.925875663757324,16244600
2009-12-21,6.9508137702941895,7.044322835630741,6.919644676361031,6.9508137702941895,16776100
2009-12-22,6.994449695763054,7.106659711750902,6.969514070597731,7.038086891174316,17628600
2009-12-23,7.0630244108931075,7.081725986155474,6.9508137702941895,6.9508137702941895,8462600
2009-12-24,7.069257182859655,7.069257182859655,6.9819821899742855,7.025619983673096,4289500
2009-12-28,7.044320052541731,7.044320052541731,6.944577564532495,6.957045078277588,3766700
2009-12-29,7.056787288181792,7.056787288181792,6.988214479005899,7.006916046142578,7957200
2009-12-30,7.025621167519764,7.056790261041002,6.994451479486178,7.031854629516602,5800100
2009-12-31,7.019386060597424,7.1689998273549325,7.013152005021129,7.131596088409424,7414700
2010-01-04,7.162764858951828,7.287442982027367,7.150297343900367,7.218870162963867,8096400
2010-01-05,7.231338539012295,7.2687416800572215,7.144063552387121,7.1877007484436035,14375900
2010-01-06,7.2064052147823725,7.237574310769327,7.094194566789664,7.16276741027832,13608400
2010-01-07,7.112893133094903,7.1315947016750165,6.900940040813124,6.925875663757324,27346600
2010-01-08,6.944578550806134,6.9944498018934995,6.876005134676849,6.919642925262451,16895300
2010-01-11,6.950812646456091,7.006917957684196,6.78249730728404,6.882239818572998,22214500
2010-01-12,6.7824963076701605,6.813665986482195,6.614180398792484,6.670285701751709,20863400
2010-01-13,6.676520426939809,6.863537924082013,6.676520426939809,6.8448357582092285,13482300
2010-01-14,6.863539680379911,6.863539680379911,6.770030610624837,6.776264667510986,8692400
2010-01-15,6.819901839251031,6.819901839251031,6.583013624001649,6.607949256896973,15426400
2010-01-19,6.657819448600307,6.851070423734332,6.614181652189166,6.832368850708008,14898100
2010-01-20,6.794965214019032,6.801199269960538,6.6765211236919155,6.732626438140869,13604800
2010-01-21,6.770029480457594,6.8136672768634945,6.58301256119223,6.601714134216309,13943800
2010-01-22,6.5518389888333655,6.576774602906934,6.290014743804932,6.290014743804932,21017600
2010-01-25,6.290018518888997,6.477036033939138,6.290018518888997,6.32742166519165,20606500
2010-01-26,6.333653518922255,6.3461216263629465,6.202741363355425,6.233911037445068,21913300
2010-01-27,6.25261440333207,6.321187824964231,6.196509092728395,6.2276787757873535,22963800
2010-01-28,6.346123295456776,6.358590811664464,6.165339851603501,6.265082359313965,40246500
2010-01-29,6.383527573758871,6.464568524312992,6.296253161248544,6.333656311035156,30073000
2010-02-01,6.321186211171282,6.414694641963289,6.184039997432516,6.283782482147217,23074400
2010-02-02,6.2837845878840835,6.2837845878840835,6.171573957721484,6.208977699279785,18259200
2010-02-03,6.221444679049081,6.321187783079292,6.1840415352359726,6.2713165283203125,14829600
2010-02-04,6.246381261888959,6.2650828348761864,5.984556862018626,6.034428119659424,18370700
2010-02-05,5.984556101420285,6.05312892333315,5.859877378651863,5.959620475769043,33731000
2010-02-08,6.046892793193336,6.071828410287477,5.878577526435883,5.990787506103516,25173000
2010-02-09,6.0468954478035855,6.121702331926517,5.953386991277987,5.984556674957275,29316300
2010-02-10,5.984557202493513,6.065597554886163,5.928451885827587,6.046895980834961,17525600
2010-02-11,6.071830898441057,6.1778074631469115,5.984556500103706,6.165339946746826,13726100
2010-02-12,6.103000930483115,6.140404670848481,6.015725932638784,6.05312967300415,13563900
2010-02-16,6.078064354829211,6.184040909089773,6.059362784816227,6.177806854248047,9532800
2010-02-17,6.202743012834422,6.271316432969599,6.171573330455909,6.246380805969238,13959400
2010-02-18,6.2713165283203125,6.296252155699802,6.177807479763037,6.2713165283203125,5162700
2010-02-19,6.265082377591448,6.29001800459181,6.184041441212211,6.246380805969238,8055100
2010-02-22,6.252612604094019,6.290016331904007,6.221442930004377,6.233911037445068,8422700
2010-02-23,6.252614248308784,6.252614248308784,6.096766431390233,6.140404224395752,18118100
2010-02-24,6.1404053172959285,6.208978154920621,6.078065941628137,6.121703147888184,13237600
2010-02-25,6.078064441680908,6.103000066891931,5.959620370556596,6.078064441680908,18311800
2010-02-26,6.065596331819296,6.096766011961125,6.009491620978643,6.078064441680908,9389800
2010-03-01,6.177807426272694,6.233912736018823,6.165339909947025,6.202743053436279,13623900
2010-03-02,6.246380846856739,6.29625210118391,6.171573370853736,6.202743053436279,12070900
2010-03-03,6.271314704364321,6.2775481635120585,6.115466929941384,6.146636009216309,13229000
2010-03-04,6.090532368004095,6.17780675635656,6.07806425851821,6.152871131896973,21949000
2010-03-05,6.2276802206170405,6.327422753936299,6.208978644247778,6.314955234527588,17723700
2010-03-08,6.3523555802341125,6.389759310956758,6.327419957923059,6.377291202545166,16149800
2010-03-09,6.352358178720684,6.445867246521918,6.333656602965387,6.389761924743652,14016900
2010-03-10,6.383526740417984,6.545608620367163,6.364825167966084,6.445866107940674,12284500
2010-03-11,6.458333055730648,6.545608043670654,6.420929914122229,6.545608043670654,18740500
2010-03-12,6.514438821937428,6.539374449605128,6.389760683598925,6.439631938934326,12629000
2010-03-15,6.383524819929586,6.389758873708789,6.277548283731497,6.321186065673828,11265700
2010-03-16,6.321187762837661,6.439631843882894,6.302485596478742,6.414696216583252,9673400
2010-03-17,6.458333812141397,6.526907237308627,6.445866294982447,6.495737552642822,12314400
2010-03-18,6.520672992260541,6.533140509057717,6.371059223620807,6.445866107940674,13981900
2010-03-19,6.290014743804932,6.445862480392717,6.2837806916585555,6.290014743804932,12898200
2010-03-22,6.290018855244221,6.383527320513458,6.258849168650368,6.346124172210693,9479200
2010-03-23,6.358591511273242,6.4146968266614675,6.327421825556193,6.402229309082031,19340200
2010-03-24,6.377292572508945,6.4895031942697265,6.358591000386234,6.439631938934326,19698700
2010-03-25,6.452100350818066,6.576778494969003,6.452100350818066,6.495737552642822,19470300
2010-03-26,6.5144383220167414,6.576777683658174,6.433397389687765,6.4583330154418945,12750500
2010-03-29,6.539372660823723,6.570542335510254,6.477033905962757,6.570542335510254,11552600
2010-03-30,6.589244495643369,6.620414173135615,6.520671680770146,6.57677698135376,12009000
2010-03-31,6.508205143320714,6.558076996056745,6.464567941003017,6.539374828338623,14117800
2010-04-01,6.576779567149722,6.664053985027163,6.551843934254398,6.607949256896973,14763900
2010-04-05,6.64535006157217,6.72015693383327,6.495736317049971,6.6889872550964355,7253500
2010-04-06,6.695222204328061,6.757561570131203,6.67652063239202,6.7513275146484375,11816500
2010-04-07,6.776263369532918,6.844836198608426,6.738860224405287,6.763795852661133,11937000
2010-04-08,6.7139247414280465,6.7139247414280465,6.595480058765623,6.620415687561035,12801000
2010-04-09,6.676521000978785,6.7014566297741975,6.551842857001722,6.620415687561035,13105600
2010-04-12,6.651585391955377,6.664052909134001,6.601714134216309,6.601714134216309,9900000
2010-04-13,6.57054416315898,6.670286674290368,6.55184259094991,6.651585102081299,10261700
2010-04-14,6.751327269994767,7.0131516456604,6.745093214737911,7.0131516456604,30646800
2010-04-15,6.975748098981644,7.006917781604232,6.907175272821747,6.938344955444336,9173500
2010-04-16,6.8510702543004545,6.863538365684514,6.664052745125478,6.763795852661133,18171100
2010-04-19,6.695222316804374,6.794964828155221,6.645351061128951,6.757561683654785,14212400
2010-04-20,6.782497273750891,6.869772267953366,6.75132759049913,6.794964790344238,9802900
2010-04-21,6.788731367079991,6.8136669949177024,6.639117005541457,6.757561683654785,15628700
2010-04-22,6.65781909453736,6.844836003879617,6.639116927993329,6.838602542877197,15815900
2010-04-23,6.844836367888128,6.844836367888128,6.732626335217892,6.832368850708008,9076800
2010-04-26,6.882239130668762,6.9258763263679235,6.826133825048583,6.851069450378418,10142500
2010-04-27,6.788732744016165,6.788732744016165,6.583013624001649,6.607949256896973,27248500
2010-04-28,6.695221799128766,6.701455854234242,6.483268681640333,6.545608043670654,19735700
2010-04-29,6.570543041341288,6.607946773885586,6.514437739780922,6.583011150360107,13022300
2010-04-30,6.601714134216309,6.6391172802644665,6.52067319176225,6.601714134216309,15450600
2010-05-03,6.651583556688868,6.670285124552918,6.564308582469761,6.645349502563477,7652600
2010-05-04,6.607944269126878,6.607944269126878,6.246377567804171,6.290014743804932,24852400
2010-05-05,6.25261490233755,6.29001864389585,6.127936754663719,6.208977699279785,20044100
2010-05-06,6.208976369144498,6.290017296399344,5.922216393670492,6.090532302856445,23946100
2010-05-07,6.171573407690744,6.240146828684091,6.028193699272382,6.165339946746826,26579400
2010-05-10,6.358590546774254,6.452099589741535,6.29001772420802,6.420929908752441,18143800
2010-05-11,6.296250431681103,6.433396047459406,6.290016377915156,6.339887619018555,18171300
2010-05-12,6.402227419368351,6.420928987473608,6.346122120540447,6.377291202545166,13240200
2010-05-13,6.395995981499543,6.452101303277809,6.346124716477168,6.389761924743652,21054500
2010-05-14,6.314952988140382,6.377291752033259,6.053128634058623,6.152871131896973,28096300
2010-05-17,6.190275288449884,6.246380595942287,6.021959365972677,6.215210914611816,12911500
2010-05-18,6.233914953810013,6.277552168242696,6.015727692621679,6.065598964691162,15891600
2010-05-19,6.078065941628137,6.177808467086726,6.021960622429594,6.121703147888184,17018300
2010-05-20,6.034428391195298,6.084299651080191,5.9533874452542666,6.00325870513916,21177100
2010-05-21,5.9222176551710435,6.152872376715176,5.884813913658234,6.103001117706299,15401200
2010-05-24,6.053129503441896,6.115468870800474,5.984556674957275,5.984556674957275,11426900
2010-05-25,5.922218390030286,5.965855598449707,5.797540227037387,5.965855598449707,24248400
2010-05-26,6.034427409520147,6.078064606192491,5.8972811698913565,5.897281169891357,19653400
2010-05-27,5.984556500103706,6.1778074631469115,5.984556500103706,6.165339946746826,13802100
2010-05-28,6.221444138016242,6.221444138016242,6.065596331819296,6.078064441680908,13449800
2010-06-01,6.065596749104076,6.221444566022625,6.040661122177597,6.140404224395752,21414800
2010-06-02,6.2027415646884965,6.283782482147217,6.10923313389649,6.283782482147217,13858300
2010-06-03,6.308719033363318,6.321187143046768,6.14040371422208,6.177806854248047,26076500
2010-06-04,6.071830941766705,6.152871879738407,5.972088431805304,5.997024059295654,22816300
2010-06-07,6.109234800850563,6.109234800850563,5.853644465401226,5.878580093383789,11634200
2010-06-08,5.915984378110236,5.94092001089789,5.803774327821988,5.928452491760254,14852800
2010-06-09,5.9783220463794216,6.109234229676497,5.940918310646453,5.959620475769043,16636100
2010-06-10,6.0718314321976745,6.159106432719361,6.0468958026932365,6.103001117706299,14853400
2010-06-11,6.090533237489005,6.171573582667853,6.0468954425708565,6.109234809875488,11804600
2010-06-14,6.115468597469273,6.240146732101665,6.1092345421095935,6.140404224395752,11076100
2010-06-15,6.202743677200308,6.427164938753209,6.177808047529131,6.402229309082031,15912000
2010-06-16,6.327419569612158,6.477033888808846,6.302483948831393,6.4271626472473145,10921300
2010-06-17,6.445865899335866,6.4583334157295615,6.3461233901373015,6.414696216583252,8265000
2010-06-18,6.383526228983589,6.4520996466670475,6.34612308707645,6.358590602874756,8883200
2010-06-21,6.445865499820936,6.533139892704286,6.41469581900022,6.4583330154418945,15083600
2010-06-22,6.445862480392717,6.495733708539853,6.27754663951218,6.290014743804932,11366800
2010-06-23,6.321188203816069,6.3772929232700495,6.246381316698471,6.32742166519165,9204200
2010-06-24,6.308720472809374,6.308720472809374,6.165340745808226,6.196509838104248,16327900
2010-06-25,6.246380805969237,6.296252059969961,6.202743012834422,6.246380805969238,7108000
2010-06-28,6.26508033630596,6.321185627404636,6.1902734796784085,6.258846282958984,7603500
2010-06-29,6.190273933646772,6.190273933646772,6.046893668711696,6.115467071533203,15553400
2010-06-30,6.1341708235356585,6.227679285858994,6.059363934774529,6.084299564361572,15959300
2010-07-01,6.090533600210231,6.134170803214922,5.984557026188291,6.103001117706299,13232900
2010-07-02,6.127936208522068,6.221444662315587,6.078064953897225,6.165339946746826,12921200
2010-07-06,6.35446837770908,6.537707249175858,6.35446837770908,6.439543724060059,19171800
2010-07-07,6.446086510915756,6.576971386322975,6.426453311523437,6.544250011444092,12954000
2010-07-08,6.544250109544947,6.62932543586203,6.491896158597253,6.603148460388184,13385700
2010-07-09,6.603150835088616,6.662049207113558,6.550796865312791,6.642416000366211,5183700
2010-07-12,6.609694391980467,6.655503953648291,6.59006118774414,6.590061187744141,8052800
2010-07-13,6.629325579820741,6.662046955900689,6.590059803703134,6.635869979858398,9159500
2010-07-14,6.694769970142036,6.694769970142036,6.583518252449819,6.642416000366211,15869300
2010-07-15,6.603150835088616,6.655504804864442,6.570429447951589,6.642416000366211,9778200
2010-07-16,6.603150394217781,6.642415556873769,6.478809256220637,6.491898059844971,16100800
2010-07-19,6.557341693791238,6.642416432125428,6.550797291116734,6.62932825088501,8440800
2010-07-20,6.583517708746112,6.74712400681118,6.5246193415853275,6.740579605102539,12519100
2010-07-21,6.727490587356238,6.74057939035653,6.5900612763955575,6.609694480895996,12529700
2010-07-22,6.662047617172937,6.80602068764208,6.662047617172937,6.792932510375977,13268600
2010-07-23,6.792936198316375,6.871467176873306,6.740582212611753,6.845290184020996,9314200
2010-07-26,6.851830909644404,6.917273044586182,6.7732999732492285,6.917273044586182,7232800
2010-07-27,6.9238183699260905,6.93690717312738,6.825654842350373,6.832198619842529,10941500
2010-07-28,6.845290184020996,6.93036556681819,6.812568786928423,6.845290184020996,8376000
2010-07-29,6.825655607216577,6.878009577671415,6.662049293518067,6.662049293518066,21033800
2010-07-30,6.635871462788103,6.668592222071878,6.54425171411149,6.609694480895996,18087100
2010-08-02,6.681681765447816,6.792934106843903,6.648960378429811,6.71440315246582,13442600
2010-08-03,6.707857708056693,6.753667268299449,6.662048147813937,6.694768905639648,12634000
2010-08-04,6.727489949541771,6.753666928952112,6.622782031900408,6.688224792480469,16752800
2010-08-05,6.635874854765198,6.655507445192504,6.58352086421985,6.622786045074463,14172000
2010-08-06,6.570430397169631,6.5966073858392855,6.472266845685588,6.518076419830322,16262400
2010-08-09,6.576973166796498,6.576973166796498,6.4984422202928025,6.51153039932251,10843000
2010-08-10,6.4788084930432035,6.537706854197704,6.446087736053756,6.498441696166992,14168100
2010-08-11,6.446091037482419,6.465723626552797,6.354471248306064,6.367559432983398,18577100
2010-08-12,6.3282921579178,6.446088901524783,6.32174775569329,6.393734931945801,17729600
2010-08-13,6.387189538792445,6.472264882186568,6.328291176126632,6.347923755645752,14238000
2010-08-16,6.315203353468781,6.452632679640746,6.302115173128309,6.393734931945801,7452100
2010-08-17,6.439543672107015,6.498442036344702,6.367556505101635,6.4657206535339355,12328800
2010-08-18,6.465721484089765,6.472265886314275,6.361013544931801,6.393734931945801,11861300
2010-08-19,6.393735393094035,6.433000561055999,6.289026822275416,6.30866003036499,19439300
2010-08-20,6.334836959838867,6.393735335358552,6.315203751926581,6.334836959838867,9000500
2010-08-23,6.3413801193237305,6.413367293090903,6.33483634143369,6.3413801193237305,9888100
2010-08-24,6.289027040509836,6.328292833942948,6.19086349308998,6.243217468261719,17847400
2010-08-25,6.19740629196167,6.243215852353067,6.099242145840664,6.19740629196167,12023400
2010-08-26,6.190862420586055,6.2170394036370284,6.151596633955342,6.171229839324951,12119600
2010-08-27,6.236670824793271,6.328290560483425,6.145051713211506,6.315201759338379,9931700
2010-08-30,6.289024299632909,6.341378251987796,6.145051242711142,6.164683818817139,12539800
2010-08-31,6.151597023010255,6.197407214328082,6.099243053597204,6.151597023010254,16359400
2010-09-01,6.197405481758815,6.3086577916865805,6.16468410399623,6.269392013549805,14118900
2010-09-02,6.262848431933888,6.295569813974223,6.177773088272398,6.19740629196167,20201800
2010-09-03,6.2759381883388174,6.393734931945801,6.2759381883388174,6.393734931945801,11390200
2010-09-07,6.36755708602313,6.36755708602313,6.203950781151721,6.217039585113525,18467000
2010-09-08,6.243215512232767,6.243215512232767,6.177772751717312,6.230127334594727,11263500
2010-09-09,6.275939106018459,6.302116094635599,6.19740814016704,6.22358512878418,8783500
2010-09-10,6.2170392082893216,6.249760592102015,6.1777734228923915,6.20395040512085,9389500
2010-09-13,6.393733264370511,6.47880797466627,6.380644463335235,6.452630996704102,18223400
2010-09-14,6.413366354955874,6.518074275182348,6.400277552873348,6.498441696166992,8323500
2010-09-15,6.426454869339321,6.504985813620082,6.406822289296248,6.4657206535339355,6151600
2010-09-16,6.4460898570159335,6.537709005305404,6.4199128683462785,6.518076419830322,12894300
2010-09-17,6.531161592371589,6.576971769514372,6.472263863088044,6.485352039337158,7967400
2010-09-20,6.51153024312424,6.59006118774414,6.504985841712132,6.590061187744141,12612700
2010-09-21,6.609693925587908,6.609693925587908,6.465720225222915,6.478808403015137,14590000
2010-09-22,6.485352856459989,6.491897257463285,6.3937337388475655,6.413366317749023,33047200
2010-09-23,6.315202424909625,6.3806451893152145,6.2693928642907855,6.321746826171875,29309800
2010-09-24,6.419912442919267,6.550797377594214,6.361014066288392,6.531164169311523,29744500
2010-09-27,6.524619688604074,6.531163466552257,6.465721318310718,6.472265720367432,12822100
2010-09-28,6.472263583018949,6.609692860283726,6.446086607545102,6.603148460388184,12307000
2010-09-29,6.609695258466299,6.77984534872736,6.596606453926229,6.72749137878418,20805700
2010-09-30,6.701312107909957,6.792931836112146,6.622781179783083,6.635869979858398,11830400
2010-10-01,6.6816820533858845,6.720947844321306,6.62278367903704,6.707859039306641,11123000
2010-10-04,6.720945982542482,6.766755539186892,6.622781844450804,6.681680202484131,13630400
2010-10-05,6.701313476598629,6.81911020490213,6.688225297958498,6.812565803527832,13253400
2010-10-06,6.779844767137396,6.81256615157211,6.7144026223764675,6.740579605102539,10742000
2010-10-07,6.7405801833242505,6.7733015705658755,6.675137408841,6.72749137878418,7504600
2010-10-08,6.740579124820494,6.792933086542294,6.675136360614017,6.779844284057617,6281600
2010-10-11,6.760211656543286,6.792933038414695,6.720946497584355,6.766756057739258,5766600
2010-10-12,6.727491520761744,6.760212908693924,6.6424161617815,6.720947742462158,7488800
2010-10-13,6.753668284449701,6.851832445021869,6.747124506365059,6.825655460357666,11061700
2010-10-14,6.825653699299416,6.86491885411081,6.773299743478635,6.786387920379639,12535900
2010-10-15,6.851831400961542,6.858375178049064,6.714402096388383,6.766756057739258,12457200
2010-10-18,6.72094702408511,6.7602121861199675,6.688225639650396,6.740579605102539,12978800
2010-10-19,6.6816809676059705,6.747123733827632,6.62932700427203,6.675136566162109,12066600
2010-10-20,6.734034487798558,6.792932848700481,6.688224928923033,6.76021146774292,8634100
2010-10-21,6.799477624887702,6.858375364930987,6.7471236621102495,6.812565803527832,25208900
2010-10-22,6.832199675621222,6.93690824508667,6.806022689282006,6.93690824508667,10628800
2010-10-25,6.995803496013295,7.021980472997028,6.94344954204583,6.989259719848633,15294700
2010-10-26,6.943452068750514,6.995806041769458,6.9172750822410425,6.949996471405029,5179200
2010-10-27,6.949995276728059,6.995804839218004,6.923818294718307,6.969627857208252,11037100
2010-10-28,7.113603480486279,7.120147883773163,7.008895524330719,7.041616916656494,14111000
2010-10-29,7.0285258141068665,7.159410716545753,7.002348833619089,7.139778137207031,13152000
2010-11-01,7.139779044415691,7.198677414024161,7.10051388074906,7.126690864562988,6265100
2010-11-02,7.15941101010417,7.15941101010417,7.054703083859707,7.093968868255615,9680200
2010-11-03,7.139778038245856,7.165955018370806,7.087424077995955,7.152866840362549,8804800
2010-11-04,7.198677119930726,7.36882781982422,7.179044538899476,7.368827819824219,13522900
2010-11-05,7.3557391235107366,7.3557391235107366,7.264119994625097,7.316473960876465,10642900
2010-11-08,7.2902987455475925,7.2902987455475925,7.192134566941439,7.198678970336914,8276300
2010-11-09,7.323016834514459,7.388459596303695,7.264119097834263,7.2902960777282715,16399400
2010-11-10,7.336108623461526,7.362285614013672,7.277210238692027,7.362285614013672,11618500
2010-11-11,7.264120156162634,7.296840917715993,7.198677384838872,7.237943172454834,10698900
2010-11-12,7.192133744359545,7.25757652261213,7.159412355233252,7.2313995361328125,8284200
2010-11-15,7.290297139870434,7.316474123578235,7.237943172454833,7.237943172454834,6752600
2010-11-16,7.211763710178409,7.237940684889599,7.080878212514151,7.107055187225342,8229300
2010-11-17,7.133234642435077,7.172500430210232,7.093969478768447,7.126690864562988,10309200
2010-11-18,7.185590103872683,7.264121695748898,7.185590103872683,7.224855899810791,8092800
2010-11-19,7.205222306842446,7.251031875610352,7.165956516392407,7.251031875610352,3746400
2010-11-22,7.211765423042891,7.296840142979103,7.172499639595947,7.283751964569092,7839900
2010-11-23,7.192133577555076,7.198677980050269,7.015439078944845,7.02852725982666,11475400
2010-11-24,7.120148001917187,7.205223373732389,7.087426609048469,7.198678970336914,10324000
2010-11-26,7.139780587994954,7.211767777127865,7.126692405312662,7.198678970336914,4490900
2010-11-29,7.159413666522149,7.192135061641558,7.008896122725049,7.074338912963867,17495900
2010-11-30,7.028526494366223,7.06779228095247,7.008893913127353,7.035070896148682,16522500
2010-12-01,7.17249785602045,7.283750153328634,7.133232082337673,7.270661354064941,22671000
2010-12-02,7.3426504745255805,7.57824330759333,7.33610607313547,7.552066326141357,27885800
2010-12-03,7.591335851770913,7.85310579530421,7.558614452802058,7.833473205566406,22780100
2010-12-06,7.8334694958345406,7.846557674758589,7.741849746932282,7.781115531921387,7499700
2010-12-07,7.840012944650636,7.853101747134584,7.741849422454835,7.741849422454834,9644900
2010-12-08,7.774571177680053,7.820380740355497,7.7549385971203595,7.794203758239746,10947000
2010-12-09,7.912002247963243,8.0167101996937,7.872736454010011,7.87273645401001,14510700
2010-12-10,7.905457019805908,7.938178407333475,7.853103049405225,7.905457019805908,10002400
2010-12-13,7.912000782816419,7.970899150785137,7.787659645080566,7.787659645080566,11830200
2010-12-14,7.84001332091519,7.859646525583367,7.7549385971203595,7.794203758239746,12702300
2010-12-15,7.859646451492868,7.9643543789688245,7.8334694696238785,7.931632995605469,11263900
2010-12-16,7.983989060882818,8.062520027160645,7.983989060882818,8.062520027160645,11049900
2010-12-17,8.173770166803038,8.330832056727282,8.147593185148997,8.304655075073242,21359100
2010-12-20,8.154137579297863,8.193403363798048,8.042885251340559,8.069062232971191,9499500
2010-12-21,8.134505803494083,8.167226565686658,8.062518628809936,8.108328819274902,10978600
2010-12-22,8.088694096733246,8.147592456212527,8.023251960507258,8.049428939819336,7865300
2010-12-23,8.0494284192714,8.062516596026832,7.983985663169109,8.003618240356445,5750600
2010-12-27,8.06251682949153,8.082150031355757,8.003618472115635,8.055973052978516,3890700
2010-12-28,8.029795554107222,8.06906070707371,7.983985376835183,8.010162353515625,5232200
2010-12-29,8.023251673979862,8.134503988110243,7.990530294981211,8.055973052978516,9312400
2010-12-30,8.082150269232145,8.127959826713502,8.069061467604092,8.11487102508545,4270200
2010-12-31,8.134505872822098,8.20649242401123,8.108328888379818,8.20649242401123,4216200
2011-01-03,8.219579458056456,8.304654171090132,8.20649065659995,8.239212036132812,7040600
2011-01-04,8.24575591194297,8.265388488769531,8.141047379281789,8.265388488769531,9709800
2011-01-05,8.180316246436549,8.213037636244016,8.010165518724605,8.088696479797363,9777300
2011-01-06,8.180312879279132,8.45517144195158,8.147591502940347,8.422450065612793,23936600
2011-01-07,8.448627281847642,8.572968390645299,8.42899470513004,8.553335189819336,20593300
2011-01-10,8.5795144813465,8.684223041674255,8.546793719359389,8.651501655578613,16293600
2011-01-11,8.82164811297247,8.847825710373222,8.710396444560645,8.78238296508789,18268900
2011-01-12,8.85437197649179,8.874005180065486,8.756208455057097,8.841283798217773,11785800
2011-01-13,8.847828455019695,8.874005436432421,8.684222165163046,8.749664306640625,12088500
2011-01-14,8.782388694512132,8.95908322348065,8.73657911739227,8.952539443969727,15034100
2011-01-18,8.952534626125326,9.044153731059836,8.847826720995402,8.867459297180176,14698500
2011-01-19,9.011437445208657,9.063791423722297,8.854374885559082,8.854374885559082,20552600
2011-01-20,8.749661769173635,8.795471317333677,8.6449538738888,8.677675247192383,24561200
2011-01-21,8.710400159505667,8.762754128419346,8.65804556648345,8.684223175048828,23532600
2011-01-24,8.723487222276992,8.828195146692176,8.625323699164873,8.802018165588379,12170300
2011-01-25,8.684223041674255,8.75620959179784,8.651501655578613,8.651501655578613,16607200
2011-01-26,8.72348633204844,8.72348633204844,8.644955396751106,8.66458797454834,19606400
2011-01-27,8.716942450928043,8.867460553966517,8.6384115109504,8.71039867401123,23444900
2011-01-28,8.828194202061331,8.828194202061331,8.566424419033158,8.579512596130371,22928500
2011-01-31,8.58605656708758,8.612233544080503,8.527158212826413,8.553335189819336,17718200
2011-02-01,8.677679886892497,8.710401277691243,8.62532591125795,8.64495849609375,17957000
2011-02-02,8.664591092824384,8.795476032090432,8.638414104971176,8.730033874511719,12598000
2011-02-03,8.769298132286734,8.782386936906496,8.67767899638261,8.743121147155762,7536700
2011-02-04,8.762754394816122,8.919816306332,8.716944202542571,8.9132719039917,13293400
2011-02-07,8.919813871726026,8.991800405495402,8.887092493064168,8.939446449279785,15960600
2011-02-08,8.847825710373222,8.900179656958176,8.743117193095038,8.78238296508789,11827600
2011-02-09,8.677676682986847,8.782384595596483,8.566424369812012,8.566424369812012,13696400
2011-02-10,8.455170720492422,8.481347694508164,8.337374025367438,8.402816772460938,26351400
2011-02-11,8.350462787235042,8.494435831626197,8.271931865537606,8.46825885772705,11393100
2011-02-14,8.481349758930643,8.481349758930643,8.422451397031859,8.435540199279785,8005900
2011-02-15,8.350465292914551,8.422451836710746,8.337376489983347,8.389730453491211,7291100
2011-02-16,8.422451397031859,8.481349758930643,8.389730015520486,8.435540199279785,14544900
2011-02-17,8.42899470513004,8.553335189819336,8.389728927586473,8.553335189819336,16609200
2011-02-18,8.553336402862719,8.566425205269628,8.37009753792512,8.383186340332031,15167000
2011-02-22,8.337374385557128,8.337374385557128,8.108326009051154,8.121414184570312,15166500
2011-02-23,8.226123006932955,8.239211808027093,7.99707460476102,8.03633975982666,16723100
2011-02-24,8.09523928831377,8.09523928831377,7.859646451492868,7.931632995605469,29988100
2011-02-25,8.016709747552552,8.082152525747437,7.94472319082505,8.042886734008789,15380300
2011-02-28,8.108329512203673,8.108329512203673,7.98398835845511,8.042886734008789,18334700
2011-03-01,8.206489005902144,8.219577804725898,7.964351844637195,7.970896244049072,15990200
2011-03-02,7.938177953976023,8.055974692704348,7.931633552022556,7.990531921386719,12591100
2011-03-03,8.075606449243478,8.0821508505282,7.964354123837035,8.023252487182617,15442000
2011-03-04,8.101781609237415,8.18031253467732,8.069060234277043,8.121414184570312,20278800
2011-03-07,8.121421014038894,8.13450982467302,7.8989162261295265,7.983991622924805,15430100
2011-03-08,8.082149505615234,8.160680435638557,8.075605105419536,8.082149505615234,19209600
2011-03-09,8.095239096257394,8.265389786423304,8.023252553852645,8.193403244018555,25862200
2011-03-10,8.003621757159266,8.016710563774314,7.885825618167076,7.925090789794922,17514200
2011-03-11,7.885823986565328,8.023253307045533,7.879279584611861,7.990531921386719,13547700
2011-03-14,7.872734578538156,7.983986906775982,7.866190801195352,7.957809925079346,8602600
2011-03-15,7.689495829776739,7.800748159795805,7.597876080317366,7.794203758239746,14192300
2011-03-16,7.728760789638544,7.794202925885017,7.414636413686858,7.480079174041748,39189200
2011-03-17,7.558609962108081,7.676406054659089,7.558609962108081,7.597875118255615,13507100
2011-03-18,7.722218861510864,7.735307043307755,7.578245117093366,7.689497470855713,13015000
2011-03-21,7.781115814003883,7.885823745626083,7.77457141225037,7.813836574554443,15205300
2011-03-22,7.807292477421454,7.813836254798682,7.722217130432722,7.735305309295654,10850100
2011-03-23,7.7745721487901145,7.892368895079052,7.669864207248197,7.879280090332031,17840300
2011-03-24,7.938176248054172,8.055972961467868,7.872733490800256,8.03633975982666,16177100
2011-03-25,8.06251630687651,8.06906070707371,7.977440976637984,8.010162353515625,10185100
2011-03-28,8.023253361678059,8.088695509332782,7.918545426143685,7.964354991912842,7657800
2011-03-29,7.898912094435748,7.9120008982234955,7.8596469312895385,7.892368316650391,25880800
2011-03-30,7.938179596409971,7.95126777891637,7.866193032353153,7.925090789794922,13372800
2011-03-31,8.05597156407864,8.075604138205993,7.911997897558734,7.970896244049072,13090900
2011-04-01,8.023253307045533,8.036341486843947,7.957810535727903,7.990531921386719,10752900
2011-04-04,7.9970732175883015,8.023250191127532,7.95126304581344,7.970896244049072,9660700
2011-04-05,8.055975028108591,8.186859952084621,8.049430625882653,8.154138565063477,20534300
2011-04-06,8.31119970048489,8.39627504918026,8.298111521359404,8.357009887695312,12934700
2011-04-07,8.311199565204168,8.383186733602322,8.278478181760322,8.324288368225098,8459300
2011-04-08,8.330834508501072,8.4093661006836,8.265392347160505,8.278480529785156,7510900
2011-04-11,8.206491711459295,8.232668693628684,8.12796076495113,8.186859130859375,9431600
2011-04-12,8.069060996458736,8.101782374509883,7.951264285117963,8.003618240356445,8548900
2011-04-13,8.0821508505282,8.095239028989187,8.003619283328451,8.023252487182617,11613700
2011-04-14,7.970897717225377,8.082150031355757,7.964353316603968,8.055973052978516,11826400
2011-04-15,8.029797708999,8.04943029075088,7.938177953976023,7.990531921386719,6326500
2011-04-18,7.931633016983807,7.938177418495814,7.768026723834533,7.820380687713623,11477300
2011-04-19,7.846557380577055,7.85964618311886,7.754938259218241,7.826924800872803,17106500
2011-04-20,8.10178583122687,8.147595405578613,8.029799268087183,8.147595405578613,16936700
2011-04-21,8.206489942663131,8.258843895717732,8.186857366294744,8.219578742980957,14928000
2011-04-25,8.173769050773176,8.193402252414383,8.003618381199702,8.03633975982666,11027600
2011-04-26,8.088693236236104,8.219578742980957,8.062516259708802,8.219578742980957,11100000
2011-04-27,8.396276687127372,8.736578148294917,8.278479931475742,8.697312355041504,44473500
2011-04-28,8.625324218568029,8.821651276614766,8.612235415173714,8.77584171295166,31618300
2011-04-29,8.756209685726086,8.83474063873291,8.716943897168406,8.83474063873291,15371600
2011-05-02,8.841283798217773,8.880548957148271,8.795473613987594,8.841283798217773,16884100
2011-05-03,8.834738302486645,8.874004080660935,8.756207370246434,8.808561325073242,18363000
2011-05-04,8.828196393130252,8.834740795357309,8.710400273585966,8.795475006103516,16035100
2011-05-05,8.821649120604576,8.959078402114688,8.802016544419802,8.867459297180176,17851100
2011-05-06,8.939449856863146,9.089968006439582,8.939449856863146,8.998348236083984,19126000
2011-05-09,9.031065894583348,9.031065894583348,8.900181008249055,8.945990562438965,16039800
2011-05-10,8.89364028373966,9.024525224170066,8.867463295653579,8.998348236083984,11120200
2011-05-11,8.945992978186379,9.037612735415273,8.821651834510838,8.83474063873291,12408500
2011-05-12,8.821653266838643,9.122688947630063,8.821653266838643,9.044157981872559,26161400
2011-05-13,9.044156107995205,9.057244911630544,8.860917225860003,8.893638610839844,12839300
2011-05-16,8.854375380630326,8.952539563913508,8.815110206604004,8.815110206604004,13765000
2011-05-17,8.808563050050532,8.900182800993488,8.690766316567945,8.7627534866333,21091500
2011-05-18,8.828197896302262,8.906728864072722,8.821653492960893,8.854374885559082,11029700
2011-05-19,8.85437212779597,8.860916529099034,8.743119802077725,8.802018165588379,8295100
2011-05-20,8.795474293934635,8.828195678311923,8.71694334589424,8.77584171295166,8234400
2011-05-23,8.65150234773951,8.677679333888598,8.566426986727828,8.5860595703125,14639200
2011-05-24,8.62532416107633,8.743120270297508,8.599147178570679,8.605690956115723,15758800
2011-05-25,8.579513399250029,8.677677545155936,8.55333641849681,8.618779182434082,11050400
2011-05-26,8.618781520108424,8.762755265355386,8.592604532255214,8.730033874511719,15105200
2011-05-27,8.74311736969126,8.795471317333677,8.6449538738888,8.677675247192383,10229900
2011-05-31,8.932902048725737,8.99834480604945,8.802017158186693,8.939446449279785,17418500
2011-06-01,8.985260213850381,9.024526011459319,8.900185463230263,8.952539443969727,17616700
2011-06-02,8.978712657324047,9.017977814306892,8.932902475366172,8.96562385559082,12586800
2011-06-03,8.945990800406713,9.01797733377836,8.893636844480357,8.926358222961426,9232000
2011-06-06,8.919818049980393,9.031070415078922,8.89364105961066,8.952539443969727,10591300
2011-06-07,9.02452428771853,9.19467500467627,9.017979885348948,9.083422660827637,14722000
2011-06-08,9.096511067975083,9.096511067975083,8.92636097088891,8.978714942932129,14932900
2011-06-09,8.978716136719076,8.98525991601309,8.71694561759007,8.874008178710938,14243900
2011-06-10,8.769297313327789,8.79547429601411,8.507527486464586,8.54024887084961,30974300
2011-06-13,8.540249025012745,8.566426008171597,8.481350656878204,8.500983238220215,13034200
2011-06-14,8.677676392449404,8.74966292393125,8.67113199210332,8.723485946655273,12413100
2011-06-15,8.644957945175094,8.736577708751192,8.579515167748083,8.5860595703125,18221700
2011-06-16,8.566427638068909,8.61223721128576,8.448630879387144,8.507529258728027,16911900
2011-06-17,8.572970008646447,8.579513786048434,8.291566984781252,8.324288368225098,18469400
2011-06-20,8.389731297339598,8.468262250500123,8.337377328565912,8.442085266113281,10737600
2011-06-21,8.533705046340598,8.690766953081633,8.514072464025103,8.684223175048828,13390400
2011-06-22,8.605690015689197,8.605690015689197,8.44862813781896,8.455172538757324,16821800
2011-06-23,8.29810887639797,8.435538146007687,8.180312181272987,8.402816772460938,18140700
2011-06-24,8.278477300785628,8.311198680747346,8.088694045937757,8.11487102508545,26052200
2011-06-27,8.10833011714833,8.245759462324019,8.069064322480148,8.199949264526367,27858400
2011-06-28,8.245757365898822,8.389730453491211,8.226124161502016,8.389730453491211,32005100
2011-06-29,8.498173834739443,8.525455265571647,8.36176668057842,8.423150062561035,16606000
2011-06-30,8.552733938999552,8.66868014526548,8.491350576806953,8.600476264953613,20957200
2011-07-01,8.586838507464543,8.811910470768456,8.586838507464543,8.805089950561523,17024900
2011-07-05,8.764170473194312,8.764170473194312,8.60730171870097,8.675505638122559,10336700
2011-07-06,8.614121423940826,8.62094194532442,8.45725268432177,8.545917510986328,20917400
2011-07-07,8.627761064145494,8.770988748511545,8.566378328366326,8.70278549194336,20138900
2011-07-08,8.620943711271922,8.627763583611806,8.41633258093581,8.60730266571045,13968700
2011-07-11,8.504995330102888,8.56637871912273,8.416330507123194,8.43679141998291,10239400
2011-07-12,8.395871325893774,8.409511720466657,8.26628400002685,8.348128318786621,16394900
2011-07-13,8.498176261817447,8.65504437129398,8.457253778661377,8.484535217285156,17094300
2011-07-14,8.464073783164197,8.47771482686204,8.245822287524815,8.286744117736816,17778000
2011-07-15,8.354943096002925,8.39586555246283,8.252637930513735,8.334482192993164,11521800
2011-07-18,8.279923439025879,8.307204873320828,8.204899006884242,8.279923439025879,14976100
2011-07-19,8.245817412697022,8.375403999012688,8.184434053227356,8.334482192993164,13348100
2011-07-20,8.498174824956395,8.552737692978532,8.429970914708377,8.504995346069336,8756200
2011-07-21,8.504995060960468,8.648222747327395,8.470893106979641,8.573198318481445,8316300
2011-07-22,8.593659516004617,8.852832794189453,8.593659516004617,8.852832794189453,16438500
2011-07-25,8.6755067559688,8.743710033737658,8.593662432381654,8.695967674255371,24419600
2011-07-26,8.736888436457516,8.900577051316864,8.730067914894859,8.798271179199219,16114900
2011-07-27,8.750529081537227,8.770989996374624,8.545917981840988,8.56637954711914,19118800
2011-07-28,8.525455898529675,8.6686835836426,8.375407692592166,8.395869255065918,27805500
2011-07-29,8.395866587840842,8.477710860413303,8.341303089018743,8.429967880249023,20581700
2011-08-01,8.593660510230764,8.655043251360949,8.409510335518052,8.545917510986328,20125100
2011-08-02,8.491354577233581,8.498175098566117,8.314024925231934,8.314024925231934,12811200
2011-08-03,8.27992249872106,8.354946271901962,8.12987430191863,8.293562889099121,19356500
2011-08-04,8.198080505680648,8.279924822238092,7.891163505539226,7.897984027862549,27060800
2011-08-05,7.884342670440675,7.973006848048687,7.62516870778452,7.884342670440674,22109100
2011-08-08,7.63198831574128,7.713833269919292,7.393275925784318,7.461479187011719,18751900
2011-08-09,7.550145492147788,7.8570625043821165,7.413738292510772,7.843421459197998,21818200
2011-08-10,7.720652353219798,7.768395346693927,7.53650285120446,7.550143241882324,19386900
2011-08-11,7.64562791291053,7.973005065971894,7.64562791291053,7.857059478759766,17011900
2011-08-12,7.788857784049617,7.877522617370625,7.73429490976604,7.816139221191406,9037700
2011-08-15,7.925263890333837,7.993467799119289,7.877521544448428,7.9593658447265625,5535100
2011-08-16,7.836597918862992,7.9661851964468875,7.77521454005384,7.857059478759766,11531700
2011-08-17,7.870702577571199,7.904804538697441,7.741115905820451,7.850241661071777,10491600
2011-08-18,7.604707054591897,7.645629532614164,7.331892702579193,7.536503791809082,21118100
2011-08-19,7.461479187011719,7.652449879506137,7.434197752432617,7.461479187011719,11898100
2011-08-22,7.645630050095363,7.713833967935163,7.529683780032161,7.666090965270996,17618100
2011-08-23,7.747934742007538,8.109414571008667,7.747934742007538,8.075312614440918,16565700
2011-08-24,8.041207771659153,8.048028290612772,7.863878181507976,8.007105827331543,14453900
2011-08-25,7.973007955820508,8.041211879316036,7.71383460759547,7.741116046905518,17994600
2011-08-26,7.775214173203573,8.088950921971609,7.775214173203573,8.054849624633789,9421300
2011-08-29,8.136695591437505,8.273102760314941,8.116234028275374,8.273102760314941,8293300
2011-08-30,8.198077664996475,8.225359094395774,8.10941285683861,8.163975715637207,7907200
2011-08-31,8.23217896391516,8.238999483875132,8.10941285683861,8.163975715637207,10145300
2011-09-01,8.129874057144022,8.22535938867808,8.088951586360682,8.109413146972656,9095900
2011-09-02,7.993468599145072,8.048031471458083,7.891162725727618,7.952546119689941,10719500
2011-09-06,7.768394670528833,7.877520388215955,7.713831811685273,7.857059478759766,12790800
2011-09-07,8.04803106174246,8.21854019165039,8.034390019138284,8.21854019165039,12396600
2011-09-08,8.109412083339445,8.252639736634439,8.082130656542327,8.184435844421387,16279000
2011-09-09,8.14351524629473,8.239000587199468,8.048030555830662,8.102593421936035,15057500
2011-09-12,8.020749458202246,8.177617542205184,7.97982698169152,8.143515586853027,12798200
2011-09-13,8.095774498855794,8.170798291947314,8.03439109976237,8.157157897949219,11612100
2011-09-14,8.068493687116888,8.136697613727312,7.918445438838465,8.061673164367676,18850400
2011-09-15,8.184438570496496,8.320845749916625,8.184438570496496,8.259462356567383,15916200
2011-09-16,8.423150404787405,8.532276132549923,8.361767020310829,8.464072227478027,15643200
2011-09-19,8.307200772166688,8.382224516829401,8.19125457104407,8.334482192993164,7858900
2011-09-20,8.34812541825288,8.382227368497695,8.259460607792604,8.266281127929688,10876500
2011-09-21,8.33448528680273,8.395868669058267,8.123053709082622,8.129874229431152,12460100
2011-09-22,7.857059478759766,7.938903767025106,7.768394670528833,7.857059478759766,24446200
2011-09-23,7.734294635509807,7.986648082733155,7.700192677681626,7.986648082733154,22340300
2011-09-26,7.90480358447016,7.94572541252913,7.7070130143431905,7.884342670440674,18025300
2011-09-27,8.020750394683036,8.29356476847194,8.007109350773204,8.198080062866211,18203400
2011-09-28,8.143516342741695,8.184438823050883,8.027570724487305,8.027570724487305,11587300
2011-09-29,8.15033429788457,8.177615726019157,7.932082872807868,8.054849624633789,10301800
2011-09-30,7.986646240556459,8.048029620400523,7.761574281421953,7.795676231384277,15664200
2011-10-03,7.741114288337065,7.952545232348425,7.713832855224609,7.713832855224609,15931500
2011-10-04,7.679728722843668,8.013926346285162,7.679728722843668,8.007105827331543,19700000
2011-10-05,7.9525474021436775,8.061673164367676,7.863882557726466,8.061673164367676,11445900
2011-10-06,8.007110438030876,8.075314365959665,7.877523755495217,8.068493843078613,16134800
2011-10-07,8.061670289790944,8.102592761253506,7.918442615332904,8.048029899597168,16618600
2011-10-10,8.157157581577488,8.211720456335268,8.116235100288765,8.198080062866211,11210000
2011-10-11,8.129875496215517,8.19807940944701,8.082133147217906,8.088953018188477,8253000
2011-10-12,8.170796123493439,8.334485361114558,8.157155733115378,8.293562889099121,10920200
2011-10-13,8.191256899805568,8.30720313389152,8.143513911955695,8.300382614135742,14678500
2011-10-14,8.382229008557717,8.40951044400331,8.300384702220933,8.389049530029297,9567900
2011-10-17,8.314023588855582,8.334485149564248,8.143514485593698,8.19125747680664,9357900
2011-10-18,8.184438581460618,8.354947718574381,8.14351610235939,8.327666282653809,8859600
2011-10-19,8.266282878148573,8.382229143265866,8.225361049542904,8.259462356567383,8569800
2011-10-20,8.198077284950513,8.21171767379753,7.938903392451653,8.054849624633789,13372900
2011-10-21,8.163976564669232,8.320844637418919,8.163976564669232,8.307204246520996,7230000
2011-10-24,8.293564531972807,8.518636546540696,8.293564531972807,8.511816024780273,7181400
2011-10-25,8.402689751232757,8.429971186122186,8.307205054340113,8.314024925231934,10456100
2011-10-26,8.409508038081297,8.477711932402821,8.266280380358527,8.354945182800293,16953200
2011-10-27,8.655041147825992,8.907395174160678,8.620939850077496,8.83237075805664,29647900
2011-10-28,8.757346116731142,8.770986504378502,8.668681320481562,8.689142227172852,13080000
2011-10-31,8.614123188491186,8.695967510537459,8.559560307127002,8.60730266571045,8923100
2011-11-01,8.416329265263748,8.559556935029393,8.334484975460606,8.491353034973145,14767400
2011-11-02,8.586840803050807,8.682325509712093,8.532277927689847,8.675505638122559,11367900
2011-11-03,8.784630786514642,8.818732743887189,8.614121650092635,8.798271179199219,12036400
2011-11-04,8.764168628223436,8.907396308504866,8.757348107628928,8.852832794189453,9961200
2011-11-07,8.818729909549942,8.87329276363324,8.730065109054452,8.866472244262695,7639100
2011-11-08,8.83236978814816,8.852830694638497,8.682321622857875,8.818729400634766,7545200
2011-11-09,8.559559026662473,8.634582814704851,8.470894195099252,8.511816024780273,11188800
2011-11-10,8.580017910461793,8.695964151179433,8.545915960172968,8.641401290893555,15910900
2011-11-11,8.661861667551916,8.880113745697546,8.655041147825992,8.83237075805664,12454400
2011-11-14,8.85965331478396,8.927857219847745,8.818731492098205,8.852832794189453,9046900
2011-11-15,8.83237284785617,8.921037673950195,8.770989456680251,8.921037673950195,10189200
2011-11-16,8.832369874892866,8.880112857759867,8.682321708128923,8.689142227172852,12697300
2011-11-17,8.777807811122225,8.777807811122225,8.600478202709924,8.668682098388672,13148200
2011-11-18,8.675504998254091,8.675504998254091,8.511815733803461,8.63458251953125,11364900
2011-11-21,8.525457067003591,8.607301376793936,8.436792235453863,8.56637954711914,15051900
2011-11-22,8.56637954711914,8.620942420312703,8.511816023484824,8.56637954711914,16107200
2011-11-23,8.42315050914389,8.464072332341502,8.279922827070944,8.320844650268555,11899800
2011-11-25,8.204897259564236,8.320843493235964,8.184436350810568,8.232178688049316,5505000
2011-11-28,8.429969680646733,8.580017870962429,8.429969680646733,8.55955696105957,11545800
2011-11-29,8.54591636352663,8.559557404462234,8.45043167873992,8.45725154876709,9364300
2011-11-30,8.709604483488416,8.839191103523442,8.64822110804636,8.811909675598145,18986100
2011-12-01,8.832372091812028,9.050624202915387,8.825551571056153,9.0097017288208,11239500
2011-12-02,9.030161818064075,9.112006108357152,8.927856617807876,8.948317527770996,8691500
2011-12-05,9.050623404186593,9.071084314207857,8.948317553199077,9.016521453857422,15855000
2011-12-06,8.900577379442229,8.955140253073507,8.811912547181214,8.825552940368652,13573800
2011-12-07,8.784628972147775,9.057443273899947,8.770987931839866,9.016521453857422,11695100
2011-12-08,8.900577379442229,9.009703126704785,8.805092025367113,8.825552940368652,9011500
2011-12-09,8.75052854310185,8.99606145736481,8.675504759687236,8.921037673950195,13774300
2011-12-12,8.784627456190542,8.825549269171217,8.675501754321422,8.818729400634766,9816300
2011-12-13,8.825553220144805,8.886936617536078,8.593661325081122,8.675505638122559,12554400
2011-12-14,8.627760210882633,8.730066061278125,8.552736440945084,8.55955696105957,9798500
2011-12-15,8.655043080047545,8.655043080047545,8.477714080669102,8.525456428527832,8199400
2011-12-16,8.532276374861901,8.730066924658766,8.477713509431089,8.70278549194336,13528100
2011-12-19,8.641402001308448,8.695964866079972,8.39586910983659,8.402688980102539,10443300
2011-12-20,8.614121605390197,8.730067869590723,8.566379255580827,8.63458251953125,22957200
2011-12-21,8.777807811122225,8.832370667489002,8.539095477127717,8.668682098388672,16766200
2011-12-22,8.723245659400156,8.81873099097539,8.695964229013034,8.805089950561523,5828300
2011-12-23,8.791448767264308,8.839191103523442,8.702783963896955,8.811909675598145,3709400
2011-12-27,8.805093914882816,8.975603094180906,8.777812472212759,8.880118370056152,4506200
2011-12-28,8.839191103523442,8.921035387299334,8.798268636415221,8.811909675598145,6138400
2011-12-29,8.846016404108354,8.900579289448471,8.791453518768238,8.880118370056152,3996700
2011-12-30,8.893754761929824,8.934677232730811,8.784629040381335,8.805089950561523,4183200
2012-01-03,8.941497360295047,9.105186597777816,8.907396059158403,9.043803215026855,8910500
2012-01-04,8.968777800728148,9.009700268188475,8.893754035898192,8.961957931518555,7386600
2012-01-05,8.996060222642427,9.057443605393388,8.961958921505785,9.043803215026855,10306100
2012-01-06,9.050623552537283,9.050623552537283,8.927856789516209,8.968778610229492,7775800
2012-01-09,8.968779764438212,9.132469019678654,8.955139372591916,9.125648498535156,7543100
2012-01-10,9.227955196308661,9.425745788158384,9.180212841516218,9.391644477844238,15501300
2012-01-11,9.282515062330777,9.343898441690326,9.262054152691123,9.316617012023926,11564800
2012-01-12,9.343898967720797,9.534868986136582,9.343898967720797,9.432563781738281,12716100
2012-01-13,9.384823642433911,9.412105080039327,9.2688773700007,9.378003120422363,9564100
2012-01-17,9.35071921619084,9.371180126387323,9.152928683116544,9.18021011352539,13523900
2012-01-18,9.289336105316286,9.507587554934327,9.289336105316286,9.432563781738281,14004200
2012-01-19,9.466665694295672,9.732660135250745,9.459845173913092,9.725839614868164,14215100
2012-01-20,9.684917541605842,9.725840015144913,9.514408427667567,9.52804946899414,14399700
2012-01-23,9.562150796706627,9.650814957769986,9.466665464985288,9.555330276489258,9998400
2012-01-24,9.473487227492651,9.575792442406373,9.446205793486278,9.500768661499023,9240200
2012-01-25,9.562153838153016,9.66445907219147,9.480308870393275,9.657638549804688,9296200
2012-01-26,9.69855866213134,9.841786345026721,9.67127722969606,9.705378532409668,13756900
2012-01-27,9.58261332890045,9.67809802634321,9.541690851110182,9.62353515625,11038700
2012-01-30,9.59625353799823,9.59625353799823,9.446205973326865,9.534870147705078,9843400
2012-01-31,9.63035359559138,9.678095933991123,9.541688788248585,9.603072166442871,7117600
2012-02-01,9.616713090550627,9.732659325647125,9.616713090550627,9.678095817565918,9918300
2012-02-02,9.678095390034619,9.698556948576393,9.480304877214591,9.487125396728516,11380900
2012-02-03,9.418925324203455,9.589434466817675,9.412104802393104,9.582613945007324,11174500
2012-02-06,9.555329959048947,9.575790868580707,9.480305540031514,9.541688919067383,9070400
2012-02-07,9.50758950597498,9.643997340418965,9.466667675994394,9.582613945007324,6824400
2012-02-08,9.575790622099865,9.725838805831902,9.56215023290999,9.678095817565918,6962600
2012-02-09,9.684918104692727,9.766762406088697,9.59625328223692,9.739480972290039,9101100
2012-02-10,9.603074020619841,9.60989454183403,9.405283458493296,9.439385414123535,8965700
2012-02-13,9.609894763947056,9.657637112668436,9.541690851110182,9.62353515625,13300700
2012-02-14,9.582612229861024,9.684917436942127,9.575791709271444,9.671277046203613,10985800
2012-02-15,9.753123293665679,9.862249043173646,9.719021334334247,9.766763687133789,12026600
2012-02-16,9.7667616776243,9.944091309309592,9.753121286962699,9.909989356994629,7762500
2012-02-17,9.978193124827731,10.073678459912434,9.923630262048082,9.971372604370117,7889600
2012-02-21,9.944090133721012,10.005473510543084,9.773581042744397,9.807682991027832,9565000
2012-02-22,9.828150270878893,9.88953368749251,9.753126456373913,9.875892639160156,7314500
2012-02-23,9.773582886097655,9.773582886097655,9.616714805024428,9.643996238708496,9306400
2012-02-24,9.684917022690305,9.821324176444131,9.684917022690305,9.800863265991211,7352500
2012-02-27,9.746300719114146,9.85542644563994,9.671276944737821,9.814504623413086,5314700
2012-02-28,9.855426851468948,10.019115447998047,9.855426851468948,10.019115447998047,7511800
2012-02-29,10.053217183636898,10.094139657102463,9.882708070004899,9.903169631958008,10514800
2012-03-01,9.99183192337378,10.012293481486626,9.84178439985608,9.98501205444336,6178400
2012-03-02,9.916810521058064,9.98501443011381,9.882708566530189,9.950912475585938,6143400
2012-03-05,9.8417882856015,9.896351161230607,9.705380446087952,9.773584365844727,6702200
2012-03-06,9.705380905630525,9.780405351003484,9.616716716365632,9.657638549804688,7497600
2012-03-07,9.732661129852175,9.85542725708126,9.691738653815355,9.821325302124023,9138800
2012-03-08,9.889528153138818,9.971372446008472,9.862246722182267,9.96455192565918,5385700
2012-03-09,9.991833501983912,10.005474542880958,9.896348817467116,9.957732200622559,5586600
2012-03-12,9.95773312195297,9.95773312195297,9.780403476527892,9.821325302124023,7423400
2012-03-13,9.957731502951123,10.141880989074707,9.923629553538436,10.141880989074707,6853900
2012-03-14,10.182805032483682,10.305571158729338,10.094140210481399,10.100960731506348,6642900
2012-03-15,10.18280491587079,10.244188303511002,10.094140094883892,10.189624786376953,7049200
2012-03-16,10.155523281320253,10.182804714126432,10.066858462090005,10.087319374084473,5240700
2012-03-19,10.230547308411483,10.414697472174415,10.135061966040997,10.339673042297363,7112900
2012-03-20,10.27828960736385,10.285110128310691,10.121421528230577,10.189624786376953,5302400
2012-03-21,10.44197651443512,10.523820796107206,10.326030286122869,10.373772621154785,7137700
2012-03-22,10.257827600297112,10.346492411822119,10.216905129423797,10.251007080078125,6137600
2012-03-23,10.346495937620812,10.346495937620812,10.20326821641709,10.223729133605957,6650100
2012-03-26,10.223726832858587,10.503361689793772,10.216906311850245,10.489721298217773,9689000
2012-03-27,10.523824051897785,10.578386923226137,10.469261180569431,10.482901573181152,5885600
2012-03-28,10.421516700299009,10.496541125551337,10.312390973139959,10.353313446044922,10838900
2012-03-29,10.251008518194315,10.298751515984492,10.203266170844836,10.285110473632812,7107500
2012-03-30,10.366952607671855,10.510180270198003,10.326030790058992,10.421515464782715,7648300
2012-04-02,10.414699421764617,10.585208575490107,10.319214061519652,10.503363609313965,7762700
2012-04-03,10.510179918558288,10.564742773843635,10.346491352702245,10.380593299865723,8125600
2012-04-04,10.291930337072214,10.326032290331325,10.121421221217314,10.230546951293945,6057300
2012-04-05,10.25100698620353,10.44197764794269,10.223725556018023,10.394234657287598,8314700
2012-04-09,10.223726079289184,10.298750503969687,10.12142087346749,10.135061264038086,8027100
2012-04-10,10.135061192709067,10.223726007336154,9.95773221389552,9.971372604370117,11512600
2012-04-11,10.073678982901717,10.155523281320253,10.073678982901717,10.087319374084473,6097900
2012-04-12,10.12142056744116,10.230546290468997,10.114600047141765,10.175983428955078,7144700
2012-04-13,10.271468493661349,10.387414083520904,10.196444073207957,10.298749923706055,9421500
2012-04-16,10.407875643884882,10.455617983852969,10.257827453418695,10.298749923706055,6344600
2012-04-17,10.332850155098477,10.401054048378812,10.237365485034644,10.373772621154785,11083600
2012-04-18,10.346491698865423,10.476078321893574,10.216904425396708,10.421515464782715,6028300
2012-04-19,10.469259237722312,10.537462489005476,10.32603156445487,10.401055335998535,7294800
2012-04-20,10.469260814798188,10.482901206933347,10.264649729245122,10.305571556091309,6731400
2012-04-23,10.15552043914795,10.182801864319018,10.053214606926076,10.15552043914795,7086600
2012-04-24,10.203265168212972,10.271469072387859,10.087318921380048,10.135061264038086,9714900
2012-04-25,10.257828523422615,10.257828523422615,10.135061750195216,10.169163703918457,10077400
2012-04-26,10.401054434067223,10.871659233742651,10.332850538257775,10.789814949035645,19367100
2012-04-27,10.755716407671573,11.01488971710205,10.673871451551637,11.01488971710205,15868000
2012-04-30,10.960325912362043,10.960325912362043,10.626128196716309,10.626128196716309,14862000
2012-05-01,10.646590537307368,10.742075890492641,10.585207792874787,10.59202766418457,9316000
2012-05-02,10.680689015050778,11.001245627575669,10.605665251565481,10.980785369873047,13476100
2012-05-03,10.939867631197219,10.987609984806427,10.680692996059266,10.707974433898926,9513700
2012-05-04,10.707969233494257,10.72161027100961,10.5306396484375,10.5306396484375,9666400
2012-05-07,10.44197833040949,10.571564969650026,10.394235336634013,10.51700210571289,8319800
2012-05-08,10.380595517724908,10.455619297161281,10.148703007997073,10.339673042297363,13955300
2012-05-09,10.257826676926067,10.435156284013539,10.21690420973644,10.319210052490234,11156700
2012-05-10,10.462440972391276,10.537464760104527,10.339674183005272,10.496542930603027,7212800
2012-05-11,10.366955619486522,10.592027633067028,10.366955619486522,10.496542930603027,7900500
2012-05-14,10.32603295024715,10.414697774210966,10.285110473632812,10.285110473632812,8117100
2012-05-15,10.332852269340083,10.346493310963506,10.053217420466584,10.087319374084473,16526100
2012-05-16,10.155522518497513,10.23736681076839,10.032755754870887,10.175983428955078,14335800
2012-05-17,10.107779464803205,10.182803886754822,10.005474262702686,10.025935173034668,11276300
2012-05-18,9.985014526918636,10.107780653792247,9.739480972290039,9.739480972290039,12673100
2012-05-21,9.807686175822631,9.882709966055794,9.780404738425048,9.834967613220215,18255500
2012-05-22,9.814505431485129,9.903170254197667,9.759942563729826,9.821325302124023,13708400
2012-05-23,9.562150347940399,9.63035359559138,9.453023980905789,9.603072166442871,12717800
2012-05-24,9.650814461877237,9.6917369306381,9.480305367848024,9.521227836608887,10795800
2012-05-25,9.500768842378399,9.616715101723084,9.480307278653545,9.534870147705078,6457500
2012-05-29,9.725841354163382,9.780404226100396,9.582613652718537,9.650816917419434,13769800
2012-05-30,9.52122957439363,9.541690487288236,9.418924359479906,9.500768661499023,10371800
2012-05-31,9.541689483253926,9.57579143478365,9.316617513774615,9.364359855651855,23792400
2012-06-01,9.139290119988488,9.159751686171893,8.893757179754683,8.907398223876953,20047900
2012-06-04,8.91421968556305,8.989244140736385,8.777812472212759,8.880118370056152,13534100
2012-06-05,8.907396519245324,9.050624202915387,8.886934956977703,9.0097017288208,12895100
2012-06-06,9.002883611502545,9.221135780871176,8.955141254347296,9.207494735717773,12973900
2012-06-07,9.302976581274653,9.350718920369596,9.200670732647588,9.234772682189941,11723700
2012-06-08,9.064263871677637,9.268874924964297,9.016521531072305,9.18021011352539,9304500
2012-06-11,9.398463014012636,9.473487447099838,9.118828146354863,9.146109580993652,10415400
2012-06-12,9.17338966911888,9.37800072409638,9.146108238484588,9.34389877319336,17728000
2012-06-13,9.343903382002187,9.343903382002187,9.214316685181807,9.241598129272461,11660300
2012-06-14,9.187032699584961,9.262056487469405,9.071086431664886,9.187032699584961,12390800
2012-06-15,9.173392314774187,9.337080945788616,9.166571792538386,9.323440551757812,6615300
2012-06-18,9.343898222712768,9.528048356475793,9.268874455498521,9.521227836608887,12021400
2012-06-19,9.514409416063577,9.657637112668436,9.466667067342197,9.62353515625,13003500
2012-06-20,9.596254034545385,9.684918863952165,9.548511684265097,9.637176513671875,5594700
2012-06-21,9.541689268825829,9.575791219589188,9.227952492596016,9.262054443359375,12836500
2012-06-22,9.357540008542237,9.473486253761978,9.330258577339983,9.432563781738281,8114800
2012-06-25,9.296157624478397,9.337079450457987,9.105187585545362,9.125648498535156,14658900
2012-06-26,9.132465641970395,9.187028490056514,8.98923800313422,9.077902793884277,15803600
2012-06-27,9.200670732647588,9.309796450830653,9.139287353559466,9.234772682189941,11644700
2012-06-28,9.166569709777832,9.221133224825921,9.084725412866677,9.166569709777832,11919300
2012-06-29,9.42574250979392,9.60307212369004,9.384820691473632,9.521227836608887,12805700
2012-07-02,9.698557391219287,9.732659339904785,9.562150246917867,9.732659339904785,10545300
2012-07-03,9.787221479668125,9.848604202270508,9.739478494834461,9.848604202270508,5737000
2012-07-05,9.680435553970137,9.793491629377561,9.574445651742518,9.645105361938477,12786000
2012-07-06,9.57444514223897,9.602709159586757,9.454322900044037,9.539114952087402,14424300
2012-07-09,9.482586917391826,9.56737896943519,9.454322900044037,9.539114952087402,10952700
2012-07-10,9.44019217556749,9.55324893824081,9.355400108963082,9.38366413116455,16719300
2012-07-11,9.362465655032128,9.376598002118717,9.235277226722427,9.291805267333984,18558000
2012-07-12,9.093955533643786,9.1575497366689,9.00209731525943,9.044493675231934,12984200
2012-07-13,9.058628803213548,9.1716849077985,9.016233100927959,9.108091354370117,8612900
2012-07-16,9.037427814072693,9.07275800295494,8.924371748743347,8.952635765075684,13843600
2012-07-17,8.96677017211914,9.002100371780825,8.846648571457427,8.96677017211914,11144900
2012-07-18,8.89610689364681,9.313001600642577,8.89610689364681,9.284737586975098,19926600
2012-07-19,9.46845380728854,9.482586151755035,9.086889266967773,9.086889266967773,20516300
2012-07-20,9.12928490369549,9.12928490369549,8.924370642226188,8.938502311706543,24366500
2012-07-23,8.71945609108423,9.044492564740873,8.578136031639428,9.030360221862793,24666900
2012-07-24,8.945570700616338,9.129287166467192,8.910240507357729,9.122220993041992,18263200
2012-07-25,9.093958119026917,9.291806282789205,9.079826444263347,9.192882537841797,19915700
2012-07-26,9.270606215456676,9.489652849752456,9.270606215456676,9.440190315246582,19660800
2012-07-27,9.532052804840191,9.722835507909208,9.5179211271319,9.66630744934082,13812600
2012-07-30,9.560314154112497,9.652172392002708,9.418994047307336,9.532050132751465,9516300
2012-07-31,9.62390706880551,9.913613417034059,9.62390706880551,9.871217727661133,18347900
2012-08-01,9.807625770568848,9.85708764414446,9.51791935585314,9.807625770568848,24950500
2012-08-02,9.715766031165693,9.88535014925423,9.609776125827201,9.800558090209961,21545800
2012-08-03,9.970141194434863,10.033735400718017,9.885349144013098,10.019603729248047,10165300
2012-08-06,10.012536511526259,10.146790408881213,9.97720632573793,10.06199836730957,13239500
2012-08-07,10.040799105074006,10.139723476514645,9.998402753351689,10.012535095214844,11280600
2012-08-08,9.963075083367213,9.998404596804672,9.920678723828079,9.956008911132812,10068400
2012-08-09,10.005473777809765,10.224520465875356,10.005473777809765,10.125596046447754,8949000
2012-08-10,10.076131445234271,10.245715540732029,10.076131445234271,10.238649368286133,12526400
2012-08-13,10.175056129524227,10.245716512953608,10.062000055131103,10.111462593078613,8447200
2012-08-14,10.210385693387401,10.273979899789872,10.15385765966683,10.175055503845215,7096300
2012-08-15,10.090263606097018,10.273980055405202,10.090263606097018,10.189188003540039,6466100
2012-08-16,10.259847855680427,10.26691335423841,10.175055134311721,10.2103853225708,9423100
2012-08-17,10.132659815488445,10.196254021890915,10.125593642806544,10.175055503845215,8674200
2012-08-20,10.167991161902732,10.25984939561674,10.118528621369101,10.24571704864502,9385100
2012-08-21,10.302242742073705,10.436497312253955,10.281044900312123,10.351704597473145,14315400
2012-08-22,10.245715882929586,10.288112245153673,10.139725988170346,10.175055503845215,7536500
2012-08-23,10.21038811715678,10.238652140726456,10.069067999308404,10.125596046447754,7987500
2012-08-24,10.132659387856371,10.203319090091352,10.012537152802889,10.153857231140137,7707100
2012-08-27,10.210384861157516,10.231582703608103,10.097328802931367,10.16092300415039,6884900
2012-08-28,10.125594265444073,10.175056129524227,10.083198574480331,10.111462593078613,5735000
2012-08-29,10.097332173223064,10.182124245194608,10.062001974768048,10.139728546142578,5854000
2012-08-30,10.09733006575985,10.132660256840929,10.040802029577064,10.069066047668457,7696200
2012-08-31,10.182122025814095,10.40116866939596,10.139726336002985,10.387036323547363,11061400
2012-09-04,10.344639435701513,10.387035120602688,10.118526645381955,10.16092300415039,10616400
2012-09-05,10.0831979355312,10.13972596914571,9.998405211242119,10.019603729248047,9397900
2012-09-06,10.104398241190578,10.245718359653685,10.02667167063526,10.182124137878418,12516400
2012-09-07,10.217451679085329,10.344640089562667,10.189187662742288,10.252781867980957,7940500
2012-09-10,10.295178097133507,10.457696705055666,10.273980252227952,10.387036323547363,11787400
2012-09-11,10.408234457991814,10.599017089051065,10.401168958738305,10.542489051818848,9695100
2012-09-12,10.591950542420475,10.620214560039894,10.521290835305596,10.577818870544434,9029500
2012-09-13,10.563685478963569,10.641412025122303,10.401167562208519,10.620213508605957,11231800
2012-09-14,10.768600550286594,11.051241393242542,10.719138689162913,10.853392601013184,9997300
2012-09-17,10.775668806273307,10.782734980333476,10.591952323913574,10.591952323913574,7884100
2012-09-18,10.697942155295104,10.705007654987256,10.55662137957367,10.662611961364746,9924700
2012-09-19,10.683809226629494,10.719139418636741,10.584884823782673,10.627281188964844,8933500
2012-09-20,10.507159736584606,10.563687778532369,10.41530149995264,10.457697868347168,8822200
2012-09-21,10.606084146926896,10.627281994190454,10.457697868347168,10.457697868347168,9381100
2012-09-24,10.45063021672678,10.507158250680446,10.41530002703891,10.478894233703613,8883700
2012-09-25,10.507159736584606,10.563687778532369,10.422367673662963,10.457697868347168,13185500
2012-09-26,10.457698386107584,10.599018497973745,10.457698386107584,10.591952323913574,14680700
2012-09-27,10.712072956347733,11.037109501080566,10.712072956347733,11.022977828979492,22079700
2012-09-28,11.022975960134909,11.185493868014232,11.008843616562501,11.178427696228027,18294000
2012-10-01,11.114837335979674,11.263223625393467,11.093639487168407,11.234959602355957,19411300
2012-10-02,11.291484987336617,11.348013020089525,11.206692938207254,11.305617332458496,17701800
2012-10-03,11.33388518540927,11.340950012207031,11.178432041158803,11.340950012207031,13156700
2012-10-04,11.333881192593683,11.425738733688911,11.305616504420067,11.418672561645508,15213900
2012-10-05,11.418676735805196,11.524666659732427,11.32681916113093,11.355082511901855,10687600
2012-10-08,11.192563133072735,11.192563133072735,10.938186269405453,10.973516464233398,12827100
2012-10-09,10.902855136004181,10.916986807524955,10.768600550286594,10.853392601013184,9900400
2012-10-10,10.825129375268325,10.874591913874337,10.676743107185025,10.683809280395508,10169200
2012-10-11,10.733269567890733,10.768599754884045,10.599015665956879,10.620213508605957,8288900
2012-10-12,10.69087545360599,10.712073299370072,10.634347415656864,10.683809280395508,11019600
2012-10-15,10.733270853814842,10.860459272681949,10.705006835607412,10.80393123626709,13756900
2012-10-16,10.846328657333046,10.952318567471286,10.810998462664495,10.916988372802734,10332200
2012-10-17,10.874591565647822,11.058307346165849,10.825129028625701,11.022977828979492,11422800
2012-10-18,10.959382088784384,11.030041787152983,10.888721716548533,10.987646102905273,7576200
2012-10-19,10.803928863029206,10.867523058493385,10.712070655566196,10.754467010498047,14543200
2012-10-22,10.76860202046281,10.888724277191917,10.76153584680406,10.832196235656738,8037000
2012-10-23,10.655542631568526,10.818061205962223,10.648476460102017,10.754467010498047,8265300
2012-10-24,11.065370371686196,11.121898391746198,10.697938241296185,10.70500373840332,7975800
2012-10-25,10.88165772734387,10.952318113753751,10.754469975220422,10.867526054382324,10750400
2012-10-26,10.938186797042773,11.065375235011743,10.8321968813136,10.952319145202637,9848800
2012-10-31,11.256158125034688,11.305619996883465,11.086573312942164,11.234959602355957,8240100
2012-11-01,11.29855192155584,11.454003685172001,11.199628194503253,11.383344650268555,7898500
2012-11-02,11.425740936069598,11.425740936069598,11.128968391714487,11.14310073852539,6977400
2012-11-05,11.192562130429867,11.227892322092893,11.136034093315967,11.220826148986816,13086400
2012-11-06,11.227893745079955,11.503468466336187,11.220827571078335,11.446940422058105,8769700
2012-11-07,11.340944674233825,11.468133060488078,11.284417326180705,11.425737380981445,16034300
2012-11-08,11.44694036774001,11.524665585919248,11.390412323730166,11.397477149963379,9815600
2012-11-09,11.446939571093534,11.651853210967735,11.411608703711924,11.559995651245117,12006600
2012-11-12,11.644786687743565,11.722513245913829,11.60239099589376,11.623589515686035,9216100
2012-11-13,11.51053064698325,11.574123495465766,11.411605593015565,11.432804107666016,10552800
2012-11-14,11.48226851682678,11.517598034707746,11.206693829830689,11.249090194702148,12734000
2012-11-15,11.340950012207031,11.36921471033802,11.242026264218541,11.340950012207031,6853600
2012-11-16,11.369212358722177,11.496400778533912,11.234957765839264,11.439872741699219,10454800
2012-11-19,11.46107041869095,11.545863151550293,11.376279033566375,11.545863151550293,6442400
2012-11-20,11.446938816118367,11.503466852465891,11.33388274342332,11.482268333435059,5566500
2012-11-21,11.45400609484898,11.53879884140027,11.42574274448854,11.489336967468262,4410400
2012-11-23,11.870899505191899,11.991021761930375,11.835569984630213,11.899164199829102,9092900
2012-11-26,11.906225541869057,11.906225541869057,11.68717963826018,11.743707656860352,11667800
2012-11-27,11.920361210526352,11.96982307213994,11.835568485092592,11.892096519470215,12304300
2012-11-28,11.835569883054697,11.955692138762258,11.779041842000247,11.941559791564941,9950200
2012-11-29,12.012218834472973,12.153539595148873,11.998086488858453,12.104076385498047,7697000
2012-11-30,12.259528096956483,12.344319465527128,12.20300006866455,12.20300006866455,10360100
2012-12-03,12.203000186993751,12.245395871690175,12.054613268954498,12.068745613098145,5731000
2012-12-04,12.040483394004804,12.054614391730105,11.828502255309578,11.83556842803955,14163100
2012-12-05,11.97688960438503,12.089945676533606,11.927426393552176,11.983954429626465,11844700
2012-12-06,11.99808643238403,12.047548294067383,11.969823089022679,12.047548294067383,7265400
2012-12-07,12.195937570903734,12.252465616225743,12.012221086673481,12.033419609069824,12843700
2012-12-10,11.983955332201832,12.0687480665668,11.899163945571654,11.927427291870117,8013500
2012-12-11,12.111140166500688,12.195932875707616,12.089942999999748,12.14647102355957,10565100
2012-12-12,12.181804404795527,12.181804404795527,12.03341880118794,12.05461597442627,8601000
2012-12-13,12.160604828125267,12.273662249099072,12.047548754886167,12.089945793151855,11060000
2012-12-14,12.082879509515243,12.10407668071937,11.948624918372102,11.976889610290527,12329200
2012-12-17,11.955692443397178,12.005154312113275,11.892098227123668,11.96982479095459,10028800
2012-12-18,11.913296494925321,12.033418751137235,11.842636106376874,11.998087882995605,9133700
2012-12-19,12.026350480742806,12.153538888408047,12.00515196355374,12.075812339782715,6620600
2012-12-20,12.019284859717354,12.10407623689417,11.976889171128947,12.082879066467285,8313900
2012-12-21,11.835568846167783,12.026351473413081,11.78610698304523,11.976889610290527,8153700
2012-12-24,11.948625717365791,12.012219930700043,11.899163850935768,11.96275806427002,1533500
2012-12-26,11.97689081232613,12.061682201121936,11.948626117570978,11.955692291259766,3234800
2012-12-27,11.998087882995605,12.082880618800704,11.885031800412015,11.998087882995605,6257900
2012-12-28,11.91329511064064,12.153539595148873,11.89916276502612,12.104076385498047,6091600
2012-12-31,12.026351882269255,12.160605130241871,11.96982384424533,12.125275611877441,5631600
2013-01-02,12.549234791211983,12.80361160011171,12.506839105640209,12.78947925567627,10226100
2013-01-03,12.90960092792447,12.930798095923608,12.725884501436521,12.7824125289917,13148600
2013-01-04,12.789482568798524,12.803614916894956,12.66229413140043,12.690557479858398,7464200
2013-01-07,12.619898704941544,12.619898704941544,12.485644090621868,12.506842613220215,9429900
2013-01-08,12.513901570157289,12.520967741042416,12.365516024772479,12.393780708312988,8112900
2013-01-09,12.549232424582927,12.669354634161516,12.294855663655492,12.393780708312988,12977400
2013-01-10,12.58456716753457,12.874273555696082,12.49977577710112,12.846010208129883,15772200
2013-01-11,12.775344365445878,12.860137067426981,12.662288327960592,12.824806213378906,12556600
2013-01-14,12.831877205079692,12.860141898937098,12.648160738210901,12.725887298583984,8392500
2013-01-15,12.634029940781323,12.676426986767213,12.55630471861042,12.641096115112305,12064700
2013-01-16,12.549233191092938,12.612827385209144,12.542167019776207,12.577496528625488,8976600
2013-01-17,12.78947937744675,12.966129641368019,12.711752830046333,12.902535438537598,11372400
2013-01-18,12.867206119254377,12.867206119254377,12.71175435355712,12.817744255065918,12608400
2013-01-22,12.789478211626927,12.831873893737793,12.711751671311642,12.831873893737793,11338900
2013-01-23,12.824811336716156,12.937867419365807,12.803614163553606,12.9096040725708,9210500
2013-01-24,12.747085405268944,12.76828257723926,12.57043511759771,12.584566116333008,8766400
2013-01-25,12.542169570922852,12.57043426193897,12.41498115681961,12.542169570922852,9410300
2013-01-28,12.506840441348793,12.506840441348793,12.372585850343055,12.37965202331543,13755500
2013-01-29,12.556300562250742,12.626960934435765,12.485640190065718,12.549234390258789,10022400
2013-01-30,12.506837510926925,12.612827385209144,12.450309488127449,12.577496528625488,8748500
2013-01-31,12.570436575534044,12.626964620235649,12.52803953120667,12.53510570526123,10751300
2013-02-01,12.64108974356779,12.810673798830303,12.626958749763283,12.768278121948242,8979400
2013-02-04,12.725884617422508,12.810675985660835,12.634025729474073,12.648158073425293,5769800
2013-02-05,12.704689427094332,12.874273555696082,12.69762325326907,12.846010208129883,6314500
2013-02-06,12.888407887367197,12.91667258701927,12.711757557746921,12.747088432312012,5810300
2013-02-07,12.761214442212692,12.973195563470993,12.732951101352304,12.930798530578613,8194200
2013-02-08,12.881338685367501,13.057988973475343,12.874272512115018,13.036791801452637,9341100
2013-02-11,13.029726726500156,13.121584291055793,12.994395857259637,13.057990074157715,4804300
2013-02-12,13.001458388207539,13.093317274759936,12.95906270473269,13.072118759155273,4868400
2013-02-13,13.086253358274922,13.107450529798388,12.966131111281346,13.008526802062988,6487300
2013-02-14,13.02266304230574,13.128652974820586,12.980267338846826,13.121586799621582,5087900
2013-02-15,13.107448027600167,13.142778886285836,13.065052344911816,13.093317031860352,5266400
2013-02-19,13.185174925534943,13.53847543553906,13.156911585556548,13.53140926361084,11089400
2013-02-20,13.559673598755417,13.602069281487914,13.326495322125004,13.347692489624023,9250100
2013-02-21,13.312361173701051,13.361823021471835,13.163974282654427,13.206371307373047,7048100
2013-02-22,13.19223941849786,13.425417671514797,13.185173247468944,13.354757308959961,8572300
2013-02-25,13.262904511011534,13.291167857472455,12.895471572875977,12.895471572875977,11474200
2013-02-26,12.76121640400424,12.76828257723926,12.499774732982269,12.584566116333008,18927900
2013-02-27,12.718821774744857,12.980264815340169,12.711755600919595,12.846010208129883,15507300
2013-02-28,12.937867266434758,13.072121868394825,12.803614012209486,12.895471572875977,9086700
2013-03-01,12.838943532219337,12.966131960630477,12.768283144464839,12.895471572875977,8703200
2013-03-04,12.641093969973015,12.838942774461565,12.634027796841133,12.817744255065918,10449900
2013-03-05,13.001463446240779,13.008529620857994,12.902539697069768,12.952001571655273,8628300
2013-03-06,12.923735914303057,13.022659645818237,12.775348969295527,12.803613662719727,9243600
2013-03-07,12.838941202744081,12.895469233144373,12.70468662514293,12.754148483276367,12116900
2013-03-08,12.838940268806123,12.853072612311811,12.57043248087033,12.655223846435547,9194700
2013-03-11,12.626961582124972,12.634026406744807,12.506839347569215,12.520970344543457,8261800
2013-03-12,12.577499889602358,12.64816027391726,12.506840853022187,12.528038024902344,6289800
2013-03-13,12.725886745056414,12.75415008994969,12.64816018806414,12.718820571899414,9987400
2013-03-14,12.754148483276365,12.82480885821037,12.61989525340977,12.754148483276367,7771400
2013-03-15,12.626964419335136,12.655227767368809,12.443247940044206,12.464445114135742,13988800
2013-03-18,12.330188715523564,12.330188715523564,12.15353845511626,12.181801795959473,13773100
2013-03-19,12.160603154562812,12.181801670778283,12.012217584258075,12.068745613098145,12270900
2013-03-20,12.11114102566068,12.245395596539627,12.082877685742975,12.188867568969727,10920000
2013-03-21,12.089943283087685,12.089943283087685,11.92035920843738,11.934490203857422,8847800
2013-03-22,11.948624723402657,12.075813139490817,11.927426204809741,12.061680793762207,5857700
2013-03-25,12.118209026678583,12.160604716821531,11.962757264331316,11.976889610290527,8533300
2013-03-26,12.005152758582431,12.089945485219427,11.976889414859878,12.061680793762207,8555300
2013-03-27,12.019284367781788,12.195934635360471,11.991019678056597,12.132340431213379,10581000
2013-03-28,12.089942999999748,12.160602018648733,12.033414976439925,12.14647102355957,11994500
2013-04-01,12.160603154562812,12.203000186993751,12.033416100473545,12.068745613098145,10849200
2013-04-02,12.104076791505717,12.174737174213831,12.06168110097473,12.089945793151855,10203600
2013-04-03,12.075811370769557,12.097009886257567,11.764906548951105,11.828500747680664,15742400
2013-04-04,11.821436139564524,11.899162692234249,11.7649081051869,11.892096519470215,11240200
2013-04-05,11.694252233401988,11.856771574156491,11.6447903527209,11.821440696716309,11192000
2013-04-08,11.73664624886964,11.913296547147704,11.701315380573137,11.899164199829102,9706100
2013-04-09,11.779040810065624,12.061680990576424,11.779040810065624,11.976889610290527,10358700
2013-04-10,12.047545971529088,12.18886670429584,11.98395177655749,12.14647102355957,12085500
2013-04-11,12.252463340759277,12.379651756046725,12.160604441836272,12.252463340759277,8494300
2013-04-12,12.181804154874078,12.273663062805,12.082880421165203,12.231266021728516,7375800
2013-04-15,12.026349086627018,12.132338964816656,11.92742403228019,11.934490203857422,9138100
2013-04-16,12.111141422249645,12.217132656681652,12.097010425695306,12.181801795959473,9856000
2013-04-17,12.08287795724179,12.132339814010036,12.005151412186251,12.068745613098145,21226100
2013-04-18,12.817743436902253,12.951998022369036,12.641093163085035,12.676424026489258,24337500
2013-04-19,13.149848233978979,13.411289912724152,13.107451193316429,13.284101486206055,21119200
2013-04-22,13.163976297973194,13.262901356393813,12.96612887660091,13.072118759155273,20376200
2013-04-23,12.959065538326028,13.079187790882433,12.810678592116458,12.916669845581055,21663000
2013-04-24,12.888406197851912,13.093321200262366,12.86720767589173,13.0297269821167,10201900
2013-04-25,13.072116757899295,13.206371307373045,13.050918245539986,13.206371307373047,15245700
2013-04-26,13.21343925592272,13.291164449562286,13.065052344911816,13.093317031860352,7028200
2013-04-29,13.171041385242116,13.326494458072892,13.1569103904038,13.305295944213867,7825300
2013-04-30,13.326498982020066,13.573808322324291,13.298234287279683,13.481950759887695,12088600
2013-05-01,13.50314998626709,13.545545682857338,13.446621941568461,13.50314998626709,8604300
2013-05-02,13.51727762742984,13.806985300716129,13.51727762742984,13.799919128417969,11268200
2013-05-03,13.70806272503955,13.835251154028951,13.70806272503955,13.715128898620605,9254600
2013-05-06,13.771655937446164,13.870579664913203,13.764589764379274,13.814051628112793,5661100
2013-05-07,13.863513823508228,13.863513823508228,13.686863552987012,13.757522583007812,8522800
2013-05-08,13.990702490202443,14.329872072766834,13.934174451064171,14.28040885925293,14032800
2013-05-09,14.216815994490291,14.34400307175033,14.202683647772032,14.28040885925293,8912600
2013-05-10,14.202681999823238,14.259210032402516,14.132021622165489,14.252143859863281,7955300
2013-05-13,14.195617571973452,14.202683745381144,14.075495319512228,14.082561492919922,6519800
2013-05-14,14.110823574317132,14.16735160877831,14.033098369267172,14.054295539855957,8539100
2013-05-15,14.026031584070454,14.040163929002347,13.96243737961153,13.990700721740723,9222200
2013-05-16,13.849380925521833,13.884710439121825,13.743391036987305,13.743391036987305,10411800
2013-05-17,13.863513175393866,13.863513175393866,13.729258598708405,13.785786628723145,10542300
2013-05-20,13.89177751739738,13.898843690125139,13.665665381047681,13.686863899230957,8361000
2013-05-21,13.693927238993027,13.799918470679046,13.552607842969161,13.587937355041504,12950200
2013-05-22,13.56673977049991,13.616201624976897,13.305296806891526,13.347692489624023,12530800
2013-05-23,13.107453727772032,13.312368754059037,13.001463801091013,13.248774528503418,11028900
2013-05-24,13.248771474358197,13.33356420479737,13.17811109028134,13.326498031616211,5303600
2013-05-28,13.503147616719247,13.580872822206244,13.41835489068338,13.460750579833984,9106200
2013-05-29,13.439554220975605,13.63740168078633,13.439554220975605,13.595005989074707,13092900
2013-05-30,13.552614242563514,13.559680417861555,13.397161081476861,13.404227256774902,8189600
2013-05-31,13.36889330310132,13.36889330310132,13.163978330487526,13.185176849365234,5732400
2013-06-03,13.163978630861767,13.234639014331764,13.135715286114596,13.22050666809082,7736400
2013-06-04,13.213443892402097,13.446622250609902,13.206377718185506,13.383028030395508,10672000
2013-06-05,13.390091821979029,13.404222820162815,13.156913505262976,13.185176849365234,6480800
2013-06-06,13.178112687430929,13.241706906034064,13.072122772337334,13.142783164978027,6501100
2013-06-07,13.298228832128178,13.319427344487487,13.1781066242273,13.206371307373047,9081200
2013-06-10,13.22757209876194,13.383025203217464,13.178110237429598,13.291166305541992,7479600
2013-06-11,13.171046466224624,13.248773032624518,13.072122725522858,13.086255073547363,6397300
2013-06-12,13.171044434217352,13.227572469859435,12.923735120617415,12.973196983337402,8052500
2013-06-13,12.838943683981066,12.937867419365807,12.711755254066507,12.9096040725708,10935400
2013-06-14,12.9096045788265,12.952000274548979,12.648161535112322,12.711755752563477,12849000
2013-06-17,12.874272700810705,12.980263953416697,12.740019450250037,12.803613662719727,9447900
2013-06-18,12.888406594694596,13.029727383310744,12.803615199712844,13.022661209106445,5406300
2013-06-19,12.930801752820306,13.043857839903499,12.711755752563477,12.711755752563477,8924900
2013-06-20,12.492708289189125,12.506840635353093,12.266596141504477,12.301925659179688,12639600
2013-06-21,12.436183582844675,12.443249757819077,12.118212447672015,12.139410972595215,23104500
2013-06-24,11.856768157957859,12.061681797130067,11.736645904741467,11.96275806427002,13192700
2013-06-25,12.146474249138594,12.41498209541824,12.111143382697357,12.38671875,11598600
2013-06-26,12.400850896391386,12.513906983995824,12.35845520047344,12.464445114135742,9187600
2013-06-27,12.641090707223828,12.803609951840391,12.591628855801801,12.669355392456055,12208300
2013-06-28,12.930801543705815,13.008528107719107,12.860142501222656,12.944933891296387,12464500
2013-07-01,13.142781704770393,13.192243569803031,13.015593281695189,13.036791801452637,11763500
2013-07-02,13.178108641709636,13.319429383605106,13.057986415418831,13.072118759155273,12477200
2013-07-03,13.088097229152542,13.189780113569524,13.02272926479151,13.160728454589844,6647800
2013-07-05,13.42220199857221,13.465781575003643,13.189783132240768,13.22609806060791,13475100
2013-07-08,12.979157386445134,13.015472324135919,12.76126360432221,12.783053398132324,12284200
2013-07-09,12.97189156235125,13.088101002423702,12.935575246499983,12.957365036010742,9364200
2013-07-10,13.051784686572436,13.153468985630182,12.935575246499983,12.957365036010742,8103100
2013-07-11,13.436733871382572,13.552943350795454,13.414944074495304,13.465786933898926,13715600
2013-07-12,13.494832276338196,13.538410464329964,13.298728352386805,13.393149375915527,8718400
2013-07-15,13.320517501958676,13.42946365939029,13.298727716342134,13.364095687866211,6033700
2013-07-16,13.247885092305518,13.400410807427722,13.247885092305518,13.385884284973145,5607100
2013-07-17,13.38588508251488,13.538409421399177,13.356832035874723,13.400411605834961,12115500
2013-07-18,12.732207592193527,12.753995993252243,12.158422352003566,12.209263801574707,43566600
2013-07-19,11.926004288362181,11.99863552908718,11.541060374910515,11.976845741271973,24303600
2013-07-22,11.99863588511061,12.093055531126744,11.940531167871667,12.071267127990723,18796700
2013-07-23,12.325471411130211,12.361787716426356,12.129368903832622,12.15842056274414,14272700
2013-07-24,12.398103672700978,12.507049827044954,12.318209179696824,12.361788749694824,17278700
2013-07-25,12.41989402287128,12.485261995517359,12.398104236880728,12.477998733520508,12460600
2013-07-26,12.427160127438317,12.44894853308714,12.202003110010596,12.27463436126709,14971300
2013-07-29,12.238319737388338,12.245583001230015,12.114847022731684,12.129373550415039,5983600
2013-07-30,12.361791054176452,12.441684176748748,12.267370020237689,12.325474739074707,8600400
2013-07-31,12.390843599298742,12.427159916974892,12.325475612807544,12.332738876342773,10546900
2013-08-01,12.376317604600564,12.543368498420392,12.318211500323292,12.528841972351074,15090600
2013-08-02,12.38357801637547,12.38357801637547,12.172948954607152,12.202000617980957,11401700
2013-08-05,12.158422273842739,12.245580033494113,12.064002637435543,12.216526985168457,7301600
2013-08-06,12.100319032630699,12.209265206437006,12.034951051281762,12.049477577209473,13470400
2013-08-07,11.911478576312815,11.911478576312815,11.700849487689565,11.744427680969238,17069600
2013-08-08,11.80979378569901,11.817057047645003,11.686321103268263,11.780740737915039,10922600
2013-08-09,11.729899367680886,11.817057126287269,11.715372843692228,11.773477554321289,10587800
2013-08-12,11.744426285700486,11.788004473802957,11.59916450425423,11.657268524169922,14971700
2013-08-13,11.817056655883789,11.882424625905069,11.700847239251631,11.817056655883789,16817700
2013-08-14,11.83158396746049,11.838845844323924,11.664531707763672,11.664531707763672,7870800
2013-08-15,11.584639842856461,11.686323452553324,11.533798384339491,11.620955467224121,10792600
2013-08-16,11.700847598097225,11.77347744672562,11.599164009094238,11.599164009094238,10987100
2013-08-19,11.62095446208276,11.642744250416428,11.482955932617188,11.482955932617188,6690600
2013-08-20,11.512006916277043,11.606426550462349,11.482954561297845,11.497480392456055,10514800
2013-08-21,11.453903356334195,11.5628495252791,11.40306121051877,11.439376831054688,10358700
2013-08-22,11.533796451674887,11.708111280897946,11.526533189485841,11.664531707763672,8432900
2013-08-23,11.758952337402626,11.831583571536989,11.722636027672662,11.780740737915039,7465700
2013-08-26,11.751687814607452,11.926001926632264,11.73716129227403,11.809792518615723,7273500
2013-08-27,11.671795168173924,11.737163143659858,11.57737483610122,11.606427192687988,8530100
2013-08-28,11.74442455344074,11.83884417795715,11.715371508773897,11.809792518615723,6967400
2013-08-29,11.955057284917283,12.165687767945583,11.955057284917283,12.107583045959473,9963200
2013-08-30,12.194739340332603,12.419894937513876,11.991372145420875,12.027687072753906,11490100
2013-09-03,12.390843809147123,12.514316520685394,12.216529637327074,12.27463436126709,11182100
2013-09-04,12.347266461798274,12.347266461798274,12.165689013830653,12.245583534240723,13726500
2013-09-05,12.318209740240949,12.536103444169736,12.310947863569673,12.477998733520508,7738300
2013-09-06,12.514315099811004,12.557894676812415,12.347264210616139,12.354527473449707,6338000
2013-09-09,12.427158151385488,12.594209032984397,12.412631626378884,12.565155982971191,9635300
2013-09-10,12.739477652052797,12.739477652052797,12.594215102630399,12.695898056030273,12162900
2013-09-11,12.674103815947886,12.724945269271545,12.637787502626912,12.666840553283691,7063000
2013-09-12,12.630520805364586,12.695888766241227,12.507048144300413,12.550627708435059,5454000
2013-09-13,12.536101233044558,12.594205933445245,12.50704819018155,12.586942672729492,4095700
2013-09-16,12.819364352336075,12.899258852820685,12.783049425929784,12.797575950622559,7962200
2013-09-17,12.928310475738737,12.942837000385284,12.797575909896745,12.841154098510742,5369100
2013-09-18,12.695891741270056,12.906522194635235,12.601472100836954,12.790312767028809,14262300
2013-09-19,12.841158129633223,12.884736331927378,12.768526868925582,12.783053398132324,8842600
2013-09-20,12.739471432441038,12.790312884319372,12.565155904107229,12.572419166564941,10964700
2013-09-23,12.870208871973217,12.891998664207538,12.732211010467106,12.819367408752441,10653800
2013-09-24,12.812100606639127,12.848416917000987,12.681364659987612,12.753995895385742,9132700
2013-09-25,12.659575891635837,12.688627553756474,12.528839948779098,12.579681396484375,8526900
2013-09-26,12.543366472502191,12.58694465834592,12.456208715489181,12.579681396484375,4675400
2013-09-27,12.528844472420879,12.536107736904885,12.369056809750859,12.39810848236084,7682900
2013-09-30,12.25284400991424,12.43442141655874,12.158422982676722,12.31821060180664,10700100
2013-10-01,12.419896255395406,12.659578403072958,12.412632992092956,12.652315139770508,9771900
2013-10-02,12.637785796581703,12.703153766409365,12.492524718884521,12.688627243041992,7562800
2013-10-03,12.906523830904582,12.964628552074222,12.724946404083727,12.855682373046875,10645800
2013-10-04,12.7830493852502,12.891995549448012,12.746733073633836,12.841154098510742,4444200
2013-10-07,12.783049425929784,12.899258852820685,12.695891663098788,12.797575950622559,6451300
2013-10-08,12.942836913706737,13.051783077174935,12.674103136173558,12.681365013122559,10981400
2013-10-09,12.819367436318878,12.833893964506329,12.456212543588451,12.536107063293457,16482600
2013-10-10,12.65957771478723,12.833891868591309,12.652314451879676,12.833891868591309,10695500
2013-10-11,13.000940655226655,13.1607296426788,12.950099208428435,13.13893985748291,11789100
2013-10-14,13.00820505771801,13.102626083188298,12.96462686883015,13.080836296081543,6662100
2013-10-15,13.07357279614268,13.240623671615243,13.051783009431885,13.18251895904541,11212900
2013-10-16,13.197045844299382,13.29146548530949,13.175256056992898,13.27694034576416,15598100
2013-10-17,13.255150749066447,13.589252513949603,13.204309296612548,13.545674324035645,11722200
2013-10-18,13.618308097784606,13.916094990696754,13.581993163654221,13.857990264892578,18201700
2013-10-21,13.763569071360667,13.807147264526641,13.705464352030774,13.785357475280762,9149900
2013-10-22,13.843464476178271,13.981463726827855,13.814412804388153,13.916095733642578,9070100
2013-10-23,13.785354390059199,13.79988091297202,13.574725349125188,13.596513748168945,7310500
2013-10-24,13.654618333522082,13.676408117698267,13.494830738873103,13.567461967468262,10937800
2013-10-25,13.349569997418035,13.443991022324711,13.284203407139248,13.414937973022461,11326500
2013-10-28,13.50209792367838,13.58199243688119,13.473044869667952,13.516624450683594,4698300
2013-10-29,13.574725911080828,13.64735714332619,13.502094678835467,13.632830619812012,6290000
2013-10-30,13.618302798987935,13.734512205379934,13.422198906204414,13.494830131530762,6733800
2013-10-31,13.50209577674145,13.560200490197346,13.327781636373766,13.371359825134277,11222600
2013-11-01,13.458517546975836,13.531147399580185,13.36409652206916,13.414937973022461,6402000
2013-11-04,13.436728883602022,13.473043812940915,13.262414729188977,13.32051944732666,8109000
2013-11-05,13.167991597439539,13.19704464454027,13.102625012113965,13.13167667388916,9365500
2013-11-06,13.131677945727414,13.298728826759337,13.095363018659837,13.26967716217041,9934100
2013-11-07,13.32051929472488,13.327782557574599,13.146205142308803,13.167993545532227,10357600
2013-11-08,13.073573033712625,13.102626083188298,12.979153393567985,13.080836296081543,8990200
2013-11-11,12.957360684497989,12.964623945228997,12.862939680320208,12.877466201782227,6615000
2013-11-12,12.826627415032124,12.935573577880858,12.790312489191088,12.93557357788086,8571600
2013-11-13,12.710418266052272,12.891995669853019,12.608735363228062,12.790312767028809,12877300
2013-11-14,12.790314164552338,12.819365831965426,12.695893128476746,12.710419654846191,10754400
2013-11-15,12.804838896140154,12.906523192148947,12.73947230021946,12.826628684997559,12669700
2013-11-18,12.870207514344916,12.986416956684197,12.833892583111075,12.855682373046875,10210200
2013-11-19,12.957363966080328,12.96462722865083,12.746733507512802,12.761260032653809,8452000
2013-11-20,12.695893162038967,12.841155655465824,12.659578231345156,12.746734619140625,10457400
2013-11-21,12.579681058382775,12.601470843381776,12.245579333684516,12.361788749694824,19212800
2013-11-22,12.340000860923318,12.485263345920734,12.296422669554383,12.441683769226074,15826400
2013-11-25,12.477998811969272,12.528840260941289,12.4416825017567,12.470735549926758,9930300
2013-11-26,12.674103136173558,12.746732988268604,12.601471898752884,12.681365013122559,14337100
2013-11-27,12.826627931126502,12.87020612095429,12.717681763894191,12.768523216247559,13181100
2013-11-29,12.855677804914535,12.921045766168278,12.8266247619905,12.877466201782227,3991200
2013-12-02,12.848415376757794,12.891993558642367,12.608733298404502,12.637784957885742,12010000
2013-12-03,12.666840274738524,12.855680943877852,12.659577012234049,12.732208251953125,10074800
2013-12-04,12.688630498066944,12.819366471260079,12.674105356298941,12.739473342895508,6448500
2013-12-05,12.717679445778648,12.761257627663221,12.630521696684077,12.637784957885742,9852400
2013-12-06,12.724944712484334,12.812101089989689,12.71041818779156,12.797575950622559,6875100
2013-12-09,12.85568106074466,12.870206200559979,12.688628792274466,12.761260032653809,9100100
2013-12-10,12.666837803063789,12.703152723174377,12.579680055342818,12.615996360778809,9872100
2013-12-11,12.783055862748979,12.819370807441407,12.659583111337843,12.695898056030273,7899600
2013-12-12,12.666840400453845,12.695892065434402,12.412631751576956,12.43442153930664,10866900
2013-12-13,12.521579201072809,12.54336899103253,12.361791564012345,12.405369758605957,10409400
2013-12-16,12.42715835571289,12.521577999156909,12.419895093090167,12.42715835571289,7179800
2013-12-17,12.557895517672343,12.565157395666422,12.39810649528605,12.405369758605957,24563300
2013-12-18,12.354526598500824,12.38357826245192,12.114844483270325,12.34726333618164,16981600
2013-12-19,12.325474536269434,12.412632305753743,12.274633081289316,12.38357925415039,8418300
2013-12-20,12.296422914026868,12.44894727951343,12.25284472179153,12.340001106262207,7594000
2013-12-23,12.44168178384778,12.528839538003199,12.390840337809413,12.448945045471191,7667100
2013-12-24,12.456212675129812,12.507054138996816,12.405371211262807,12.485265731811523,2766700
2013-12-26,12.536103444169736,12.594208154818963,12.41989402287128,12.477998733520508,2839300
2013-12-27,12.507054006918555,12.550633591480908,12.470739071775903,12.536107063293457,4619200
2013-12-30,12.645050523964093,12.797576266349868,12.645050523964093,12.768523216247559,7808000
2013-12-31,12.688628955950572,12.75399693460262,12.630524239962716,12.666840553283691,7647200
2014-01-02,12.630524284998682,12.637787547688774,12.427158470978911,12.456210136413574,6029100
2014-01-03,12.405368011093687,12.46347272414205,12.289158584996958,12.310948371887207,11362700
2014-01-06,12.340002348865346,12.36179213984006,12.24558269196003,12.27463436126709,10370200
2014-01-07,12.27463428124995,12.332739004811186,12.223792821299602,12.28189754486084,13083100
2014-01-08,12.390843152379942,12.463474399786673,12.383579889106686,12.412632942199707,13428900
2014-01-09,12.325471254258002,12.339997776191574,12.100315705589162,12.17294692993164,9422200
2014-01-10,12.231056164643551,12.354528876181822,12.216529637327074,12.27463436126709,11148000
2014-01-13,12.354528795643859,12.448948451933662,12.27463428124995,12.28189754486084,10286100
2014-01-14,12.390842579034725,12.630524714658364,12.376317438486138,12.623261451721191,13334500
2014-01-15,12.695891184132355,12.85568017907336,12.659576259096086,12.753995895385742,15510900
2014-01-16,13.008204821335916,13.204308745756206,12.993678296862052,13.18251895904541,21768200
2014-01-17,13.051785777775441,13.051785777775441,12.855683197086519,12.906524658203125,14574800
2014-01-21,12.906521995008994,12.950100183355964,12.797575831478756,12.848417282104492,8371500
2014-01-22,12.906525375669705,13.059049767498271,12.870209054763384,13.044523239135742,12870700
2014-01-23,12.928312235514555,13.029996536555798,12.790314388565301,12.855682373046875,8872200
2014-01-24,12.870206200559979,12.906522513412494,12.717681842556477,12.761260032653809,12403200
2014-01-27,12.572419568803646,12.579682831493738,12.361790492093782,12.456210136413574,11006600
2014-01-28,12.48526310793932,12.53610456112161,12.38357881624904,12.463473320007324,7525700
2014-01-29,12.434421979293225,12.521578362644572,12.332737684949002,12.354527473449707,9378900
2014-01-30,12.434419907549875,12.536102799626608,12.419893384303055,12.448945045471191,7230000
2014-01-31,12.347262577087264,12.434420334233478,12.252842943393958,12.28915786743164,13590600
2014-02-03,12.361791352130595,12.427159335563516,12.114845944789735,12.180213928222656,14171700
2014-02-04,12.180210345921827,12.252841571188718,12.129368903832622,12.15842056274414,12321900
2014-02-05,12.071267972094903,12.107582903411476,11.940532002833908,11.955057144165039,14334100
2014-02-06,12.12937202268661,12.340001106262207,12.12937202268661,12.340001106262207,10142700
2014-02-07,12.427158392113032,12.543367823765609,12.405368604181037,12.463473320007324,9430700
2014-02-10,12.448949279494725,12.579685262529836,12.4198976084458,12.536107063293457,8003300
2014-02-11,12.565153808400767,12.674101341769765,12.485260705342386,12.630521774291992,9631800
2014-02-12,12.681366169892808,12.710419221641494,12.579683259423918,12.623261451721191,6962800
2014-02-13,12.528841255151207,12.724945189883915,12.528841255151207,12.674103736877441,6564600
2014-02-14,12.79031417231276,13.04452145730328,12.783050909123629,12.993680000305176,11269900
2014-02-18,13.008207418987105,13.029997210049174,12.841156510155603,12.921051025390625,6412700
2014-02-19,12.877471683141417,12.98641786982936,12.790315287921432,12.899261474609375,8702500
2014-02-20,12.783049306921223,12.906521995008994,12.68136502034412,12.848417282104492,11836500
2014-02-21,12.935573697175498,12.979153270977388,12.848417320222985,12.884732246398926,6013200
2014-02-24,12.862942421336394,12.921048519566527,12.819364232989425,12.848417282104492,5499200
2014-02-25,12.812101089989689,12.870205803435137,12.775786163583398,12.797575950622559,5944700
2014-02-26,12.812102621985794,12.979154905276532,12.797577480881833,12.950101852416992,9376100
2014-02-27,12.935573819354477,13.080836296081543,12.921048679942288,13.080836296081543,8659800
2014-02-28,13.088101419635276,13.1825210732068,13.059048366028133,13.12441635131836,11279600
2014-03-03,12.971889030451855,13.131676633032116,12.90652106000413,13.095361709594727,18168800
2014-03-04,13.117152895476057,13.167994353216821,13.080837964325745,13.102627754211426,12548700
2014-03-05,13.31325526867238,13.378623245246805,13.262413816964639,13.356833457946777,9863100
2014-03-06,13.611042381178036,13.719988549262983,13.560200928426774,13.705463409423828,14240300
2014-03-07,13.80714474600556,13.81440800776265,13.574725911080828,13.632830619812012,14153200
2014-03-10,13.581989925892227,13.77082920074463,13.560200139412824,13.770829200744629,10652100
2014-03-11,13.741776775517287,13.770828437220114,13.574725911080828,13.632830619812012,8748200
2014-03-12,13.632834499855278,14.155777027270682,13.632834499855278,14.112198829650879,21260500
2014-03-13,14.10493502838649,14.177566278535977,13.930620859223245,13.995988845825195,18414700
2014-03-14,13.90156712078846,14.010514683313152,13.719989697015045,13.727252960205078,13077400
2014-03-17,13.828936454281264,13.91609283683494,13.763568474703145,13.879777908325195,10786300
2014-03-18,13.857987049398863,13.945144810544726,13.828935385900655,13.930618286132812,11987400
2014-03-19,13.857989087853,13.872515614401706,13.632833467651333,13.712726593017578,10596800
2014-03-20,13.473044256722929,13.690937995910645,13.414939536671364,13.690937995910645,13124200
2014-03-21,13.640098336537555,13.690939800116888,13.378626369185568,13.458520889282227,12885000
2014-03-24,13.516626546578681,13.560204749025717,13.36410076002494,13.53841495513916,7898200
2014-03-25,13.647358963274234,13.930619282947333,13.647358963274234,13.887041091918945,17129500
2014-03-26,13.988721352436047,14.046826057921042,13.857985418763441,13.865248680114746,10597800
2014-03-27,13.799877092890332,14.163031753229552,13.799877092890332,14.104927062988281,14222200
2014-03-28,14.126717415597497,14.453555791994201,14.126717415597497,14.264715194702148,11246400
2014-03-31,14.33735277880431,14.55524651190012,14.330089515835205,14.540719985961914,14482300
2014-04-01,14.577029559175577,14.787659951906486,14.569766298875347,14.758606910705566,16133600
2014-04-02,14.744085646983425,14.780401961432847,14.518930038699992,14.555246353149414,14875200
2014-04-03,14.497140611702624,14.591561646300976,14.38093117321679,14.48261547088623,14904400
2014-04-04,14.547981048778395,14.664190468057681,14.330087348635566,14.359140396118164,14585200
2014-04-07,14.271986670060961,14.388196122163139,14.242934999698388,14.33735466003418,9693500
2014-04-08,14.446297370003599,14.511665344238281,14.373667518921163,14.511665344238281,9181600
2014-04-09,14.497136462432842,14.678713831262865,14.497136462432842,14.635135650634766,9754100
2014-04-10,14.67872050973163,14.74408850307735,14.373671721219615,14.39546012878418,9776500
2014-04-11,14.39545619471109,14.497139096426606,14.337351481541418,14.446297645568848,8414400
2014-04-14,14.569767271441002,14.76587115666184,14.511662570485791,14.7150297164917,9819500
2014-04-15,14.765874308621985,14.932925186361642,14.569770381540318,14.896610260009766,22468600
2014-04-16,14.823976280457037,14.831239541449284,14.56250442603768,14.635135650634766,15121500
2014-04-17,14.954717460067966,15.194399615691834,14.94019093298146,15.049137115478516,20492800
2014-04-21,14.816715797292154,14.954715011366075,14.715032894988026,14.9329252243042,11525800
2014-04-22,14.802189272584238,14.947451749012115,14.780400870848007,14.9329252243042,11191200
2014-04-23,14.794927713032989,14.860294304969994,14.744084875464269,14.823979377746582,9031700
2014-04-24,14.845768846707989,14.961978273720034,14.715032894988026,14.9329252243042,12202800
2014-04-25,14.577037283183273,14.635142011048103,14.417249627886488,14.460827827453613,15474700
2014-04-28,14.62061261621931,14.751348574614457,14.569771162471355,14.744085311889648,14382700
2014-04-29,14.736823724876803,14.81671684577256,14.584297975301734,14.598824501037598,13771200
2014-04-30,14.497140206212304,14.598824501037596,14.38093077097689,14.598824501037598,12965700
2014-05-01,14.591559234676739,14.606085758418038,14.344613872376865,14.359140396118164,10276400
2014-05-02,14.344613225294319,14.380928147683855,14.25019359588623,14.25019359588623,11073200
2014-05-05,14.184829535859388,14.33009065076875,14.16303974522634,14.27924919128418,7061200
2014-05-06,14.36640315813338,14.591558726987387,14.330086850043699,14.526190757751465,10549900
2014-05-07,14.555242028058395,14.77313430870524,14.504399202937151,14.765871047973633,14637400
2014-05-08,14.780400833292992,14.954714973368151,14.765874308621985,14.896610260009766,13522200
2014-05-09,14.889347355009262,14.925662282232674,14.715033210750674,14.823979377746582,10384000
2014-05-12,14.613350693701944,14.954715728759766,14.60608743099956,14.954715728759766,19623700
2014-05-13,14.903873362937327,15.041871189858979,14.83124212568478,14.991029739379883,9547500
2014-05-14,15.041873149843767,15.150820712581476,14.925663709227628,14.947453498840332,10140100
2014-05-15,14.947452344421164,15.034610110814816,14.831242912780093,15.0055570602417,12943300
2014-05-16,15.01282368343066,15.121769876815513,14.809456439873193,15.085454940795898,9131200
2014-05-19,14.99103053495514,15.056398513418955,14.940189081777884,15.0055570602417,6459900
2014-05-20,14.911136784680771,15.041871350742909,14.860293948332249,14.896610260009766,4564200
2014-05-21,14.896609384650397,14.976503880320507,14.874819598924306,14.8893461227417,5629400
2014-05-22,14.940188288900789,15.049134452116798,14.911136625195144,14.991029739379883,6156500
2014-05-23,15.049135250775675,15.049135250775675,14.925662556491325,15.0055570602417,7179700
2014-05-27,15.129032085649323,15.223451743909,15.034612427389648,15.17261028289795,7520300
2014-05-28,15.21618488455757,15.267026328926017,15.114500610495215,15.150816917419434,7761100
2014-05-29,15.14355788249317,15.14355788249317,14.99103212149352,15.034611701965332,6114900
2014-05-30,14.816715797292154,14.983766675456263,14.816715797292154,14.9329252243042,6671500
2014-06-02,15.012820322884979,15.027346848171536,14.940189081777884,15.0055570602417,6475000
2014-06-03,15.034612304960582,15.470397044550012,14.98376945903764,15.42681884765625,20116100
2014-06-04,15.412290661752486,15.441343713439233,15.310607751500376,15.32513427734375,10888700
2014-06-05,15.339663293150469,15.405029899404578,15.288820444445754,15.397768020629883,8404000
2014-06-06,15.412287862911054,15.419551124513745,15.303341709521666,15.31786823272705,7647900
2014-06-09,15.463133492864767,15.484921896290913,15.36871246026562,15.405027389526367,8131800
2014-06-10,15.390503865713264,15.543028247021232,15.346924283631646,15.470396995544434,7595600
2014-06-11,15.47765595264417,15.521235522599989,15.28881530547882,15.346920013427734,7507600
2014-06-12,15.325130385163225,15.412286747436534,15.245235898641523,15.332393646240234,5641600
2014-06-13,15.354183155415013,15.40502460130836,15.267026786833704,15.31786823272705,5705100
2014-06-16,15.317871005170272,15.412290652443668,15.303344479335673,15.405027389526367,4543500
2014-06-17,15.419559233274228,15.470400705903835,15.346927964377835,15.441349029541016,10287700
2014-06-18,15.419554188612487,15.572079941927207,15.346922943478134,15.506711959838867,8455000
2014-06-19,15.499447737751133,15.753656387329102,15.499447737751133,15.753656387329102,9709300
2014-06-20,15.601130408742781,15.615656933717425,15.354185025476546,15.361448287963867,8450400
2014-06-23,15.267023523001134,15.267023523001134,15.129024352702876,15.143550872802734,6105200
2014-06-24,15.296075282813193,15.36144323838581,15.070919761021523,15.0927095413208,8122200
2014-06-25,15.165347280224358,15.296083259546918,14.874823651355296,15.27429485321045,5486200
2014-06-26,15.296082384504363,15.36145037042614,15.187136203076687,15.267030715942383,5177100
2014-06-27,15.383243179408444,15.470399587522447,15.339664975351441,15.4558744430542,5816000
2014-06-30,15.50671207346839,15.579343319134969,15.448607354000286,15.53576374053955,6491200
2014-07-01,15.73912656133513,15.964282113307233,15.73912656133513,15.957018852233887,8655700
2014-07-02,16.240283286583292,16.436385827997228,16.1676520486806,16.25480842590332,10574100
2014-07-03,16.40007003524273,16.494489669799805,16.34922858699465,16.494489669799805,4317800
2014-07-07,16.574385006736282,16.61796319525629,16.429123916561036,16.465438842773438,12390700
2014-07-08,16.421861965735236,16.472703420623148,16.312914407745993,16.39280891418457,10319000
2014-07-09,16.305654766627217,16.33470643683679,16.21849698534663,16.283864974975586,12353400
2014-07-10,16.131333900604616,16.668804168701172,16.12407202443415,16.668804168701172,14431800
2014-07-11,16.70512264017863,16.755964096127048,16.51628195713752,16.567123413085938,13026000
2014-07-14,16.739417416744303,16.843388495991253,16.650298337032833,16.828535079956055,14313800
2014-07-15,16.761700834693,16.776554254902326,16.516625067239584,16.687435150146484,10256800
2014-07-16,16.078452334351518,16.115585869280448,15.528888765899033,15.543742179870605,41814000
2014-07-17,15.46948016677928,15.46948016677928,14.94219659520416,15.001608848571777,25798200
2014-07-18,15.268959280650789,15.350651638818745,15.179841632194368,15.20954704284668,19052400
2014-07-21,15.239261386617356,15.268966811921583,15.15014227770431,15.172422409057617,17570900
2014-07-22,15.380361557006836,15.454627230151948,15.35065613764873,15.380361557006836,10489800
2014-07-23,15.410068317297956,15.439775153010284,15.32837593558894,15.35808277130127,11879700
2014-07-24,15.47690881513959,15.573453207773843,15.410069844662017,15.51404094696045,12694300
2014-07-25,15.328373543757014,15.328373543757014,15.075871145602129,15.113004684448242,12177800
2014-07-28,15.001606962331904,15.164990284424745,14.94962000773449,15.12785816192627,12681000
2014-07-29,15.350653751158838,15.44719811968828,15.246682674819487,15.254109382629395,9895500
2014-07-30,15.402643145595901,15.432349984273053,15.306098752895217,15.387789726257324,9957300
2014-07-31,14.986752929352951,15.061018587790205,14.793662784015941,14.85307502746582,16332100
2014-08-01,14.875357633103109,15.075873102906408,14.875357633103109,15.001608848571777,9833500
2014-08-04,15.26896272273479,15.313522973507705,15.11300609452899,15.231830596923828,9836300
2014-08-05,14.860503059324266,14.890208475446737,14.615427356189972,14.704545021057129,13411900
2014-08-06,14.82337117157488,14.934770389831124,14.77138562518858,14.882784843444824,9394300
2014-08-07,14.92734715558356,15.031318272558197,14.756537058696589,14.786242485046387,8653500
2014-08-08,14.830796209979598,14.875356458862674,14.645132755799333,14.69711971282959,19783100
2014-08-11,14.860503780434113,14.979328283689474,14.860503780434113,14.890209197998047,10054400
2014-08-12,14.927345928557791,14.934772638659823,14.778814559517368,14.845653533935547,9283800
2014-08-13,15.098152160644531,15.187271242639127,15.05359332789711,15.098152160644531,11932500
2014-08-14,15.261533211075434,15.29866674656561,15.194694263692659,15.246681213378906,6287000
2014-08-15,15.261533449959131,15.261533449959131,15.07587001910075,15.18726921081543,7212400
2014-08-18,15.172416321233998,15.21697514956152,15.10557737049291,15.20212173461914,4432100
2014-08-19,15.328378472338237,15.454629712009632,15.328378472338237,15.402644157409668,7677200
2014-08-20,15.402640156971067,15.521464655623708,15.387786740514548,15.476905822753906,10026700
2014-08-21,15.387785629112123,15.439772582955117,15.291241262117302,15.313521385192871,10642500
2014-08-22,15.402642500476583,15.595732694290655,15.402642500476583,15.469481468200684,11389900
2014-08-25,15.484333990078888,15.499187407935052,15.335802644517024,15.35808277130127,9991200
2014-08-26,15.380360860319175,15.484333364612626,15.328375316422369,15.447199821472168,7830700
2014-08-27,15.536313501087168,15.558593619216836,15.36550351159107,15.528886795043945,12153100
2014-08-28,15.387782213221397,15.54374020713039,15.291237867658186,15.528886795043945,7620800
2014-08-29,15.558599919194483,15.558599919194483,15.45462740898823,15.551173210144043,5322800
2014-09-02,15.610583950641498,15.788820701049897,15.588303825653032,15.655142784118652,8116900
2014-09-03,15.803673943629265,15.877938193106568,15.72198156940452,15.855659484863281,9850200
2014-09-04,15.833377937936248,15.877936766920223,15.729406864807093,15.736833572387695,8057900
2014-09-05,15.692272820107776,15.736833064152272,15.580875042995714,15.729406356811523,5969000
2014-09-08,15.72197931652904,15.729406023712516,15.603154834592555,15.647713661193848,6724200
2014-09-09,15.647713598022808,15.744259374518663,15.580874650140924,15.63286018371582,7312400
2014-09-10,15.44720095035434,15.655144557637934,15.410068821000099,15.618012428283691,6244800
2014-09-11,15.469473104890913,15.551165447165888,15.402634173302154,15.521458625793457,7389100
2014-09-12,15.402636742298347,15.417490155461953,15.061016738532063,15.105575561523438,15136400
2014-09-15,15.20212490784619,15.20212490784619,15.023888140832106,15.031314849853516,8072900
2014-09-16,15.023883622646405,15.291239401014636,14.957044678054347,15.20954704284668,8209000
2014-09-17,15.268961139041732,15.39521233680398,15.254109140157675,15.313521385192871,6456800
2014-09-18,15.372932609099418,15.566021330263375,15.335799073106687,15.53631591796875,8889700
2014-09-19,15.506613213940575,15.558600178158954,15.22440534782621,15.239258766174316,8952700
2014-09-22,15.172412654889477,15.187266066242596,15.001602673826424,15.120427131652832,12063100
2014-09-23,15.068443445113866,15.209546620669794,15.061016738532063,15.105575561523438,9091000
2014-09-24,15.22440269140878,15.328373768704354,15.187270568517416,15.291241645812988,9684500
2014-09-25,15.09815586258906,15.127862702704384,14.897638941310921,14.934772491455078,12835200
2014-09-26,14.912491482439702,15.001610581032974,14.905064772848593,14.957050323486328,11396400
2014-09-29,14.801087444000967,14.87535309216468,14.667409560606167,14.815940856933594,12150400
2014-09-30,14.778808015122088,14.994178263209802,14.711969070301729,14.986751556396484,15357400
2014-10-01,14.986757537597327,15.023889669983822,14.845652884828558,14.927345275878906,16100700
2014-10-02,14.927340597146651,15.1575628620836,14.801089403503884,15.068445205688477,22937000
2014-10-03,15.306098111819534,15.521467017208325,15.246685853453664,15.469481468200684,19548800
2014-10-06,15.521464594367728,15.528891302566677,15.372934679887983,15.462052345275879,19804800
2014-10-07,15.365510067242948,15.40264219680204,15.120434329253088,15.135286331176758,9473500
2014-10-08,14.97932842829446,15.343228650089438,14.94219630185613,15.298669815063477,12264600
2014-10-09,15.424918709255973,15.432345416727163,15.15756290629162,15.20212173461914,10846800
2014-10-10,14.986755669721274,15.01646108862812,14.400058418937398,14.4371919631958,28668600
2014-10-13,14.711970876789843,14.934767859048192,14.570867679509183,14.607999801635742,14696600
2014-10-14,14.771386833208693,15.135287104172857,14.741681411344281,14.957050323486328,21296600
2014-10-15,14.645130731233806,15.038737709623035,14.444615304978488,14.905059814453125,20760400
2014-10-16,15.02388945146239,15.662572318020862,14.99418402928527,15.387789726257324,30662100
2014-10-17,15.261538494879487,15.462055406450174,15.261538494879487,15.387789726257324,14809100
2014-10-20,15.439777114359018,15.588307062289077,15.320951172914873,15.499189376831055,11512400
2014-10-21,15.543748192669765,15.944780609537224,15.447202381007182,15.885368347167969,17393800
2014-10-22,16.041326494069047,16.115592176492992,15.736838470980937,15.773970603942871,14927700
2014-10-23,15.840810213275505,15.907649188493979,15.692278842456648,15.818530082702637,10095300
2014-10-24,15.603155165017963,15.736833064152272,15.51403609342856,15.729406356811523,8800200
2014-10-27,15.833377962721912,15.892790206960095,15.677421352784044,15.86308479309082,11136800
2014-10-28,15.929928204850102,16.041326016922472,15.84823581496368,16.033899307250977,11058800
2014-10-29,16.019045887907986,16.085884858451415,15.922501495178604,16.033899307250977,9201700
2014-10-30,15.959630350578918,15.996763891313009,15.603156858530095,15.677422523498535,12181300
2014-10-31,16.108161452719358,16.43492810755988,16.108161452719358,16.35323715209961,19615000
2014-11-03,16.323536185810447,16.323536185810447,16.152726088967626,16.264123916625977,10560900
2014-11-04,16.33095587132722,16.338382578843014,16.160145847962863,16.301250457763672,8881100
2014-11-05,16.382944985938472,16.472064079094498,16.219561634402343,16.360666275024414,8994500
2014-11-06,16.368093770435593,16.3829457729251,16.1304433161035,16.189855575561523,6782500
2014-11-07,16.20470428466797,16.241837821348902,16.048747680106807,16.20470428466797,7835600
2014-11-10,16.41264866940967,16.58345869726899,16.405221961698437,16.53147315979004,7833800
2014-11-11,16.605740087828504,16.63544550444102,16.412649922097966,16.486915588378906,6580400
2014-11-12,16.17500707969674,16.390376035735013,16.15272694638231,16.37552261352539,11788800
2014-11-13,16.531478619587336,16.650303149211492,16.457212934447206,16.590890884399414,10891000
2014-11-14,16.66515147268387,16.687430179862123,16.568605686579147,16.63544464111328,8233100
2014-11-17,16.46463364723728,16.486913769613647,16.17499913884259,16.271543502807617,16309900
2014-11-18,16.160153657487122,16.420082880154254,16.115594807358566,16.37552261352539,13347000
2014-11-19,16.590882411457414,16.813677936596292,16.516616764244652,16.73198699951172,14975100
2014-11-20,16.78397890691667,16.94736225968446,16.724566649864748,16.902803421020508,11797500
2014-11-21,17.043909838175637,17.15530765468984,16.999349578369884,17.125600814819336,11661000
2014-11-24,16.977065797096937,17.088463580357484,16.895373428339358,17.03647804260254,9042000
2014-11-25,17.036482246669934,17.133026638253277,16.98449669608659,17.014202117919922,6605100
2014-11-26,17.073615117147543,17.25927861526768,17.029056274218732,17.214719772338867,7688400
2014-11-28,17.326118837396322,17.482076923644303,17.17016216764852,17.430089950561523,6019000
2014-12-01,17.22956819462066,17.244420193622314,16.96221238159562,17.03647804260254,7990200
2014-12-02,16.835965355928668,16.85081877511167,16.66515528482419,16.761699676513672,9853000
2014-12-03,16.895376709252197,17.140452446616518,16.76912548597361,17.029054641723633,16566400
2014-12-04,17.00677324504096,17.029053370956895,16.858243321767578,16.94736099243164,6130000
2014-12-05,16.90280622541777,16.93251165062228,16.746848139468526,16.88795280456543,7679900
2014-12-08,16.917652724837858,17.006770380491314,16.628016802715138,16.70970916748047,9404100
2014-12-09,16.54632561759988,16.78397458460677,16.390367597689373,16.769121170043945,9606600
2014-12-10,16.672580462286295,16.672580462286295,16.46463686233332,16.479490280151367,10065400
2014-12-11,16.338388812426473,16.61317142935008,16.2789765461322,16.442359924316406,11096100
2014-12-12,16.434927472646187,16.501766425940474,16.316102981567383,16.316102981567383,11335100
2014-12-15,16.479492462041208,16.628022410387413,16.256695414771794,16.2938289642334,14120700
2014-12-16,16.19728177042692,16.226988607462065,15.915073901092775,15.922500610351562,11179200
2014-12-17,15.7888236831118,16.078458280166753,15.714558002290007,16.07103157043457,13146600
2014-12-18,16.375522908230046,16.501774166283308,16.130447103361988,16.18243408203125,10804900
2014-12-19,16.702284462443888,16.746843295612546,16.330957547538954,16.486915588378906,11708000
2014-12-22,16.538899243920856,16.769121508290095,16.501765706764782,16.6131649017334,4714700
2014-12-23,16.501767604891924,16.61316681267431,16.486915604820737,16.494340896606445,6055100
2014-12-24,16.516621906261562,16.71713879121187,16.50176848889491,16.59831428527832,1975600
2014-12-26,16.731990161013055,16.739416868787544,16.538900008375347,16.568605422973633,2634900
2014-12-29,16.828537631176243,16.895376596967758,16.620594024658203,16.620594024658203,3737200
2014-12-30,16.583457327146238,16.754267340893264,16.576030620048602,16.665149688720703,4791900
2014-12-31,16.694859699593213,16.813684212889253,16.583461895440664,16.620594024658203,3877200
2015-01-02,16.67257687488215,16.6800021656936,16.338382128383564,16.54632568359375,6074100
2015-01-05,16.442353497462978,16.464633619802218,16.123012159765253,16.145292282104492,9031800
2015-01-06,15.833377962721912,16.026468110620915,15.714553474245546,15.86308479309082,10169500
2015-01-07,16.03389714958892,16.160148364014812,15.84823368228613,16.09330940246582,10180200
2015-01-08,16.10816321056182,16.345812227834305,16.09330979285732,16.197280883789062,15825900
2015-01-09,16.056176406482894,16.0710284065233,15.6105838257762,15.744261741638184,17596000
2015-01-12,15.640290946054318,15.662571073291547,15.365509792628107,15.439775466918945,24695300
2015-01-13,15.610581478754895,15.818523613054486,15.588301357294416,15.63286018371582,11043200
2015-01-14,15.335801348814508,15.669996139843061,15.298669223811233,15.640289306640625,21760200
2015-01-15,16.776552078530756,17.177584456657023,16.27154718892736,16.999347686767578,36350200
2015-01-16,16.61316746081433,16.8582431777973,16.553755208712396,16.783977508544922,22402000
2015-01-20,16.78397653932908,17.222142404465746,16.687430749926225,17.147876739501953,23999700
2015-01-21,17.081040953842,17.296411280571313,17.0513341157414,17.236997604370117,17966600
2015-01-22,17.22956992571467,17.615748852051524,16.999346211812153,17.608322143554688,25334400
2015-01-23,17.771706273285012,18.04648739551772,17.73457273210508,17.816265106201172,13027300
2015-01-26,17.786559703328855,17.964796451629258,17.74942616212059,17.942516326904297,14091400
2015-01-27,17.92023962302529,18.01678543209693,17.786563098656913,17.964799880981445,14735300
2015-01-28,18.15045923471384,18.18759135804459,17.71229338021238,17.771705627441406,16762900
2015-01-29,17.593470876695253,17.67516184056729,17.140451554996304,17.296409606933594,19411300
2015-01-30,17.073610919854392,17.17015670838256,16.8359619273231,16.86566734313965,17590300
2015-02-02,17.1033169958588,17.140449118112425,16.865666597336723,17.03647804260254,12854500
2015-02-03,17.3335389223451,17.40780458186193,17.125595358997902,17.192434310913086,16676200
2015-02-04,17.51920458635183,17.638029090059614,17.415233499732473,17.511777877807617,11266500
2015-02-05,17.6157468023189,17.64545363284962,17.311258871877232,17.57118797302246,12016600
2015-02-06,17.415231145641986,17.548907631868765,17.11816851002792,17.155302047729492,16529800
2015-02-09,17.021625752070296,17.036479168553285,16.702284380184853,16.835962295532227,12821100
2015-02-10,17.74942625707988,17.78655979848681,17.42265817519772,17.7197208404541,17077300
2015-02-11,17.734578747096574,18.083627070074968,17.652887761793316,18.0390682220459,14211100
2015-02-12,18.128178292297097,18.180163829212795,17.93508814339619,18.17273712158203,10136200
2015-02-13,18.15788479253497,18.53663695931702,18.120751255056597,18.447519302368164,11637500
2015-02-17,18.336122269496087,18.48465217595818,18.32869556169803,18.39553451538086,10525500
2015-02-18,18.336119225293153,18.454943697335196,18.27670698927213,18.350971221923828,7433100
2015-02-19,18.32869770512824,18.350976414628093,18.1653129474635,18.20987319946289,9929400
2015-02-20,18.34354559247423,18.350970882402468,18.0464830013658,18.150455474853516,7268000
2015-02-23,18.12818043432219,18.143033851338796,17.920236845589148,17.987075805664062,7827400
2015-02-24,18.105903063864137,18.625761406550566,18.08362435144902,18.59605598449707,15932700
2015-02-25,18.603481277635424,18.803998188371622,18.558922436305167,18.59605598449707,10388400
2015-02-26,18.41781295653269,18.558917569660462,18.306415174168514,18.32869529724121,7588500
2015-02-27,18.38067991184053,18.402960033794734,18.172736356433393,18.217296600341797,8541000
2015-03-02,18.12075110521973,18.291561126708984,18.12075110521973,18.291561126708984,7081200
2015-03-03,18.350975392119036,18.36582880862454,18.120753102282794,18.195018768310547,7485300
2015-03-04,18.24699851755173,18.26927863523775,17.92023054065336,18.068761825561523,9415000
2015-03-05,18.165313720703125,18.18016713866852,17.927664699256464,18.165313720703125,6882400
2015-03-06,18.009354123776394,18.105898491695548,17.853397510253224,17.89052963256836,6375000
2015-03-09,17.578618876830294,17.600899005046802,17.27413087370459,17.41523551940918,15598700
2015-03-10,17.095892981632126,17.274129746230823,17.014200600003598,17.11817169189453,12405600
2015-03-11,17.38552830954464,17.615750630185996,17.38552830954464,17.4449405670166,9485000
2015-03-12,17.45236548916601,17.63802895181671,17.430085363707995,17.474645614624023,10892000
2015-03-13,17.57119002674155,17.801412324264422,17.563763318240834,17.734573364257812,9748200
2015-03-16,17.80141722901445,18.11333198948593,17.749431671685905,18.031641006469727,18384800
2015-03-17,17.86082484932722,18.15046081929187,17.786560596182273,18.05391502380371,12558800
2015-03-18,18.202441340120995,18.492075813661042,17.93508556977668,18.350971221923828,14551700
2015-03-19,18.492077591285646,18.677741023761403,18.291560744251928,18.313840866088867,11699700
2015-03-20,18.41781322227535,18.492078883756236,18.32869556169803,18.39553451538086,7196900
2015-03-23,18.477224590474744,18.529211542591707,18.380680226685318,18.41781234741211,9110900
2015-03-24,18.276711142591047,18.34355010036605,18.15788664354655,18.195018768310547,9071500
2015-03-25,18.150463972844353,18.15789068274917,17.140454089790797,17.214719772338867,32339400
2015-03-26,17.125599779382235,17.459794625219054,17.051334100696273,17.229572296142578,36432500
2015-03-27,17.014197919350565,17.17015594911506,16.828534475083096,17.03647804260254,20264000
2015-03-30,16.917659577073483,17.303838602153608,16.917659577073483,17.266706466674805,14707100
2015-03-31,17.38552780472445,17.496925607187247,17.31868883994679,17.43751335144043,13621500
2015-04-01,17.400375706658732,17.430081116865217,17.185005462539014,17.25184440612793,13314800
2015-04-02,17.541482176606454,17.697438783994123,17.511775346723308,17.593467712402344,12443500
2015-04-06,17.229566640751433,17.630598907621753,17.22213993367056,17.48206901550293,11439200
2015-04-07,17.48207527021924,17.548912824861073,17.340970618197495,17.370676040649414,13305600
2015-04-08,17.177585329512404,17.340970105921517,17.140453198419426,17.229572296142578,10835200
2015-04-09,17.26670366223135,17.578618365692947,17.259276953041795,17.407808303833008,10183300
2015-04-10,17.6231739986852,17.675159537056004,17.3632448903315,17.452363967895508,10531900
2015-04-13,17.459794499259992,17.593472436630336,17.311263142959614,17.32611656188965,11125700
2015-04-14,17.25927861526768,17.30383745819649,16.954790591670665,17.214719772338867,13787000
2015-04-15,17.199863946512504,17.55633747307756,17.14787840095092,17.459793090820312,16883000
2015-04-16,17.45979038789126,17.489495802256418,16.821107689294326,17.259273529052734,28320800
2015-04-17,17.11075018663389,17.266706858988528,16.98449894003719,17.244426727294922,16113600
2015-04-20,17.37810530561657,17.54149011087595,17.222148627687442,17.28156089782715,15253500
2015-04-21,17.303836433494595,17.355823399749724,17.199865333984324,17.32611656188965,13191400
2015-04-22,17.378094601853576,17.704862594604492,17.370667895597943,17.704862594604492,15880200
2015-04-23,17.704869591800627,18.13560880936541,17.6008984961298,18.046489715576172,22973300
2015-04-24,18.70744571252838,18.79656335668089,18.336118890060963,18.499502182006836,28481800
2015-04-27,18.4846521375391,19.138188257412935,18.395534477147006,18.870832443237305,25744900
2015-04-28,18.737157686961474,18.781717941150376,18.41781628110721,18.573774337768555,14437100
2015-04-29,18.454951603209835,18.492083735442634,18.261861399299185,18.41039276123047,12642500
2015-04-30,18.195014296920014,18.284133357552427,18.09104323993171,18.150455474853516,16033300
2015-05-01,18.343553169217323,18.447524269150538,18.247007362279337,18.373258590698242,9732900
2015-05-04,18.239582853972628,18.276716405930124,18.03164062901132,18.06134605407715,9436900
2015-05-05,17.972229241752174,18.15789276112358,17.94994910948752,18.0390682220459,13233000
2015-05-06,18.1058976458662,18.20244342577482,18.00935328245718,18.15788459777832,8302200
2015-05-07,18.08362299175217,18.12818182973207,17.99450389929244,18.09847640991211,7299600
2015-05-08,18.165310172855392,18.373253734257933,18.113324636629663,18.232149124145508,11054400
2015-05-11,18.254433051091734,18.284139887411616,18.076196282672196,18.09847640991211,6256500
2015-05-12,17.95736989420974,18.1950188939396,17.92766306099362,18.105899810791016,10406900
2015-05-13,18.180160884064712,18.32126547319127,18.113321942715256,18.150455474853516,6596700
2015-05-14,18.098476038309485,18.20987383922196,18.053915784744586,18.12818145751953,9130500
2015-05-15,18.157887286397436,18.26928508113304,18.128180452334707,18.239578247070312,5952400
2015-05-18,18.180167003512025,18.180167003512025,18.098476038309485,18.12818145751953,9387100
2015-05-19,18.18016561100498,18.313843528460865,18.165312194287708,18.261857986450195,10063100
2015-05-20,18.20987384115292,18.321271642077207,18.12818145944183,18.254432678222656,9053200
2015-05-21,18.105901328790218,18.14303487342364,17.935091272976134,18.001930236816406,12175800
2015-05-22,18.098478331320628,18.254434989057252,17.972227096557617,17.972227096557617,8574500
2015-05-26,17.94994950091476,18.10590618066751,17.935096079081088,18.016788482666016,10911600
2015-05-27,17.9499456902467,18.343552786276923,17.897960141365346,18.269287109375,14361100
2015-05-28,18.187590010942785,18.306414496599853,18.091045647533768,18.15788459777832,10416600
2015-05-29,17.86082949688996,18.14303883167378,17.779138513873757,18.031641006469727,13170000
2015-06-01,17.957372548055588,18.00193138796516,17.771709062515722,17.92766571044922,10391300
2015-06-02,17.808841330522842,17.82369474944071,17.5563388749191,17.5786190032959,12267300
2015-06-03,17.66030704811498,17.675159046880697,17.437510068633507,17.57118797302246,10846500
2015-06-04,17.28155722368758,17.400381738704347,16.917656969386247,17.066186904907227,16981800
2015-06-05,16.94736301663355,17.11074779319882,16.89537746645369,16.977069854736328,9277100
2015-06-08,16.984494528712528,17.021626655390804,16.783977645050243,16.821109771728516,9155900
2015-06-09,16.984496954141143,17.15530702765305,16.865671015502386,16.954790115356445,14045900
2015-06-10,17.118172946369114,17.333543271354667,17.081040815544018,17.32611656188965,14611900
2015-06-11,17.571190890809408,17.608323018639144,17.422659546490696,17.459793090820312,12836500
2015-06-12,17.482074613329758,17.645457971926298,17.378102097404692,17.5786190032959,12115900
2015-06-15,17.370674251201947,17.407807796066578,17.251849740634935,17.27412986755371,12984800
2015-06-16,17.25927545330362,17.563763421117294,17.229570035626583,17.511777877807617,12381400
2015-06-17,17.496925473064312,17.60089798219918,17.415234507351084,17.52663230895996,12642300
2015-06-18,17.571188743654005,17.697439945947362,17.504349788528124,17.64545440673828,11225200
2015-06-19,17.54148611693601,17.586044955270328,17.37067463973791,17.378101348876953,11609100
2015-06-22,17.571184715001873,17.741994709383274,17.52662589396746,17.704862594604492,13407100
2015-06-23,17.831117874670433,17.85339799856871,17.63802771705117,17.771705627441406,9339600
2015-06-24,17.793986632460587,17.823693468160805,17.69744224943467,17.749427795410156,9368200
2015-06-25,17.853398907463895,18.068767783445896,17.823692074087187,17.88310432434082,8369700
2015-06-26,17.76428044095484,17.853399527681123,17.407806927049347,17.54891014099121,14805800
2015-06-29,17.371138376610762,17.578029214624724,17.133597856035657,17.148921966552734,14494500
2015-06-30,17.516727124713544,17.723616486280175,17.37113712384845,17.40178680419922,15836800
2015-07-01,17.72361916104595,17.800245565777303,17.509066981630692,17.57036781311035,12403200
2015-07-02,17.62400233924161,17.87686840130009,17.585689875288768,17.738941192626953,7884900
2015-07-06,17.624001063592114,17.823229077085493,17.524387787608784,17.578025817871094,7476100
2015-07-07,17.478410614782863,17.6240005941358,17.19489490194083,17.59334945678711,10131500
2015-07-08,17.309845436350347,17.363483501415175,16.99567837394695,17.03399085998535,13956700
2015-07-09,17.302173941354713,17.355811979431888,16.942031784603014,17.02631950378418,12147200
2015-07-10,17.118273990893496,17.371140108726525,17.118273990893496,17.294513702392578,9042600
2015-07-13,17.3864649083475,17.53205346622133,17.286850146089535,17.5167293548584,11501200
2015-07-14,17.447765818151424,17.547379119337744,17.386464987838206,17.470752716064453,8778400
2015-07-15,17.401788848073167,17.555041652407514,17.171911103098704,17.286849975585938,13861500
2015-07-16,16.89605463149697,17.493738743522567,16.627864448081848,17.417112350463867,29850800
2015-07-17,17.585692807622692,17.6929688937999,17.455428362324483,17.64699363708496,10314200
2015-07-20,17.646993299463844,17.654656085690906,17.332826371789444,17.547378540039062,12307200
2015-07-21,17.578029711205467,17.746606623871568,17.4937405241089,17.532052993774414,9372700
2015-07-22,17.217884760646623,17.27152426025072,16.942031784603014,17.02631950378418,17279900
2015-07-23,16.95735439436773,17.240871592516456,16.926704715974967,17.09528160095215,16251500
2015-07-24,16.903719833841265,17.018658709099775,16.558903208065725,16.581890106201172,15045700
2015-07-27,16.52824351597336,16.620195445552977,16.34434111834047,16.57421875,10167100
2015-07-28,16.635530288917,16.850083955431906,16.551242549040694,16.76579475402832,13102700
2015-07-29,16.719817342195988,17.064635429520763,16.658516511285704,16.942033767700195,12780100
2015-07-30,17.033983253429955,17.455427719293887,17.003333570591437,17.394126892089844,17400600
2015-07-31,17.279187606943207,17.32516432627124,16.880732936789915,16.942033767700195,16313800
2015-08-03,16.78111569109226,16.78111569109226,16.489937152717005,16.6431884765625,11945800
2015-08-04,16.72747883666036,16.79644244879832,16.35201109364646,16.43630027770996,13832400
2015-08-05,16.51292792450449,16.758132730977003,16.48994102437038,16.55890464782715,7506500
2015-08-06,16.413315916728962,16.512929235448475,16.099148923385517,16.306039810180664,12945100
2015-08-07,16.290711137522244,16.40565001004848,16.08382029005878,16.114471435546875,16644500
2015-08-10,16.183436843188765,16.773456843890667,16.030184021834348,16.55890464782715,25398700
2015-08-11,16.091483280848433,16.168109684015032,15.74666519736228,15.96121883392334,18685200
2015-08-12,15.731337858358113,15.922903096207705,15.463146233063329,15.899914741516113,20957100
2015-08-13,15.74666164364785,15.853939168481473,15.639385580340972,15.73900032043457,7873400
2015-08-14,15.60873939376225,15.631726291596543,15.493799058482487,15.616400718688965,11355400
2015-08-17,15.248594872114538,15.562761791243242,15.087680750304369,15.539774894714355,18060200
2015-08-18,15.46314824647376,15.478473818263652,15.332883809313623,15.348209381103516,10410700
2015-08-19,15.325225457040396,15.371200724183849,15.041708143013098,15.256261825561523,12520400
2015-08-20,15.164304882584876,15.37885701293258,15.02637767791748,15.02637767791748,12865500
2015-08-21,14.75052680658403,14.94975487649777,14.459348219188332,14.467009544372559,20217500
2015-08-24,13.593469710622198,14.888451185652936,13.271640038174525,14.375056266784668,31876000
2015-08-25,15.118328896746913,15.332882498887642,14.32908101687124,14.375056266784668,25640300
2015-08-26,14.819487944311911,14.926764017255914,14.512983834809846,14.903777122497559,20952300
2015-08-27,15.034043018732898,15.27924633026123,15.003391874028345,15.27924633026123,17880000
2015-08-28,15.0417010208992,15.38651901502526,14.980400206557533,15.325218200683594,10980800
2015-08-31,15.44782525513315,15.47081361665803,15.133658288595868,15.233271598815918,9081400
2015-09-01,14.82714982804628,15.141316703871102,14.75052343994898,14.873125076293945,14185700
2015-09-02,15.09534384661498,15.378859627496983,15.05702991573429,15.27924633026123,14670900
2015-09-03,15.440156517509106,15.509120113978796,15.340543245678804,15.37885570526123,8174900
2015-09-04,15.095341718324399,15.194955001515684,15.018715328893585,15.07235336303711,8944000
2015-09-08,15.294569410607766,15.371195805679386,15.18729333442365,15.363533020019531,10390900
2015-09-09,15.662378911450382,15.830955844717856,15.187296337293374,15.233271598815918,10318700
2015-09-10,15.171970444216813,15.256259639843442,14.765852963165994,15.095345497131348,17806400
2015-09-11,15.125991689535086,15.286907256602644,15.02637840441848,15.2485933303833,9549900
2015-09-14,15.31755917608779,15.455486407594192,15.240932773970119,15.355873107910156,7790800
2015-09-15,15.447822845198775,15.754326976744984,15.355872336498404,15.624062538146973,11469800
2015-09-16,15.869270831551574,15.899921985104225,15.677705506429836,15.838621139526367,11471100
2015-09-17,15.769654670812653,16.10680999164767,15.761991883801949,15.830955505371094,11394200
2015-09-18,15.73134176052728,15.90758147229885,15.593414521218351,15.792642593383789,14057800
2015-09-21,15.73133659362793,15.876925110389664,15.631721859499732,15.73133659362793,12292100
2015-09-22,15.455481193588724,15.509119218517847,15.233264848566284,15.286904335021973,13482400
2015-09-23,15.05702564220256,15.547433587597144,15.018713183722854,15.332880020141602,22169600
2015-09-24,15.240934737606976,15.348212299004144,14.988068601108408,15.317561149597168,11088800
2015-09-25,15.447822200751007,15.555098276935121,15.294569410607766,15.363533020019531,10742300
2015-09-28,15.302235969447194,15.363536808314484,15.00339456266007,15.041707038879395,15576100
2015-09-29,15.034041201609483,15.286907268750726,14.934426454886871,15.240930557250977,10919600
2015-09-30,15.60107343815932,15.930565881104902,15.578085083467728,15.899914741516113,12400200
2015-10-01,16.053169812055987,16.091482280493988,15.784978148409024,15.984206199645996,14508200
2015-10-02,15.486130329549981,15.915237437138845,15.486130329549981,15.907574653625488,15271100
2015-10-05,16.13745471883538,16.42863468964856,15.930565379235917,16.39798355102539,10938100
2015-10-06,16.137454851631865,16.367334008617135,16.060828465970108,16.267719268798828,10577700
2015-10-07,16.612538602601145,16.93436827890714,16.574224675941586,16.80410385131836,13647100
2015-10-08,16.68916099957662,17.064628621804975,16.604871842628405,17.04930305480957,10343500
2015-10-09,17.09528042286659,17.18723237476179,16.788776352427078,16.819427490234375,11648800
2015-10-12,16.911382648301895,17.010997412143524,16.865407390428043,16.926708221435547,6779500
2015-10-13,16.7198194043523,16.880735018792922,16.612543302410067,16.811771392822266,12740800
2015-10-14,16.689168841896073,17.263864720537473,16.59721685824148,17.118274688720703,22801100
2015-10-15,17.279182865130295,17.463086768920697,16.69682586205857,16.819427490234375,17867300
2015-10-16,16.86540969587617,17.026323851194658,16.850084120647562,16.980348587036133,9598700
2015-10-19,16.919051940342488,17.087628925050176,16.827099927711604,17.03399085998535,8940900
2015-10-20,17.010993889226953,17.179570774204137,16.988005534287286,17.09528160095215,6718400
2015-10-21,17.11060868449227,17.20256065085809,16.965018680049276,17.02631950378418,8154300
2015-10-22,17.156586988227698,17.332828166646273,17.10294894061094,17.248538970947266,8214500
2015-10-23,17.432441531104427,17.432441531104427,17.16424983062815,17.21788787841797,11854100
2015-10-26,17.21788915697036,17.25620309504188,16.804108856489037,16.980348587036133,12350400
2015-10-27,16.903718324217394,17.087620800512617,16.765791101614237,17.010995864868164,6885400
2015-10-28,16.91138552145748,17.064638355776633,16.75813414866567,16.919048309326172,9913700
2015-10-29,16.71214960890196,16.719812393188477,16.4899347106997,16.719812393188477,7939100
2015-10-30,16.73514450738877,16.91138423033136,16.589554472053607,16.82709503173828,8791800
2015-11-02,16.75047321827967,16.965025456285666,16.681509581341313,16.934375762939453,5716700
2015-11-03,17.041644583998508,17.585690657803685,16.942031296372512,17.447763442993164,12846400
2015-11-04,17.70062981456434,18.129735575573388,17.662315886734216,18.045446395874023,14372000
2015-11-05,17.800246010953444,17.800246010953444,17.585693826172335,17.608680725097656,8345300
2015-11-06,17.309836670013812,17.493739140612966,17.187235022947714,17.48607635498047,8805900
2015-11-09,17.4324353702865,17.608675025461455,17.37879734145296,17.59334945678711,8629200
2015-11-10,17.248538970947266,17.371140640221903,17.110611727631504,17.248538970947266,7388700
2015-11-11,17.17957007551486,17.394123661645533,17.072294013212893,17.30217170715332,5255100
2015-11-12,17.194899764425386,17.37880225594265,17.04164695739746,17.04164695739746,5685100
2015-11-13,16.91138381817634,16.972684653424434,16.528253232493952,16.773456573486328,7883500
2015-11-16,16.727478507762363,17.148921496739437,16.70449015032605,17.125934600830078,7121500
2015-11-17,17.187237172614214,17.48607854202408,17.148923239659677,17.256200790405273,7148400
2015-11-18,17.148923239659677,17.286850475241803,16.97268353265012,17.256200790405273,8010400
2015-11-19,17.578028448009565,17.578028448009565,17.309836795042727,17.371137619018555,7115100
2015-11-20,17.47841641537527,17.539717248889996,17.40179000810008,17.493741989135742,6039900
2015-11-23,17.562705393797827,17.578030967370044,17.271526803561393,17.294513702392578,5502100
2015-11-24,17.187233396618264,17.302172247175864,16.980342588698516,17.24087142944336,8911500
2015-11-25,17.29451276195536,17.36347637775311,17.24853750526588,17.286849975585938,5442600
2015-11-27,17.156587515964333,17.3481528127894,17.11827504121021,17.202564239501953,3995600
2015-11-30,17.19490020261213,17.524392723049843,17.14892348241585,17.44010353088379,8612900
2015-12-01,17.501404789024946,17.892198151044475,17.493742002139015,17.838560104370117,10256000
2015-12-02,17.769594192504883,17.899858629713577,17.66997943736043,17.769594192504883,6829100
2015-12-03,17.838559498906534,17.861546397256962,17.486078621753155,17.57036781311035,5884700
2015-12-04,17.493736854905453,17.907518455834598,17.417110470119308,17.861541748046875,6355600
2015-12-07,17.968818840136798,18.00713130084707,17.761928044637255,17.807903289794922,4634000
2015-12-08,17.62400571807916,17.792582637928426,17.53205374082596,17.685306549072266,6133900
2015-12-09,17.585690707498387,17.631665958722852,17.355811528322285,17.417112350463867,8663600
2015-12-10,17.409450111119494,17.50906486367867,17.325162391485115,17.355812072753906,7171900
2015-12-11,17.179576651148775,17.286852754511614,16.980348558098292,16.99567413330078,11326300
2015-12-14,17.11060868449227,17.171909508227174,16.911380641972098,17.02631950378418,7898600
2015-12-15,17.179572237315217,17.547377178513518,17.179572237315217,17.48607635498047,9444200
2015-12-16,17.70829245344773,17.80024295642456,17.539714095445376,17.746604919433594,7384800
2015-12-17,17.692964191643682,17.84621695533379,17.585688133976607,17.59334945678711,8925700
2015-12-18,17.44776615015103,17.685306689443827,17.4094522170218,17.57036781311035,8648000
2015-12-21,17.570362069087576,17.662312555483478,17.43243487796709,17.5856876373291,4958700
2015-12-22,17.608682072452957,17.692971272367707,17.585695171768755,17.66998291015625,4553900
2015-12-23,17.777258526325472,17.7849198513634,17.601017358384087,17.685306549072266,6172900
2015-12-24,17.738941192626953,17.838555937347248,17.68530315848225,17.738941192626953,2009500
2015-12-28,17.73894033925168,17.76959147816086,17.509062643539824,17.631664276123047,3100100
2015-12-29,17.67764376250724,17.80024542449345,17.608680144949112,17.685306549072266,4136700
2015-12-30,17.662317436775,17.692968581729037,17.501403310347413,17.532052993774414,2574100
2015-12-31,17.51673090826863,17.62400700495793,17.29451446623828,17.43244171142578,3898300
2016-01-04,17.041647096883725,17.087622354757578,16.750468514979865,16.926708221435547,9145100
2016-01-05,16.99566714804626,17.179569590309963,16.819427490234375,16.819427490234375,7642100
2016-01-06,16.597212090180523,16.6355245531393,16.290708001929968,16.352008819580078,8063200
2016-01-07,15.999531512339564,16.38266207161666,15.9535562544539,16.168109893798828,11242800
2016-01-08,16.29836733491813,16.39798059442945,15.915236940368251,15.945886611938477,9290700
2016-01-11,16.22174231889061,16.28304312867869,15.861600244076463,16.037839889526367,9771200
2016-01-12,16.267719647420904,16.2753824323181,15.71601228856372,15.899914741516113,11629400
2016-01-13,16.014851388052104,16.145115790324688,15.670034884290498,15.693021774291992,12858400
2016-01-14,15.884587905805038,16.758126314621048,15.861601014472157,16.719812393188477,18687600
2016-01-15,15.754328188246559,16.30603712898292,15.754328188246559,16.168109893798828,12066200
2016-01-19,16.574225388133645,16.704489821319868,16.267721269321036,16.597213745117188,14807000
2016-01-20,15.968879013760182,16.252394759212546,15.892252623101465,16.160444259643555,10815300
2016-01-21,16.20642735189179,16.451630751434767,15.976549530202139,16.3443546295166,9105000
2016-01-22,16.67383942372958,16.819429421982182,16.566563352136534,16.80410385131836,8369200
2016-01-25,16.635532256644506,16.911386794574838,16.627870929726402,16.696834564208984,8463700
2016-01-26,16.689169135944436,16.750469972285163,16.474615477988277,16.5435791015625,7709700
2016-01-27,16.643187061585763,16.857740650560714,16.558899352171153,16.612537384033203,6432800
2016-01-28,16.6891590273561,16.75812260915923,16.459279934170237,16.57421875,7169000
2016-01-29,16.75812965101078,17.164247068363647,16.75812965101078,17.125934600830078,9010200
2016-02-01,16.995671972167642,17.279187769725972,16.97268361228706,17.210224151611328,5389200
2016-02-02,17.08762191456211,17.332826693802478,17.07229780335032,17.286849975585938,13487900
2016-02-03,17.43243775049034,17.700629392803258,17.30983610740904,17.562702178955078,13083200
2016-02-04,17.601011562483425,17.81556513107172,17.562699103801442,17.80023956298828,6473100
2016-02-05,17.631669792082484,17.899861495332935,17.36347808883203,17.43244171142578,9325400
2016-02-08,17.22554939481159,17.55504190581778,17.056972476832016,17.470752716064453,8355200
2016-02-09,17.033983871503203,17.378801950491958,16.91138221264655,17.286849975585938,8426600
2016-02-10,17.37113893465807,17.55504142051379,17.07229757783341,17.087621688842773,5761600
2016-02-11,16.980342033679335,17.133594803764773,16.69682630900603,16.85774040222168,10394600
2016-02-12,17.079960889917984,17.102947787903215,16.796443635374448,17.04164695739746,7326900
2016-02-16,17.33282550156114,18.152724586840765,17.309837144034127,17.884532928466797,13843800
2016-02-17,17.899860130717283,18.19103871161586,17.83089651338105,18.114412307739258,11956100
2016-02-18,18.37493624591766,18.535851796791594,18.206359372097694,18.237009048461914,12780200
2016-02-19,18.23701333526402,18.413254496510756,18.014798379427674,18.221689224243164,8950300
2016-02-22,18.405590132281098,18.48987785101426,18.275325699845936,18.3596134185791,7250300
2016-02-23,18.191038459920193,18.19870124635454,17.82323348023405,17.930509567260742,5802500
2016-02-24,17.685308100910838,18.007137857246114,17.493742804557154,17.945837020874023,5267500
2016-02-25,18.145058620530094,18.1603841895285,17.9151794701341,18.152721405029297,5076800
2016-02-26,18.152724671937417,18.45922879943295,17.94583383780532,18.214025497436523,9920900
2016-02-29,18.060771967006072,18.198699184140708,17.976482787306704,18.045446395874023,6614000
2016-03-01,18.50520521752663,18.911324125465644,18.382603558814296,18.834697723388672,9858800
2016-03-02,18.73507868867518,18.926643904463162,18.681439200572193,18.86534309387207,5841300
2016-03-03,18.873008307410327,19.0569122386257,18.735082551289167,18.81937026977539,7957500
2016-03-04,18.819372564407907,19.118215392925393,18.72742204911567,18.888336181640625,7264600
2016-03-07,18.696768010557488,18.94197129543926,18.43623915498889,18.926647186279297,8971500
2016-03-08,18.666121218411817,19.041588989163802,18.635470072296346,18.888336181640625,11734000
2016-03-09,18.9419746127864,18.99561411958429,18.7887232636595,18.957300186157227,5807300
2016-03-10,19.049252164855062,19.156528255396605,18.781060476974083,18.957300186157227,6483700
2016-03-11,19.156525302916677,19.447703844449176,19.148862517412283,19.42471694946289,7560000
2016-03-14,19.39406545919128,19.447703495231984,19.24081413643598,19.325101852416992,4109400
2016-03-15,19.079900767814024,19.30977997075578,18.94963632460514,19.0645751953125,8839800
2016-03-16,18.972624763237253,19.769535536820257,18.941973618105155,19.75421142578125,10874100
2016-03-17,19.723557436092314,19.807846611522248,19.631606937011323,19.746545791625977,6264700
2016-03-18,19.83083280086433,20.114349996264412,19.769531983146308,19.95343589782715,7208700
2016-03-21,19.830836230588805,19.938113776293978,19.73122293264154,19.869150161743164,5494100
2016-03-22,19.738890128015857,19.96876792018247,19.662263710117866,19.777202606201172,6247400
2016-03-23,19.78485977211541,19.78485977211541,19.570307616800605,19.677583694458008,5465900
2016-03-24,19.55498437811135,19.731224087152416,19.493683546204583,19.715898513793945,5549000
2016-03-28,19.708234396400233,19.738885541047587,19.570308630068194,19.639270782470703,2197200
2016-03-29,19.58563430419528,19.938115188139882,19.49368378596774,19.89980125427246,4550800
2016-03-30,20.167990568208065,20.397869759737304,20.167990568208065,20.275266647338867,5999600
2016-03-31,20.13734109401252,20.259942746148887,20.060714696045544,20.076040267944336,5369100
2016-04-01,19.830834155641195,20.08370022869385,19.746546438974896,20.014738082885742,5091200
2016-04-04,20.02240398636192,20.02240398636192,19.777200642654844,19.807851791381836,4302700
2016-04-05,19.547321319580078,19.639271835397878,19.340430466699377,19.547321319580078,8612600
2016-04-06,19.27146907483525,19.723563304147607,19.171855760939916,19.63161277770996,8333100
2016-04-07,19.531991082239138,19.55497943646757,19.348088632991928,19.440040588378906,7774400
2016-04-08,19.73122063292435,19.77719588342403,19.317438993846636,19.371078491210938,8214600
2016-04-11,19.692911341406543,19.80018743036968,19.53965853300741,19.547321319580078,5406300
2016-04-12,19.69291272931218,19.70823684201042,19.39406987802491,19.593297958374023,4766900
2016-04-13,19.884472204946732,20.083698765480914,19.75420778519637,20.053049087524414,9082700
2016-04-14,19.386398315429688,19.562639416190223,19.22548424348383,19.386398315429688,13870800
2016-04-15,19.547316609177532,19.600954640733708,19.44004054606518,19.509002685546875,8019100
2016-04-18,19.447711314971635,19.677590583827158,19.40173604581151,19.539663314819336,6507600
2016-04-19,19.5549815554982,19.669920416041947,19.27146433539851,19.27912712097168,9378700
2016-04-20,19.10288414336214,19.348087393314334,18.95729416563053,19.24847412109375,9391300
2016-04-21,19.386403195942258,19.42471712380811,19.156525474854764,19.27912712097168,6044400
2016-04-22,19.29445421021359,19.39406750744861,19.11821451274477,19.21016502380371,6447400
2016-04-25,19.271466378703185,19.40939361059052,19.11821503557164,19.1641902923584,7772500
2016-04-26,19.309780310631368,19.424719183361795,19.14120193320149,19.1641902923584,9920000
2016-04-27,19.079899471047415,19.41705473553099,19.018598646734667,19.34809112548828,7302200
2016-04-28,18.888332769451836,19.064572443196724,18.443901461753917,18.51286506652832,12170200
2016-04-29,18.390264388111405,18.397927173656345,17.94583305719312,18.07609748840332,14955900
2016-05-02,18.068432237064762,18.198696650497812,17.976480284601024,18.152721405029297,6112100
2016-05-03,17.892199559366656,17.968825972730187,17.746609520128672,17.869211196899414,9323900
2016-05-04,17.861547822789692,18.04545033190596,17.8002469864176,17.945837020874023,7789900
2016-05-05,17.96882101853175,18.152723482983966,17.93050709164991,18.00713348388672,7238400
2016-05-06,18.007136914064695,18.09142610773411,17.88453524774217,17.938173294067383,5373300
2016-05-09,17.930507188916383,17.999470796150923,17.777255865138308,17.907520294189453,5189800
2016-05-10,17.853884127699963,17.96116168204158,17.8079088681405,17.922847747802734,5374500
2016-05-11,17.899862939798286,17.968826567957194,17.723621744765893,17.792585372924805,6185400
2016-05-12,17.80024310623536,17.846219819637618,17.432438168178706,17.61634063720703,7674600
2016-05-13,17.509064711877958,17.624003573311562,17.447763888344905,17.48607635498047,4837700
2016-05-16,17.60101447463935,17.807905293416812,17.555039224308867,17.70829200744629,4654300
2016-05-17,17.7772528557683,17.86154055804344,17.555036500846047,17.5856876373291,4017400
2016-05-18,17.624001095103548,18.114407614409185,17.547374711080366,18.022457122802734,10028100
2016-05-19,17.86154800100344,17.86921078831731,17.662319915424543,17.81557273864746,3868700
2016-05-20,18.00713361156745,18.405589684802628,17.953495575079423,18.321300506591797,8380600
2016-05-23,18.873005644812935,18.972620381961555,18.55117600288002,18.597152709960938,6840000
2016-05-24,18.627802726509877,18.827030742917014,18.589490264769815,18.750404357910156,7573600
2016-05-25,18.857680309857358,18.941968010965976,18.788716715251557,18.86534309387207,5151600
2016-05-26,19.003276331008763,19.095228313995015,18.84236218769181,18.995615005493164,8204700
2016-05-27,19.102885845528704,19.164186663478976,18.987946994562794,19.003271102905273,5381300
2016-05-31,19.0262580845174,19.041583653280565,18.796380399176662,18.94196891784668,7999900
2016-06-01,18.941972250962,19.355753911218244,18.941972250962,19.34809112548828,6126800
2016-06-02,19.317435743157297,19.34808687935043,19.210159689534564,19.294448852539062,4188200
2016-06-03,19.417053057910962,19.61628108509596,19.394064702707258,19.56264305114746,5041800
2016-06-06,19.616283074158847,19.669921113546163,19.486018637849522,19.51666831970215,7579500
2016-06-07,19.70823446711124,20.014740068576423,19.692910356259603,19.96876335144043,6624300
2016-06-08,20.313582601349623,20.367220646261135,20.145005679980986,20.175655364990234,6173600
2016-06-09,19.85382809182655,20.11435702352969,19.85382809182655,20.099031448364258,5760100
2016-06-10,19.846159475945136,19.899797511744758,19.570306511614667,19.815509796142578,6699400
2016-06-13,19.57796995470301,19.7848607964916,19.53965748542084,19.639270782470703,7414600
2016-06-14,19.570311058563068,19.7005740548977,19.455370713399468,19.593297958374023,7191500
2016-06-15,19.66991982212109,19.94577424831836,19.662257036779295,19.80018424987793,6926800
2016-06-16,19.547318155617603,19.85382226127749,19.44770340782385,19.815509796142578,4637700
2016-06-17,19.838501478581613,19.869152627308605,19.616286496419782,19.807851791381836,5813100
2016-06-20,20.167998235647605,20.413201630611614,20.137348542040865,20.20631217956543,10019300
2016-06-21,20.267599971533265,20.420851263894615,20.183310810742245,20.374876022338867,6095200
2016-06-22,20.38254790918337,20.62775125569243,20.3212470725561,20.336572647094727,8010400
2016-06-23,20.413192602595668,20.54345703125,20.3212421009143,20.54345703125,6708600
2016-06-24,19.608620084099122,20.07603978508114,19.54731925950533,19.677583694458008,9529800
2016-06-27,19.589333761983827,19.84374045763813,19.366728661478067,19.796039581298828,10314300
2016-06-28,20.050448995632188,20.169703477225667,19.947096830152724,20.082250595092773,14428100
2016-06-29,20.416164375151133,20.646719957286937,20.40821397350727,20.511566162109375,8758600
2016-06-30,20.726220689581233,21.004478657847315,20.535415615554644,20.853424072265625,9765900
2016-07-01,21.171427532835786,21.187328331014967,21.060124978348668,21.09192657470703,5939300
2016-07-05,20.79777297291499,20.909075554690155,20.76597288514378,20.877275466918945,5678400
2016-07-06,20.511565548430614,20.829575539134485,20.47181505778464,20.789823532104492,6062900
2016-07-07,20.869318016644463,21.091924621386706,20.86136761829116,20.91701889038086,5327900
2016-07-08,21.068076149521865,21.30658206541583,20.99652407147695,21.250930786132812,5780600
2016-07-11,21.592794039173317,21.7597494217173,21.568942836985922,21.624595642089844,6051600
2016-07-12,21.62459430132695,21.69614638706889,21.338385958359193,21.44173812866211,8538700
2016-07-13,21.401983062057514,21.47353513248135,21.274779718278133,21.378131866455078,10553300
2016-07-14,21.46558857498898,21.648443224843827,21.179380242079663,21.553041458129883,12145100
2016-07-15,21.6166435213872,21.67229480567922,21.44173775203083,21.473539352416992,5996500
2016-07-18,21.712044347731442,21.982351873750613,21.584840984473445,21.974401473999023,7767300
2016-07-19,21.76770155615655,21.879005666599106,21.61664846890127,21.68025016784668,4997300
2016-07-20,21.783596234944245,21.93465079611058,21.68819447154296,21.902849197387695,5805100
2016-07-21,21.99825113090144,22.117504086046726,21.799495700198097,21.847196578979492,6369300
2016-07-22,21.886949736921704,22.093655577793164,21.847197738840457,22.053903579711914,5116800
2016-07-25,21.855152289535972,22.197011956047763,21.855152289535972,22.149311065673828,7799700
2016-07-26,22.236761832461184,22.586571890458696,22.228811431553975,22.52297019958496,10178800
2016-07-27,22.6501726339993,22.6501726339993,22.21291121707861,22.34011459350586,7057700
2016-07-28,22.49117415059415,22.570675141172657,22.260617032040745,22.371919631958008,4746300
2016-07-29,22.340111521335764,22.340111521335764,21.99030152607411,22.085704803466797,7366600
2016-08-01,22.53886474977274,22.856873115935137,22.53886474977274,22.753520965576172,7328200
2016-08-02,22.650166839732105,22.650166839732105,22.30830728439295,22.38780975341797,6088500
2016-08-03,22.324208081474648,22.45141142536129,22.189054339047154,22.38780975341797,3872000
2016-08-04,22.43551294023221,22.60246829402765,22.356011979398183,22.578617095947266,3165000
2016-08-05,22.777381109859764,22.93638612418403,22.761480305150496,22.88868522644043,5573000
2016-08-08,22.864830556450276,23.16693821825051,22.825078550697636,23.127187728881836,8731700
2016-08-09,23.19873960063772,23.39749507834519,23.166937996340224,23.37364387512207,6660600
2016-08-10,23.389538546898052,23.4133897438698,23.198733520274743,23.230533599853516,8229100
2016-08-11,23.16693687438965,23.349793057476795,22.89662931648748,23.16693687438965,9134000
2016-08-12,23.1907895953647,23.270292091081362,23.10333669843797,23.246440887451172,3481800
2016-08-15,23.357737924652596,23.41339071990668,23.302086645782136,23.36568832397461,3187000
2016-08-16,23.18283194379104,23.21463353868544,23.039727799533246,23.119230270385742,5914400
2016-08-17,23.05562896237205,23.05562896237205,22.848923141433037,23.03972816467285,6996800
2016-08-18,22.984079183315515,23.21463622381689,22.92842790219689,23.18283462524414,4254200
2016-08-19,22.761472131628242,22.809174528626365,22.6660703703993,22.76942253112793,6241800
2016-08-22,22.49911461872961,22.642218774444665,22.43551294023221,22.578617095947266,6415400
2016-08-23,22.73762933373872,22.80918143451594,22.62632522342743,22.658126831054688,5501800
2016-08-24,22.71377334561809,22.73762454631665,22.530918689413866,22.570669174194336,5391500
2016-08-25,22.76147480698899,22.928430183338882,22.67402343498079,22.737625122070312,6388200
2016-08-26,22.737622449512834,22.97612836896884,22.602468690785454,22.76942253112793,5267500
2016-08-29,22.72171824243445,22.87277277750421,22.70581744582007,22.817121505737305,3143900
2016-08-30,22.729669769470178,22.80917224010665,22.681968893641695,22.753520965576172,5001800
2016-08-31,22.864823526904715,23.039727749292,22.793271454931848,22.848922729492188,4674700
2016-09-01,22.809173792440944,23.0794813011713,22.761471396982454,23.023828506469727,6066600
2016-09-02,23.13513678801615,23.222588162831173,23.079485499574627,23.16693687438965,6050200
2016-09-06,23.461091228079823,23.62804506204843,23.29413587772762,23.4451904296875,6433000
2016-09-07,24.12891215255553,24.287915604170276,23.67574996505868,23.707550048828125,14429800
2016-09-08,23.77115001551107,23.787050814438988,23.56444417859905,23.683698654174805,6361600
2016-09-09,23.29413422638248,23.317985422280127,22.69786797639265,22.72966957092285,8325600
2016-09-12,22.697869913356634,23.087431897678105,22.419613519389326,23.047679901123047,5844500
2016-09-13,22.82507937709675,22.8807321871654,22.507070901481725,22.650175094604492,6857800
2016-09-14,22.674018494939695,22.864823514637134,22.54681514847474,22.753520965576172,5088700
2016-09-15,22.745574010851858,23.270288273564297,22.745574010851858,23.1987361907959,6305100
2016-09-16,23.158989370902354,23.230541469673774,22.872782492200745,22.984085083007812,7329300
2016-09-19,23.77909737205216,23.94605270666337,23.747297294649304,23.794998168945312,7696400
2016-09-20,23.977858354822335,24.041460040788028,23.763202096044203,23.77115249633789,5763300
2016-09-21,23.922204429116988,24.29586410338069,23.890402831451834,24.2481632232666,8097200
2016-09-22,24.454868687509226,24.605923241357146,24.256113254271717,24.3753662109375,5329000
2016-09-23,24.367416933341186,24.383317732664214,23.86655388573535,23.946056365966797,7959800
2016-09-26,23.866551949211054,23.906302427909594,23.620094128852717,23.723447799682617,4363300
2016-09-27,23.691647759918485,24.192512316169754,23.572394799605593,24.16866111755371,5707200
2016-09-28,24.224314886049005,24.248166087114832,23.954007339504887,24.113012313842773,4125100
2016-09-29,24.097109038089243,24.367416556869752,23.985806477315034,24.16866111755371,5985800
2016-09-30,24.081209580979603,24.39126757882416,24.03350718409302,24.31971549987793,5725700
2016-10-03,24.359471122052913,24.49462490898896,24.303819830323476,24.423072814941406,4198500
2016-10-04,24.502572829104942,24.582075316261413,24.13686351112251,24.16071319580078,5104800
2016-10-05,24.38331909397635,24.415119178014105,24.248165324952414,24.272016525268555,6205000
2016-10-06,24.407168772217204,24.49462013515523,24.152760533861677,24.462820053100586,4099900
2016-10-07,24.5502746492042,24.81263180533694,24.367419983253722,24.788782119750977,5753400
2016-10-10,24.796732137044433,25.027287686986277,24.77288093544334,24.868284225463867,7810500
2016-10-11,24.63772274972755,24.63772274972755,24.256112690709855,24.43101692199707,10157600
2016-10-12,24.56617262272805,24.971633911239806,24.40716917705015,24.923933029174805,9587000
2016-10-13,24.59002494756495,24.59002494756495,23.46904431123031,24.272016525268555,17323000
2016-10-14,24.69337460084079,24.86032995327978,24.303814133661305,24.3753662109375,9822900
2016-10-17,24.26406726301622,24.45487232534178,24.152763172705097,24.303817749023438,7598400
2016-10-18,24.57412663257234,24.62977792255434,24.399222361716937,24.53437614440918,5487500
2016-10-19,24.60592631649295,24.677478402711394,24.37536925725934,24.629776000976562,6733000
2016-10-20,24.590024374942022,24.764928624036134,24.486670692362615,24.693376541137695,7329800
2016-10-21,24.58207094173197,24.75697516924388,24.454867591471753,24.709274291992188,3817100
2016-10-24,24.75697766726568,24.971633911132812,24.709276785200885,24.971633911132812,3768900
2016-10-25,24.96368807016648,25.138593863650872,24.9477872677799,25.08294105529785,3214700
2016-10-26,24.796726603874003,24.98753162495475,24.701323335141872,24.812625885009766,4121500
2016-10-27,24.8285293368392,24.85238053566794,24.446919253881426,24.462820053100586,6243200
2016-10-28,24.59797381369609,24.725177174682013,24.454869653491006,24.462820053100586,5210800
2016-10-31,24.590025897993446,24.749029357095395,24.51847381066323,24.72517967224121,3212300
2016-11-01,24.741077577023198,24.80467925649591,24.232262624857857,24.415117263793945,5815800
2016-11-02,24.38331985656214,24.431020742302497,24.04146022325798,24.16071319580078,5274700
2016-11-03,24.12891445753555,24.248167436734512,23.99376067674102,24.07326316833496,4890800
2016-11-04,24.017606930897536,24.208413490012394,23.866553886475163,24.041458129882812,4431900
2016-11-07,24.42306846014935,24.947782712015453,24.391268377567247,24.923933029174805,3981800
2016-11-08,24.804674937426366,25.043180814823714,24.653620406336906,24.915977478027344,4077100
2016-11-09,24.359465980899767,24.637723897203582,24.097108863558148,24.31971549987793,8996700
2016-11-10,24.28790847809492,24.28790847809492,23.34978429457753,23.40543556213379,10104300
2016-11-11,23.103328667927645,23.91425111287706,22.86482278006415,23.794998168945312,7506800
2016-11-14,23.278234212828956,23.532640895529255,22.90457307077738,22.93637466430664,8551400
2016-11-15,23.302087210894747,23.40544088820377,22.87277625177998,23.214635848999023,11135600
2016-11-16,23.12718412679385,23.77115135584825,23.12718412679385,23.739351272583008,8802600
2016-11-17,23.850652851084998,23.866553650251134,23.33388900925489,23.429290771484375,7065100
2016-11-18,23.39749068953577,23.50879325093139,23.206685648693128,23.429290771484375,5136600
2016-11-21,23.53264293837956,23.643945492627168,23.42133886774838,23.5723934173584,4477100
2016-11-22,23.826807032021506,23.96991122405988,23.667803553610874,23.77910614013672,8937500
2016-11-23,23.77115306772112,23.95400772971975,23.64394969273217,23.763202667236328,4017500
2016-11-25,23.651893406862932,23.69959427990286,23.540590864308623,23.580341339111328,2101800
2016-11-28,23.620091813914037,23.80294794060336,23.484939593031466,23.580341339111328,5435000
2016-11-29,23.516744418522276,23.651898183080945,23.166934407361538,23.49289321899414,9254600
2016-11-30,23.492894368948072,23.707550626057355,23.373641398237513,23.604198455810547,6403400
2016-12-01,23.453145461826235,23.46904626335961,22.530920202265136,22.697874069213867,12499600
2016-12-02,22.674020790406235,22.952278707612347,22.570667113200475,22.94432830810547,5195800
2016-12-05,23.007931519220204,23.286189454947593,22.952280235351477,23.071533203125,3953100
2016-12-06,23.3020832500403,23.540590645792836,23.214631903009433,23.461088180541992,4336200
2016-12-07,23.43723782076661,23.80294856739189,23.254383205645702,23.794998168945312,3911600
2016-12-08,24.06530278979492,24.06530278979492,23.739344074151376,23.882448196411133,4094600
2016-12-09,24.105059810046,24.351516134018162,23.818851487766274,23.946056365966797,4387400
2016-12-12,23.826803782009893,23.826803782009893,23.55649623755976,23.77115249633789,3428000
2016-12-13,23.89835813357758,24.359470779633323,23.87450844681963,24.136865615844727,5857700
2016-12-14,24.057357176638543,24.160709331944886,23.731398396170782,23.747299194335938,6108400
2016-12-15,23.977859497070312,24.08121318942796,23.87450732109654,23.977859497070312,5073300
2016-12-16,23.89039886264989,23.914250056936464,23.365684719412336,23.437236785888672,6662100
2016-12-19,23.445192717640428,23.484944717500525,23.190785984070775,23.270288467407227,6157000
2016-12-20,23.33388556275127,23.50083938018499,23.166930228934103,23.30208396911621,5570800
2016-12-21,23.23848896420986,23.27824096765658,22.98408220768638,23.16693687438965,6267500
2016-12-22,23.04767814799826,23.055628546704522,22.658117709692377,22.848922729492188,7455900
2016-12-23,22.88072795681643,23.15898437379357,22.809175873484094,23.095382690429688,4853500
2016-12-27,23.055631263239604,23.238485905878044,23.055631263239604,23.135133743286133,3083000
2016-12-28,23.262337874756774,23.310038757810048,23.08743362597228,23.15103530883789,3663300
2016-12-29,23.047678771112345,23.182832520005814,22.904574623297666,23.158981323242188,5323900
2016-12-30,23.21463097233968,23.238480649490427,22.753518512030766,22.856870651245117,4862800
2017-01-03,23.254383095047068,23.461088904524612,23.103328558047433,23.30208396911621,6280300
2017-01-04,23.365690037473602,23.421341320425192,23.214636988428918,23.294137954711914,4391800
2017-01-05,23.476989974577993,23.779097535709884,23.469039576076696,23.6916446685791,4775700
2017-01-06,23.64394855123063,23.73140143595735,23.421341897555234,23.556495666503906,4878700
2017-01-09,23.68369280802442,23.961949138659197,23.628040025514192,23.882448196411133,8371700
2017-01-10,23.882455629566287,24.089159963405667,23.771151546286916,23.90630531311035,7582000
2017-01-11,23.67574940656237,24.00965861837551,23.628047007457837,23.985807418823242,7467300
2017-01-12,23.31003589867116,23.739348342643652,23.03972840055149,23.28618621826172,13032200
2017-01-13,23.453136431984394,23.572389364802568,23.230529845376044,23.40543556213379,9811100
2017-01-17,23.540595437620567,23.572395520363962,23.421340957277646,23.548545837402344,7679800
2017-01-18,23.49289130848087,23.596244981647377,23.405439950090287,23.4451904296875,7692800
2017-01-19,23.445193097858095,23.60419806710963,23.365690613232328,23.556495666503906,8493200
2017-01-20,23.54854641249566,24.057359879885663,23.508794412615977,23.90630531311035,7399400
2017-01-23,24.097111513132223,24.240215686759555,24.017609025963278,24.113012313842773,6959800
2017-01-24,24.27201935624241,24.566176612531777,24.256118554177053,24.502574920654297,7213600
2017-01-25,24.725174168372263,24.908028788008455,24.59797082285287,24.892127990722656,8025800
2017-01-26,24.85237672237532,25.003431259012515,24.653621311783432,24.733123779296875,8308700
2017-01-27,24.780829240953203,24.923933405693738,24.64567547607422,24.844430923461914,5982200
2017-01-30,24.701324859535518,24.804678533405554,24.597972702049088,24.796728134155273,7253100
2017-01-31,24.67747706433801,24.772878829865988,24.43101921789267,24.57412338256836,6263100
2017-02-01,24.836477642252405,24.892128918443305,24.518469266601862,24.709274291992188,5036900
2017-02-02,24.415117086232573,24.558221243101347,24.343566524181824,24.47076988220215,5794800
2017-02-03,24.613873864668676,24.709277146577254,24.486670499713053,24.621824264526367,5249100
2017-02-06,24.60592766292031,24.60592766292031,24.407172193967426,24.542325973510742,3523700
2017-02-07,24.57412472565457,24.621825611025624,24.24816589558204,24.264066696166992,6209500
2017-02-08,24.39922066109744,24.40717106145272,24.081212228805487,24.113012313842773,7776600
2017-02-09,24.11301192893473,24.248165700049373,23.98580855804845,24.017608642578125,8547000
2017-02-10,24.200462543313325,24.494619742230746,24.12891046435857,24.415117263793945,6749400
2017-02-13,24.59797423655272,25.281691934509738,24.59797423655272,25.19424057006836,10203800
2017-02-14,25.019334023812736,25.019334023812736,24.73312722384158,24.908031463623047,5208600
2017-02-15,25.043189792182503,25.281695755078285,25.043189792182503,25.241945266723633,4577200
2017-02-16,25.21809682661093,25.830265635578915,25.146544726626626,25.695110321044922,13197100
2017-02-17,25.52020148367386,25.742809675398313,25.456601309443897,25.711008071899414,7518200
2017-02-21,25.750759524413635,25.814362733793764,25.57585373138623,25.703060150146484,5475400
2017-02-22,25.599699189560493,25.599699189560493,25.3691421701103,25.49634552001953,5296200
2017-02-23,25.559955239096585,25.559955239096585,25.2260444648282,25.241945266723633,5291200
2017-02-24,25.130636062564953,25.377092361450195,25.019331995017158,25.377092361450195,3687100
2017-02-27,25.297587338282938,25.297587338282938,25.027279870098997,25.067031860351562,5841900
2017-02-28,25.114741902847108,25.18629399504539,24.963687317496962,25.019338607788086,6040800
2017-03-01,24.979583369603244,25.122687526788937,24.852380011301214,25.106786727905273,4910300
2017-03-02,24.796732731149007,24.83648321838603,24.478724284101173,24.542325973510742,8561100
2017-03-03,24.542321391741584,24.58207187155765,24.279964282358193,24.52642059326172,6120700
2017-03-06,24.48666859706205,24.597972670037517,24.41511652028625,24.52642059326172,5467400
2017-03-07,24.653622096969666,24.963680062125253,24.613870103755172,24.892127990722656,7014000
2017-03-08,25.01933112939007,25.059083122275904,24.80467643334047,24.820575714111328,4528500
2017-03-09,24.55822391475812,24.69337768690587,24.423070142610367,24.629776000976562,6120700
2017-03-10,24.542323491804307,24.709277340978176,24.502571492203096,24.693376541137695,5655300
2017-03-13,24.860329647994526,25.098835558397234,24.836478450400815,25.043184280395508,3965700
2017-03-14,24.947779631156568,25.019331703609787,24.80467700263364,24.812625885009766,5967200
2017-03-15,24.9477804820181,25.464544287950993,24.9159804022785,25.369142532348633,4571400
2017-03-16,25.63944781285785,25.814353543617003,25.59969733753082,25.766651153564453,6489000
2017-03-17,25.91771031267471,26.044913683515084,25.790506941834337,25.909761428833008,6199800
2017-03-20,26.076716036326914,26.32317390127245,26.005163948618062,26.116466522216797,5126700
2017-03-21,26.426519994429793,26.657073959424846,25.7905002719465,25.822301864624023,9159900
2017-03-22,25.893856059395315,26.116461160895266,25.822303986375037,25.9892578125,6713500
2017-03-23,25.814356051185197,25.96540908520771,25.734852060041376,25.885908126831055,5909900
2017-03-24,26.021062101297026,26.315219306266215,25.925660338317062,26.084665298461914,5899900
2017-03-27,26.11646386705805,26.442422670644394,26.060812585916533,26.37087059020996,5661500
2017-03-28,26.52192705958043,26.577578341545475,26.339072414157073,26.513975143432617,4527000
2017-03-29,26.195964044655547,26.211864841630433,26.052859904648507,26.180063247680664,4083900
2017-03-30,26.108508167472767,26.354965943017522,26.060805782048003,26.291362762451172,3890600
2017-03-31,25.997212224327775,26.18801574886081,25.893858546091433,26.1085147857666,4853500
2017-04-03,26.188014410790476,26.235716805870062,26.005159778802838,26.148263931274414,4283100
2017-04-04,26.076712048536173,26.195966520736455,26.052862367203,26.124414443969727,3756600
2017-04-05,26.283419020965255,26.49807524820269,26.132362953964563,26.15621566772461,5112900
2017-04-06,26.140315242447578,26.188014605113924,26.0210607702473,26.124414443969727,3990800
2017-04-07,26.124421110233524,26.267525300283395,26.052869015208586,26.132369995117188,3366300
2017-04-10,26.13236329417287,26.13236329417287,25.774602910786253,25.854106903076172,4937100
2017-04-11,25.98925528598896,25.98925528598896,25.424790671906596,25.75870132446289,6293800
2017-04-12,25.814361380568027,25.949513644264,25.456600928478988,25.663305282592773,6136500
2017-04-13,25.52020055717371,25.798460028535224,25.297595406298676,25.305545806884766,8781700
2017-04-17,25.472507659347087,25.496357350782034,25.257851338127093,25.464555740356445,6918900
2017-04-18,25.24989338244537,25.329395868343287,25.146539695862945,25.273744583129883,5468600
2017-04-19,25.37709636770022,25.400947568022293,25.03523674500271,25.130640029907227,4739200
2017-04-20,25.257843782673543,25.33734626857146,25.154490096091113,25.273744583129883,4237700
2017-04-21,25.51225186277699,25.552002349619304,25.400949286511405,25.504302978515625,4530400
2017-04-24,25.901815397898492,26.0767181565886,25.830263304371837,25.997217178344727,5717000
2017-04-25,26.044904986906413,26.378815619346618,26.036956105718907,26.291362762451172,5614300
2017-04-26,26.283422081092958,26.32317256496489,26.09261551263317,26.235719680786133,6027700
2017-04-27,26.32316759485865,26.4742206181585,26.243663609358503,26.251615524291992,5625600
2017-04-28,26.354965943017522,26.43446688595889,26.267513086122076,26.291362762451172,5250500
2017-05-01,26.362925333340648,26.561680802691157,26.347024531860473,26.55373191833496,4015100
2017-05-02,26.688877918220122,27.022788605403573,26.688877918220122,26.975086212158203,5989300
2017-05-03,26.93533465242003,27.261293411254883,26.9035330582003,27.261293411254883,6660700
2017-05-04,27.18179837155362,27.18179837155362,27.00689561131646,27.142047882080078,5697300
2017-05-05,27.15794070011936,27.380545801940706,27.054587031659285,27.36464500427246,5249800
2017-05-08,27.587264572157263,27.905271559016203,27.531613273637742,27.80986976623535,6906900
2017-05-09,27.929116819742802,28.191472437986576,27.929116819742802,28.151721954345703,7297900
2017-05-10,28.040419387044253,28.326627721686553,27.88936633610193,28.151721954345703,9936700
2017-05-11,28.31867829907482,28.461782478997897,28.1199228306003,28.270978927612305,6648900
2017-05-12,28.22327633001306,28.23917713131421,28.024520862900292,28.119922637939453,4905000
2017-05-15,28.111976281827477,28.13582596954017,27.73036611458428,27.873470306396484,9784700
2017-05-16,27.83371620199542,27.84961700439453,27.666762325956647,27.84961700439453,6046200
2017-05-17,27.66675409443504,27.67470600965269,27.340795324153618,27.36464500427246,8128100
2017-05-18,27.38054738732013,27.81781176659762,27.356697705820352,27.746259689331055,8303700
2017-05-19,27.889369948865763,28.008621415236114,27.77806433437838,27.984771728515625,7283300
2017-05-22,28.13582020912261,28.23122197320922,28.032466528914465,28.14377212524414,5914200
2017-05-23,28.13582020912261,28.21532420650095,28.0642681278658,28.14377212524414,6612800
2017-05-24,28.15967559771846,28.29483090426336,28.0960754196964,28.239179611206055,7812500
2017-05-25,28.350478936891257,28.45383262615499,28.215326678657473,28.278926849365234,4514900
2017-05-26,28.263021842366296,28.28687455650363,28.088119124373396,28.231220245361328,3109800
2017-05-30,28.366378015793394,28.469731698783097,28.207373049524808,28.445878982543945,4219300
2017-05-31,28.080167396922533,28.111968994140625,27.905261644990254,28.111968994140625,7663100
2017-06-01,28.382274077942846,28.557176782151657,28.247118817706927,28.533327102661133,6016100
2017-06-02,28.549231167114367,28.803637886684463,28.501528769907228,28.763887405395508,5779200
2017-06-05,29.06599480629873,29.15344464686501,28.859287463371157,28.93083953857422,4819600
2017-06-06,28.922892188628868,29.08189714559164,28.811589628585118,28.962642669677734,5028000
2017-06-07,29.089842004929974,29.185243752804556,28.922888187957728,28.986488342285156,6537700
2017-06-08,29.21705360949268,29.336308102638522,29.050099745302695,29.280656814575195,7593900
2017-06-09,29.08189086596238,29.1772926064331,27.984760235865807,28.45382308959961,12040100
2017-06-12,28.45383051432667,28.45383051432667,27.833711457536825,28.016569137573242,11057000
2017-06-13,28.191474920561838,28.29482861334356,28.024521054907503,28.270978927612305,4969400
2017-06-14,28.19941753476692,28.43792341170058,28.11991355394452,28.34252166748047,7016400
2017-06-15,27.91321393564626,28.19942224891937,27.833709941533026,28.175569534301758,4623300
2017-06-16,28.517425537109375,28.581028724393178,28.398174110102584,28.517425537109375,7432400
2017-06-19,28.724140535891486,28.906995199026753,28.67643813268623,28.78774070739746,4523700
2017-06-20,29.03420205804625,29.209107858014647,28.71619206406154,28.724143981933594,4987400
2017-06-21,28.787736550260444,29.240898700583855,28.787736550260444,29.18524742126465,6329400
2017-06-22,29.193199337034404,29.352201259222273,29.121647258942954,29.18524742126465,6273400
2017-06-23,29.193200103605193,29.240899468407164,29.05009594366459,29.201148986816406,5558600
2017-06-26,29.914536350894437,29.980211920966205,29.487654540178575,29.660051345825195,10127200
2017-06-27,29.380930641923392,29.380930641923392,28.707771839360287,28.80628204345703,8081100
2017-06-28,28.95404955786919,29.052559764151823,28.52716782186712,29.01972198486328,8306200
2017-06-29,28.921208992233883,28.921208992233883,28.346560436379544,28.5764217376709,7332200
2017-06-30,28.601065169999874,28.806296692995975,28.486136018175582,28.699575424194336,5177500
2017-07-03,28.7652381426552,28.8719562321174,28.592844492062607,28.63389015197754,4470600
2017-07-05,28.798081075861482,28.798081075861482,28.428663807363574,28.584638595581055,9222200
2017-07-06,28.321941375732422,28.436870491855938,28.165966594076725,28.321941375732422,6493700
2017-07-07,28.362983876297193,28.461494088898576,28.305519324647786,28.428659439086914,7937800
2017-07-10,28.412242242778717,28.86375080334297,28.362985567748964,28.732402801513672,7779700
2017-07-11,29.085397235643605,29.085397235643605,28.77344459886968,29.04435157775879,9300800
2017-07-12,29.266006823545244,29.389143817965046,29.14286669754195,29.29884147644043,9211200
2017-07-13,29.11002897984207,29.684677683203198,29.11002897984207,29.676469802856445,9943900
2017-07-14,29.66005186277165,29.840653420449637,29.53691173253264,29.758562088012695,7196600
2017-07-17,29.57795089265924,29.6025807922395,29.257790382362,29.479440689086914,4649800
2017-07-18,29.45481478565315,29.586162771465904,29.323466799840393,29.446603775024414,6185300
2017-07-19,29.602583174530743,29.89811380903078,29.602583174530743,29.88990592956543,7033800
2017-07-20,29.889906044803705,29.889906044803705,29.619002179238432,29.635417938232422,6996600
2017-07-21,29.6025801777964,29.6025801777964,29.307046441630735,29.43018341064453,5023500
2017-07-24,29.64362445438122,29.73392677307129,29.56153001394357,29.73392677307129,6842100
2017-07-25,29.561534496426773,29.758558051769565,29.528699846855616,29.635417938232422,5276300
2017-07-26,29.63541344454611,29.758553539411235,29.504065471428568,29.73392677307129,4342200
2017-07-27,29.996631295306212,30.054095854250264,29.520492799388528,29.70109748840332,7243100
2017-07-28,29.59436929389179,29.61078818281361,29.307046566717087,29.43839454650879,3678400
2017-07-31,29.577957112176755,29.881701928734433,29.430190209955065,29.520492553710938,7757600
2017-08-01,29.512280327284376,29.545118107738833,29.31525677614074,29.421977996826172,5437300
2017-08-02,29.881703015854885,29.939167576411307,29.438402293062175,29.610795974731445,6064600
2017-08-03,29.643629754803055,29.643629754803055,29.266004656016797,29.38093376159668,3919800
2017-08-04,29.495863919509613,29.619004040786084,29.356304906624054,29.57795524597168,4071400
2017-08-07,29.766760112181,30.2264795637218,29.766760112181,30.201852798461914,4860200
2017-08-08,30.136181435551247,30.341412858781506,30.078716887573414,30.127973556518555,3301200
2017-08-09,29.717510861444673,29.93916117545244,29.577951864514,29.930950164794922,3153700
2017-08-10,29.553329391983244,29.577956164369855,29.011518478393555,29.011518478393555,5605400
2017-08-11,29.15928366023806,29.71751343310213,29.085400215841837,29.668256759643555,4291100
2017-08-14,29.577947186473185,29.635411725655175,29.430180333838777,29.5943660736084,3875600
2017-08-15,29.70930260602686,29.95558284326419,29.62721128133662,29.898115158081055,3820400
2017-08-16,29.71750842812823,29.91452882561412,29.66825176296538,29.83243751525879,3232000
2017-08-17,29.799604522149572,29.83244230419618,29.364514870573373,29.38093376159668,3324000
2017-08-18,29.55332363737867,29.635414950404915,29.233163132360325,29.43839454650879,3692800
2017-08-21,29.479446453123867,29.561537783554748,29.249588222650576,29.536911010742188,3588100
2017-08-22,29.93916368860194,30.10334633653793,29.83244246217693,29.980209350585938,3202300
2017-08-23,29.939156685441922,30.04587475532091,29.857062249093616,30.02945899963379,2956400
2017-08-24,30.193658072314744,30.316798228188336,30.029475373262287,30.23470687866211,4544500
2017-08-25,30.31677990004233,30.423501095175048,30.169013054960832,30.2511043548584,2975200
2017-08-28,30.037675076645918,30.267533297998842,30.02125618489451,30.185441970825195,2199900
2017-08-29,29.980207815463093,30.34962501756977,29.96378892519356,30.275741577148438,2997700
2017-08-30,30.275749678255927,30.43993549330055,30.210074099604494,30.316795349121094,2838900
2017-08-31,30.333205743727152,30.35783251302848,30.127974315327894,30.349624633789062,4288600
2017-09-01,30.374260172184073,30.57128377822492,30.300376711366752,30.55486488342285,4100000
2017-09-05,30.57947581761336,30.702615899042062,30.08692175506327,30.2511043548584,7123000
2017-09-06,30.423504049088017,30.677988982428612,30.374247385417583,30.595897674560547,4187700
2017-09-07,30.571269798239772,30.81754684448242,30.522013136358222,30.817546844482422,3597500
2017-09-08,30.842180204490433,30.932482538124315,30.66157553722267,30.78471565246582,5581800
2017-09-11,30.69441033639678,31.09666529306701,30.661572557978204,31.063827514648438,6920100
2017-09-12,31.072038775087233,31.145922218778434,30.907856128291904,31.080249786376953,3524500
2017-09-13,30.924270531011985,31.022783872667162,30.776506781695453,30.809341430664062,4983400
2017-09-14,30.784728516126687,30.97354114190212,30.67800724709378,30.68621826171875,5799000
2017-09-15,30.80114046463957,30.924277471971994,30.70263023245687,30.907861709594727,7245600
2017-09-18,31.088442627460097,31.29367396825956,31.055607992934306,31.252628326416016,6179600
2017-09-19,31.342939923030368,31.54817132476232,31.30189426900051,31.441450119018555,6559400
2017-09-20,31.490717416018327,31.51534419043523,30.73546397420147,31.04741668701172,7961100
2017-09-21,31.02278704464712,31.466087732672136,30.92427369291927,31.39220428466797,8458000
2017-09-22,30.9489040801377,31.05562531371839,30.858601738768158,31.00636863708496,4529900
2017-09-25,30.78471716700224,30.78471716700224,30.25932516173874,30.431718826293945,5895000
2017-09-26,30.448147286508185,30.636959902011842,30.316799243915018,30.489192962646484,5995400
2017-09-27,30.612320812565944,30.669785362368312,30.382459481773374,30.579483032226562,4802700
2017-09-28,30.34141311631211,30.456342213243268,30.201857250490857,30.41529655456543,7618700
2017-09-29,30.58769067941595,30.86680554701653,30.58769067941595,30.825759887695312,3818500
2017-10-02,31.05562564834228,31.342948436174474,31.00636897117811,31.301902770996094,5096200
2017-10-03,31.490708801245333,31.581011124848676,31.400406477641994,31.556381225585938,3727100
2017-10-04,31.400394014264595,31.474277419561425,31.3018838510627,31.416812896728516,2717200
2017-10-05,31.736989273131325,31.89296403778659,31.515338945516028,31.572803497314453,4456400
2017-10-06,31.531757836256034,31.58922238805446,31.367572060439162,31.572803497314453,3086100
2017-10-09,31.68773628163563,31.860133088639053,31.605644949983386,31.827295303344727,1963500
2017-10-10,32.10640707200375,32.147452733811555,31.868337849301916,31.991477966308594,4112000
2017-10-11,32.6728429824344,33.1571892817973,32.574332773020124,33.124351501464844,9015400
2017-10-12,33.239287168252666,33.378843051715506,33.09972815320641,33.198238372802734,5524100
2017-10-13,33.41168264615875,33.543030656599946,33.3542180873147,33.51019287109375,3913100
2017-10-16,33.559430521285876,33.592265156591374,33.37061805905657,33.5676383972168,2707000
2017-10-17,33.518398584014825,33.86318588256836,33.280329374108945,33.86318588256836,7582200
2017-10-18,33.98631766697193,34.2490135819668,33.60048167175594,34.06840896606445,6653200
2017-10-19,33.67437029869906,33.896020598408676,33.24748858795269,33.715415954589844,5710500
2017-10-20,33.674378395043675,33.7564697265625,33.51840361252448,33.7564697265625,5251600
2017-10-23,33.96169696154425,34.05199929392999,33.74825764720056,33.83034896850586,5092400
2017-10-24,33.87139381163352,33.96990715272196,33.633327732960865,33.920650482177734,4251600
2017-10-25,33.90423958209397,33.99454193358141,33.41168528690556,33.789310455322266,3360000
2017-10-26,33.80572085006742,33.9370688378669,33.715418521283446,33.822139739990234,3651500
2017-10-27,34.05200591235126,34.62665466792787,34.00274923104454,34.602027893066406,4822800
2017-10-30,34.774422019386186,35.02069916586215,34.54456376688647,34.585609436035156,5200800
2017-10-31,34.626650070524875,34.905764964370455,34.56097450416903,34.74979019165039,3704500
2017-11-01,34.87292679465956,34.889345686066534,34.36395368737675,34.56097412109375,4235700
2017-11-02,34.55277121175968,34.675911349234596,34.43784208696112,34.602027893066406,3255800
2017-11-03,34.39679108396474,34.6676949601796,34.1423029673892,34.634857177734375,6140900
2017-11-06,34.63485511077939,34.872924321924714,34.54455591181889,34.831878662109375,5650500
2017-11-07,35.00427754166137,35.061742100304244,34.692324843611786,34.89755630493164,2761600
2017-11-08,34.823667651196445,34.92218099265299,34.65127400102215,34.831878662109375,2378400
2017-11-09,34.59381636745754,34.65949194155938,33.89603061633607,34.183353424072266,4680100
2017-11-10,34.30648034752182,34.331107112533815,34.1422946070826,34.24901580810547,5333900
2017-11-13,34.249024965325766,34.487091064453125,34.076628169400166,34.487091064453125,2222000
2017-11-14,34.29827707309885,34.38857940728459,34.076626743256554,34.36395263671875,2799400
2017-11-15,33.97811720577186,34.19155966020203,33.88781486978858,34.10125732421875,3417300
2017-11-16,34.273651350430065,34.675906360942555,34.273651350430065,34.56097412109375,3304500
2017-11-17,34.67590927313233,34.82367304503808,34.45425891789833,34.53635025024414,3702000
2017-11-20,34.536346529230734,34.70874018753307,34.44604419442953,34.651275634765625,4455300
2017-11-21,34.987847918884405,35.19307931726385,34.93038337786477,34.955013275146484,3668500
2017-11-22,34.96322708751851,35.086367200079884,34.71694999397892,34.815460205078125,2768600
2017-11-24,35.028900153345,35.31622604400752,34.97964661269323,35.29159927368164,1499700
2017-11-27,34.20798125633921,34.216192269147705,33.70721908045507,33.73184585571289,8188400
2017-11-28,33.68258571491805,33.838563626424566,33.50198416226601,33.600494384765625,4864800
2017-11-29,33.559434017279706,33.58406077921973,32.213116750467975,32.3526725769043,11796100
2017-11-30,32.50865936279297,32.6235916015593,32.15566102982607,32.50865936279297,9357100
2017-12-01,32.79599075499505,32.82882854299938,32.01611051360334,32.59075927734375,7192200
2017-12-04,32.878084203874444,32.94375978409883,32.262389731398954,32.336273193359375,7109000
2017-12-05,32.1802864074707,32.44298236740248,31.958636104106485,32.1802864074707,4504000
2017-12-06,31.983266641141526,32.08998786606116,31.622060436560833,31.753408432006836,8622000
2017-12-07,31.81087175566144,32.04072995591834,31.695942655532996,32.02431106567383,11285400
2017-12-08,32.32804291989305,32.467598733831736,31.975044749648077,32.016090393066406,5071600
2017-12-11,32.17207641863541,32.49224006582604,32.163868539694455,32.31984329223633,5272500
2017-12-12,32.19671768725333,32.32806571776823,32.0817885520008,32.26239013671875,5488100
2017-12-13,32.401932499116285,32.41835138592569,32.19670111137236,32.25416564941406,4227100
2017-12-14,32.42657376104156,32.54971390137526,32.278806845274666,32.344482421875,4737600
2017-12-15,32.34447956042986,32.525081116935645,32.2213394309901,32.426570892333984,7156400
2017-12-18,32.328063527724915,32.40194698560836,32.18029661195801,32.344482421875,5746900
2017-12-19,32.18849819608138,32.35268397387807,32.11461475265204,32.29521942138672,4454900
2017-12-20,32.32806578163714,32.51687838015133,32.15566894683369,32.3773193359375,6330100
2017-12-21,32.47581722414771,32.55790852989885,32.18028351291149,32.20491027832031,3563100
2017-12-22,32.508653335538924,32.53328323364258,32.26237627558144,32.53328323364258,2523600
2017-12-26,32.27058943888302,32.27058943888302,31.86012660103625,31.975055694580078,2861500
2017-12-27,32.01610772439067,32.10641006774361,31.917597500543636,32.081783294677734,3092900
2017-12-28,32.43477668861247,32.74672936665231,32.34447748195405,32.623592376708984,4279500
2017-12-29,32.71388814135428,33.017632907405876,32.549705505371094,32.549705505371094,3870900
2018-01-02,33.25569598586137,33.698996578873704,33.18181255369265,33.67436981201172,4984000
2018-01-03,34.142303990280666,34.32290866755695,34.01916386821349,34.240814208984375,6963200
2018-01-04,34.413202523372995,34.47887808001853,34.02736958862059,34.06020736694336,4876600
2018-01-05,34.38857139700759,34.94680103141295,34.30648009318784,34.85649871826172,5330800
2018-01-08,34.807257051553215,34.87292949067489,34.63486024424373,34.840091705322266,3538200
2018-01-09,34.88113221314873,34.889340091744465,34.58559847837717,34.626644134521484,5729900
2018-01-10,33.94527004670189,34.02736448018421,33.42808920788427,33.90422439575195,7102700
2018-01-11,33.83855692112598,33.98632379138632,33.616906615735466,33.682579040527344,5701800
2018-01-12,33.69078592632656,33.90422519524883,33.46092463873815,33.81392288208008,5028000
2018-01-16,34.48709701410383,34.76621195615558,34.32291433302485,34.667701721191406,9081600
2018-01-17,35.02069236830948,35.521457576842394,34.88934437357817,35.40652847290039,7117700
2018-01-18,36.00580840464056,36.81852324522076,35.710274596580994,36.58866500854492,11866200
2018-01-19,36.99912889598194,37.38496505892429,36.596876971350866,36.67075729370117,6543700
2018-01-22,37.76257515582643,38.090946627205724,37.713318495644806,38.074527740478516,8335800
2018-01-23,38.15662503147927,38.23050846755701,37.81183775083845,37.99243927001953,5659600
2018-01-24,37.467055199078615,37.49168197241016,37.1468946194341,37.21257019042969,7400600
2018-01-25,37.52451938317096,37.58198394142644,36.97450057370181,37.02375411987305,7655700
2018-01-26,37.352117824414464,37.549141362263896,36.96628175906673,37.53272247314453,7057300
2018-01-29,37.32749552835235,37.508097067135544,37.105845196061665,37.2700309753418,11604400
2018-01-30,36.58865159996277,36.966276602280786,36.44909575929056,36.8431396484375,10224600
2018-01-31,37.29465813466208,37.598399793965136,37.04017001754782,37.19614791870117,6333300
2018-02-01,37.21257070634166,37.705124969302936,37.187940801085055,37.31108093261719,6706500
2018-02-02,36.94986486343693,37.204352961142604,36.49014846962417,36.53940200805664,12051800
2018-02-05,36.161775539330975,36.78568080915572,35.14382945089704,35.258758544921875,11748300
2018-02-06,34.70053866116459,35.8744629653484,34.56097962776079,35.78416061401367,13414100
2018-02-07,35.291607003791896,35.291607003791896,34.38037872314453,34.38037872314453,15239500
2018-02-08,34.56919260092516,34.577400482610216,33.132572174072266,33.132572174072266,11356000
2018-02-09,33.444524782678364,34.21619405296386,32.804200408337984,34.043800354003906,10588400
2018-02-12,34.50349676504451,35.12740188068709,34.44603223223297,34.91395950317383,6573300
2018-02-13,34.92216902077021,35.02067919687277,34.38035835483308,34.79082107543945,5831900
2018-02-14,34.618442809214706,35.37369624620795,34.41321133949468,35.340858459472656,6860100
2018-02-15,35.726688385009766,35.91550092838616,35.09457519288019,35.726688385009766,6116500
2018-02-16,35.58712644260446,36.08789160096095,35.554291795899054,35.69384765625,4792100
2018-02-20,35.36548057687743,36.25207870239147,35.29980501787038,35.907291412353516,9291700
2018-02-21,35.84162411219742,35.97297212889453,35.19309190968755,35.209510803222656,6612600
2018-02-22,35.028892274213256,35.08635994468599,34.626640501981655,34.799034118652344,7984000
2018-02-23,35.619968983107505,36.03864288330078,35.39011076752426,36.03864288330078,7204900
2018-02-26,36.211032642519186,36.45730972290039,35.95654455156159,36.45730972290039,3897600
2018-02-27,36.16177899646558,36.36701043586843,35.80057279048653,35.808780670166016,5999100
2018-02-28,35.84982750071911,36.046851066867006,35.53787795739468,35.58713150024414,6400100
2018-03-01,35.5871272162231,35.75952399019293,34.733366883247825,35.0699462890625,7792400
2018-03-02,34.79903708564553,35.34084787822184,34.602016687390204,35.30801010131836,4819600
2018-03-05,35.34084382868487,35.92370020981243,35.193076981133885,35.70205307006836,5977200
2018-03-06,36.39984679616465,36.449103467067594,35.65280451117718,35.743106842041016,8632000
2018-03-07,35.55429256505761,36.35058835048669,35.447571349103335,36.284915924072266,4482900
2018-03-08,36.36700965342174,36.44089309528047,35.78415312963795,35.956546783447266,7092400
2018-03-09,36.16177145326496,36.61327989945173,35.726681894595494,36.605072021484375,8336200
2018-03-12,36.76926274687069,37.228979133310894,36.73642496738696,37.12226104736328,5176100
2018-03-13,37.352123380481316,37.55735482762682,36.867777039954596,36.93345260620117,5842300
2018-03-14,37.29464696394744,37.31106585028693,36.80209290009233,37.064788818359375,4300500
2018-03-15,37.023751126290456,37.475262806909825,36.851357465463046,37.19614791870117,3942200
2018-03-16,36.94166092101057,37.36854271188782,36.884196365660124,36.91703414916992,8125600
2018-03-19,36.71180222866018,36.834939217867216,36.276709431695274,36.61328887939453,5116500
2018-03-20,36.695391326863,36.867785028238416,36.547624402374346,36.8021125793457,6404200
2018-03-21,36.58865613802017,36.81851431896937,36.325960179340264,36.695377349853516,7036400
2018-03-22,36.20281700458374,36.4244672880709,35.86623764038086,35.86623764038086,6318500
2018-03-23,35.816984522023624,35.87444906304326,34.955013275146484,34.955013275146484,5923500
2018-03-26,35.964755459403634,36.35058840265161,35.44757139997238,36.34238052368164,5395200
2018-03-27,36.71179230953152,36.81030250059743,35.40652053447381,35.53786849975586,6995000
2018-03-28,35.28338013772788,35.4393548665138,34.84007958444265,35.045310974121094,8563100
2018-03-29,35.299807669860606,36.05505786568371,35.266969887890056,35.923709869384766,7758900
2018-04-02,35.578932665259345,35.78416416352882,34.82367912320393,34.88935470581055,6361200
2018-04-03,36.342379685320964,36.35058756410159,35.32443047946382,35.69384765625,6174500
2018-04-04,34.78263385320669,36.07148742675781,34.76621495736464,36.07148742675781,5497100
2018-04-05,36.14536035504501,36.30954613401735,35.41473692678048,35.562503814697266,6115100
2018-04-06,35.20130923353094,35.4393754035138,34.69233283743889,34.82368087768555,5133100
2018-04-09,35.37368817673153,36.15356821007748,35.22592130171512,35.357269287109375,6696400
2018-04-10,36.014013670825314,36.30133957739522,35.32443587927427,35.77594757080078,5682300
2018-04-11,35.50503416035816,35.94833476041418,35.50503416035816,35.61175537109375,4788000
2018-04-12,35.570699213488325,35.99757766723633,35.340837971183376,35.99757766723633,7574700
2018-04-13,35.866249836589986,35.90729863501777,34.938605865894765,35.012489318847656,5749900
2018-04-16,35.14382355912489,35.308006162159614,35.03710236188639,35.193077087402344,5206900
2018-04-17,34.55276326160254,34.77441357910816,34.29006728491065,34.733367919921875,9831100
2018-04-18,34.56096340900012,34.69231136796156,33.83034019155321,34.4131965637207,8947400
2018-04-19,32.77957403119388,32.9027141785708,32.10641499045721,32.451202392578125,27527000
2018-04-20,32.31984297521156,32.45940196850258,31.868334479896696,31.975055694580078,15313300
2018-04-23,31.983270524094078,32.08178388132609,31.63027215630507,31.810876846313477,11178300
2018-04-24,32.04894609558208,32.18850198761868,31.44145958565247,31.810876846313477,13004000
2018-04-25,31.490709940835423,31.597431157281672,31.211595081225756,31.334732055664062,12359200
2018-04-26,31.260851749950866,31.65489570500281,31.260851749950866,31.334732055664062,7685800
2018-04-27,31.802662579595165,31.802662579595165,31.18696831265469,31.334732055664062,8276100
2018-04-30,31.761616605346646,31.88475672228358,31.507131623332427,31.56459617614746,7968000
2018-05-01,31.474292835517033,31.96684702435879,31.408617273493782,31.95863914489746,5507000
2018-05-02,31.68773783541235,31.68773783541235,30.90786075172483,30.989952087402344,11522200
2018-05-03,30.825758954030647,31.351150893228294,30.62052753205763,31.277267456054688,7021400
2018-05-04,31.19516214539206,31.73697273107508,31.14590549884576,31.679508209228516,9474000
2018-05-07,31.56459617614746,31.728781954868953,31.39220251770236,31.56459617614746,4590100
2018-05-08,31.999685985606128,32.32805754466731,31.966848203383353,32.16387176513672,8116600
2018-05-09,32.319839908253584,32.39372333731823,32.14744628429696,32.30342102050781,5861400
2018-05-10,32.484034272818896,32.73031139118261,32.37731303994735,32.64822006225586,7957900
2018-05-11,32.86986666750348,32.984795767554814,32.54149512599987,32.763145446777344,4184400
2018-05-14,32.94374540556953,33.288532656510654,32.73851400431906,32.79597854614258,5014000
2018-05-15,32.311646822505864,32.3444846130306,31.98327518042658,32.26239013671875,5622800
2018-05-16,32.34446662459706,32.69746484745727,32.2459533078112,32.66462707519531,7671500
2018-05-17,32.07357681595535,32.21313585674918,31.745205181274326,31.983274459838867,7964200
2018-05-18,31.581015377022506,31.646687810205467,31.425037476494307,31.539966583251953,7783900
2018-05-21,32.295225775182594,32.590759607043616,32.11462107091556,32.401947021484375,7902200
2018-05-22,32.4019442006477,32.66464022130249,32.38552530790882,32.541500091552734,5752000
2018-05-23,32.13103164149805,32.549705505371094,32.08998598250225,32.549705505371094,4815400
2018-05-24,32.31984996917522,32.3855255406026,31.835503590440936,32.23775863647461,7930800
2018-05-25,32.098204315679105,32.41836807591924,31.958648403325057,32.26239013671875,5403000
2018-05-29,31.597435567620913,31.6549001233629,31.219807317852037,31.326528549194336,7198200
2018-05-30,31.441456879557858,31.523551336852183,31.252644325155924,31.474294662475586,8413400
2018-05-31,31.46609279734116,31.90118254362762,31.433255008146425,31.769834518432617,8129400
2018-06-01,32.00789277093727,32.1802864074707,31.851914891764558,32.1802864074707,5970000
2018-06-04,32.71388748037198,32.83702758645438,32.566120605706296,32.812400817871094,8927200
2018-06-05,32.590763473134466,32.722111510477916,32.344486294563524,32.459415435791016,6345900
2018-06-06,32.71388852634094,32.77956408677354,32.47582244873047,32.47582244873047,9829700
2018-06-07,32.475815678644196,32.78776513091911,32.3937212452173,32.44297790527344,8216900
2018-06-08,32.14745168833957,32.14745168833957,31.62205971848619,31.95863914489746,8081300
2018-06-11,32.016100070260904,32.13924016931811,31.819076538085938,31.819076538085938,4511600
2018-06-12,32.12282186195956,32.31163438743659,31.999681760674036,32.1802864074707,6582600
2018-06-13,32.61537382550477,32.74672179669772,32.05714416503906,32.05714416503906,9616600
2018-06-14,32.04073873393584,32.07357652342123,31.687740325927738,31.687740325927734,7636000
2018-06-15,31.868333148702014,31.96684334882708,31.64668284973352,31.761611938476562,11235700
2018-06-18,31.449668280821975,31.49071394418613,31.06383215571549,31.40041160583496,8921400
2018-06-19,30.94890203721631,31.17055237006049,30.661576139862767,30.833972930908203,9848900
2018-06-20,31.47429219699913,31.67952362678353,31.203385206523834,31.482500076293945,8668600
2018-06-21,31.088453995804006,31.203383087625593,30.82575803404526,30.883222579956055,9246700
2018-06-22,31.41682218749296,31.44965996213178,31.170545140866935,31.293682098388672,10338500
2018-06-25,30.889485173235766,31.110733996952025,30.676747667571448,31.06818389892578,10528100
2018-06-26,30.91501550856587,31.229866104240564,30.727805467080906,31.025636672973633,8817000
2018-06-27,30.846943939631743,30.906510192377507,30.217239379882812,30.217239379882812,8798100
2018-06-28,30.208726385680343,30.58314323425293,30.081082581378638,30.58314323425293,7199000
2018-06-29,31.10222552809219,31.289435588983956,31.008620497646305,31.110736846923828,8088200
2018-07-02,30.812900592531697,31.119243130517845,30.668240641880924,31.09371566772461,7365500
2018-07-03,30.966068267822266,31.153278296224606,30.93202949063703,30.966068267822266,6512600
2018-07-05,30.974589242856872,31.144776689613497,30.838437337781087,31.136268615722656,9230900
2018-07-06,31.331980429979662,31.782982915543972,31.280922258624212,31.714908599853516,7251600
2018-07-09,32.225476115780914,32.36162798815307,31.97019176084771,32.19144058227539,7124100
2018-07-10,31.885110103093865,32.293565874511984,31.885110103093865,32.276546478271484,7211500
2018-07-11,31.765965863941627,31.782982007790636,31.400057094970308,31.459623336791992,7316200
2018-07-12,31.76596080876608,31.987206350878488,31.655336414651778,31.74894142150879,5275300
2018-07-13,31.94467412958539,32.16591977298073,31.89361594443984,32.1403923034668,4947500
2018-07-16,32.23398767022771,32.242495742137336,32.03826955513916,32.15740203857422,5399200
2018-07-17,31.910622517664034,32.43821056771016,31.782978729146823,32.37013626098633,6238500
2018-07-18,32.37013933272667,32.73604809867451,32.233987460242595,32.68498992919922,10532200
2018-07-19,33.561469834573174,34.36987305613471,32.863691031823286,33.87632369995117,17762300
2018-07-20,34.029493730760464,34.76130804278512,33.90184992555279,34.65919494628906,14481000
2018-07-23,34.73578367227082,34.87193556175768,34.57410431791676,34.66770935058594,6832800
2018-07-24,34.97404682170741,35.0676518494369,34.36136497440729,34.369873046875,7018300
2018-07-25,34.48899522192526,34.803848993040724,34.30178846857969,34.79533767700195,7725700
2018-07-26,34.63367712775517,34.83790337761592,34.41242823660202,34.73579025268555,8476600
2018-07-27,34.83789098157949,35.671821571703,34.83789098157949,35.27187728881836,9468500
2018-07-30,35.27189210962134,35.33145837350797,34.79535875241037,34.96554946899414,5174300
2018-07-31,35.11020433209571,35.38251138646666,34.96554435413742,35.067657470703125,4908300
2018-08-01,35.263376591794454,35.510152939166595,35.161263472443665,35.493133544921875,6115000
2018-08-02,34.97404736607404,35.44207251200622,34.888953655604716,35.35697555541992,4669300
2018-08-03,35.43356550531034,35.69736123365452,35.365491177874105,35.476112365722656,4575200
2018-08-06,35.059145083304195,35.24635189962173,34.88895441255612,34.94852066040039,7245800
2018-08-07,34.94852221210485,35.101693497967176,34.7528040681957,35.09318542480469,7494900
2018-08-08,35.365473820213396,35.83349554727481,35.27186882557796,35.71436309814453,5089600
2018-08-09,35.688849671173635,35.69736099086863,35.46760405086389,35.603755950927734,4513300
2018-08-10,35.14423903686873,35.14423903686873,34.71025590729325,34.91448211669922,7053200
2018-08-13,34.62515056471003,34.88043813383195,34.43794379243459,34.64216995239258,6708600
2018-08-14,34.888952120094245,35.05063146131701,34.77832770445928,34.8123664855957,5339100
2018-08-15,34.420928955078125,34.506022658623664,34.14011389036776,34.420928955078125,6052800
2018-08-16,34.420933009948975,34.65919800483806,34.35285544219947,34.38689422607422,5544000
2018-08-17,34.19967552226765,34.22520622678337,33.85929750784864,34.14862060546875,7897200
2018-08-20,34.055018341442924,34.2422283744386,33.95290525349826,34.12309265136719,4156700
2018-08-21,34.3528433803485,34.9229814486559,34.344335310425684,34.79533767700195,6075100
2018-08-22,34.76131341966188,34.93150410422492,34.49752094240061,34.803863525390625,5512700
2018-08-23,35.1442261515943,35.18677299244475,34.61663818359375,34.61663818359375,4126100
2018-08-24,34.829389711126865,35.23784539138733,34.74429599503321,35.09318542480469,4232000
2018-08-27,35.25486828108036,35.493133306672014,35.20381009868893,35.339962005615234,5733000
2018-08-28,36.07177376799347,36.38662439213869,35.952641274863765,36.03773498535156,10683500
2018-08-29,36.7525414865496,37.76517439897188,36.66744775685325,37.55243682861328,12278200
2018-08-30,37.73963727785121,37.85877302377072,36.93974531766601,36.98229217529297,7826200
2018-08-31,36.692973261910986,37.10994030578025,36.55682135401608,37.1014289855957,8782900
2018-09-04,36.8121097380905,37.54392753909416,36.752543474856985,37.53541946411133,8174900
2018-09-05,37.51839625068934,37.92685197678249,37.45882999351644,37.62902069091797,7262400
2018-09-06,37.390750884471295,37.501375320168414,37.084411537038186,37.48435592651367,10424900
2018-09-07,37.44179505641426,38.49697434538615,37.42477566912739,38.19063186645508,14256000
2018-09-10,38.29275664889695,38.34381482636434,37.884300967509446,37.96939468383789,6824900
2018-09-11,37.13545621291994,37.92683994559363,37.08440129217746,37.909820556640625,12509700
2018-09-12,37.373731491354775,37.69709347856471,37.28863776919726,37.390750885009766,10303700
2018-09-13,37.43329746021588,37.43329746021588,36.82061233091543,36.956764221191406,9624500
2018-09-14,37.45882137749852,37.91833518095322,37.39925513402663,37.79069137573242,5295400
2018-09-17,37.126954353477316,37.56093748298383,36.99080246518929,37.23757553100586,6210300
2018-09-18,37.016332263274,37.51839299163206,36.88868843978132,37.06739044189453,8814200
2018-09-19,37.61199543690154,37.773674788879916,37.22055916614312,37.458824157714844,6393200
2018-09-20,37.65454531518538,37.80771660666535,37.35671405181728,37.58646774291992,4728000
2018-09-21,37.654542052360746,37.79069393897658,37.4588239182328,37.492862701416016,6668600
2018-09-24,37.30565311526811,38.241696941911734,37.26310625880559,38.19915008544922,8229100
2018-09-25,38.12256726309982,38.21617230190616,37.552432202904505,37.58646774291992,6678200
2018-09-26,37.65453898991953,38.06299461654736,37.65453898991953,37.67155838012695,4564300
2018-09-27,37.952371982819415,38.48847143808187,37.935355837930885,38.088523864746094,6711700
2018-09-28,37.86729185604459,37.96940499258603,37.41628919404499,37.57796859741211,7727700
2018-10-01,37.90982058189892,38.2587099403766,37.799196176688966,38.00342559814453,5029800
2018-10-02,37.22906313149223,37.43329256324777,36.97377877638534,37.118438720703125,5440300
2018-10-03,37.47584582043886,37.64603650163947,37.075898206535015,37.40776824951172,5631100
2018-10-04,36.65041960334836,36.65893092195468,35.71437581590376,36.105812072753906,7885000
2018-10-05,35.637790162242815,35.79946950840033,35.03361314003959,35.425052642822266,7921400
2018-10-08,34.684717356057156,35.033606693866645,34.37837811119612,34.85490798950195,7761800
2018-10-09,34.888957244613486,35.144241648399394,34.531559728536685,34.803863525390625,5678700
2018-10-10,34.33583238404212,34.41241801652431,33.48488235473633,33.48488235473633,12853500
2018-10-11,32.76157333050415,33.69761698435768,32.61691339601186,33.135990142822266,10209000
2018-10-12,34.15714348621298,34.53156368436757,33.34874007651829,33.748687744140625,7578600
2018-10-15,33.58700851162655,33.68912163607423,32.948795803122586,32.97432327270508,8209000
2018-10-16,33.90185644112859,34.08906652578181,33.52743951793958,34.04651641845703,10748100
2018-10-17,34.03799735429486,34.114582978186675,33.34021866822112,33.672088623046875,8173600
2018-10-18,33.86781179912133,33.99545560679551,32.72753858684495,32.795616149902344,9555600
2018-10-19,33.323202199809266,33.459354071311495,32.62542345259573,32.71902847290039,11266200
2018-10-22,33.34873587502326,33.382774660770274,32.79562021416194,32.94879150390625,8165700
2018-10-23,31.842552706936228,32.48927663169544,31.70640081426858,32.33610534667969,12350000
2018-10-24,31.961683512858983,31.961683512858983,31.000109093589277,31.04265594482422,13312400
2018-10-25,31.297942266004984,31.953174203789878,31.051169214881405,31.8170223236084,9927300
2018-10-26,31.102228774608452,31.73193334308164,30.75333932678499,31.204341888427734,11973200
2018-10-29,31.629809132402972,31.834038555467714,30.60867175542894,30.915014266967773,8269300
2018-10-30,31.348988421207537,32.165899389145984,31.204325278028396,32.14888000488281,12106400
2018-10-31,32.92325664907462,33.17854426393924,32.361629739382806,32.42119598388672,12610900
2018-11-01,32.99983830631439,33.25512589040513,32.66796834233619,33.22959518432617,14348600
2018-11-02,33.340221079320045,33.60401674649491,32.702008582772756,32.999839782714844,9736200
2018-11-05,32.94878586038605,33.03387956406134,32.59989648153062,32.74455642700195,8591900
2018-11-06,32.76157634560665,33.05940755939273,32.69349878467454,32.95729446411133,8578100
2018-11-07,33.43383025022331,33.44233832294255,32.9487889523011,33.34022521972656,6568700
2018-11-08,33.0083597889936,33.23811673776152,32.92326281938467,32.9317741394043,7953700
2018-11-09,32.412675970155206,32.66796024485156,32.1744110799207,32.39565658569336,5975400
2018-11-12,32.21697042598862,32.26802535308014,31.49366091306177,31.536211013793945,11666700
2018-11-13,31.817023501789382,32.43821668100241,31.689382935333473,31.82553482055664,15057100
2018-11-14,32.50629757118418,32.625430077173846,31.800007362649232,32.199954986572266,10404900
2018-11-15,32.3956705848234,32.82114564188293,32.2424993045926,32.77859878540039,10840400
2018-11-16,31.544725305063245,31.655349745765154,31.195835834650364,31.374534606933594,16382400
2018-11-19,31.178806990358346,31.212845768891107,30.600160739767787,30.676746368408203,15191700
2018-11-20,30.123637469227198,30.625698201918226,29.97046617816096,30.327863693237305,11673500
2018-11-21,30.991599513733778,31.246887127693736,30.753334536562466,30.77886199951172,7013100
2018-11-23,30.489545139568474,30.804395783129284,30.421467570086577,30.60016632080078,2320500
2018-11-26,31.238384114461414,31.39155542511339,31.034157864337267,31.349008560180664,7077300
2018-11-27,30.966072983101203,31.331981778269164,30.966072983101203,31.31496238708496,6870200
2018-11-28,31.714907120131553,32.35311962477196,31.544716469670778,32.344608306884766,8380200
2018-11-29,32.293565874511984,32.65096345720861,32.22548828955,32.276546478271484,7056600
2018-11-30,31.68938379947851,31.99572311499653,31.553231910542582,31.987215042114258,8734400
2018-12-03,33.03388009710157,33.18705136308206,32.659463250325246,32.95729446411133,7457600
2018-12-04,32.78710918429528,32.99984672791747,31.851065290804538,31.859573364257812,13321200
2018-12-06,30.37891640071455,31.366018295288086,30.30233076897537,31.366018295288086,12075700
2018-12-07,31.18732272606696,31.434095790096034,30.753336353586946,31.076698303222656,10802700
2018-12-10,30.897991825787372,31.3404861602879,30.702273739663024,31.000104904174805,12439100
2018-12-11,31.689379812470843,31.782981586867628,30.889484725258836,31.22986602783203,8635800
2018-12-12,32.00424711515973,32.08083278591434,31.71492383076659,31.808528900146484,8405400
2018-12-13,31.902114460330576,32.04677439100364,31.64682688318642,31.765962600708008,5825900
2018-12-14,31.31496967278579,31.578765428339874,31.08521270751953,31.08521270751953,5969600
2018-12-17,31.17030051535222,31.434092947201307,30.736314182121866,30.8214111328125,10733100
2018-12-18,31.15328327770383,31.485153293035488,31.15328327770383,31.28092384338379,7100400
2018-12-19,31.16178210251255,31.723408864736193,30.71928779801574,30.829912185668945,11786400
2018-12-20,30.983093664499975,31.27241683444565,30.242767970801392,30.53209114074707,12540400
2018-12-21,31.178816076253234,31.425592423354555,30.33637716182808,30.387432098388672,16981000
2018-12-24,30.259770833965337,30.54058253151884,30.012994655489464,30.030014038085938,6288500
2018-12-26,30.064068202540035,31.289435162099306,30.064068202540035,31.28092384338379,10063400
2018-12-27,30.804393753478514,31.314962506483468,30.600164304606352,31.297943115234375,8688600
2018-12-28,31.595785748480004,32.0638077672274,31.50218069550696,31.604293823242188,7369000
2018-12-31,31.8510657296511,31.987217629600526,31.289438736595052,31.408571243286133,4600600
2019-01-02,30.80439452861902,31.272416438336702,30.634203857962486,31.076698303222656,5273100
2019-01-03,30.072578212344286,30.225749497920756,29.162061818149265,29.2386474609375,15998000
2019-01-04,29.323736532182487,29.80877777764152,29.11099902992443,29.757722854614258,14178200
2019-01-07,29.791753839764727,30.183193251209072,29.757718311648148,29.97896385192871,6850800
2019-01-08,29.87686002005516,29.936426270335808,29.47691241435611,29.732196807861328,11462600
2019-01-09,30.064072625270335,30.600168923001924,30.064072625270335,30.302337646484375,11770300
2019-01-10,30.174690604366177,31.042660119988867,30.12363567446415,30.991601943969727,7894600
2019-01-11,31.01713218500529,31.28943596074666,30.83843344082197,31.153284072875977,7232700
2019-01-14,30.744833252106826,30.795888189277207,30.395943781599758,30.42997932434082,6146200
2019-01-15,30.668237686157227,30.82991701179354,30.464008265143942,30.668237686157227,10165800
2019-01-16,30.54911255638511,30.65973374184171,30.327863693237305,30.327863693237305,8727400
2019-01-17,29.71517924841825,31.1022289750483,29.63859684714827,30.880983352661133,21916900
2019-01-18,30.838439688752576,31.49366855017546,30.770362107966047,31.349008560180664,12905900
2019-01-22,31.059675313349015,31.280920887289756,30.719294011468385,30.949050903320312,13381700
2019-01-23,31.085217342457852,31.263919395055318,30.838444191370463,31.05118179321289,13918600
2019-01-24,31.383037862019474,32.02975845336914,31.29794091176509,32.02975845336914,14094100
2019-01-25,32.33611724223188,32.55736293191296,32.23400409669587,32.45524978637695,16763700
2019-01-28,31.417078883989568,32.04678344140288,31.400062737083022,31.859573364257812,14086500
2019-01-29,31.73192546699362,31.73192546699362,30.889483560261834,30.915014266967773,10100800
2019-01-30,31.323487400740103,31.868095172275805,30.88099277483775,31.808528900146484,9281600
2019-01-31,31.748944858416163,32.42119287421275,31.748944858416163,32.01273727416992,7633400
2019-02-01,32.1233670516563,32.22548015721236,31.859571345676308,31.970195770263672,6438300
2019-02-04,31.910636289314937,32.34461951455779,31.80852316210211,32.28505325317383,7283800
2019-02-05,32.268024493104726,32.5658589597077,32.23398895798977,32.5488395690918,7314000
2019-02-06,32.69350184530426,33.03388318959638,32.59990005943514,32.9658088684082,8795200
2019-02-07,32.6509431706462,32.72752878308558,32.19143274212583,32.43820571899414,7916200
2019-02-08,32.08932447883035,32.268023203982935,31.910625753677767,32.15740203857422,7147200
2019-02-11,32.26802425786939,32.58287811279297,32.1914418698314,32.58287811279297,8860700
2019-02-12,32.880706787109375,32.99133119368877,32.71051614147567,32.880706787109375,8831200
2019-02-13,32.650957794614335,32.744562834644356,32.3786539942274,32.44673156738281,7155600
2019-02-14,32.268021716127045,32.51479798964481,32.13186984903388,32.38715744018555,7782800
2019-02-15,32.25952552572188,32.57437622568676,32.225486734883035,32.412696838378906,6257600
2019-02-19,32.52332044437901,32.89773739556925,32.42120407450357,32.72754669189453,8105700
2019-02-20,33.127479817802595,33.6210290710938,33.093441042784924,33.18704605102539,7178600
2019-02-21,33.24662960594573,33.340234662955005,33.016872624046044,33.1700439453125,4607300
2019-02-22,33.28917157971081,33.53594792170591,33.25513603808051,33.51892852783203,5117800
2019-02-25,33.92736837843889,33.96991522017049,33.59549846837007,33.68059539794922,5101500
2019-02-26,33.53594105233776,33.75718663514425,33.51041358981461,33.6976203918457,5587300
2019-02-27,33.62103172708411,33.689109282497434,33.23810683929195,33.569976806640625,8194900
2019-02-28,33.28916142164962,33.43382460237547,33.18704833568321,33.22959518432617,5705100
2019-03-01,33.49340106007994,33.62955296495354,33.35724915520634,33.51892852783203,5299200
2019-03-04,33.46787237349154,33.46787237349154,32.94028092096744,33.314701080322266,7081100
2019-03-05,33.14451241734936,33.382777445217556,32.897736069275844,33.204078674316406,7192400
2019-03-06,33.2381034142872,33.37425526496764,32.999835241009315,33.00834655761719,4433400
2019-03-07,32.991332495014774,33.084937516111346,32.650951190321194,32.87220001220703,4231300
2019-03-08,32.293560516651766,32.65946935981926,32.28504919688468,32.50629806518555,5066200
2019-03-11,32.531817424312734,32.92325363698866,32.506289963608474,32.880706787109375,6005400
2019-03-12,33.22961128036395,33.33172441579278,33.067931878758465,33.10197067260742,5580200
2019-03-13,33.374264492789344,33.5614713104141,33.20407382085286,33.365753173828125,6086400
2019-03-14,33.1870495841862,33.22959643442979,32.965804015249596,33.033878326416016,4935000
2019-03-15,33.53594388406333,34.097570829813144,33.53594388406333,33.74017333984375,8871300
2019-03-18,33.918881194303665,34.0209943265595,33.73167108006967,33.910369873046875,6290900
2019-03-19,34.02098462751265,34.1060815852305,33.697622680418846,33.83377456665039,8033600
2019-03-20,33.842295533582295,34.165657572863395,33.73167108006967,33.910369873046875,5394000
2019-03-21,34.25073761036735,35.0931795413733,34.22521014904242,34.92298889160156,6509600
2019-03-22,34.75280098943948,34.90597226173233,34.327325954429746,34.40391159057617,6759100
2019-03-25,34.03800248987366,34.429438739439156,33.84228436509091,33.96992492675781,4901800
2019-03-26,34.13160355330924,34.57409792383658,34.097564775703326,34.378379821777344,5573500
2019-03-27,34.199679600076564,34.2592458408552,33.867809616848,34.20819091796875,7660300
2019-03-28,34.24223021007809,34.49751456668318,34.20819143023296,34.32732391357422,6632700
2019-03-29,34.7357755199255,34.9314936122463,34.54856549852458,34.85490798950195,6116300
2019-04-01,34.95703474710989,35.20380783081055,34.667711557765415,35.20380783081055,6834200
2019-04-02,35.04212012215317,35.195291376870266,34.888948867436085,35.11870574951172,5580200
2019-04-03,35.39952801228405,35.70587061223649,35.32294236229595,35.56121063232422,6821100
2019-04-04,35.51013778162909,35.89306587338823,35.44206347982533,35.77393341064453,7610300
2019-04-05,36.029235850767854,36.029235850767854,35.790970805400406,35.935630798339844,4430600
2019-04-08,35.94412156056985,36.15685901400426,35.807969720216455,36.07176208496094,6830300
2019-04-09,35.94413651683759,35.99519144939149,35.76543451454711,35.91860580444336,5049900
2019-04-10,35.96115493549593,36.16538441696578,35.89308060575096,36.05475997924805,4040200
2019-04-11,35.81648887576245,35.910093903624194,35.697356384344566,35.82499694824219,5172200
2019-04-12,36.13985063057228,36.29302190336563,35.97816803922546,36.233455657958984,6555700
2019-04-15,36.23345614828851,36.39513549570634,36.131339800966444,36.25898361206055,5274400
2019-04-16,36.44619339209382,36.65893091155423,36.378115827730355,36.599361419677734,6639100
2019-04-17,37.356710284564016,37.83324025789711,37.32267150186394,37.77367401123047,15795700
2019-04-18,37.49285975643477,38.83735912539403,37.441801585670454,38.63313293457031,16569800
2019-04-22,38.11404858503833,38.42889915387097,37.94385794784465,38.42039108276367,10872000
2019-04-23,38.4203966386704,38.650150299072266,38.34381100316414,38.650150299072266,11437500
2019-04-24,38.36083925591415,38.79482245996194,38.241703492846845,38.64165115356445,10776800
2019-04-25,38.23319760552458,38.32680265880153,37.80772245144228,37.85026931762695,10149800
2019-04-26,37.14397779230599,37.44180906597473,36.863162666174816,37.390750885009766,12745000
2019-04-29,37.314161989562685,37.373728239113014,37.084408310506944,37.29714584350586,9272100
2019-04-30,36.931245305881546,37.390756013118015,36.81210953395726,37.28864288330078,11863900
2019-05-01,37.68859057375192,37.91834755042908,37.28864288330078,37.28864288330078,7319000
2019-05-02,37.322674549900114,37.84175466705859,37.22906951288895,37.782188415527344,10717200
2019-05-03,38.233192442110926,38.41189120362385,37.91834177952377,38.045982360839844,5479900
2019-05-06,36.86315864974304,37.28863370640777,36.76955361789807,37.23757553100586,10756400
2019-05-07,37.297145025366625,37.4843518429395,36.83763118510062,37.23757553100586,10225200
2019-05-08,37.03335214573076,37.441807841742964,36.982293966435236,37.1865234375,8112600
2019-05-09,36.52277379861974,36.84613571954471,35.9781662977672,36.8035888671875,11229400
2019-05-10,36.4717211588584,36.667439288854936,35.90158291398417,36.44619369506836,8313900
2019-05-13,35.203813801225394,35.3229463265509,34.667717437260634,34.880455017089844,11046000
2019-05-14,35.39100127470823,35.80796809277997,35.22932198604797,35.71436309814453,7107800
2019-05-15,35.356962504637934,36.02070553654568,35.28037689503765,35.71436309814453,5347700
2019-05-16,35.42505897626762,35.4335670502741,35.07616951188663,35.339962005615234,9214700
2019-05-17,34.36987254076481,34.846405744862814,34.11458817097252,34.25074005126953,11271000
2019-05-20,33.399792485796276,33.44233934292418,32.778599282600865,32.89773178100586,13979700
2019-05-21,33.31470787396622,33.47638727367405,32.8977407695056,33.44234848022461,11806400
2019-05-22,33.35725513423852,33.518934535844004,33.09345935108616,33.10197067260742,12217600
2019-05-23,32.31907097867289,32.489261577175675,31.83402988291512,32.39565658569336,14708800
2019-05-24,32.69350490053546,32.965811949086685,32.50629806518555,32.50629806518555,10540700
2019-05-28,32.44673624654459,32.50630250858698,32.03828048706055,32.03828048706055,12484600
2019-05-29,31.87659703917583,32.12337340199451,31.638331997071035,32.07231521606445,13043000
2019-05-30,32.29355063709928,32.65094805116125,32.19994562500218,32.37013626098633,7351600
2019-05-31,32.56585970309539,33.16152540378188,32.54884031209099,32.633934020996094,9302700
2019-06-03,33.153010805544696,33.2636352130713,32.897726457966584,33.033878326416016,9618300
2019-06-04,32.88070888537328,33.272145123028494,32.69349883861784,33.23810958862305,6985600
2019-06-05,33.391287546056354,33.40830369361051,32.42120158348051,32.53182601928711,8219800
2019-06-06,32.4892723044773,32.8381616858522,32.26802347953708,32.71051788330078,6234000
2019-06-07,32.965804015249596,33.1870495841862,32.812632757479406,33.033878326416016,4456900
2019-06-10,33.60402800119252,34.14863566126814,33.56998921090836,33.71464920043945,8351800
2019-06-11,34.4379498169946,34.54857098710875,33.98694407979907,34.003963470458984,6100600
2019-06-12,34.03800892519307,34.19968829898544,33.569986951695164,33.578495025634766,6163200
2019-06-13,33.71463674271918,33.71463674271918,33.2125761329537,33.569976806640625,6646800
2019-06-14,32.872206408790916,32.93177266178576,32.191446913051855,32.199954986572266,11281500
2019-06-17,32.268025223348275,32.37864964179669,32.04677963256836,32.04677963256836,6500700
2019-06-18,32.565861235678874,33.54445191860875,32.52331437922402,33.365753173828125,12303200
2019-06-19,33.98694975754617,34.00396915104928,33.442342149916065,33.52743911743164,10217600
2019-06-20,34.420926129094994,34.6506830051448,34.157130475974895,34.471981048583984,10400000
2019-06-21,34.48048782348633,34.63365905400758,34.395390892021176,34.48048782348633,12766200
2019-06-24,34.758141042639146,35.20623489946414,34.65270443378153,35.127159118652344,6571000
2019-06-25,34.722996676498646,34.722996676498646,34.187038960897496,34.195823669433594,6790500
2019-06-26,34.599995386265896,34.599995386265896,34.248546666750364,34.33641052246094,9133300
2019-06-27,34.77570778595765,34.93385596851957,34.52090771952293,34.78449249267578,11375200
2019-06-28,34.90750134591945,34.90750134591945,34.37154369748751,34.41547393798828,7040000
2019-07-01,36.49781378264803,36.814116983145546,36.15515309933027,36.357234954833984,11046800
2019-07-02,36.19029018204926,36.29572680176866,35.7949145889226,35.84762954711914,4445600
2019-07-03,35.45225035688914,35.46982312672071,35.15351997307866,35.4346809387207,3125000
2019-07-05,35.03051456919093,35.23259639841249,34.828432739969365,35.08323287963867,3149300
2019-07-08,34.766937823171645,34.87237111697655,34.47699542729214,34.54728317260742,6772300
2019-07-09,34.83722412841976,35.15352396632862,34.63513892823244,34.854793548583984,6577000
2019-07-10,35.873991309958846,36.146360872152755,35.627975875884786,35.7685546875,7945000
2019-07-11,36.14635233161211,36.190282571425314,35.87398283377277,35.93548583984375,6126600
2019-07-12,36.12000389205248,36.26058270561246,35.86520374508024,36.22543716430664,4695800
2019-07-15,36.68231717228585,36.84046874798804,36.60324138443476,36.74382019042969,5784300
2019-07-16,36.72623998071405,36.85803405098804,36.52415819751304,36.69988250732422,6529500
2019-07-17,36.62082311196557,36.82290498553561,36.480244271583636,36.5768928527832,5514600
2019-07-18,37.35885609897188,37.98267438076055,37.17434703280846,37.94752883911133,11257600
2019-07-19,37.850881939582955,38.67678202153893,37.84209387873078,38.50984573364258,11438800
2019-07-22,38.83492935687409,39.43239006633852,38.77342634428182,39.18637466430664,10035800
2019-07-23,39.133661558771415,39.16880709667244,38.87007672783972,39.02822494506836,6565800
2019-07-24,39.09851001559281,39.21273132039599,38.87007075764892,39.1336555480957,7130400
2019-07-25,38.84371761776436,38.870078448188316,38.32533264160156,38.32533264160156,6593900
2019-07-26,38.42198461760856,38.562563436278566,38.114469499162716,38.184757232666016,4399000
2019-07-29,38.23746541511296,38.61527151862172,38.13203216696198,38.606483459472656,4138600
2019-07-30,38.1320393641088,38.1320393641088,37.578508841431834,37.87723922729492,4938500
2019-07-31,37.80694688875245,37.92995292266019,36.94590129973522,37.455501556396484,7592300
2019-08-01,37.560931453979144,38.123246616673256,36.55051909174501,36.78774642944336,9662800
2019-08-02,36.155139004978544,36.70866603840421,36.03212964588829,36.59444808959961,9317000
2019-08-05,35.50496462519087,35.60161317243238,34.9514341693204,35.03050994873047,6668400
2019-08-06,36.181501372832784,36.47144366504708,35.92670126487949,36.25178909301758,8667700
2019-08-07,36.06728005691186,36.41872871282418,35.847625484882364,36.25178909301758,5484700
2019-08-08,36.770176203897115,37.06012186501806,36.682315710525124,36.814109802246094,7795900
2019-08-09,36.541742290930095,36.647175568834214,36.02335725971161,36.38359069824219,3480500
2019-08-12,36.06727691446489,36.26057399354148,35.89155260181913,35.98820114135742,3463500
2019-08-13,35.698270730740774,36.893192431601925,35.62797964167195,36.76139831542969,7697800
2019-08-14,35.89155529923862,36.10242516059389,35.364385673344536,35.52253723144531,9621800
2019-08-15,35.478604690200605,36.01456234109163,35.44345915697373,35.90034103393555,7690100
2019-08-16,36.18151097453897,36.664750490911516,36.155153491432884,36.4978141784668,4845700
2019-08-19,37.04255131230456,37.086481561618946,36.594457406636714,36.708675384521484,3797600
2019-08-20,36.9019767390777,37.095273880243305,36.65596463334953,36.84925842285156,7540300
2019-08-21,37.262197039187406,37.46427881925268,37.1567637956017,37.411563873291016,3914600
2019-08-22,37.244628856351405,37.33249269653667,36.66474091777985,37.01618957519531,3145600
2019-08-23,36.84924993992983,37.03376232841365,35.900343927948256,35.97941970825195,7526900
2019-08-26,36.348443814816825,36.50659540167339,36.13757726678365,36.322086334228516,5519000
2019-08-27,36.50659977558554,36.62082112459217,36.26058765618396,36.330875396728516,4192800
2019-08-28,36.30450248495179,36.69988133144321,36.067275177056935,36.59444808959961,3586000
2019-08-29,37.20069803962803,37.40277984145021,37.10404949274291,37.147979736328125,5171600
2019-08-30,37.52578928220246,37.683940854844714,37.218274197433104,37.455501556396484,5382200
2019-09-03,37.03376240255538,37.04254711075658,36.532950243516936,36.65595626831055,4748000
2019-09-04,37.437929308665616,37.912384033203125,37.244632194595575,37.912384033203125,4460900
2019-09-05,38.448346810564146,39.107310732272836,38.448346810564146,38.870086669921875,7698300
2019-09-06,38.65920762862669,38.69435316723366,38.38683473191722,38.4044075012207,4325300
2019-09-09,38.58013454084556,38.72950141454023,38.25504666515238,38.52741622924805,4677000
2019-09-10,38.307757338636435,38.747066497802734,38.096890819167825,38.747066497802734,5001600
2019-09-11,38.58013940948794,38.89644261566257,38.518636380694396,38.85251235961914,4016800
2019-09-12,38.914011699354724,39.063375226075436,38.597708523165714,38.7207145690918,6577900
2019-09-13,39.03700673018217,39.38845534937111,38.82613688833632,39.30937957763672,6231100
2019-09-16,39.12487165171437,39.30938404115399,39.089729467135086,39.18637466430664,3716300
2019-09-17,38.905229840055874,39.669630421590654,38.84372680728833,39.65205764770508,6110900
2019-09-18,39.687193142164716,39.713553974373696,39.195168963108394,39.572975158691406,4044800
2019-09-19,39.6455351521532,40.01721380594883,39.610136542116045,39.734031677246094,6422700
2019-09-20,39.61899611014826,39.73403992876138,38.82254409790039,38.82254409790039,7249200
2019-09-23,39.09687529462521,39.19421979701408,38.80484178745858,38.99953079223633,4347000
2019-09-24,39.291560554257664,39.4243002828466,38.99067911000642,39.04377365112305,7592200
2019-09-25,39.11456804770756,39.91101648909112,38.93757837991217,39.83137130737305,6719500
2019-09-26,39.91101817393594,41.15879048966236,39.91101817393594,41.11454391479492,15832500
2019-09-27,40.707470210197286,41.13224340729497,39.99066354120896,40.27384567260742,9610400
2019-09-30,41.21189311899518,41.36233554170951,40.813667148042725,41.13224792480469,8396900
2019-10-01,41.556999332486264,42.34459951908343,41.556999332486264,41.760536193847656,11575200
2019-10-02,41.33577712349,41.53931405354201,40.99950047860252,41.08799362182617,5785200
2019-10-03,41.105688111029636,41.716298829666435,40.91985050654843,41.70745086669922,6091600
2019-10-04,41.61896422852294,41.99064290143041,41.39772796811055,41.96409225463867,5704200
2019-10-07,42.238420322194884,42.61009894133152,41.972937523266964,42.433109283447266,11059000
2019-10-08,42.70744583659779,42.831340976972804,42.12338224944804,42.35346984863281,13089700
2019-10-09,42.654351240193876,43.41540450824531,42.62780059367756,43.079124450683594,11033100
2019-10-10,43.28265088776386,43.70742399505719,42.91097568480591,43.300350189208984,9566500
2019-10-11,43.760532732820536,44.06141418028125,43.654340273657176,43.73398208618164,7499100
2019-10-14,43.73398180330156,44.36229534079782,43.62778934482507,44.167606353759766,7974000
2019-10-15,44.424242179490186,44.8136167861534,44.34459698996845,44.59238052368164,9323200
2019-10-16,44.548138542260006,45.24724601398724,44.30920294904445,44.362300872802734,13615700
2019-10-17,45.2560736295491,45.31801949151272,43.592376567020864,44.0260009765625,12410200
2019-10-18,43.93752427101481,44.32689888825752,43.477352427474756,43.61009216308594,9169200
2019-10-21,43.8313205979066,44.344590269436594,43.65433431538986,44.24724578857422,6538900
2019-10-22,44.51273245904226,44.981755600730054,44.40654000513817,44.81361389160156,10697300
2019-10-23,44.335732510173436,44.60121864710098,44.1764421783355,44.39767837524414,7118800
2019-10-24,44.68087774114062,45.1764448161866,44.45079013418569,45.08795166015625,7006600
2019-10-25,44.95521227305524,45.33573895193269,44.85786776788225,45.24724578857422,6303500
2019-10-28,45.48616983532938,45.55696367288775,45.17643709059531,45.406524658203125,7725500
2019-10-29,45.57466586009823,45.87554728430358,45.52156794672182,45.548118591308594,5303900
2019-10-30,45.831303727358204,46.07023928958142,45.636614741295425,45.937496185302734,5198100
2019-10-31,45.91980057916054,45.95519919325969,45.4419294162149,45.68971633911133,5140800
2019-11-01,45.91979514365585,46.10563278198242,45.75165681028379,46.10563278198242,5226600
2019-11-04,47.38879551867293,47.60118376567649,47.00826896731418,47.33570098876953,7233400
2019-11-05,47.459602611750896,47.760484055129226,47.33571084844171,47.3888053894043,5287100
2019-11-06,47.52154273454408,47.56578930525003,46.99057375868171,47.46844482421875,4545100
2019-11-07,47.6985430939265,48.11446500282739,47.36226300468513,47.49500274658203,7890900
2019-11-08,47.37109904431656,47.37109904431656,46.48615415127394,46.75164031982422,6558400
2019-11-11,46.36226950142941,46.680850251806284,46.15873254997694,46.5481071472168,4046500
2019-11-12,46.62775100641747,46.62775100641747,46.04368743929857,46.14988327026367,8625100
2019-11-13,46.530415579231345,46.84899298367512,46.14988891125378,46.7958984375,5336200
2019-11-14,46.459609093837116,46.66314602381924,46.132180413065626,46.44190979003906,5308600
2019-11-15,46.91093881209662,47.247218899237154,46.79589837833086,47.15872573852539,5986400
2019-11-18,47.24721829125247,47.7516367275735,47.24721829125247,47.273765563964844,4774400
2019-11-19,47.831280879380756,47.910926071580256,47.50385214513729,47.57464599609375,4731100
2019-11-20,47.38880529179713,47.592342241928336,47.087923849038525,47.34455871582031,5264800
2019-11-21,47.34455594525758,47.353403909616226,46.84898554624454,46.88438415527344,6037000
2019-11-22,46.8312803303261,47.04366858189303,46.67199336139682,46.71623992919922,4172300
2019-11-25,46.981734413117806,47.73393638049275,46.7250995298308,47.57464599609375,5021500
2019-11-26,47.34454714181164,47.601181945855615,47.238354710267984,47.459590911865234,5672800
2019-11-27,47.813569933000565,47.84012057446865,47.379948839983946,47.68967819213867,2786100
2019-11-29,46.955184144355165,47.0436772963526,46.72509654788607,46.98173141479492,3391700
2019-12-02,47.38880251864512,47.42420112767402,46.70739448592613,46.88438415527344,4475800
2019-12-03,46.388820499657946,46.84014439089099,46.17643556620517,46.707401275634766,5468100
2019-12-04,47.14101984814413,47.40650266900336,46.9994287852994,47.06137466430664,3905200
2019-12-05,47.45074711548716,48.26489822218574,47.33570670294482,48.14100646972656,7624300
2019-12-06,48.22950282356344,48.69852259645489,48.22950282356344,48.61887741088867,5429100
2019-12-09,48.7162247749937,48.84011654300454,48.07021528765321,48.19410705566406,6541900
2019-12-10,48.38878724602129,48.725067252159995,48.07905788233885,48.247196197509766,4364800
2019-12-11,48.70737628353116,49.733912404841455,48.69852494259888,49.46842956542969,11028000
2019-12-12,50.663101005189965,51.8754747041084,50.459564061269155,51.86662673950195,15788700
2019-12-13,52.256001435006645,52.67192666414878,51.54804611206055,51.54804611206055,9886900
2019-12-16,51.583447424305504,51.94627475730906,51.583447424305504,51.804683685302734,5779400
2019-12-17,52.840064018409095,52.840064018409095,52.01706491581143,52.41529083251953,8407500
2019-12-18,52.74270814337232,52.77810674516997,51.96395915860269,52.300235748291016,10021200
2019-12-19,52.130932476303265,52.130932476303265,51.57843465658591,51.649723052978516,7228700
2019-12-20,51.48932304372422,51.952709546291466,51.07940539123862,51.62299346923828,8043800
2019-12-23,51.71209620873012,51.98834678907965,51.64080781987255,51.881412506103516,4022000
2019-12-24,51.676470283333316,51.765581647822486,51.2843721210674,51.47150802612305,2692200
2019-12-26,51.50714565937676,51.99726488411301,51.47149975955374,51.90815353393555,2490400
2019-12-27,52.157658306970674,52.31806142688035,51.97943563985279,52.095279693603516,2847800
2019-12-30,52.27351088774188,52.300243610555945,51.346737970549675,51.55169677734375,3519900
2019-12-31,51.40020719269122,51.801215034743564,51.20415815893678,51.774478912353516,2950200
2020-01-02,53.111174902513056,53.57456141205576,53.111174902513056,53.503273010253906,8432600
2020-01-03,52.54975205890327,52.558661831782686,51.72100380657097,51.738826751708984,10546400
2020-01-06,51.32892437522348,51.4091259576596,50.9100969108397,51.141788482666016,8897200
2020-01-07,51.195255607226095,52.22004979329769,50.56255614460185,51.97053527832031,7444300
2020-01-08,51.85467784103487,52.55866897242476,51.78338945017672,52.35371017456055,5381500
2020-01-09,53.19136978603092,53.20919273408375,52.309155953384206,52.78145217895508,5112700
2020-01-10,53.200283275964715,53.200283275964715,52.37153488317074,52.45173645019531,4807700
2020-01-13,53.60129685149263,53.61020662683631,52.97750719665037,53.521095275878906,6613700
2020-01-14,53.61020833799031,54.037948955122914,53.39633632973388,53.75278854370117,6715200
2020-01-15,53.17354706380059,53.20028318568326,51.91705811546777,52.03290557861328,10075100
2020-01-16,52.754717996199076,53.19136831357684,51.952702352922024,52.35371017456055,11215700
2020-01-17,52.25567872355244,52.35370322242276,51.69426784780922,52.202213287353516,8125700
2020-01-21,51.67645683380431,52.57649361866797,51.21307038042607,51.89923858642578,9873700
2020-01-22,52.4873836353147,52.523026133127644,51.97052832415861,51.99726104736328,8124500
2020-01-23,51.56061795013632,51.74775383762602,50.45561877753838,51.221988677978516,9999200
2020-01-24,51.76557329771302,51.81012897277049,51.20416227372451,51.444766998291016,10402200
2020-01-27,49.56447764786643,49.89419705122481,49.0654487552235,49.24367141723633,9675500
2020-01-28,49.66250228337713,50.90116814430167,49.439720555890574,50.87443542480469,8124400
2020-01-29,51.25762410160516,51.25762410160516,50.660567259609856,50.96355056762695,7693400
2020-01-30,49.08328246007971,49.93876366302372,49.065459510095856,49.724891662597656,10295700
2020-01-31,49.395182963351694,49.4397386452755,47.764418489771586,48.06740188598633,13467200
2020-02-03,48.43275458940312,48.95851969336363,48.24561872173412,48.807029724121094,9594300
2020-02-04,50.72294733883018,51.364559868282846,50.705127790238485,51.257625579833984,12746600
2020-02-05,51.77448932018862,51.8190484000028,50.94574074647665,51.61408615112305,6594400
2020-02-06,51.9259716037398,51.934881378168136,51.04375436262301,51.703189849853516,4236300
2020-02-07,50.91900674834763,50.91900674834763,49.956591157334024,50.08134841918945,6808400
2020-02-10,50.295217352286606,50.83880548178987,50.206105993087576,50.81207275390625,4281200
2020-02-11,51.640818158577055,52.48738961679246,51.51606090356472,52.27351760864258,6523200
2020-02-12,52.79928727279985,53.244850878477486,52.48739410857772,53.137916564941406,5962900
2020-02-13,52.69234504110974,53.2002872033026,52.34480602480725,52.87057113647461,6460100
2020-02-14,52.59432002135037,52.72798704207503,51.569522532228014,51.85468292236328,6932400
2020-02-18,49.99223053690208,50.40215159944104,49.5734030981878,50.06352233886719,10989000
2020-02-19,51.01701640240424,51.63189275622867,50.794234671389376,51.36455535888672,7866300
2020-02-20,50.74077011233926,50.82988485189003,49.733799050763565,50.33085250854492,7192900
2020-02-21,50.48235386618799,50.48235386618799,49.475379245654146,49.537757873535156,6816600
2020-02-24,47.71984495528075,48.73572908036378,47.39012895313857,48.227787017822266,9968800
2020-02-25,49.30607484924198,49.43083212660356,47.9693839071435,47.996116638183594,12670700
2020-02-26,48.55751694376113,49.37735224015909,48.459492419326565,49.03872299194336,10969300
2020-02-27,48.29909626234366,48.65554511262282,47.470347671358255,47.4881706237793,11878900
2020-02-28,45.75939315766873,48.16543795043767,45.44749991019449,47.978302001953125,13604500
2020-03-02,48.45058065799352,49.91202859377091,47.96937459577477,49.88529586791992,13797700
2020-03-03,50.17045093147562,50.23282955140436,48.156505346533926,48.905052185058594,14661800
2020-03-04,49.8763841260328,50.87444551122298,49.50210898197394,50.865535736083984,9878200
2020-03-05,50.00113914787764,50.25065363322013,49.2347693436058,49.66250991821289,10004200
2020-03-06,48.65554427634354,49.08328832833551,48.09413658194257,49.07437515258789,12971200
2020-03-09,45.9376006344465,48.245619924720344,45.50095026566445,46.18711853027344,13781100
2020-03-10,47.86243170141033,48.673357158261574,46.77525904238614,48.57533264160156,11698700
2020-03-11,47.32775837533017,47.72876622945099,46.41880837244962,46.5524787902832,14498000
2020-03-12,44.25337142111156,45.43857208968323,43.228573901660575,43.38897705078125,15942200
2020-03-13,46.2495012750663,46.74853031242194,43.92365882790976,46.54357147216797,14948700
2020-03-16,41.29482204909082,43.08598568166257,40.011600494384766,40.011600494384766,16628200
2020-03-17,40.76906464473569,43.27313300844055,40.12745204777101,43.25531005859375,13415700
2020-03-18,39.0313757862181,41.07205815703199,38.55016621941483,39.5393180847168,15018500
2020-03-19,39.34770031831382,40.643096574560936,38.412134639652955,39.482635498046875,11182600
2020-03-20,43.19790183823382,43.431791506385224,40.0133826670874,40.0583610534668,14157700
2020-03-23,40.589124117306056,41.02992064691152,39.14979481342816,40.715065002441406,10508600
2020-03-24,43.179908604940906,44.00752187268615,42.730117890306104,43.96254348754883,12216200
2020-03-25,44.349372084022086,45.024058282353955,43.2248950868023,44.079498291015625,9796600
2020-03-26,44.16944352118759,45.39287472311247,44.00751860142515,44.86212158203125,10577500
2020-03-27,42.487241006660064,43.26088177634091,41.83954111918184,42.19937515258789,12158500
2020-03-30,42.44225846045448,43.32384798130403,42.07343015651099,43.01799011230469,8428300
2020-03-31,42.99999924981605,44.10648419202562,42.87405837646997,42.991004943847656,9595700
2020-04-01,42.12740016052526,42.78409419491235,41.650619667458926,41.83953094482422,8755200
2020-04-02,42.20837464475498,43.37783368118426,41.92950649465466,43.296871185302734,6174700
2020-04-03,42.991002738478684,43.314852642830736,42.082423458865286,42.33430862426758,5486200
2020-04-06,43.746651801021486,45.069034347936686,43.63869954408986,44.952091217041016,7370300
2020-04-07,46.13953849794588,46.16652484630916,44.67321961138825,44.727195739746094,6568700
2020-04-08,45.16799347052589,45.51882976222774,44.56527541691125,45.22196960449219,6325900
2020-04-09,45.230965263400314,45.57280725881127,42.92803838475406,43.476783752441406,12274000
2020-04-13,43.84561232159165,44.16046453498913,43.14393628202737,43.85460662841797,9873200
2020-04-14,44.97907718082501,46.12154615301372,44.934098789970434,45.545814514160156,11068800
2020-04-15,44.763170729656174,44.95208543918899,44.115474429473565,44.673213958740234,9398100
2020-04-16,46.607323505807706,47.80376523843442,46.490376938018755,47.13807678222656,18615900
2020-04-17,48.69435248965947,48.74832518888419,47.67782433080623,48.29853439331055,11288500
2020-04-20,47.67782643932647,48.415483102159115,47.28201175710434,47.308998107910156,9901700
2020-04-21,46.418405414582985,46.60732014326842,45.446859149996044,46.21150207519531,13102500
2020-04-22,47.210031035862094,47.77676827362464,47.147060612958555,47.632835388183594,8255500
2020-04-23,47.506900213303396,47.7947660185482,47.012127643384744,47.35396957397461,7619900
2020-04-24,47.31798615134132,47.57886561337307,46.77823861687598,47.434932708740234,5701800
2020-04-27,47.81276164234045,48.3525092097032,47.65083668580535,48.1366081237793,5812300
2020-04-28,48.13660012541344,48.33450913532323,47.38994933357057,47.4619140625,8561100
2020-04-29,48.35251071220637,49.198116175786005,48.06464487645026,49.00920486450195,8565500
2020-04-30,48.757321282653976,48.946232586834206,47.64183863732205,47.794769287109375,6337900
2020-05-01,47.21003216766088,47.28200032792208,45.959614551983904,45.96860885620117,10238700
2020-05-04,46.589331383375495,46.94016765451751,46.13054285062714,46.91318130493164,7514000
2020-05-05,46.96715916117023,47.300006856889816,46.40042516785013,46.51736831665039,7780700
2020-05-06,46.877195335051226,47.335980417742455,46.77824081503534,46.89518737792969,8206700
2020-05-07,47.632839495289254,47.65982584125174,46.868193187252714,47.07509994506836,5493400
2020-05-08,47.33597950898909,47.983679313654015,47.20104433743805,47.596858978271484,6086000
2020-05-11,47.32698809291003,47.524897141224955,47.120084738595075,47.13807678222656,6459300
2020-05-12,47.353965056552525,47.353965056552525,45.95062024776663,45.96860885620117,8584500
2020-05-13,46.69727744759678,46.796231965726065,45.410875575178544,45.80669021606445,8611000
2020-05-14,45.36589882100634,46.91318021855209,44.79016716563062,46.86819839477539,13695600
2020-05-15,45.482851641572296,45.92364474950702,44.42134496911259,44.79916763305664,17777200
2020-05-18,45.82468942442871,46.949166521499194,45.671762186410376,46.66130065917969,12726500
2020-05-19,46.19351222320293,46.2924667449133,45.69874304628245,45.707740783691406,12940300
2020-05-20,46.40041057625285,46.85919558347038,45.428861010431184,46.634300231933594,8406200
2020-05-21,46.86819259857752,46.967147108038375,45.599782879807556,45.65375900268555,7842600
2020-05-22,45.73473341753499,45.75272546319402,44.62824834674364,44.79916763305664,12462300
2020-05-26,46.148538439241754,46.238498664157554,45.689753302882124,45.716739654541016,8872000
2020-05-27,45.905640416488346,46.54434585571289,45.653758707945705,46.54434585571289,11405700
2020-05-28,46.292463483041004,46.43639638676024,45.06903208561197,45.23095703125,8178700
2020-05-29,45.28493424676654,45.63577049354792,44.85313552521781,45.27593994140625,10918500
2020-06-01,45.79770225399605,46.130546507925395,45.464858000066705,45.9056510925293,6187300
2020-06-02,46.283468010813635,46.814221223325674,46.13953511072381,46.7872314453125,6063600
2020-06-03,47.3539664606385,47.9027116881933,47.15605744568278,47.73179244995117,8380200
2020-06-04,47.73180498565379,48.910254785505366,47.704815201851915,48.82929229736328,13269500
2020-06-05,49.92677609226978,50.68242473255317,49.53096144512374,49.65690231323242,9776100
2020-06-08,50.142684393315655,50.17866505250435,49.21611292866325,49.98975372314453,6302100
2020-06-09,49.73787212348357,50.943311717103605,49.43201421371037,50.92531967163086,9355100
2020-06-10,51.114218118514856,52.211708594312135,51.114218118514856,51.770912170410156,9194300
2020-06-11,50.24163658097845,50.74540356845247,49.485987815583364,49.512977600097656,9877100
2020-06-12,50.826362473624094,51.15920671834673,49.79184221876494,50.37657165527344,9838800
2020-06-15,49.216101182311476,50.48451091213312,49.045181939155,50.394554138183594,7509700
2020-06-16,50.90732173026371,51.27615004065934,49.96276175794627,50.196651458740234,8827200
2020-06-17,50.511511797357905,51.11422986494855,50.27761864304534,50.91632080078125,8248700
2020-06-18,50.7894315274693,51.24258490628551,50.56285483806119,50.88912582397461,6831500
2020-06-19,51.18820780510493,51.20633435603449,50.09157740351196,50.127830505371094,6965100
2020-06-22,50.30002805164882,50.75318145751953,50.13689254895248,50.75318145751953,4480400
2020-06-23,51.33321878729615,51.804498758262305,51.23352448188016,51.44197463989258,7836500
2020-06-24,51.39666415003698,51.713873643610526,50.89819603989171,51.278846740722656,7080200
2020-06-25,51.260712905010045,51.74105439379884,50.7078652140643,51.69573974609375,4509600
2020-06-26,51.65948522107907,51.89512345702205,50.94350205230146,51.05226135253906,6229300
2020-06-29,51.06132140223547,51.12476259687156,50.44503254809702,51.10663604736328,5016600
2020-06-30,50.979762181144025,51.65043079593309,50.92538252352771,51.45104217529297,7158700
2020-07-01,51.632304379868266,52.08545782267621,51.44197730635127,51.49635696411133,6866500
2020-07-02,52.52046185725894,53.53552415937789,52.52046185725894,53.127685546875,10021200
2020-07-06,54.9856338664053,56.308844469347754,54.8859430189541,56.08226776123047,12725600
2020-07-07,55.52035296603057,55.737868118920034,54.99469682058398,55.02188491821289,6672300
2020-07-08,55.86474643805961,56.86168591817977,55.73786404867551,56.725738525390625,8721900
2020-07-09,57.052016309692604,58.882756542658065,56.997636654631215,58.71055603027344,16903300
2020-07-10,58.42960762851422,58.511171931467324,57.269532432074776,57.86769485473633,10700000
2020-07-13,59.09119461060707,60.79505564740057,58.89181294303702,58.9733772277832,16667700
2020-07-14,59.81624473129115,60.749739565463166,59.20902087609191,60.68629837036133,10482700
2020-07-15,60.88569063980029,60.912878737262986,59.05495396006704,59.87062454223633,12432500
2020-07-16,59.254336992363015,60.3872205095244,58.29365398247328,60.35096740722656,15709400
2020-07-17,61.003503685352996,61.628857540708395,60.15158006243425,60.178768157958984,11716600
2020-07-20,60.450663257850096,60.70443498043321,59.63499263626499,60.62286376953125,6357300
2020-07-21,62.390148366560894,62.76173742336852,61.366024310125574,61.4566535949707,10619700
2020-07-22,61.71947597850214,62.44452399967732,61.656034795242086,62.109188079833984,7366100
2020-07-23,61.86450821280572,62.082019923171536,60.495982917835036,61.05789566040039,8559500
2020-07-24,64.71029246547356,69.68591375128807,64.66497436975557,66.97605895996094,41226800
2020-07-27,73.73711593270542,75.58598248730972,72.89425039920305,75.45003509521484,39899200
2020-07-28,71.91543750367015,72.123891093579,69.32339970771133,69.7131118774414,31500100
2020-07-29,69.88530700251904,75.55878862181709,69.83998890375756,74.92436981201172,28304000
2020-07-30,72.51359963895737,73.66460608389328,71.24476889991227,72.44109344482422,16820300
2020-07-31,72.16921558146178,72.29609799363439,70.2478493888065,71.49855041503906,12021200
2020-08-03,70.48349775009738,71.73420593129042,70.15723356649724,71.55294036865234,10129800
2020-08-04,71.89730307832261,72.67672729492188,71.36257859736705,72.67672729492188,12569400
2020-08-05,73.39271771528993,76.12976083627812,73.02112865888058,73.9818115234375,14436300
2020-08-06,74.35341269379877,74.40778889059251,72.70393455018943,72.97582244873047,9838700
2020-08-07,72.94861559530248,73.22051033851193,71.9698097318037,72.5317153930664,8705800
2020-08-10,73.00303066675448,73.27491861447561,71.79764071292746,72.3867416381836,7421400
2020-08-11,71.67980532749543,71.77949963399432,70.63755798339844,70.63755798339844,7056300
2020-08-12,70.83692975794551,72.09669542471514,70.44721762915248,71.9516830444336,8354400
2020-08-13,71.59823337137962,71.6888626636189,70.5378561315792,70.96382141113281,6551800
2020-08-14,71.0725651680022,71.80667824953647,70.73723613596755,71.06350708007812,5611200
2020-08-17,72.32326827978622,73.31113913886523,72.19638591099755,72.67672729492188,8663900
2020-08-18,72.70394744866127,73.24773025678867,71.82482856681143,71.96984100341797,6804800
2020-08-19,71.60729306780746,71.8066816446993,70.91849805160963,71.18132781982422,7976800
2020-08-20,69.16933779271636,69.87625602199867,68.86119678593072,69.6134262084961,11457100
2020-08-21,70.71005837450906,71.35354233175048,70.56505287207725,71.00007629394531,7942300
2020-08-24,72.25985821446001,72.4229937466678,71.13603258610709,71.50762176513672,6405600
2020-08-25,72.36859387437418,72.93957156221855,72.02419979257724,72.5407943725586,6113100
2020-08-26,73.6374455489879,74.47124634986025,73.41993379975463,74.0905990600586,7821600
2020-08-27,74.48029872600783,74.5981161296605,72.658619984338,73.04833221435547,8018200
2020-08-28,72.55891930738848,73.30209059771094,72.42297882070977,72.9033203125,5699500
2020-08-31,71.59825235360805,72.2870476034702,71.31729939880807,71.8248291015625,9812900
2020-09-01,72.61330560437777,73.95463583868748,72.49548129132097,73.9093246459961,10193300
2020-09-02,73.72805068601002,74.96062838501149,72.39577869410613,74.47122192382812,12567800
2020-09-03,73.51960604643457,74.14495300200187,71.03632057303787,73.57398223876953,20090100
2020-09-04,72.95770244917959,73.83682121235226,70.15721756236123,71.51667785644531,13638700
2020-09-08,70.71006517515022,71.73419645366664,69.985023764114,70.07565307617188,11553500
2020-09-09,71.25383626472842,72.23264225968616,71.1903950714018,71.96075439453125,7867500
2020-09-10,73.1752232814176,73.61931867800035,71.3807393417055,71.50762176513672,11241800
2020-09-11,72.51359622593975,72.7764259813733,71.23570054413227,71.43508911132812,7853500
2020-09-14,72.95772552490234,73.51963844676344,72.4592538269147,72.95772552490234,7091100
2020-09-15,73.9183705196585,78.65835749279617,73.75523504087091,77.80642700195312,21048400
2020-09-16,78.38646932703764,78.38646932703764,75.25971378719224,75.34127807617188,14492600
2020-09-17,73.78988046692525,74.9650534713572,73.43459641329153,74.61888122558594,10090200
2020-09-18,75.03792672965159,75.46608435369006,72.979096220333,73.08841705322266,10528300
2020-09-21,72.69669367326789,73.47103046941874,72.04078256820331,73.41636657714844,8417100
2020-09-22,73.63500584441923,73.68966278463476,72.33229548386242,73.316162109375,6375200
2020-09-23,72.60557793804549,72.81510776611685,70.95669558120558,70.98402404785156,9094700
2020-09-24,69.98194779324055,71.96789765202894,69.38980547313781,71.40308380126953,9940900
2020-09-25,71.21181248459666,71.89505235429729,70.5012441321521,71.85861206054688,6057500
2020-09-28,73.16129062215727,73.21595451371131,72.39606564312366,72.66935729980469,5999300
2020-09-29,72.60560226137463,74.00852193811619,72.25031817541183,73.343505859375,6114600
2020-09-30,73.41634617126276,74.6461826265651,73.39812951241751,73.85362243652344,5878900
2020-10-01,74.7555214342839,75.35677563093793,74.46400614355636,75.26567840576172,6253800
2020-10-02,73.52568890947424,74.88305628216668,73.43459168753084,73.60768127441406,6145900
2020-10-05,74.29092384583824,77.09675592577004,74.29092384583824,77.0147705078125,10129100
2020-10-06,76.31330393367107,76.93277477100413,75.40231781702083,75.7211685180664,7795600
2020-10-07,77.23341236445864,79.2558029305934,77.23341236445864,79.18292236328125,11446400
2020-10-08,80.95023174057131,80.95023174057131,78.81852048551283,79.98458862304688,10920800
2020-10-09,80.4765289037755,80.89558873102371,79.8388412540919,80.87736511230469,7608800
2020-10-12,81.18709056264599,83.14570528216481,80.786254420845,82.81775665283203,10022000
2020-10-13,82.4442226486119,82.58087192150906,81.4694680290093,81.66077423095703,8247000
2020-10-14,81.6698863523881,81.87940921474107,80.41272137718727,80.71334838867188,8159000
2020-10-15,79.51998002305275,81.52414672645665,79.42888280022032,80.30342864990234,10327900
2020-10-16,80.66782814387818,80.70426147444266,78.74564676891166,78.98249816894531,7457200
2020-10-19,80.47650582541668,81.64257382944535,79.51997462519705,79.76593780517578,7994500
2020-10-20,79.97546854935926,81.05954420528643,79.95724493566331,80.40363311767578,7357600
2020-10-21,80.16676930309085,80.9593296380715,79.77504503871259,79.83881378173828,7387600
2020-10-22,80.56763079876089,81.0231239499067,80.0574737432913,80.35810089111328,5656200
2020-10-23,80.39453890930844,80.5767333845175,79.64753044051335,80.4491958618164,4165400
2020-10-26,79.44710376291258,79.96636560645032,78.13528144228124,79.00983428955078,5568000
2020-10-27,79.21935420188245,79.4562125452603,78.32659167343722,78.99160766601562,5315800
2020-10-28,77.57046942725829,77.80732776428789,76.377072885116,76.38618469238281,8727300
2020-10-29,76.76880421648822,77.73445431719735,76.54105766589309,77.3336181640625,5845600
2020-10-30,76.91454597791886,77.20606121126617,75.75759685033553,76.4043960571289,4963600
2020-11-02,77.0694171283049,78.30835869124118,77.00564838390106,78.08061218261719,6597100
2020-11-03,78.51787482459903,80.38539169900156,78.39944221262412,79.88435363769531,6274700
2020-11-04,80.8226930422848,81.77922433793212,80.58583469515044,81.48770904541016,7620800
2020-11-05,82.37135084058657,82.86328410499597,81.77920856211574,82.38046264648438,6670100
2020-11-06,81.81565587856163,83.35522454506575,81.12331147670014,83.27323913574219,6403000
2020-11-09,83.99292720564821,84.24800918700159,81.02311711490391,81.1051025390625,8978000
2020-11-10,80.53117582937325,80.89557167390434,78.98249522768431,79.85704803466797,8350100
2020-11-11,81.53326212117155,83.06371916302122,81.40572461354016,82.79042053222656,7707300
2020-11-12,82.79043422935048,83.71053235829213,81.78835066777023,81.82479095458984,7474600
2020-11-13,83.39166232659163,85.45959756416907,83.09103526752196,84.922119140625,9170900
2020-11-16,87.83728456381662,93.32142518191769,87.78262761787788,90.43359375,18436200
2020-11-17,89.25841772396683,89.35861979688575,87.17225880068341,87.19047546386719,10843700
2020-11-18,89.7503521498961,90.00543410930105,87.7917374939426,88.30188751220703,8526600
2020-11-19,88.15613779419535,88.23813017217671,87.1085091498037,88.01038360595703,5542800
2020-11-20,88.05592786779123,88.547854290834,86.81698610172327,86.84431457519531,5329800
2020-11-23,88.51142971884741,90.12387236572295,88.2290192477185,89.39508056640625,8802400
2020-11-24,89.72301197109537,89.81410918386077,87.47287536940406,88.03768920898438,7022800
2020-11-25,87.63686168188251,89.26752766546785,87.58220473894559,88.8120346069336,5194900
2020-11-27,89.76858068719203,90.43359671885486,89.32219939673463,89.95077514648438,4367100
2020-11-30,88.87581401145653,89.23109808368254,87.6368721876985,88.38388061523438,13840500
2020-12-01,89.90523398188455,95.01586732908325,89.75036103933806,91.88207244873047,16157300
2020-12-02,92.92057496845804,92.95701524365477,90.66132655816416,90.67955017089844,8676300
2020-12-03,92.06425594879623,92.18268859371001,90.57935106100915,90.64311981201172,7359000
2020-12-04,92.4741994397838,94.5148063242258,91.73629598470592,94.49658966064453,10824500
2020-12-07,96.58273248321326,98.03120383467498,95.6262013551457,96.9197998046875,11793000
2020-12-08,98.18608198826965,98.24073893087404,95.7537507385596,96.236572265625,9876200
2020-12-09,96.57364711989615,97.11112563125641,94.2961816644245,95.12517547607422,8204100
2020-12-10,93.83156386479364,95.75374500095826,93.10277223913302,94.95207977294922,7135000
2020-12-11,94.75167316632485,95.76286836761614,94.03199326043367,94.76988983154297,7492600
2020-12-14,94.53300389806765,95.56242241447353,94.28704076289232,94.3416976928711,5878000
2020-12-15,96.27300478580783,96.91069223237828,95.12516043170915,95.73551940917969,7399900
2020-12-16,96.24567940682371,96.26389607005122,94.70611072889527,95.83573150634766,5986900
2020-12-17,95.96566461976406,96.34989152954134,95.00509036572211,95.05083465576172,7779300
2020-12-18,95.14227869853707,95.87414517267189,94.37382518233187,95.39842987060547,7417000
2020-12-21,94.73977355272466,96.02053669160163,94.52021635107641,95.901611328125,6116400
2020-12-22,96.12117282864702,96.25839870316348,94.1451439662428,95.08741760253906,5597100
2020-12-23,95.75522087108074,95.93819099472513,94.77635339327198,94.9227294921875,3320800
2020-12-24,95.83756069205678,97.28298630399779,95.75522239021139,96.94450378417969,3172100
2020-12-28,98.43568467782308,98.95713738248708,96.92621411813337,97.10918426513672,5157000
2020-12-29,97.88678458162643,98.02401044191264,96.25838872120968,96.56942749023438,4602400
2020-12-30,98.52716950307646,100.35682915572114,98.25272474293837,99.62496948242188,9571800
2020-12-31,100.32024112787003,100.3293844007339,99.20414763388885,99.75304412841797,4909500
2021-01-04,101.9760783462913,104.38207819403573,101.04294804699147,102.18648529052734,11262100
2021-01-05,102.8360195660364,105.15968107978831,102.4700862558181,103.16535186767578,10583600
2021-01-06,104.1533786251373,106.47704731735294,102.9641039896429,105.76348114013672,10609300
2021-01-07,109.17577838816568,112.46917105294052,107.57482633485455,111.08777618408203,13556100
2021-01-08,115.1862263050355,115.53385912494198,107.01679571065328,108.5811538696289,18976800
2021-01-11,109.54172061864573,113.07296427983232,108.68178533455199,112.15813446044922,12006800
2021-01-12,114.50009878834982,114.53668583755957,111.3164880781073,112.52406311035156,14163200
2021-01-13,113.80483338831256,114.17076671989896,107.94992102172327,109.07516479492188,20650500
2021-01-14,112.93573969759652,123.1818309995742,111.30734371727914,115.68022918701172,37125400
2021-01-15,117.52817912683864,117.59220995057271,112.71617268642129,114.56413269042969,17343100
2021-01-19,119.46763685080899,122.63295454117873,117.50075809087654,120.11717224121094,20443800
2021-01-20,123.67583726206321,124.53577946836421,119.01935714237167,119.51335906982422,17360700
2021-01-21,121.90106783655261,123.86794627425255,121.06856938892555,122.73356628417969,15460100
2021-01-22,118.96445447204698,120.07140461088612,117.83921778883933,118.14111328125,19163200
2021-01-25,120.60200441915998,120.91304317570443,116.50356417683057,119.40357971191406,20469300
2021-01-26,118.05877472800428,118.30578265380247,115.49724879458279,115.8631820678711,17084600
2021-01-27,114.30797880899908,114.44520467262664,111.15181884355198,111.37137603759766,16732700
2021-01-28,113.89629668479378,116.71397381201878,113.05465504302941,115.11302185058594,14148100
2021-01-29,113.43890133702129,113.76824064120628,110.28274114811266,111.17012023925781,15169200
2021-02-01,113.93288829284198,116.04614260362773,112.87168252214315,115.87232971191406,10179900
2021-02-02,118.44301361494763,119.15657973192337,116.59505353701813,117.50074005126953,9302400
2021-02-03,118.01304518755744,118.14112080226141,115.32344331957911,116.64080047607422,9676600
2021-02-04,116.64080168836158,117.28117976853707,115.24111318483686,117.23543548583984,7445100
2021-02-05,117.82089976407893,117.90324503826837,115.90890922233847,116.89692687988281,6226800
2021-02-08,117.73859599203949,121.90107449846013,117.73859599203949,121.26069641113281,11160000
2021-02-09,122.56888965665074,122.96227371967919,120.52882316180343,121.37960815429688,7929100
2021-02-10,122.69698956650404,124.41687435541918,121.22411277495803,122.30361938476562,12196300
2021-02-11,123.86794001713999,127.37173956263565,122.64207152757477,127.30770874023438,12347900
2021-02-12,127.08815341281756,127.90235137178529,125.47805799935188,126.30139923095703,11114100
2021-02-16,129.549049995209,130.08879623308025,127.5455704771768,128.12191772460938,11833600
2021-02-17,127.35348164215637,127.74685181456017,124.50835998038112,124.66387939453125,12311200
2021-02-18,123.36483030482064,124.3071040821358,122.03831564583714,123.16356658935547,11614600
2021-02-19,124.55405020201215,126.20074634981276,124.16068015627806,125.02062225341797,10771900
2021-02-22,122.21207316101629,123.75813729510786,121.83698970474268,122.19378662109375,10363800
2021-02-23,118.10455322265625,120.51970375465937,114.70137768079896,118.10455322265625,18444700
2021-02-24,118.4796293981008,121.10520101525084,116.80549578672208,121.03201293945312,12782900
2021-02-25,120.31841908714601,120.3367056325078,115.0124034604856,115.2685546875,13581200
2021-02-26,114.7470960660668,116.54016154233395,112.36854010692049,115.21366119384766,17281000
2021-03-01,118.58938049498704,119.20231472930901,116.4029310535695,118.13196563720703,9714900
2021-03-02,117.4915843989168,117.57392968982458,115.2685546875,115.2685546875,8274500
2021-03-03,115.92720753652725,116.87863115403917,112.2587389018161,112.42340850830078,10660300
2021-03-04,111.56348048527246,112.66128032643384,103.82402196633075,105.74516296386719,24454200
2021-03-05,110.6029333127961,110.9688666588129,105.55306849287993,110.5114517211914,17448700
2021-03-08,110.27359628865673,110.69441720245311,104.01615618269724,104.22657012939453,17246900
2021-03-09,107.09913801287136,108.31586347654961,105.50733591293343,106.46790313720703,17717100
2021-03-10,107.76695387457227,107.97736082125256,103.75085158698761,104.13507843017578,15240300
2021-03-11,108.16946778824828,110.51143669659429,107.09911865483699,110.31017303466797,15091600
2021-03-12,108.86475863446869,108.86475863446869,107.29125008200786,108.22438049316406,8171000
2021-03-15,108.54456538192323,108.9653862842245,106.7697932021152,108.93794250488281,8935000
2021-03-16,109.52341841304299,110.92310680903174,108.0413917104447,109.18492889404297,10793400
2021-03-17,108.12708868001776,109.75243546547996,105.95995496213769,109.05455017089844,9890400
2021-03-18,108.35666133430847,108.65969435674317,104.77538044835129,105.14269256591797,10283800
2021-03-19,105.0324957330135,105.5008188531721,103.95811358020478,104.34378814697266,11536000
2021-03-22,105.40897242658421,108.65967245201152,105.40897242658421,107.60365295410156,9376400
2021-03-23,106.61190725433578,107.20878841973584,105.25286186833279,105.50079345703125,8977400
2021-03-24,103.2786043283561,105.31718017251872,99.95443941972277,100.05545043945312,24196100
2021-03-25,99.1738851309486,103.53569952328199,99.07287413191767,101.42366027832031,16772400
2021-03-26,102.84698534182255,107.16288281720178,102.11236121559442,107.0343246459961,12910900
2021-03-29,107.02515279909666,107.21799006649145,103.20511834243224,105.04167175292969,10863600
2021-03-30,105.85892917124072,106.60273100236506,104.9498372658782,105.66609191894531,8206200
2021-03-31,106.32726992444998,108.6872409849622,106.11606318101063,108.61377716064453,9806500
2021-04-01,112.77356118167215,114.67439370240342,111.69917910601869,114.60093688964844,17904000
2021-04-05,116.6854178786056,116.98845086554037,112.65418379897874,114.32544708251953,14113900
2021-04-06,113.86630140619135,113.8754861340843,111.60734175125975,112.43379211425781,13042300
2021-04-07,112.43380200365642,112.58990736209374,110.04627696590687,110.09219360351562,11193200
2021-04-08,111.46041793212196,113.70101521362238,111.46041793212196,113.34288787841797,10226700
2021-04-09,112.71846477139587,113.35207793541892,111.75427143535171,112.7643814086914,8315200
2021-04-12,112.22259354338935,112.45216271609227,109.4953106507354,111.0196533203125,9868400
2021-04-13,112.3970626089058,112.85620093083278,110.51459268664722,111.35940551757812,8384800
2021-04-14,112.02055804249133,112.42460197961337,110.6523278998203,110.96453857421875,9521900
2021-04-15,111.75427275616224,112.02975857140085,107.03433102928139,108.67804718017578,18709100
2021-04-16,109.44941610162864,110.74418277102373,108.21892152331596,109.12801361083984,9512100
2021-04-19,108.35664946350613,109.16473042890833,105.78547192811573,105.96913146972656,12630300
2021-04-20,106.56601051697363,107.23634856378591,105.18859550989114,105.55590057373047,9299200
2021-04-21,105.14269053649005,107.88833612684014,104.47234540942745,107.80569458007812,8472200
2021-04-22,107.89752704938591,107.89752704938591,105.06005502002373,105.89568328857422,7411800
2021-04-23,107.0526808747617,109.01779211282992,106.45579972169,108.94432830810547,8380300
2021-04-26,110.19321919335223,111.60736634704114,109.64225449856471,111.58899688720703,8444000
2021-04-27,111.57061222825826,111.70835512601532,110.09218627118177,111.35940551757812,5491800
2021-04-28,110.1931844757702,110.57885894002084,109.02697635599499,109.88097381591797,6476500
2021-04-29,110.85436338778946,110.95537438438892,107.99852231497614,109.36675262451172,8831800
2021-04-30,108.36582304927379,108.52192838916999,107.11696631831526,107.1996078491211,7950700
2021-05-03,107.8699662122196,107.94343003041239,106.27216669895056,106.46500396728516,10229500
2021-05-04,105.60182338295658,106.3548100172775,104.4447927477187,105.93240356445312,9638300
2021-05-05,106.52009394642774,106.9700475540336,105.46407437250397,105.95075988769531,7059000
2021-05-06,105.87730974215978,108.02607392693739,105.10595364610685,107.4383773803711,8581700
2021-05-07,108.72394333288688,109.66058231761059,106.56599487309005,107.2822494506836,9614300
2021-05-10,105.58346473005969,105.95076982858707,103.05820364525772,103.13166046142578,12281200
2021-05-11,100.76249164103677,103.75606823080844,100.21152009141052,103.62751007080078,10007700
2021-05-12,100.41354928776151,101.09307204042113,99.22897158021615,99.36671447753906,15058900
2021-05-13,100.42273629929164,102.3235687090646,99.08205321371267,99.86258697509766,10552000
2021-05-14,101.57058347511878,103.60915881241239,101.23081858360484,103.26939392089844,8425200
2021-05-17,100.15644474650388,101.03798958495356,99.0545154499157,100.82678985595703,10688600
2021-05-18,103.76526505332454,104.20604094322455,101.68995779060742,101.78178405761719,7476600
2021-05-19,99.63302891099286,103.29695123832697,99.17389052891455,103.21430969238281,7280500
2021-05-20,103.20511136223553,104.42642097902888,102.93881029501703,104.02237701416016,6442500
2021-05-21,104.68355556119434,104.68355556119434,102.56233838776213,102.70925903320312,5979400
2021-05-24,103.08575344024472,105.17942338086556,102.95719525132209,104.34378814697266,6653600
2021-05-25,105.46407600019096,105.5467245450076,104.31623014253564,104.94065856933594,5331700
2021-05-26,104.68353495104559,106.52008819580078,104.68353495104559,106.52008819580078,6605100
2021-05-27,106.5200980216097,107.00678355542036,105.60182131452686,106.30889129638672,6513700
2021-05-28,106.79558794038095,108.20972795844786,106.47418547583383,107.76895904541016,5386500
2021-06-01,109.92690330156252,110.22993629503944,107.8332335391679,108.8249740600586,7596100
2021-06-02,109.18309427762689,109.68814222784987,108.28318008469745,109.22900390625,5383400
2021-06-03,108.40256229050802,108.59539954800064,106.94249876107114,107.27307891845703,4912200
2021-06-04,108.56785495641103,110.05545869420278,108.40256487377916,109.74324798583984,5352100
2021-06-07,108.48521385248834,109.04536322616386,107.96179638923857,108.55867767333984,6266000
2021-06-08,107.94341240265294,108.06278583330041,105.656898724596,106.44661712646484,11564800
2021-06-09,106.520111854365,108.03527001898995,106.49256467051846,107.5577621459961,6401600
2021-06-10,107.47511232155917,109.1371910073925,107.09861548891425,108.57704162597656,8566600
2021-06-11,108.62296696026006,108.74234042592626,107.58531666544894,108.58623504638672,6036600
2021-06-14,108.86169708351522,111.11147202041366,108.77904854390587,111.10228729248047,7610300
2021-06-15,110.51459892584064,112.02975687491816,109.52285841307406,109.68814849853516,8196900
2021-06-16,109.77999225165917,110.10138772465194,107.89752204343661,108.3750228881836,8059400
2021-06-17,108.47735513083431,110.8371593760543,108.3943895266785,109.80474853515625,7608100
2021-06-18,108.32064154620994,108.67092276081084,106.20050026805883,106.73514556884766,12532800
2021-06-21,106.35718611049825,106.37562603231989,104.18173949833762,105.21415710449219,11116200
2021-06-22,104.62420251040642,105.53678169088124,103.25072375940117,105.38929748535156,11792400
2021-06-23,107.11306436382421,108.23766051450505,106.75356323798621,106.97480010986328,8913700
2021-06-24,107.59242188518806,108.4681284596906,107.17760795560453,108.0717544555664,6772200
2021-06-25,108.26533585789849,108.70780266080726,107.41728210449219,107.41728210449219,6712800
2021-06-28,108.11784219730453,110.56982471129261,108.01644371031702,110.25641632080078,11026600
2021-06-29,110.06282399562757,110.88322470691115,109.15945770072909,110.82791900634766,7874900
2021-06-30,110.76339721679688,111.31647534007513,109.70332671139779,110.76339721679688,7936400
2021-07-01,110.70809268407324,110.80949116801018,108.79996844608681,109.15946960449219,8295600
2021-07-02,109.46366139258292,109.86003535304161,109.15025302200964,109.61115264892578,5144300
2021-07-06,110.47764611085177,111.50084390955452,108.97511576443999,110.6620101928711,7181500
2021-07-07,111.20584592918608,111.58378694634136,108.96587377308177,109.00274658203125,7391800
2021-07-08,106.80888256298543,109.03041511786486,106.35719586294242,108.65248107910156,7565400
2021-07-09,108.77230686670835,111.34412750859087,108.42202569842627,111.13211059570312,8374200
2021-07-12,111.71285885314192,113.13243061190308,110.17344868501301,113.04024505615234,10668700
2021-07-13,113.55644565340315,115.66736666449745,112.57933371950762,114.21092224121094,13460200
2021-07-14,115.36317466735073,115.94390564857233,114.36762981431086,114.66260528564453,10587700
2021-07-15,110.7265448795142,111.26118317897767,107.73069687227078,108.33908081054688,23734500
2021-07-16,109.46366662287488,109.68489648518958,106.16362344861086,106.68904876708984,12110000
2021-07-19,105.08513154339644,106.57844910238974,104.37534910019814,106.32955932617188,9230200
2021-07-20,106.81810000241347,107.73068637001988,105.48149383489857,107.29743957519531,7108000
2021-07-21,107.14073085850795,108.65248107910156,106.86418826798244,108.65248107910156,5564700
2021-07-22,108.8552829242439,108.8552829242439,107.12230266119049,107.44493103027344,5746500
2021-07-23,108.44967688782019,108.44967688782019,106.31110303299381,107.65692901611328,5773900
2021-07-26,106.7351457044617,107.02090124745258,105.88709200523206,106.60609436035156,6440600
2021-07-27,106.30187306765004,106.37561868430336,103.28759307282891,104.66107177734375,11127500
2021-07-28,105.02980345327461,106.4770279208525,104.97449071880432,106.0714340209961,6819700
2021-07-29,106.92872240716032,107.95192022729879,106.56922123065446,107.0669937133789,7162000
2021-07-30,106.46781094067217,108.23766377234062,106.18205543019226,107.51866149902344,6482600
2021-08-02,108.31140937884089,109.12259016834905,107.53710140241537,107.7214584350586,6028800
2021-08-03,108.13626848792241,109.36226318646054,107.70302171229086,109.15025329589844,5874700
2021-08-04,109.16870457698646,110.20112244958595,109.03043325871766,109.45446014404297,4254000
2021-08-05,109.75864794191442,109.91535214300504,108.99355279620715,109.89691925048828,4452300
2021-08-06,109.11337259370677,109.3253824689423,108.26531199445563,108.96588134765625,4338100
2021-08-09,109.15946995946733,109.50053822770712,108.14549214957094,108.97511291503906,4280200
2021-08-10,109.23320110404603,109.74019345814308,105.15885048068807,107.26055145263672,5132800
2021-08-11,107.3896142225756,108.11783648484138,106.19127236664048,106.91949462890625,4490400
2021-08-12,106.51391163491732,106.88262572768596,105.49071385211214,106.65217590332031,6338400
2021-08-13,106.0714452333186,106.48625210545922,105.53679995113295,106.46781921386719,4593200
2021-08-16,106.09908689974638,106.4493750979944,105.17728769639017,105.66584014892578,5435900
2021-08-17,104.8362207433071,104.94683214067166,102.0892561735198,102.42110443115234,13398800
2021-08-18,103.00185081120505,104.16331988708635,101.74820321277423,101.81272888183594,9167300
2021-08-19,100.47611137231978,102.2920568957599,99.25933672691991,101.87724304199219,12146900
2021-08-20,100.60517974532728,101.13060508959396,99.3054463285711,99.66494750976562,13042000
2021-08-23,101.4716561615496,102.62390514494446,100.72499403802635,102.2828369140625,9533500
2021-08-24,103.07559575943426,104.22784486559534,103.05716286815468,103.3429183959961,6719800
2021-08-25,106.66139145767397,109.86003601292822,106.5692129382911,107.87816619873047,22106800
2021-08-26,108.75387528868629,109.19633497682477,107.25133805609244,108.86448669433594,9892100
2021-08-27,109.07651478986455,109.97066125195344,108.48656379003137,109.2239990234375,6827700
2021-08-30,109.58348464464531,110.1550026714743,109.20555063561605,109.68488311767578,6434200
2021-08-31,110.6251148590183,111.35333701103306,109.41755322409217,109.70331573486328,8424900
2021-09-01,110.81871002343162,111.86956063485702,110.21031912588515,111.0399398803711,8603900
2021-09-02,111.48239512394085,111.89720194199766,111.03992842294657,111.34412384033203,6866400
2021-09-03,112.07234458092712,114.74556357581694,111.77736912835256,114.27544403076172,10361400
2021-09-07,114.87463328683586,115.48301717832926,114.20171669176537,114.94837188720703,9739900
2021-09-08,113.35365338508753,113.51035756763154,111.74972468066692,112.35810852050781,7983300
2021-09-09,112.63464695845211,113.83298170368388,112.34888442300169,113.0863265991211,5101300
2021-09-10,113.39974632864563,114.61652111836753,113.27991495193223,113.3536605834961,5163900
2021-09-13,113.32598091101693,114.3952641845629,112.64384452963589,113.95280456542969,6622800
2021-09-14,113.9620210187297,113.9620210187297,112.82821205594678,113.46424865722656,5110500
2021-09-15,112.83745216271254,112.92041072139034,111.42709337025708,111.99861145019531,5566500
2021-09-16,111.07023938006796,112.1161482587009,110.46860750442814,111.80145263671875,7301400
2021-09-17,111.24610911544231,111.50527189205542,108.93214566474524,108.98767852783203,10722700
2021-09-20,106.62742737036687,107.37715629085153,105.1002172226272,106.16463470458984,8991000
2021-09-21,107.0439525089472,107.24758242602582,106.02580998521032,106.4052963256836,8182200
2021-09-22,106.65519222386007,107.59002824862314,106.35900522421785,107.24756622314453,5345600
2021-09-23,108.26571763761815,108.26571763761815,106.98840535735917,107.54376220703125,5484700
2021-09-24,107.3679327652676,107.88625845681766,106.93290639057754,107.03472137451172,4455900
2021-09-27,107.09022672256665,107.89548855349311,106.45157760584469,107.50674438476562,5198800
2021-09-28,105.82218623246276,106.47935105480718,103.5267312084843,103.57301330566406,9792300
2021-09-29,103.94324111500825,104.45230883758443,102.75848589549105,103.3138427734375,6522400
2021-09-30,104.06356926876266,104.91510616213016,103.34161376953125,103.34161376953125,6433400
2021-10-01,103.66556060048177,103.94323903389542,102.09206830888682,103.25830078125,5315200
2021-10-04,102.73997256301126,103.13797454099185,100.44451781663709,100.90731048583984,8514500
2021-10-05,101.6292801612483,102.1383478963413,101.09243893225027,101.12946319580078,8039600
2021-10-06,100.37049280734686,101.37011976980732,99.574488720919,101.2035140991211,7553600
2021-10-07,102.73996651685067,103.39713122104631,102.26791604478004,102.5826187133789,7821900
2021-10-08,102.72148546020249,102.80478476849653,101.36087359814218,101.85143280029297,5143400
2021-10-11,101.88843281356505,103.39713432954122,101.72182717498166,102.05503845214844,5318500
2021-10-12,102.2494108788061,102.76773639548085,100.48153953754604,101.07391357421875,9294600
2021-10-13,101.18499343844097,101.86067387283146,100.84252430571483,101.79588317871094,7845100
2021-10-14,105.6463179362683,106.2016677689057,102.88807737411823,104.18389129638672,16930500
2021-10-15,106.23869561067112,106.39604344058075,104.55413039333101,106.312744140625,11558800
2021-10-18,104.97990423226443,106.76628450449645,104.97990423226443,106.75702667236328,6773800
2021-10-19,107.1827792054498,108.27497012806568,107.02542433958715,108.25645446777344,5406100
2021-10-20,108.18243236934367,108.32127160882028,106.95140900218226,106.9884262084961,8205800
2021-10-21,106.45158143971327,107.69186251650969,106.08134585830992,107.6363296508789,4640300
2021-10-22,107.59005119473214,108.43233734745975,105.72962951660156,105.72962951660156,6283000
2021-10-25,105.88695661118877,106.0257958144274,104.69295076198483,105.18350982666016,6667700
2021-10-26,106.3868042264276,106.72001558575735,105.25758873777201,105.68335723876953,4852300
2021-10-27,105.54450213786338,106.49785397095339,105.24831509203291,105.28533935546875,5394500
2021-10-28,105.20203494454904,107.38640988781943,105.09096215964139,107.37715911865234,5714300
2021-10-29,105.58153625012211,105.69260905079067,104.79478999827623,105.23906707763672,7118900
2021-11-01,105.12797547086006,105.83141518370212,104.91508775404266,105.62779235839844,4955700
2021-11-02,105.13722959797897,106.25719401203287,105.09095457051775,105.61853790283203,4479700
2021-11-03,104.99840236080372,105.60928500808964,104.34123762223835,105.52598571777344,6073000
2021-11-04,104.93361824883883,109.08023684318464,104.045057121479,109.02470397949219,14682800
2021-11-05,109.37643580614954,110.63523263918134,107.59931335774826,109.03397369384766,8668100
2021-11-08,109.58005740609661,113.1528176953992,108.33977633179117,111.91253662109375,15776300
2021-11-09,112.22721437258159,114.09689351726867,111.22758058275433,112.7177734375,10874100
2021-11-10,110.70001101932212,111.81071772218522,108.9228887687285,109.40419006347656,9046100
2021-11-11,110.38533475286859,111.5052924218078,109.03398069625621,109.39495849609375,6994000
2021-11-12,109.58005623224145,109.97805824139732,108.54339802983034,109.85773468017578,6947200
2021-11-15,110.44085411927509,110.7370411768068,108.76554673714166,109.33015441894531,5157000
2021-11-16,108.9321588197107,109.57080800730212,108.44159963878653,109.29313659667969,5555100
2021-11-17,109.21906948811157,110.65372958147363,108.76553465139911,110.20018768310547,6391400
2021-11-18,111.042491886358,114.36534039153482,110.88514404853412,114.20799255371094,13229700
2021-11-19,112.94918606456551,115.51306159598862,112.93992823323354,115.01324462890625,9071800
2021-11-22,114.30978473059399,118.55821787471135,114.04136414577128,115.46676635742188,16076100
2021-11-23,113.58784490430803,114.03212195541713,110.62596729640303,112.32904815673828,10984000
2021-11-24,111.0702521808496,111.87551405135707,109.58931689743622,111.7274169921875,6992600
2021-11-26,108.75629397376203,110.18169646132759,107.84921709561783,108.37680053710938,6766900
2021-11-29,109.55227942058465,110.95916600474203,109.12651101930471,110.40381622314453,7634000
2021-11-30,109.31163054542091,111.22759197466125,107.14576417395615,108.43232727050781,10561800
2021-12-01,110.3482943255492,114.31905660399549,110.3482943255492,111.65336608886719,12924400
2021-12-02,111.39419139896104,114.21722943820109,111.08874654979955,112.64373016357422,8425500
2021-12-03,111.99583736711537,112.78258357265224,109.20057246723024,110.45011138916016,7809000
2021-12-06,110.04284986115196,110.60745753147526,107.90474980374636,110.27424621582031,5681200
2021-12-07,111.57006471239188,113.45825977154263,111.31090193083993,113.21760559082031,7459200
2021-12-08,112.5789503509916,113.12504941240564,111.17206364148264,112.7363052368164,5795700
2021-12-09,112.16242836951717,113.00470733121779,110.5981869328018,110.6074447631836,6103900
2021-12-10,111.07025364135005,111.80146699188772,109.44122127734641,110.2649917602539,5973900
2021-12-13,110.01507572580705,110.17242354116739,107.72887877188559,107.75664520263672,5854300
2021-12-14,106.84958345393201,108.27498585225828,106.67371996389274,107.6363296508789,6267300
2021-12-15,108.09912664933275,111.54230568812147,107.81219741665257,111.44049072265625,6700700
2021-12-16,111.84570051945792,112.22676374199125,107.94216374738785,108.34181213378906,9116100
2021-12-17,108.08158525944408,109.19687953626435,107.74699555822438,108.10946655273438,11725600
2021-12-20,107.73770344752168,108.38829770898309,105.86958581873232,106.8268814086914,6980800
2021-12-21,107.87711341785847,109.20617609998665,106.95699528126761,109.1504135131836,6122900
2021-12-22,108.66709945918066,112.86805533947158,108.58345559026449,112.7379379272461,9300100
2021-12-23,112.42194750350663,113.19336303744261,111.38100098454959,112.16171264648438,6512500
2021-12-27,112.6635944414145,114.55960032734609,112.64500218587138,114.03912353515625,6309900
2021-12-28,114.6711088574521,114.9313507612178,113.26769867490938,113.44428253173828,6321000
2021-12-29,113.2026427538204,114.45735039877171,112.43122733172083,112.84017181396484,5847700
2021-12-30,112.45910582379659,112.97028641388785,111.70628267372294,111.9200439453125,4187800
2021-12-31,112.78440928575755,113.15617637580226,111.73417381543364,111.81781768798828,3888200
2022-01-03,115.36817987973055,120.44278046346061,115.24735858876107,119.70854949951172,18592000
2022-01-04,121.63243178098998,125.93562406391213,121.1026730616441,123.98384857177734,25554900
2022-01-05,121.48372437556124,121.64172307221581,117.92405954693383,118.09135437011719,17891200
2022-01-06,118.03560778011762,119.89443624909585,116.00018833750873,119.40184783935547,16249000
2022-01-07,117.61736995762267,118.16572093252499,114.60606284134904,114.78265380859375,21248100
2022-01-10,116.27902094228706,116.98537777934085,114.55960594535574,116.18608093261719,11857700
2022-01-11,117.60805748455543,120.40559582583253,116.6414659990774,120.05241394042969,12113100
2022-01-12,121.28855596553126,123.53773668086158,121.02832111792185,122.89643859863281,16389200
2022-01-13,130.81504188904222,134.7650520348925,129.11421228913852,129.3651580810547,52020000
2022-01-14,126.48397000512938,133.72411427472892,126.48397000512938,130.7313995361328,28255300
2022-01-18,127.09737900400687,127.4970202623814,123.88159995706876,124.38349151611328,15191400
2022-01-19,125.11772837444056,126.30737735227828,121.69749110859071,121.76254272460938,11155100
2022-01-20,122.60832216072352,123.37973766488095,119.15090012890892,119.271728515625,11421900
2022-01-21,118.10994562180606,118.94641973063098,115.49828717698233,115.73993682861328,15573700
2022-01-24,115.03359607114243,117.17125163544937,111.65052884285807,117.06901550292969,17083400
2022-01-25,116.63218743333212,116.93889582498176,113.10970672031024,113.83465576171875,11370500
2022-01-26,116.52996745412199,117.72891280421922,113.28631339136093,114.39231872558594,13592100
2022-01-27,115.24736906177522,115.37748649183358,107.83993622221737,108.16522979736328,18599800
2022-01-28,110.33076490261807,111.15794301886842,106.12981560742081,109.30841064453125,14005900
2022-01-31,111.08358878386342,114.10418511659013,110.42370551284883,113.97406768798828,10189100
2022-02-01,114.2249968640977,114.54099426155244,111.62263448951991,114.36441040039062,6956300
2022-02-02,117.31993984240448,117.54299723122615,113.89969582005068,115.38675689697266,8562900
2022-02-03,112.87736189723377,115.13583888982365,110.83265330983568,111.3810043334961,9926800
2022-02-04,111.93864445241843,113.23052957623874,110.96275674150732,112.47769927978516,5743200
2022-02-07,113.90898926604342,115.34028782389983,113.27698739752067,113.6766357421875,6562900
2022-02-08,113.38852403623157,115.11723488798775,113.02605309223758,114.97782135009766,7036200
2022-02-09,116.06524018962236,116.68795307898083,114.0948866671293,116.66006469726562,10979700
2022-02-10,115.99088515004468,119.57842422477296,115.58194066768176,115.90723419189453,10474900
2022-02-11,116.64148207842584,117.64525111604841,111.94793753294692,112.46841430664062,9845700
2022-02-14,111.48322806358716,112.9702964244003,109.67087324878891,111.31593322753906,8081800
2022-02-15,113.4071313321698,115.81431808966458,112.88666158605999,115.73066711425781,9248700
2022-02-16,114.4480654065009,115.5168931676161,112.98888537846743,114.87559509277344,5749500
2022-02-17,113.8439450877357,114.08559476881935,111.20441212358483,111.30664825439453,7976700
2022-02-18,112.01297975272784,112.17098553249636,110.08909292595338,110.88838958740234,8389000
2022-02-22,109.20616498260073,110.93487590619044,107.55180889442437,108.6578140258789,9793500
2022-02-23,110.1820498575094,110.99993175337269,107.58898353896262,107.71910095214844,8114700
2022-02-24,100.3767248906957,104.07579620572318,97.01224322590654,103.98284912109375,27539100
2022-02-25,104.36392282942425,105.02380606975487,101.64073890167997,103.37874603271484,14258900
2022-02-28,101.65003742434205,102.02179744560999,97.58849466509197,99.45661926269531,26390800
2022-03-01,102.23555728471233,103.26720756640017,99.49378835751469,100.42320251464844,20377900
2022-03-02,100.74848721201946,102.2076670270595,100.2466027602974,101.87307739257812,13342400
2022-03-03,102.1519159782877,102.23555985091298,100.00496439962866,101.11096954345703,10841700
2022-03-04,99.44731469415902,100.48826110161384,96.48248126737712,97.64424896240234,22372100
2022-03-07,95.9991730335585,96.74269997998883,92.06774868855439,92.2815170288086,29422900
2022-03-08,93.13659764305339,95.83190028498181,91.65883244468016,92.94142150878906,25650000
2022-03-09,97.13307765944302,98.2576679631226,95.50660284909473,97.5420150756836,14348400
2022-03-10,96.83568615117471,98.08109801199767,95.28355875344647,96.62191772460938,11811000
2022-03-11,97.92308306222955,97.92308306222955,94.14966358748096,94.25189971923828,18116400
2022-03-14,94.35413387873875,94.67013841882279,92.07707174614526,92.29084014892578,17959400
2022-03-15,91.11046902196509,94.9303617890022,90.72941290339983,94.8838882446289,13415600
2022-03-16,96.18199694528361,98.79690995195428,96.01389529306815,98.70352172851562,20347100
2022-03-17,98.75954881540912,99.48798690070396,97.82565237271022,99.45063018798828,8042000
2022-03-18,98.72221344375838,99.9642976910683,97.95641848020375,99.66545104980469,10218200
2022-03-21,99.66545739593586,100.1324057479595,98.18055793146615,99.85223388671875,10366100
2022-03-22,99.35724504325339,100.82346221865889,99.20782531283139,99.96427917480469,10401200
2022-03-23,99.45999948582154,101.03828720369292,98.38601684570312,98.38601684570312,12905300
2022-03-24,99.72149111642241,100.84217146102331,98.83429207804662,100.7861328125,10834000
2022-03-25,100.57132163125429,100.84215248544365,98.84360731573382,99.6747817993164,7432100
2022-03-28,98.63815046836415,99.66543518890767,97.69491301242597,99.30121612548828,8151200
2022-03-29,100.78609150924424,102.5044644833974,99.73079120790537,102.0281753540039,14076200
2022-03-30,100.66470986113143,102.11224523689008,99.46932341854757,99.6747817993164,15456300
2022-03-31,99.88957511062901,100.06701773688654,97.30268477683936,97.36805725097656,13021600
2022-04-01,98.7782237837525,98.94632542873786,95.4535547218911,95.9952163696289,12085100
2022-04-04,97.14393265253882,98.59147540326461,96.45285108206234,97.863037109375,9077200
2022-04-05,97.57350626717401,97.68556928347127,95.3601690694633,95.7243881225586,12291000
2022-04-06,93.78188249556189,95.3881855757594,93.12815781179067,94.49164581298828,14902600
2022-04-07,93.78187880980651,94.53833977137147,93.06278168591966,93.8752670288086,12431000
2022-04-08,93.96865399405718,94.04336028755893,92.56780945874063,92.72657012939453,11796200
2022-04-11,91.72732688982315,91.87674664355468,90.50392460119977,91.12029266357422,12480500
2022-04-12,93.3896669312108,93.52975285662085,90.99889373779297,90.99889373779297,13291500
2022-04-13,93.20289059464815,95.46291882793874,92.92271874338535,94.79051208496094,15776800
2022-04-14,97.1252305068428,97.59217873043339,91.83003936134097,91.8580551147461,17828500
2022-04-18,91.47515671493875,93.24022047957148,91.02689039776531,92.24095153808594,10277400
2022-04-19,91.93278426651749,92.87601470947266,91.25103660842741,92.87601470947266,10103000
2022-04-20,93.76323430940602,94.32357092951852,92.36238919659138,92.46511840820312,8596900
2022-04-21,93.15618618409356,93.99669455212106,90.97087155228768,91.204345703125,13038500
2022-04-22,90.61598356101224,91.32574695325593,89.05637799028273,89.355224609375,11650100
2022-04-25,88.76687226695856,89.91556106369548,88.20652862213863,89.87820434570312,10654400
2022-04-26,88.66413401714352,88.73884032043193,86.6375732421875,86.6375732421875,14176000
2022-04-27,85.76905391022677,86.5628716609182,84.25614609140281,84.29350280761719,15846300
2022-04-28,86.0679149466187,89.84085097872466,85.71302967498701,88.9256362915039,15176200
2022-04-29,87.02049198974991,89.27117925926414,86.63759093504392,86.78701782226562,10629300
2022-05-02,86.38544483901498,88.03843886468908,85.20873300078387,87.5621566772461,8251900
2022-05-03,86.64692418945788,87.83297684481495,86.39477524603276,87.44073486328125,9511900
2022-05-04,87.70223763092423,89.7194506855058,85.84377817141579,89.64473724365234,9082500
2022-05-05,87.82362703372436,88.1411484212301,85.19003920915677,86.05856323242188,11517200
2022-05-06,85.35814479851773,86.74030768148768,84.30283715300493,85.57293701171875,7944900
2022-05-09,83.99466122162734,84.22813536811834,81.25834393975006,81.5291748046875,11428600
2022-05-10,84.06936534574508,84.3215214074303,82.26694469673566,82.94869232177734,11690400
2022-05-11,82.9953927152088,84.5830140719488,81.99612364654091,82.02413940429688,11531300
2022-05-12,80.52055783783382,82.37900988861324,79.74542202831472,81.89338684082031,11592900
2022-05-13,82.9953722429939,85.32077218899266,82.33230668108517,84.94721221923828,11180600
2022-05-16,83.92928873861361,85.33013361744285,83.58374443681214,84.43359375,6729100
2022-05-17,87.13255506154914,87.3099905693469,86.26403094421302,87.15122985839844,7668800
2022-05-18,85.98385585190276,87.06717927974131,84.39623455255624,84.545654296875,9610900
2022-05-19,83.90124381388047,86.0118515385136,83.63975397854009,84.24678802490234,7739000
2022-05-20,86.88972944084846,86.88972944084846,82.95802611113578,84.77912139892578,10469900
2022-05-23,85.00326458717915,85.83443910832125,84.65772740851294,85.4515380859375,6920500
2022-05-24,83.6024138488702,83.86391086113095,82.66851732313407,82.85530090332031,8788600
2022-05-25,83.42498372722721,84.90987587875478,83.15415286231237,84.43359375,9113500
2022-05-26,83.49969648362067,85.33013292203228,83.15415218463527,84.98458862304688,9762700
2022-05-27,86.49750442274095,87.61817747672318,86.41345002490625,87.57147979736328,6279000
2022-05-31,89.2244688492584,89.92489119587435,88.26255663324949,89.00033569335938,9621700
2022-06-01,89.28051264238259,89.99027604630493,87.62751881193768,88.48670196533203,6152400
2022-06-02,87.7769476044105,89.99962627921663,87.43141039030898,89.97160339355469,6335000
2022-06-03,88.12248248853483,88.32794087761353,86.7589943269991,87.57147979736328,9137100
2022-06-06,88.72017255820455,89.22447755196428,86.73097546481777,86.95510864257812,9440200
2022-06-07,86.54418366671757,87.65552273964116,85.7036754235428,87.6368408203125,7360200
2022-06-08,87.78629255670826,88.65481679998474,86.98314079948199,87.29132843017578,6446300
2022-06-09,86.85237662991709,87.31932489136825,84.79780712955797,84.84449768066406,8086700
2022-06-10,84.55498777328042,84.72308942392569,82.77124208448528,82.81793975830078,10460400
2022-06-13,80.37114146383107,81.09024585687473,79.39988811645033,79.89485931396484,14603700
2022-06-14,81.00617968169504,82.07082111205249,80.5859291105252,81.42643737792969,10449600
2022-06-15,81.72528946861007,83.8732472686396,81.5945445210024,83.23819732666016,11742500
2022-06-16,80.0058613932302,80.6724195665225,78.85111512852198,79.34868621826172,10505200
2022-06-17,79.79933166503906,80.36261963250855,78.81357235002112,79.79933166503906,9735500
2022-06-21,80.73814056863779,82.38106784765077,80.73814056863779,81.63001251220703,9604000
2022-06-22,79.46134429214332,80.90712103885134,79.3768543341834,79.71482849121094,7868700
2022-06-23,78.98255804825882,79.07644534332564,77.69638519194511,78.97317504882812,10370300
2022-06-24,79.00131717011645,81.25447555771807,79.00131717011645,80.66301727294922,10670100
2022-06-27,81.60184691542594,81.67695387939514,80.34383750061616,80.60670471191406,7358000
2022-06-28,80.87895603988082,81.49857053983419,79.17969512939453,79.17969512939453,8289200
2022-06-29,79.26419636221326,79.43318344598846,78.23150070029551,78.53192138671875,7981300
2022-06-30,76.4759039820139,77.18940571353511,75.2178947452779,76.74816131591797,14201600
2022-07-01,74.2039878344505,74.37297493339722,71.51897457484972,72.28880310058594,19531700
2022-07-05,69.98868973407845,71.49079291578475,69.22824440256387,71.45323944091797,22253100
2022-07-06,69.74461223898186,71.63163361283164,69.26581427432856,70.93690490722656,11530500
2022-07-07,73.79090964582517,76.00651518250825,73.5468155680292,75.71548461914062,15847800
2022-07-08,75.0301372134556,77.1330892074698,74.8799304496513,76.52285766601562,10004200
2022-07-11,74.88931363816054,75.35872141545592,73.99744172633707,74.26969909667969,9519600
2022-07-12,76.19427218274932,76.49469286714631,74.10071039024328,74.26030731201172,10363700
2022-07-13,74.42930093192255,76.7200133282688,74.07255357617794,76.31632232666016,14706500
2022-07-14,77.87474140388925,78.89805400430451,75.5840364972838,78.55068969726562,23377000
2022-07-15,80.34382585536964,80.77568009170702,78.83233244689222,80.39076232910156,14061000
2022-07-18,80.79447593973185,80.81325626457368,78.26906660574818,78.46621704101562,11352500
2022-07-19,79.79932035955481,81.17938034002334,79.38623923272229,80.87895965576172,10673100
2022-07-20,79.9683148900961,81.44225512868786,79.90259808312429,81.26387786865234,11664800
2022-07-21,81.37653142445328,82.4280074094766,81.11366421884598,82.41861724853516,7135000
2022-07-22,82.06187164626446,82.36229233935833,80.55037801965626,81.03855895996094,8612100
2022-07-25,81.01979064941406,81.39531116631105,80.39077874216267,81.01979064941406,5960900
2022-07-26,79.57402284836068,79.98709689675331,78.71969710065248,79.25482177734375,6977700
2022-07-27,80.090357789632,82.52189395599937,80.090357789632,82.2684097290039,9399500
2022-07-28,81.79899588628831,83.19783620590157,81.16060102895842,83.18844604492188,10668200
2022-07-29,82.44679209731198,83.75174530947294,82.41862877314371,83.06641387939453,10366200
2022-08-01,80.08097617462006,81.57368958959019,79.1421605437926,81.0291748046875,20102600
2022-08-02,79.34868616551564,82.15574978280586,79.0201021595469,80.78507995605469,15541600
2022-08-03,80.7005903740138,81.4610287392561,79.38624706472733,81.2169418334961,20779400
2022-08-04,81.67693939955059,83.01005554199219,81.32019212783318,83.01005554199219,13472500
2022-08-05,82.64393630756534,85.41344663134116,82.62516314706481,84.27747344970703,13293500
2022-08-08,83.53580963074857,83.64846291112423,81.59246175573337,82.55944061279297,12120300
2022-08-09,81.62061376638502,81.80837398272425,79.27357524917903,79.9964599609375,13075000
2022-08-10,81.49856888333048,83.24476623535156,81.02916114703649,83.24476623535156,10704600
2022-08-11,84.45585154681186,85.43222064223447,83.84561996684839,84.04277038574219,11158800
2022-08-12,84.19297108673032,85.76079119237757,84.15541760866412,85.30077362060547,12098800
2022-08-15,84.50278111476582,86.31469522952013,84.49339095468913,85.96733093261719,15949500
2022-08-16,85.56364971962364,85.76080012806769,83.15089401257833,84.44645690917969,10566100
2022-08-17,83.55457985213685,84.27746463864213,83.06639894162073,83.74234008789062,9093100
2022-08-18,83.28232528459667,84.1835873390561,83.01006791982338,83.80805969238281,10947700
2022-08-19,83.08517869320016,83.16966865721571,81.69572848554634,81.86471557617188,9602800
2022-08-22,80.18423175707997,80.76629275735218,79.74298734552296,80.02462768554688,8054000
2022-08-23,79.94953903733463,81.30142861560756,79.78993494355285,80.76630401611328,8462500
2022-08-24,80.55038652836022,80.86019025272383,79.98709140203715,80.32506561279297,7085800
2022-08-25,81.04794504787628,82.23084743852503,80.74752436988065,82.21207427978516,6602100
2022-08-26,82.14634640315094,82.41860372502683,79.47072398139548,79.55521392822266,9381500
2022-08-29,78.77602563189488,79.1609363287431,77.71515934983559,77.78087615966797,9639700
2022-08-30,78.65396610500046,78.84173351368382,76.72939851350735,77.72454071044922,8392300
2022-08-31,78.96376108379151,79.67726276816896,77.97800208349908,78.25025939941406,8887100
2022-09-01,76.4665354457556,76.82328999369753,75.21791601574479,76.64491271972656,11566000
2022-09-02,76.56039621737322,77.90290248172906,75.67790747836379,75.95016479492188,8850100
2022-09-06,76.07223859562819,76.07223859562819,74.65462481656219,75.1334228515625,12704400
2022-09-07,73.59376876027959,75.27424987373402,73.44356195933742,75.05831909179688,9843500
2022-09-08,74.17581964530697,75.79996655840071,73.95049875309734,75.33055877685547,8181700
2022-09-09,75.88445799668644,76.6636765746779,75.79996087779163,76.5416259765625,7084700
2022-09-12,76.95470829568164,77.45227936864092,76.75755789861817,77.12369537353516,7903000
2022-09-13,75.49953042995585,76.17547864320852,73.71577979222641,73.988037109375,12835100
2022-09-14,74.86114868832136,75.25545665623972,74.14765403942819,74.78604888916016,8849600
2022-09-15,74.18936034011296,74.82192249873911,73.33020294604461,73.62288665771484,10533100
2022-09-16,72.80149396583677,73.64176480855794,72.6221078747715,73.53791046142578,10604500
2022-09-19,72.27277915371789,73.8589096069336,72.27277915371789,73.8589096069336,10378600
2022-09-20,73.20746170917818,74.05717574665618,73.17913910844605,73.78337860107422,8202800
2022-09-21,73.24522845350319,74.87856087547357,72.8298110961914,72.8298110961914,10869000
2022-09-22,72.17834934399947,72.46158970944646,71.14925660887205,71.40416717529297,10817900
2022-09-23,70.14850494516455,70.23347275531617,69.00610711925508,69.7425308227539,12685500
2022-09-26,69.3648845270527,70.0446558718684,68.84561274890065,68.93058776855469,13441500
2022-09-27,69.40264616050683,69.90303136899689,68.3074574601029,68.949462890625,12430600
2022-09-28,67.13674971047122,68.25081783685137,66.74965488545153,68.0997543334961,12943600
2022-09-29,66.57970211663336,66.7307655974604,64.6536931578112,65.40898895263672,16120300
2022-09-30,64.0211236717164,65.75831768126083,63.95503519979968,64.72921752929688,10472400
2022-10-03,64.27605141004015,65.6827960739161,63.870077247606986,65.38067626953125,11945100
2022-10-04,66.84407360188581,68.85505788214356,66.7685418497276,68.74176025390625,14900700
2022-10-05,68.84561065767076,70.72442506838402,68.52461153409398,70.31845092773438,14037100
2022-10-06,69.83692905435741,70.73384494433142,69.73307472565276,70.19569396972656,11796800
2022-10-07,67.79760960920123,68.00531824841414,65.85271453857422,65.85271453857422,14758600
2022-10-10,65.94714039020319,65.97546299225104,63.265828417491754,63.67180252075195,16042200
2022-10-11,60.612833475702935,61.28316869003258,59.12111756900871,59.90474319458008,28699300
2022-10-12,60.04636806960078,60.641171622849264,59.829219681231216,60.52787399291992,16468700
2022-10-13,59.53652704542037,66.27757573547493,58.837872922612895,62.897613525390625,36639300
2022-10-14,63.501870122872,63.68124903297002,60.21631088736139,60.348487854003906,19440900
2022-10-17,61.34924959822294,61.698571260608446,60.461769736395304,61.26427459716797,11280100
2022-10-18,62.21785557128955,62.41612100991313,59.27218219080204,60.15021896362305,16656100
2022-10-19,59.23442236041357,60.527873001050544,58.6962676309485,60.1030158996582,12385200
2022-10-20,60.18798063204216,61.63249101471461,59.83865532151422,60.02748107910156,11300900
2022-10-21,58.55463708870423,60.21629562197509,58.55463708870423,60.18797302246094,13699000
2022-10-24,57.195100960041835,58.17698833842146,56.34538691941848,57.86542892456055,25010800
2022-10-25,56.609747859756666,57.931524620820745,56.184890786446644,57.72381591796875,21700600
2022-10-26,57.45945758130587,58.516876747791954,57.053483476024745,57.440574645996094,14006000
2022-10-27,58.39413639931698,58.960613624176105,57.50666009572124,57.54442596435547,12937600
2022-10-28,57.37449462798365,58.564090915387325,56.71360620095842,58.54520797729492,11972300
2022-10-31,58.148666748379654,58.79067212322136,57.65772124988003,58.11090087890625,10802800
2022-11-01,59.72535576905975,59.88585891834679,58.13922882080078,58.13922882080078,11561900
2022-11-02,59.00782967868488,59.37603795963153,57.13846206665039,57.13846206665039,16547200
2022-11-03,56.64750753700155,57.48777832255216,56.109356503524154,56.911861419677734,11040900
2022-11-04,58.07314612060381,59.00783176037107,57.61052673647175,58.988948822021484,14662800
2022-11-07,59.12112275302722,59.41380288008824,58.50744349516333,59.253299713134766,8507100
2022-11-08,60.77334068924881,62.07623085009553,60.63172047102333,61.38701629638672,14102800
2022-11-09,62.812651652538285,62.87874013183262,61.32093203063302,61.368141174316406,15086800
2022-11-10,63.95503421952606,66.91015048318663,63.55850339410361,66.88182067871094,21367900
2022-11-11,68.67565007158899,70.4317231373138,68.33576449737761,69.70475006103516,15524700
2022-11-14,69.14774059000658,69.56315806085252,68.20361521306944,68.73233032226562,11575300
2022-11-15,77.34273933276874,78.29630785930743,75.53946383732462,75.96431732177734,48742400
2022-11-16,76.05871397082537,76.06815723847315,74.49147008712076,75.01073455810547,24006600
2022-11-17,74.8691292191593,78.30574427809415,74.2932122864655,76.92732238769531,24278400
2022-11-18,78.15467783471082,78.21132303804389,76.47413624020047,77.67317199707031,18578400
2022-11-21,76.2947635266206,76.50247224603916,75.0296390764958,75.46393585205078,18659700
2022-11-22,76.80458169117087,78.54177576207657,76.69129127994239,77.92809295654297,16504700
2022-11-23,77.83367064664519,78.31516923108397,77.16334273223809,77.38993072509766,14683800
2022-11-25,77.55044200079618,77.76759396237892,76.85179138183594,76.85179138183594,5908300
2022-11-28,75.78492143041404,76.54966768800868,74.48203133700201,74.79359436035156,13214200
2022-11-29,75.44505533410181,75.72828859906168,74.54813198730139,74.8974609375,11502300
2022-11-30,76.12479123165282,78.76834394185732,75.97373498703918,78.34349060058594,21667300
2022-12-01,78.4001425415269,78.957172845954,76.60630356253225,78.06025695800781,15975100
2022-12-02,77.2388816512607,77.5693312394947,76.61576275402992,76.94620513916016,10519800
2022-12-05,77.36160610611735,77.58819409305968,76.42691715416353,77.05948638916016,11523300
2022-12-06,76.85178750149775,76.88955337130545,74.7369492139887,75.11459350585938,13992100
2022-12-07,74.58589669217983,75.25622477276235,74.19880187211014,74.81248474121094,14925300
2022-12-08,75.01073422588526,76.44580837167854,74.68029189070347,76.28530883789062,11197500
2022-12-09,76.33251379169347,77.59764518617901,76.18145751953125,76.18145751953125,13787900
2022-12-12,75.33174226536745,75.93598175048828,74.397060437306,75.93598175048828,11516600
2022-12-13,77.50324047739734,77.50324047739734,75.18069316196936,76.01152801513672,16938000
2022-12-14,76.30419984533782,76.95564855087655,75.07683418045983,75.54889678955078,17910000
2022-12-15,75.20804206079316,75.20804206079316,73.47999490537029,73.68888092041016,17080200
2022-12-16,73.68886488168881,74.11612636932458,72.37859004153303,72.44505310058594,11929100
2022-12-19,73.03372788152384,73.22362752070605,71.93233894998917,72.25515747070312,12561300
2022-12-20,71.31517296679746,72.35009876546845,71.1157837921158,71.79940795898438,12080600
2022-12-21,72.02728601639076,73.50846700022495,71.94182936674537,73.24261474609375,10806100
2022-12-22,72.42605409935518,72.56847699922602,70.28023554137546,71.47657775878906,13019700
2022-12-23,71.1063003540039,71.54305871065574,70.42267605874663,71.1063003540039,7452600
2022-12-27,70.57458315712813,70.96386471763036,70.41317390628404,70.5650863647461,8974800
2022-12-28,70.44167236605253,70.78348452687557,69.15987314100028,69.36875915527344,10275700
2022-12-29,70.59356461253513,72.19818194933683,70.40367224161653,72.16020202636719,11142500
2022-12-30,70.53660906507909,70.8024613223219,69.92894469311534,70.72650146484375,7784100
2023-01-03,72.01779620890817,72.13173600484372,70.0428832096131,70.28974914550781,9276200
2023-01-04,71.20124473792859,72.73939936283,70.70752011730474,72.46405029296875,12316400
2023-01-05,72.1602251361388,72.5779971786694,71.5335670723429,71.90386962890625,10039200
2023-01-06,72.63495536066357,74.76178078344634,72.302640020218,74.1256332397461,13744100
2023-01-09,76.48981048769785,77.11646833980633,76.01507232480215,76.25244140625,22247600
2023-01-10,76.4423511712633,77.45829068504564,76.39487445109582,77.16394805908203,10269000
2023-01-11,77.44880414734493,77.75263636242858,76.55629384631672,77.648193359375,11771400
2023-01-12,80.66752114547778,84.34199774337145,80.15480297526489,82.60445404052734,36086800
2023-01-13,81.0947942374334,82.69940465385022,80.610559176844,82.41456604003906,18719900
2023-01-17,81.86386502435859,85.19652956909748,81.80689875239186,84.49391174316406,21850000
2023-01-18,85.90864223707236,86.61125286236145,84.84522588328328,84.94966888427734,19209800
2023-01-19,84.5318910326225,85.46238118331065,83.80079732017026,83.93372344970703,13651100
2023-01-20,85.45290258948509,86.43086242675781,84.69331833556119,86.43086242675781,14287200
2023-01-23,87.12398195292903,90.89340552151324,87.08600201655838,90.82694244384766,22875100
2023-01-24,90.95034511989012,93.04868709218722,86.92456721685508,89.78248596191406,11370500
2023-01-25,87.9974977857044,88.30133002938155,86.51631650326982,87.74114227294922,14147300
2023-01-26,89.1463409758763,89.5166362021623,87.95949544446466,88.72856903076172,15759400
2023-01-27,88.13041444346172,89.36473687511294,87.57971629740616,88.58616638183594,13646600
2023-01-30,88.15890660484136,89.48817538023067,87.90255109346947,88.42475891113281,14079800
2023-01-31,86.40235498412208,88.07343552640118,85.45287855572514,88.04495239257812,13342100
2023-02-01,88.30132010110357,90.93136698560238,87.89304489044875,89.95340728759766,16788500
2023-02-02,91.71943001489952,92.5739603282542,90.99782583429656,91.76690673828125,14925300
2023-02-03,90.23824749810466,92.05174384764395,89.54512646524638,89.87744903564453,12242200
2023-02-06,87.1619465512173,87.39931567881436,86.1554965243327,87.1904296875,12425200
2023-02-07,87.14296357275434,89.91543358205128,87.04801735894341,89.77301788330078,15258900
2023-02-08,90.21925026329654,91.09277411402763,89.46917023271446,89.51663970947266,12899700
2023-02-09,91.14973718081845,93.58989131350607,90.78893874562594,91.80487823486328,16997400
2023-02-10,91.10226556127007,91.62448052400508,89.48815843924848,90.55157470703125,11511400
2023-02-13,90.64652414683668,91.5200408030642,90.11481961590357,91.25418853759766,7803500
2023-02-14,90.97884758287141,93.9886866683336,90.40916307127809,93.01072692871094,15345100
2023-02-15,87.66516537449426,88.94695717718147,86.18397713580777,88.07344055175781,30208300
2023-02-16,86.38338029741556,87.15245399012002,85.338950290124,86.23146057128906,15568400
2023-02-17,85.42439934077733,85.73772831506567,84.44643973369307,85.5478286743164,11235300
2023-02-21,83.91473833314913,84.90219485504144,83.06021519814195,83.21212768554688,14007600
2023-02-22,83.31657863530582,83.63939722928394,82.28165253162422,82.44306182861328,10106400
2023-02-23,85.7377327343484,87.34234312878709,84.9401686899529,85.52884674072266,15468300
2023-02-24,83.63937738599176,83.69635089912506,82.83232384858627,83.65837097167969,8817600
2023-02-27,84.21856648001405,84.36098941027308,82.8323315962838,82.8893051147461,10609400
2023-02-28,82.73737675761744,83.69634999443876,82.50950443933876,82.67091369628906,7520400
2023-03-01,84.54138338599859,85.49085982935806,83.81028246801078,83.95270538330078,8176700
2023-03-02,83.2121266359064,84.82623391937236,82.71840200315386,84.53189849853516,9761600
2023-03-03,84.19007799410919,85.31046053360737,83.43999070340077,85.25349426269531,10844000
2023-03-06,85.52886893785437,86.71571489699222,84.98766747024482,85.05413055419922,9960000
2023-03-07,85.40542294157687,85.68077204312613,83.83879224273034,84.36100006103516,8761100
2023-03-08,83.88626149191128,86.25045634784729,83.68687226251254,86.240966796875,8813000
2023-03-09,85.17754793529181,86.10803822359688,84.09514515244761,84.38948059082031,10354700
2023-03-10,83.58242562589074,84.66482839222202,82.79435829344182,82.84183502197266,11928800
2023-03-13,82.01577922384304,84.50341031509122,81.94931615717269,83.30706787109375,11847600
2023-03-14,83.5824203248126,85.10158137033677,83.27858811570778,84.77876281738281,11100100
2023-03-15,82.79435652453635,82.83233645776323,81.12328292614286,82.31961822509766,12171500
2023-03-16,82.03233435612287,85.3918943056989,81.90826247088265,85.22964477539062,13184600
2023-03-17,85.00057609172693,85.92636392947303,84.94331326684069,85.39189147949219,13287700
2023-03-20,85.14373577465692,86.25086553945775,84.61880958477289,85.93590545654297,8217500
2023-03-21,86.85214654046136,88.76098492596601,86.66126561456713,88.28377532958984,12299700
2023-03-22,89.23820176609522,90.69846208447782,88.32196014047557,88.3983154296875,12812400
2023-03-23,90.18306295980989,91.45244217007928,89.17138099637364,90.27850341796875,11169700
2023-03-24,89.66769239026257,89.88721203824734,87.89247186879106,88.5605697631836,7653700
2023-03-27,87.84473706641099,87.97835516126968,86.42265461019203,86.52764129638672,9349800
2023-03-28,86.52763459374586,86.72806172050832,85.82135925375681,86.67079162597656,7521300
2023-03-29,87.57750979471123,88.97096098416134,87.28163488456087,88.53192901611328,9264000
2023-03-30,89.09503616590135,89.2572856919634,87.8352030381917,88.2551498413086,10232800
2023-03-31,87.08120998015217,89.00914093510045,86.97622328054405,88.78007507324219,8701800
2023-04-03,88.77054081104309,89.33364470082017,87.5297928128706,88.60828399658203,6863600
2023-04-04,88.79917371729067,89.02823231345296,87.53934051593582,87.96882629394531,6338400
2023-04-05,87.42479610673155,87.97836098299967,84.99103154792327,86.08860778808594,9171800
2023-04-06,85.57322010430502,86.76624398074264,85.32506909914683,86.12677764892578,5874500
2023-04-10,84.38975980167872,84.97195620580085,82.52864492400435,84.96240997314453,12232900
2023-04-11,84.59972840126049,85.74502867881765,84.43747886357419,85.17237854003906,11079200
2023-04-12,84.85741647622388,85.42052032170452,82.90085415955087,82.910400390625,11299100
2023-04-13,82.61452841874394,83.63575673077418,82.0514245532358,83.08219909667969,7910500
2023-04-14,83.94117150493287,84.34203313057066,82.5954441267609,83.22535705566406,7656400
2023-04-17,83.75028864933527,84.03661733515177,83.18718479064137,83.9793472290039,8163600
2023-04-18,84.17976800814961,84.37065621142139,83.51167750079938,84.12250518798828,8468200
2023-04-19,82.29957097158108,83.39714722829115,82.1182289931219,83.25399017333984,11191300
2023-04-20,84.29431251424869,87.6920429013747,84.08433910261436,85.22010040283203,19206300
2023-04-21,83.77892165955242,83.90300082387199,81.39287350437428,81.47877502441406,13175400
2023-04-24,81.50740411439338,82.04187655579659,80.16166949803629,80.78204345703125,10567600
2023-04-25,79.47446531729379,79.59854444503111,78.51050738958715,78.53913879394531,13423700
2023-04-26,78.4914379604281,78.62505607439365,77.5083872869782,78.50098419189453,11583500
2023-04-27,79.12136253961299,80.03760420670808,78.41509428653497,79.85626220703125,10013700
2023-04-28,80.62934581440588,80.65797722839528,79.90398510622849,80.45755004882812,8262600
2023-05-01,80.45752867230878,80.82975151855894,80.07575959671802,80.15211486816406,4931100
2023-05-02,79.69401432792216,80.21894787387652,78.78731887397372,79.17862701416016,6875000
2023-05-03,78.85411007352863,79.94214728445468,78.68231434119083,78.93045806884766,7151600
2023-05-04,79.21678492426484,79.94214547568353,78.87319346736335,79.6844482421875,7290600
2023-05-05,80.45754857858223,81.66965786571258,79.93261505956441,81.09700775146484,6865000
2023-05-08,80.64840978321335,81.64100646972656,80.5625155638383,81.64100646972656,6746600
2023-05-09,81.36424911005344,81.58376876318766,80.45755364553064,81.18290710449219,7287800
2023-05-10,80.6579590236326,81.26878665634524,80.33345274783166,81.03018188476562,7442300
2023-05-11,80.30484943900888,80.30484943900888,78.76823358984237,79.62721252441406,8730900
2023-05-12,79.57948864074363,80.10442223454919,79.16908799876173,79.62721252441406,5069800
2023-05-15,79.531748238482,81.76508551838988,79.43630778134442,81.75554656982422,8707300
2023-05-16,81.78418805969221,82.79587013700484,81.68874030914942,81.96552276611328,11283200
2023-05-17,84.2752288121684,87.61569642992933,84.04616293274002,86.73762512207031,23215600
2023-05-18,87.0907600869611,89.14276301383146,86.91896432374308,88.42694854736328,14879000
2023-05-19,87.93064489811654,88.56056511275372,87.38662620440316,88.36013793945312,9295200
2023-05-22,87.87338244846886,88.22652020197332,87.043035056973,87.53933715820312,9259800
2023-05-23,86.85215281531737,87.17665186910995,86.21269365756768,86.31768035888672,7656700
2023-05-24,85.21055745680097,86.04090490347224,85.11511697918905,86.02181243896484,9443900
2023-05-25,92.63592736245153,97.70389838307484,92.5595793587342,96.34861755371094,60793200
2023-05-26,96.25317019041404,99.67953873851106,96.13864455222446,98.50559997558594,26135800
2023-05-30,99.05915355093383,100.44305825348037,96.90216447044911,97.33165740966797,25248000
2023-05-31,95.18422834481683,95.42283314061773,93.59034277482004,94.09618377685547,22206700
2023-06-01,94.18208980064708,96.00502674142244,94.10573451474004,94.33479309082031,14998500
2023-06-02,96.63494281115807,96.6826666832272,94.1248229674292,94.43023681640625,13085100
2023-06-05,93.54262527672601,94.30615624689382,89.95400714385202,93.58080291748047,10568500
2023-06-06,93.16086819877812,96.01457985905364,92.97952620215266,95.27013397216797,13827600
2023-06-07,96.7590176758111,98.32426461041744,95.00288981030768,95.71870422363281,14367500
2023-06-08,94.47795618894695,96.11001217513136,94.1343646885249,95.38465881347656,9074200
2023-06-09,98.01884821485396,99.90860142103939,97.5893624906321,98.11429595947266,14902400
2023-06-12,99.5841008554914,102.49508247496753,99.55546944310983,102.18012237548828,20568100
2023-06-13,104.98609921498675,105.64465071291457,101.87469096302893,101.93196105957031,17858600
2023-06-14,101.1970646548534,102.79094294045086,100.42398744792158,102.51416778564453,12862600
2023-06-15,101.8509451654308,102.22473442642134,100.70084798621842,100.8062744140625,11987900
2023-06-16,101.04588054929494,101.35257362380337,100.01078868077661,100.22164154052734,11430800
2023-06-20,99.84783883695148,100.51872751299011,98.78399585627724,99.65615844726562,9295500
2023-06-21,98.86070181968252,99.41658536041501,97.39432517530992,97.41349029541016,9340400
2023-06-22,97.20261535607393,99.12903487924763,97.11636136698526,98.84150695800781,8575900
2023-06-23,97.29846720252903,97.9406119951897,96.8096799149239,97.67225646972656,8919000
2023-06-26,97.77767767384127,98.75526689419344,95.92793297712137,95.94710540771484,8560000
2023-06-27,96.94384677286894,98.51564951275323,95.86083126560825,97.83517456054688,9732000
2023-06-28,96.32087830117602,97.64349071413552,96.0525227952543,96.7234115600586,8160900
2023-06-29,97.12595167839629,97.29846698897818,95.86084183817559,96.45506286621094,7383900
2023-06-30,97.18345479316662,97.65307692852961,96.23462430804652,96.7234115600586,11704600
2023-07-03,97.99811073561193,99.36864695329972,97.82559543156245,98.86068725585938,5638400
2023-07-05,97.18344350777326,98.80316256960833,96.76173786907292,96.79048919677734,9010800
2023-07-06,94.97910042870404,95.41997126537363,94.4998920437841,95.27621459960938,9140800
2023-07-07,94.95993775416821,97.70101037141501,94.88326265569448,96.06211853027344,8036600
2023-07-10,96.08127431310403,96.56048266379283,95.2666215793609,95.62123107910156,8041600
2023-07-11,98.07477613814048,98.07477613814048,95.97584136495925,97.04927062988281,7677800
2023-07-12,98.55399269700852,100.08745798073794,98.4869038193497,99.57949829101562,10202000
2023-07-13,100.63376405651084,101.25673643928866,98.25688717383456,101.18006134033203,9265900
2023-07-14,101.5921680063218,102.83811261427378,100.4995735768853,100.76792907714844,9518300
2023-07-17,100.32706868655957,100.66251309667582,98.32397381676874,100.4324951171875,10722600
2023-07-18,99.37823316800784,99.416570714701,97.7680927675924,98.86068725585938,10343600
2023-07-19,99.57951089664172,100.43250129719938,98.30481474762313,98.7744369506836,11204800
2023-07-20,94.45196689362513,96.27295273889783,93.01434187126942,93.79065704345703,22810200
2023-07-21,93.80983173798538,93.91525816869357,92.32429011715672,93.2060317993164,15381200
2023-07-24,93.22519235451927,94.18360908703556,92.7555702029853,94.16444396972656,9054900
2023-07-25,95.38163250446951,96.6946660948269,94.9886854361436,96.14836883544922,9202200
2023-07-26,95.35288238397042,95.96626853169677,94.47114071063126,95.27621459960938,8993500
2023-07-27,97.27930173261365,97.52849213913076,94.7970058189188,95.21870422363281,8049800
2023-07-28,95.94710386213121,96.79050799116239,95.63082457169213,96.6659164428711,6758700
2023-07-31,95.05576701661444,95.63081556461694,94.32736828933713,95.02701568603516,8647900
2023-08-01,95.01743096079147,95.0653547206006,94.01109050191272,94.3082046508789,6428500
2023-08-02,93.44563498169184,93.44563498169184,91.25085970312662,91.7204818725586,9820900
2023-08-03,90.89624095337993,91.82590636972999,90.64705786341314,91.03042602539062,8571700
2023-08-04,91.31795024249527,93.52231177617367,91.17418626210062,92.16136169433594,7562600
2023-08-07,92.70766315807865,92.9089298148672,91.27003791346884,92.34346008300781,6601400
2023-08-08,90.93456527897254,90.95373770596049,89.77488205890887,90.56078338623047,7659000
2023-08-09,91.84506012935857,91.8642252430988,89.81321440240656,90.07199096679688,6426900
2023-08-10,91.4808828711594,91.97926371413938,90.35953694266455,90.85791778564453,7459600
2023-08-11,89.6119603928338,89.6119603928338,88.14558402907512,88.16474914550781,10658400
2023-08-14,87.87724694391433,89.41071250478697,87.50346494195601,89.19985961914062,7489700
2023-08-15,88.67271949868959,88.8548210313548,87.68555136040119,87.8676528930664,6069500
2023-08-16,87.63763514272387,88.86440748533215,87.52262249355186,87.96349334716797,7439500
2023-08-17,89.05608752265668,89.05608752265668,87.55137343539857,87.82931518554688,7712500
2023-08-18,86.32459191720739,87.5321990071756,85.83579735257801,87.31175994873047,9066200
2023-08-21,86.73671577801034,89.04650365275448,86.73671577801034,88.71105194091797,8618300
2023-08-22,89.4682165172529,89.60239429882857,87.99225360777984,88.40437316894531,7059000
2023-08-23,89.88991295237028,91.14543662611315,89.36278078515157,90.30203247070312,10362600
2023-08-24,92.51595562276685,92.75555977896883,88.62478646593101,88.68228912353516,12254400
2023-08-25,88.41393163931271,89.5256984087771,87.60886520250473,89.22858428955078,10356000
2023-08-28,89.91865596335822,90.23493523441348,89.3723587279624,90.09117126464844,5174800
2023-08-29,89.8707355628831,91.64381240271325,89.62155247225554,91.12626647949219,8910300
2023-08-30,91.48087494896605,91.93133198690937,90.69497351430093,90.83873748779297,6073400
2023-08-31,89.4586151922432,90.47454191106108,89.39152631278594,89.6790542602539,8661200
2023-09-01,90.37870835933604,90.64706389694035,89.21901758132601,89.31486511230469,7094600
2023-09-05,89.51611692952534,91.09750587076157,89.00815727294119,90.66621398925781,6396500
2023-09-06,89.94740192621083,90.05282834360335,87.78137823088097,88.42352294921875,7933700
2023-09-07,86.32458503701534,86.53543786425172,84.75278235852043,86.305419921875,14684400
2023-09-08,86.97631102345383,87.28300405909506,85.60577492090174,85.91246795654297,5820800
2023-09-11,86.35334624527538,86.63128797550938,85.45243948783825,85.87413787841797,7268600
2023-09-12,86.69837212723706,87.7622152286266,86.66003458252207,86.71754455566406,8242600
2023-09-13,86.83255208133471,88.06891050924895,86.71754675641006,87.42677307128906,5757800
2023-09-14,89.3834236355402,89.52793376821982,87.9287010400558,88.12138366699219,6506300
2023-09-15,87.19651779432452,87.80345145272122,85.60692124127826,85.9826431274414,19940500
2023-09-18,85.29864914537248,86.38727844577754,85.19267553603056,85.57803344726562,6647400
2023-09-19,85.21193275776064,85.58765466745993,84.57609850676575,84.94218444824219,7172100
2023-09-20,85.27936527340394,86.05008098802136,84.09439849853516,84.09439849853516,6935300
2023-09-21,82.8901601715404,82.98649779879061,82.22541804836132,82.23505401611328,10652500
2023-09-22,83.09246794611958,83.59342799708868,82.32175225991688,82.50479888916016,7967200
2023-09-25,82.2639515101162,83.08283233642578,81.9074942174473,83.08283233642578,8758000
2023-09-26,81.84006552357364,82.10982118758253,80.94411156657819,81.20423126220703,8877600
2023-09-27,82.05200648383234,82.4277283710707,81.0211784483161,82.31212615966797,7860700
2023-09-28,82.12907555863835,83.94024783401662,81.86896324545384,83.24661254882812,6647700
2023-09-29,84.53755453063553,84.80730281637138,83.52599110903655,83.71867370605469,7338300
2023-10-02,83.98842060722046,85.18302328868143,83.83427453214709,84.44121551513672,6305000
2023-10-03,83.81501412255267,84.12329893796536,81.94603329468771,82.2832260131836,8201700
2023-10-04,82.3410119348075,83.58378693497468,82.25430294172733,83.49707794189453,7658500
2023-10-05,83.65123497418108,84.72059947861432,83.36221475943557,83.84391021728516,6651700
2023-10-06,84.86512822448064,86.72447355517828,84.18112134687883,86.02120208740234,9777100
2023-10-09,85.54913079794072,86.06935551278066,84.81695151950986,85.73217010498047,4781300
2023-10-10,86.0019141344229,87.34103443008009,85.87667594638012,87.29286193847656,7182900
2023-10-11,87.91906597443892,88.64160923476447,87.31212493170777,88.63197326660156,8051700
2023-10-12,89.12330722126478,90.01926118299959,88.47782963801345,89.0365982055664,8897800
2023-10-13,89.35451996508662,89.5375666167745,86.89786984541735,87.14835357666016,7985100
2023-10-16,87.16762400379059,88.53563750825971,87.11945151204706,87.88053131103516,8791800
2023-10-17,86.52213395473414,88.34294215884127,85.2793588177883,87.66857147216797,7997100
2023-10-18,85.6261891543949,86.71482568489807,85.33717626539256,86.31983184814453,9982700
2023-10-19,89.68207032705473,91.29093898475325,88.97879896868042,89.5086669921875,22751600
2023-10-20,88.63197390681827,90.86704078089964,87.75528454991407,87.96723175048828,12197300
2023-10-23,86.6859222474016,88.88245247114793,85.89594195026321,87.77455139160156,8227900
2023-10-24,87.86126183109279,88.63197761999854,87.53371239836666,88.28515625,7374800
2023-10-25,87.4759142322193,87.52407937684117,83.50674028085851,84.43159484863281,13027100
2023-10-26,83.93063693184374,84.91329263916653,83.37186831881169,84.24855041503906,9377300
2023-10-27,84.33525432315712,84.56646611966542,82.74565760322022,82.84199523925781,12480700
2023-10-30,84.11367801090522,85.0674405307718,82.85163797059164,82.90943908691406,9785500
2023-10-31,82.99613744367059,83.26588575195822,81.84006381517908,83.15027618408203,9004900
2023-11-01,83.30441221719025,84.65316094588331,83.17916669625613,84.58572387695312,9508800
2023-11-02,87.09054475658527,87.71675035421681,86.19459086461146,87.16761779785156,11032600
2023-11-03,88.29478283620901,89.06549119312685,87.5144311615892,88.42965698242188,9226700
2023-11-06,88.6319811535826,89.21965031228208,87.94797435495171,89.21001434326172,8402700
2023-11-07,88.87282381457491,89.64353958985942,88.3911282925447,89.02696990966797,6241300
2023-11-08,89.91328507893385,90.01925867845547,88.56453618964146,88.63197326660156,6537700
2023-11-09,89.23890399897688,89.9518186175806,88.24661246372753,88.26588439941406,8166000
2023-11-10,90.59729460492352,94.17147449398887,90.18303616225069,93.8728256225586,19281700
2023-11-13,93.45855644994364,93.6223311444999,92.21578126460773,92.89015197753906,9526300
2023-11-14,94.41231218083585,96.04044522251363,94.36413969376899,95.28900146484375,13873200
2023-11-15,96.2909151733974,97.01345833082685,94.81692830825554,95.18302154541016,10422900
2023-11-16,94.64352828747707,95.47204512240133,94.3256148485656,94.93254852294922,8459000
2023-11-17,95.31791668031977,96.06936055358833,94.72061155921595,95.93448638916016,7243000
2023-11-20,96.24275889167642,96.9074936595908,95.89593755620379,96.3005599975586,6448900
2023-11-21,96.33909242382002,96.48360253247364,94.64352233913574,94.80730438232422,10112600
2023-11-22,95.10595025218471,96.00190407780131,94.36413514759494,95.03851318359375,7413500
2023-11-24,94.87474840228478,95.11559615098565,93.9017214395081,94.24854278564453,4297600
2023-11-27,93.85355636005917,93.97880190333014,92.89016528918994,93.6512451171875,6856100
2023-11-28,94.28708517282752,94.6531711275938,93.68014410428735,94.39305877685547,6358100
2023-11-29,95.37572616398614,96.07900495458907,94.99036822461844,95.26011657714844,7091100
2023-11-30,95.30826988518533,95.35644237419083,93.35258737303536,93.74757385253906,9681400
2023-12-01,94.12329623146833,95.16376025859354,93.4681900681032,94.94218444824219,7500400
2023-12-04,93.49709364850936,93.64159640940908,91.76298701681715,93.45855712890625,10619400
2023-12-05,92.92868541345398,93.46818196589835,92.36991692694271,93.1502685546875,8009600
2023-12-06,94.21964186733608,94.96144969642555,93.88244914038728,94.26780700683594,11262300
2023-12-07,94.37378610458889,95.99228335793802,94.30634902528644,95.65509796142578,11373700
2023-12-08,95.49133305508165,96.69557198780271,95.32755097416232,96.67630004882812,10572500
2023-12-11,95.92484883216427,97.5048096036721,95.7321735576255,97.25432586669922,9482800
2023-12-12,96.48361719858588,97.92870380460536,96.2909345743956,97.88053131103516,7378600
2023-12-13,97.6878499113377,98.92098922846814,97.21579037433091,98.3814926147461,8988800
2023-12-14,100.03568516636983,100.48093261939854,99.50332745251602,100.13247680664062,10074500
2023-12-15,100.18089164808983,101.40048717935616,99.10648729181018,99.25167846679688,16379200
2023-12-18,99.54204799528823,99.99697687252544,98.80642554906548,99.62916564941406,5660600
2023-12-19,99.92920775633868,100.64548210927698,99.78401660994695,100.53900909423828,8498500
2023-12-20,99.40652589813102,99.78401845489206,96.73504124793423,96.83183288574219,10814100
2023-12-21,98.0514309414113,99.42589143701595,97.91592116774486,99.26134490966797,9068200
2023-12-22,99.62914839787405,100.26797908368383,99.41620237436138,99.84209442138672,5566400
2023-12-26,100.28735180151105,101.5940574390763,100.2486336675062,101.10041046142578,6407500
2023-12-27,101.68118032291349,101.9909180261734,100.74228583295174,101.29400634765625,5889700
2023-12-28,101.63277427674139,102.13609524292644,101.34239196777344,101.34239196777344,5335100
2023-12-29,101.361752315402,101.603735105542,100.34542164292249,100.66484069824219,4409600
2024-01-02,98.97096714017556,99.32910434969874,97.36419777200737,98.27405548095703,9020900
2024-01-03,97.12220337560345,98.00302422441342,96.4640173145959,96.95765686035156,6650600
2024-01-04,96.33818559230696,97.21900647812221,95.94133766327826,95.95101165771484,7996700
2024-01-05,95.8251879085931,97.41259447104804,95.63160462428549,96.4156265258789,7347300
2024-01-08,97.40291855643078,99.49365359095732,97.27709015304383,98.96128845214844,12455600
2024-01-09,97.80944655919487,98.69994145303394,96.99638054567276,98.62250518798828,7764000
2024-01-10,99.23230217656588,99.48396635325135,96.77376345681236,97.56746673583984,6975700
2024-01-11,98.43859420684625,98.88384903081484,96.78343283986852,97.97399139404297,7862700
2024-01-12,97.65457274376381,99.09678808379546,97.6352173701215,97.99334716796875,6519700
2024-01-16,97.3061277482344,99.06776233449467,96.98670866219366,98.4095687866211,11185500
2024-01-17,97.6352225162422,100.01633237509346,96.79311971620874,99.64851379394531,17649500
2024-01-18,107.63395738972582,109.75372929557787,105.96912176024574,109.4052734375,58783700
2024-01-19,109.58917415249509,111.45728170661867,107.45972103294477,110.5377426147461,37812600
2024-01-22,111.09915320909471,111.40889092908283,108.91162640776807,109.4052734375,17755500
2024-01-23,109.8795473350501,110.9442775702009,109.53109889458963,110.46998596191406,11667900
2024-01-24,111.63150734486402,115.03862192802322,110.93459569758102,112.78334045410156,21859200
2024-01-25,114.23522286382843,115.02892605439719,112.74461549851702,112.8220443725586,15485300
2024-01-26,113.15115508939503,114.25459603085105,112.57039786516482,113.4996109008789,10196400
2024-01-29,113.41248617849847,114.0900423850936,112.0477071559586,113.22858428955078,10042200
2024-01-30,112.62847894265029,114.22556695518044,111.85413100180863,112.33809661865234,11030800
2024-01-31,109.86019289751722,111.06042553633864,109.26007288574196,109.33750915527344,12853900
2024-02-01,110.15057849916232,110.37319854978958,108.99873795591824,109.75372314453125,8807600
2024-02-02,111.17657438425958,112.24129719055281,110.26671672456035,112.03803253173828,10044000
2024-02-05,113.373775750459,115.7064934244347,112.84141803560406,114.98054504394531,13267600
2024-02-06,116.26791021999465,117.11000572335884,114.48691279091466,115.5516357421875,11503800
2024-02-07,116.16140462424845,120.99137838151476,116.15172324625416,120.9720230102539,18172500
2024-02-08,122.92724935929172,130.42871536350046,122.06579127345762,129.44142150878906,33367000
2024-02-09,130.18676306073127,130.83527527539007,126.4021480397229,128.84133911132812,16984200
2024-02-12,128.99619815376005,129.22849219469904,126.082715721678,126.27631378173828,14203800
2024-02-13,123.82743643487613,125.75361741974002,122.42393917457042,123.45962524414062,14494000
2024-02-14,125.4729294035016,126.59571839953894,123.8564786456083,125.12447357177734,13069700
2024-02-15,126.60540082596273,126.92481988650701,124.2339723976939,124.89215850830078,12554000
2024-02-16,123.05308194135833,124.51466001589256,121.7754131447014,122.627197265625,13104400
2024-02-20,122.82077642405332,122.98532293836463,120.16864728348155,121.31080627441406,12038800
2024-02-21,120.43966688706446,121.35919847678879,118.96841486655988,121.32048034667969,11469700
2024-02-22,125.53099025822551,127.26358047747041,124.86311541729896,124.93087768554688,17014100
2024-02-23,126.31501592436598,126.8086554971807,123.6338498701179,125.3761215209961,10123300
2024-02-26,125.85041079666163,127.0215992036619,124.43722483551498,126.45052337646484,9526700
2024-02-27,126.576375918305,127.73789048478811,124.46627807617188,124.46627807617188,8851800
2024-02-28,124.37916776947895,124.45660404314913,122.58849640305104,123.29508209228516,6519100
2024-02-29,123.9242182258873,125.0470218526676,123.07244151175377,124.54369354248047,9369900
2024-03-01,125.9568677378481,132.26776732312706,125.92783098894768,129.60595703125,24393000
2024-03-04,135.45228864211066,137.4365504703193,133.26475477211804,133.82615661621094,26544600
2024-03-05,132.72272407025207,133.02278038513543,129.4414378274535,130.6416778564453,13694700
2024-03-06,134.34885569392037,139.38209506170125,134.16494639982284,137.030029296875,22292700
2024-03-07,140.2532367741592,146.73838817543412,139.52728831307255,144.41534423828125,34675700
2024-03-08,148.96460725265953,153.32029769594732,140.28226312081586,141.67608642578125,43856900
2024-03-11,139.0142727055949,139.76925785182564,134.47467306386278,134.56179809570312,29227100
2024-03-12,139.88543364818813,141.995516763233,136.06210802073954,139.76927185058594,21218500
2024-03-13,138.46254692059892,138.63676742940038,136.83641499116965,137.58172607421875,12923100
2024-03-14,138.03666717365752,138.51095877230887,134.56179775687633,135.14254760742188,14961900
2024-03-15,131.09659651618293,133.28411558478038,130.31257465259802,132.5872039794922,22751200
2024-03-18,136.2355808003143,137.5573134491992,132.76604186538785,132.79519653320312,14732900
2024-03-19,131.492905235868,132.43561237345614,129.2867747853791,131.0749969482422,17341100
2024-03-20,132.6882888294988,133.4463398383566,131.21105475838158,132.902099609375,12750200
2024-03-21,138.53891611224515,138.58751217288722,135.12767136960895,135.52613830566406,17809400
2024-03-22,135.47752737313542,137.362941615368,135.19569397944633,136.58544921875,9944100
2024-03-25,136.21617232216914,137.6933917856708,135.34148768330596,136.28419494628906,9922200
2024-03-26,136.653519016814,136.99367665506986,134.73894965398105,134.93331909179688,10786400
2024-03-27,134.9527186647004,135.36089880645636,131.34710516837333,132.84378051757812,13842800
2024-03-28,131.86221802263458,132.9507134556904,131.6289806529652,132.22181701660156,10019400
2024-04-01,133.42691151036695,138.9373814417638,133.19367414907896,137.5087432861328,14222700
2024-04-02,136.4299612825726,137.0713787863482,135.42894483654902,136.2744598388672,9869200
2024-04-03,134.68062849883253,138.90821901110695,134.4959723587922,138.00439453125,9707500
2024-04-04,139.94810132639802,142.6207213170063,135.50668571478587,135.730224609375,15759500
2024-04-05,136.06063749484707,138.0043608876306,135.01102508321208,137.3823699951172,8263600
2024-04-08,141.15321378687284,141.8918234195013,138.74298583515713,138.7721405029297,16307400
2024-04-09,142.14450230727465,144.00076191449705,138.9276421043802,141.30870056152344,18443400
2024-04-10,142.50410350219613,144.2534429157555,141.1726427239381,142.1056365966797,18861300
2024-04-11,143.0580596923828,143.4079305474962,140.0744515588459,143.0580596923828,11818800
2024-04-12,140.9199635210886,142.3874695267463,138.15015140976237,138.50975036621094,12024000
2024-04-15,140.93939099586368,141.38643908324485,135.94402234082546,136.1967010498047,13458800
2024-04-16,134.0100125208675,136.5854401575345,133.2033655104656,135.86627197265625,14218200
2024-04-17,137.15886623538728,138.5583496578067,133.49494294605788,135.11795043945312,18823200
2024-04-18,129.15072160308222,131.32769750168802,126.633602952136,128.5481719970703,39306100
2024-04-19,125.7297579355969,127.84842439811725,123.07657933975804,124.10675048828125,28284000
2024-04-22,123.18347485492684,126.98345779610335,122.24076778605323,126.09906005859375,18556800
2024-04-23,127.66374545221271,129.94762623491974,126.98344527101224,129.6754913330078,12573800
2024-04-24,132.2606896560815,132.4550590808403,127.83871480299517,129.22848510742188,15558000
2024-04-25,126.342039974273,133.96143328750324,125.23411806306062,132.7368927001953,18034300
2024-04-26,132.96041358760834,134.8361146166792,132.1246118269295,134.4084930419922,9453400
2024-04-29,134.11694380006205,134.7486481108242,132.08575596389383,134.60287475585938,9997100
2024-04-30,134.05861738925145,135.76908879727776,133.39774366220524,133.47549438476562,10980600
2024-05-01,133.55324904130342,135.50668595383405,129.46171909840118,131.14303588867188,12561800
2024-05-02,131.78446566724094,132.89238752316706,129.47142984386912,132.396728515625,9261900
2024-05-03,134.99159580563295,138.11127865583282,134.855535749111,137.57675170898438,13264300
2024-05-06,136.517425502153,138.81101989746094,135.87599316791673,138.81101989746094,8601600
2024-05-07,137.87802918703082,138.28620936458356,136.55629654234056,137.13941955566406,8682900
2024-05-08,137.13941553340138,140.20077418997528,136.83814075614643,139.55935668945312,10202300
2024-05-09,138.91792867122672,139.31639557003064,137.15886117825607,138.7721405029297,8012700
2024-05-10,143.0774824842166,146.26518771449688,142.79563428314148,145.06007385253906,23671400
2024-05-13,143.85498122289164,144.26316138073074,142.18337781682666,142.290283203125,8278700
2024-05-14,142.36805046123186,147.73271729838723,142.13479827418524,147.67440795898438,12316500
2024-05-15,149.0447209433586,151.6104354109825,148.43244328570316,151.20225524902344,14027100
2024-05-16,149.76390959782242,150.69688862312123,147.92709138549145,147.94651794433594,13394100
2024-05-17,149.66669825461494,149.66669825461494,146.59561179630066,147.41197204589844,7711200
2024-05-20,147.4022653376143,149.89995707690036,146.57619177302334,149.2293701171875,9261200
2024-05-21,148.01454719259414,149.65699591949348,147.6743896490063,149.3459930419922,7919400
2024-05-22,151.49383355733661,152.805838188647,150.19152737672732,151.7562255859375,13455200
2024-05-23,154.70092600215884,156.2559105304414,151.48406640333786,152.66973876953125,20873000
2024-05-24,152.776678171198,156.13932666010805,152.300475360782,155.49789428710938,11908200
2024-05-28,155.18689153139047,155.8672066831063,153.16543195359398,154.92449951171875,13964400
2024-05-29,152.3393371027836,152.46568388216338,148.89895285680095,149.9971466064453,15780000
2024-05-30,149.26823814189993,149.7153010584283,147.6160761823901,148.65597534179688,9687800
2024-05-31,147.2176301352609,148.2089333829163,143.65089889502062,146.79000854492188,13782600
2024-06-03,150.75519580352332,152.7280740467351,148.1700547179095,150.58998107910156,12924400
2024-06-04,149.083618816706,149.46264438814333,146.74144276215063,148.17979431152344,10066700
2024-06-05,154.12756047151515,159.1229295682122,153.50556950797667,158.33572387695312,23192600
2024-06-06,159.89071740527203,160.0656454219933,155.84776850744876,157.50965881347656,14819100
2024-06-07,158.9674395667291,161.445675259237,157.40274149698362,159.7643585205078,14023300
2024-06-10,159.38534992950432,165.06101980695385,157.84980636406584,163.4282989501953,12418900
2024-06-11,163.44769547702649,163.67123434780171,159.18122315789122,161.04721069335938,11508600
2024-06-12,168.48196788143082,171.10599186338814,166.7131722280886,168.11265563964844,20309500
2024-06-13,168.61377389486458,169.70570323644952,166.23494748712943,168.5747833251953,15591800
2024-06-14,167.6875913428858,169.28647243273434,166.08871025303728,168.18479919433594,9192500
2024-06-17,173.38116666101973,174.1903585681407,169.13048060595906,172.7962188720703,18593700
2024-06-18,175.50649661738197,180.2251433274359,174.50232223128998,175.1847686767578,27155100
2024-06-20,178.0022948144426,178.5774985663509,169.14994983340443,170.98281860351562,28403200
2024-06-21,168.37978993494644,173.03018491434509,167.89232602611256,169.59844970703125,20175600
2024-06-24,166.15693667331817,167.12212054413385,162.92992805765536,163.60263061523438,19741700
2024-06-25,165.6889547186606,168.3115125339631,164.77252032768487,168.27252197265625,13346800
2024-06-26,167.80459387148858,169.3352378924602,165.93273399399723,167.755859375,11901500
2024-06-27,169.43270665609427,171.08033712369792,166.8588976944809,167.32687377929688,10864600
2024-06-28,168.47726643874458,172.3867363377653,168.47726643874458,169.4521942138672,11216100
2024-07-01,169.87142351080274,170.90484458816468,166.17643885546053,168.00930786132812,10717000
2024-07-02,166.8394026600265,172.27950168282808,166.7419039275025,171.29481506347656,10655500
2024-07-03,173.52740615638058,177.91458129882812,173.42016350229426,177.91458129882812,11808700
2024-07-05,179.52321687217147,180.43965144753963,177.72935316680585,179.37698364257812,11372900
2024-07-08,185.2362769831111,187.96607772442144,180.4883834860914,181.95077514648438,22582400
2024-07-09,183.37417672422072,183.71540742404662,177.92433358364957,179.89369201660156,19935200
2024-07-10,183.55940974797423,186.62068252421054,182.01902199893306,186.2599639892578,19293500
2024-07-11,188.24880211394995,188.619279432007,178.42152827278252,179.87417602539062,21584200
2024-07-12,178.4800355185918,185.60675519795475,178.16805148894338,182.65272521972656,19220300
2024-07-15,183.94936791471451,185.29477302265715,179.4647090152681,180.5761260986328,15683100
2024-07-16,183.54964887684218,184.83654575171136,180.38113373734902,181.37554931640625,16663300
2024-07-17,170.82685252198385,172.15275494223155,166.23493597888387,166.9076385498047,45052600
2024-07-18,171.0998294783442,174.20985155105137,160.3853675646893,167.5608367919922,52903600
2024-07-19,164.92854891527878,166.24470751366835,161.0775867355502,161.61380004882812,22585300
2024-07-22,162.43274181860988,166.59568821445737,162.01351507615664,165.1040496826172,21037200
2024-07-23,165.1722757907425,167.23911808773,163.7586333729686,165.562255859375,11690700
2024-07-24,160.95081827017188,161.30179285433297,155.58871565873235,155.79345703125,19536600
2024-07-25,154.19460168474498,159.30321440801956,148.29628485901782,156.26144409179688,25731800
2024-07-26,160.18063666631753,160.46335917598833,155.19875513297674,157.8798065185547,13089200
2024-07-29,158.60123951616177,159.1374527548746,154.65279402249664,155.99818420410156,12663100
2024-07-30,156.4174433526029,157.10963386940418,148.72526238898618,150.6653594970703,22018000
2024-07-31,159.66393359979307,162.47171561177348,158.00655927737185,161.64303588867188,19860400
2024-08-01,159.3811856421195,163.46613532653038,152.90766592690676,154.2140655517578,21095600
2024-08-02,147.45784079888202,150.00240314259247,143.20715467733325,146.10269165039062,31095300
2024-08-05,130.5038542628977,146.23919057356443,130.2211317066588,144.24058532714844,31193100
2024-08-06,146.66812929239174,153.75585801670385,144.01632469095983,151.4940185546875,24528100
2024-08-07,157.49960699370678,158.57201877005073,150.64586496963042,151.15281677246094,22379000
2024-08-08,155.27675968783103,160.61936003221084,151.6402681701549,160.42437744140625,18889600
2024-08-09,162.15001647554598,163.59290561116504,159.14723673975226,162.92994689941406,20519400
2024-08-12,161.83800233028091,165.27949600901425,161.3895290313003,163.42713928222656,14727300
2024-08-13,163.78787502631818,168.12630088361692,162.16949126231341,168.01905822753906,15243500
2024-08-14,167.5705965198716,168.184790923525,162.99818271687033,165.70848083496094,11510300
2024-08-15,168.10679645987898,171.04133871183862,166.53717695460298,169.59844970703125,15393500
2024-08-16,169.04271845587456,170.61235269572387,167.9313014390768,170.16387939453125,10710000
2024-08-19,170.37839903526563,171.0511016845703,166.8101741311331,171.0511016845703,11511000
2024-08-20,171.0023514278563,171.0023514278563,165.5915133661762,167.72659301757812,13555500
2024-08-21,166.0887233852924,168.7405285551356,165.65000879035784,167.1416473388672,9434800
2024-08-22,167.68756337201265,168.93546963026523,161.89649048931952,162.2669677734375,13546100
2024-08-23,164.76279210897525,168.94522567082143,163.7098683387541,166.98562622070312,12189100
2024-08-26,166.10817700536847,166.7613767427261,163.61236461301246,164.83102416992188,9611300
2024-08-27,162.2474844226713,166.30318768425383,160.90207928392093,166.27394104003906,9186000
2024-08-28,167.02465140923678,168.1458125198568,162.0330105517812,164.95779418945312,10581400
2024-08-29,164.42154799869408,171.0218125864238,163.3101310336949,164.9090118408203,13213200
2024-08-30,165.79622998388382,167.91182166122172,164.51907686368517,167.39511108398438,9481400
2024-09-03,163.7878738410323,164.45081761837568,155.79346868832076,156.46617126464844,18464400
2024-09-04,155.30599529643092,159.77116622678122,154.96476462960752,156.8366241455078,11317400
2024-09-05,157.48984011621448,160.4633730674291,157.0121349851171,159.59568786621094,10260600
2024-09-06,160.7558271012966,161.2627936682509,152.09846440565642,152.88816833496094,14964400
2024-09-09,156.72940248018094,159.01074505218944,156.23219461096087,158.69876098632812,10339000
2024-09-10,158.80598675564664,158.80598675564664,153.73636523445933,158.35751342773438,11910800
2024-09-11,159.6931810513131,166.10820793866037,157.37284806246763,165.9619598388672,15059500
2024-09-12,166.93656994187484,168.45327355472804,165.3709221033578,167.7487335205078,13399900
2024-09-13,168.54134968425134,171.01701965268458,167.76830566325293,168.79576110839844,8787800
2024-09-16,166.26139732240316,166.89743340710265,163.18882552049422,165.44921875,12194300
2024-09-17,165.71341528363888,166.5843029904208,162.7876166173773,163.75636291503906,8629100
2024-09-18,164.8425502904869,167.91512233531287,163.41389529486005,163.68788146972656,9116000
2024-09-19,170.63541310166337,173.9623963957608,168.92299215564617,172.43589782714844,15855000
2024-09-20,171.11488710754224,172.2402012967797,169.92108384236928,170.34185791015625,18429800
2024-09-23,171.08551655344354,171.63348883431414,169.9699972870642,171.00723266601562,5794200
2024-09-24,175.64546266321838,178.85502758313143,173.24807632618513,178.0624237060547,14576100
2024-09-25,177.62208656896865,179.87269989836796,177.3187458247383,178.43426513671875,8280900
2024-09-26,184.45217578830474,185.26435426918704,179.85310595646567,182.8180389404297,15103400
2024-09-27,181.84929619613214,181.947154783616,173.5905330982638,174.14830017089844,17908400
2024-09-30,170.52776500281814,173.02300979828374,168.2380023478601,169.94064331054688,13540200
2024-10-01,171.5454462284442,172.21085188812862,167.11272320733377,168.37503051757812,11850200
2024-10-02,169.2459066381689,173.16979152241427,167.12249153792848,172.02491760253906,11164400
2024-10-03,172.02491562098393,176.90775199252352,171.35951001498051,175.62588500976562,12555000
2024-10-04,175.84115111928713,177.33829497644678,173.73732581000712,177.26980590820312,9993800
2024-10-07,177.70035186094967,181.02733474324074,177.04472621195,180.5478515625,12054200
2024-10-08,180.9882195543381,182.53427787102325,178.1211299127469,182.0548095703125,10394200
2024-10-09,183.76721451141313,183.96291675577956,178.34617126260585,183.1213836669922,11925000
2024-10-10,181.8688875286153,183.0626907356754,180.44023264879525,181.7906036376953,6443800
2024-10-11,184.1292768284309,187.3779910422911,183.9727090499286,186.71258544921875,12163900
2024-10-14,186.51690196844024,190.07873716675232,186.40926347627448,188.08255004882812,11714400
2024-10-15,188.81641201559728,189.4622279253761,180.2934427000807,183.11160278320312,21812700
2024-10-16,185.70471497762105,185.92977183979536,182.65171778247048,183.4541015625,18689200
2024-10-17,198.98330962932587,208.03467701966815,197.63293868934727,201.41983032226562,62274700
2024-10-18,201.52746929784655,201.52746929784655,196.44891589573555,196.46849060058594,21030800
2024-10-21,196.49785347722914,199.07138228749915,195.37255426444887,197.61337280273438,14820000
2024-10-22,194.7952220673232,195.87159195222281,192.87730410362224,194.21788024902344,11165100
2024-10-23,192.45653595235694,198.76804221858893,192.01620212546595,196.54678344726562,16535700
2024-10-24,194.68759858112986,196.19452250850708,193.17087983486374,193.67970275878906,9935800
2024-10-25,195.94989454079777,200.7935968128843,195.70526296209513,199.07139587402344,13434900
2024-10-28,194.98111755351724,195.45082086141838,190.34291310420673,190.4994659423828,20135300
2024-10-29,190.21570795554868,194.52121727520372,189.44267882507023,192.71095275878906,13779100
2024-10-30,190.20594356187533,191.2529589199183,188.47394786121183,190.3037872314453,10007800
2024-10-31,188.71856751549404,188.71856751549404,183.6302341542396,186.44837951660156,13062700
2024-11-01,190.02979846129972,193.91454894387772,188.41523608983445,188.806640625,12691200
2024-11-04,189.54053301977004,190.18636393294574,186.50711058134385,187.4464874267578,10917300
2024-11-05,189.42310965546008,194.08088914145617,189.33504587810916,191.55628967285156,10339200
2024-11-06,187.9161626324431,190.0884919649707,184.45218649553743,189.07083129882812,19834900
2024-11-07,192.0944772741086,197.67207366682308,192.03576809067872,196.86968994140625,14865200
2024-11-08,199.51172418667662,202.17331688350754,195.72483223152713,196.87948608398438,13112100
2024-11-11,193.7090518649043,193.94388859546075,187.37798619749046,189.8830108642578,16610000
2024-11-12,189.66773916488248,189.8340868306795,185.64599580024523,187.6519775390625,11819000
2024-11-13,188.30758308537781,188.34671756342692,182.49513510641341,182.65170288085938,13882200
2024-11-14,184.35433561849194,188.52286691102262,183.5128024640908,184.4521942138672,11453900
2024-11-15,184.13905560820072,184.74575201346795,180.84142704812152,182.01565551757812,9834800
2024-11-18,180.39132447982044,183.96293940540045,179.54979128742306,183.4541015625,10681500
2024-11-19,185.06867879826873,185.9395665840305,183.98251403794782,185.59707641601562,9390100
2024-11-20,184.79466873385135,184.79466873385135,180.10752013081685,184.315185546875,10624500
2024-11-21,185.34265702170427,188.17059723242343,182.7299937763236,187.13336181640625,18137300
2024-11-22,188.80664138228386,188.8555706821573,185.3622247207334,185.99827575683594,8838900
2024-11-25,184.05099517632047,184.2075629567259,179.76506043838103,181.1056365966797,14380000
2024-11-26,181.4187562130428,181.9080193257329,178.41468846531066,179.8922576904297,10186600
2024-11-27,178.09176764803271,178.5321014499485,174.22659216057787,177.29916381835938,9895200
2024-11-29,177.61227480478064,182.9354594106032,177.2893593859211,180.69464111328125,8045300
2024-12-02,185.27416887915538,191.09639746656808,184.88276432564717,190.2255096435547,16646900
2024-12-03,189.34483869866443,194.72673333867814,188.46417100274908,194.6190948486328,11217700
2024-12-04,195.5584584815697,198.24940541376924,194.0123853615165,196.3804168701172,12761100
2024-12-05,196.92837994682952,201.21432909332128,196.439116891061,199.9128875732422,12483700
2024-12-06,197.66228426818282,198.8267327872574,195.63672795057417,198.66038513183594,9672900
2024-12-09,196.6152671867333,198.76803682624396,194.7071440345536,194.89306640625,9699700
2024-12-10,194.82458031790586,195.61718418316897,186.28203549398557,187.81832885742188,15307900
2024-12-11,190.4896926827801,191.79113431450637,189.10996716368027,190.42120361328125,9027600
2024-12-12,191.05534966877076,191.830833611285,187.77668210728348,187.94357299804688,7944900
2024-12-13,194.8640610798348,198.8200428944105,193.6468451236814,197.29852294921875,19477000
2024-12-16,199.46793234421185,201.72569248205457,197.18072439845048,198.5059356689453,15139300
2024-12-17,197.30834593239138,198.68262692756937,193.84318065733453,196.97459411621094,11169400
2024-12-18,199.27161799656997,201.4704826219099,190.3976569679699,191.96826171875,14721100
2024-12-19,194.75607625960419,194.92296713216274,190.38781027337112,191.0651397705078,10553400
2024-12-20,189.06263546886376,194.4419833493088,188.45401245751677,193.5879669189453,16170100
2024-12-23,197.30835388528462,204.2288737709989,197.2200104560065,203.55154418945312,17847000
2024-12-24,202.13799293014702,203.3944827635814,200.79315966589465,202.54046630859375,7634500
2024-12-26,201.72570906104266,204.33685808704746,199.1636447117827,199.3305206298828,8044900
2024-12-27,200.74408745587263,200.74408745587263,195.3941868983559,197.9268035888672,10664400
2024-12-30,196.1696322783135,198.26051639695535,194.83461013800152,196.70953369140625,11235200
2024-12-31,197.10220235726285,198.0740250056672,193.7352063262288,193.86282348632812,6427900
2025-01-02,193.381802255391,200.0274653390722,193.0774982626213,197.877685546875,10951400
2025-01-03,200.3514177018653,204.96509248684876,199.9587552865976,204.77857971191406,10261900
2025-01-06,214.75199165877197,218.11898779221653,211.72855830587096,215.96920776367188,24339900
2025-01-07,217.1766051332744,217.41218759156678,207.43880242233382,207.53695678710938,17010000
2025-01-08,206.11359479716498,206.43753566154032,202.13797597978993,203.31593322753906,13262700
2025-01-10,203.78713693770834,206.12341466970105,199.49738801321033,204.54298400878906,17265200
2025-01-13,196.8371745312873,199.8507819076943,196.37580553897592,197.6617431640625,16612400
2025-01-14,201.4213911751413,202.47173128821166,194.8542603077496,197.7500762939453,14182900
2025-01-15,198.77097770325372,205.2006653037942,195.6886490364736,203.00181579589844,18286500
2025-01-16,214.8697657763514,217.87356202343722,209.25482070823492,210.84506225585938,38539600
2025-01-17,211.2181025934703,211.7187303435454,207.18358784715863,207.61550903320312,21606100
2025-01-21,210.52114131980596,216.10662373274755,208.15540082904354,214.68325805664062,19061300
2025-01-22,217.873544108797,221.28962436591553,215.28203236571778,219.1005859375,17294500
2025-01-23,216.0575642074135,220.57306983997853,215.38023461789368,220.49453735351562,8986800
2025-01-24,222.06514132909007,222.2418281771578,216.90175428440878,217.8048553466797,13183800
2025-01-27,193.4210455398977,203.19812114801067,184.22314504241686,188.77792358398438,68667500
2025-01-28,192.05659096982373,199.11453833010734,188.92519264299813,198.6826171875,31738800
2025-01-29,200.73425422629631,202.65824763651787,196.08130570979463,198.61392211914062,15199500
2025-01-30,202.77605847154746,205.77002894700877,201.647170852608,204.3270263671875,13539000
2025-01-31,206.0743069389835,211.05119581606527,204.37608523175652,205.47552490234375,15746900
2025-02-03,195.96352569221318,201.22508253049256,194.34382122102596,196.13040161132812,17719800
2025-02-04,200.32197451233546,201.9711117588691,198.3685182699996,200.30233764648438,12692900
2025-02-05,202.21649833738684,206.61421216549073,200.08635546785933,204.7393035888672,10997800
2025-02-06,206.201959418332,207.30138429878124,203.19816288528986,206.63388061523438,8491400
2025-02-07,209.09775944603237,209.26463535398537,201.9416573765679,202.3343048095703,11616200
2025-02-10,204.1797914634577,206.1234218228205,202.73678885435098,204.13070678710938,9296500
2025-02-11,201.36249131340278,205.98597686346253,197.30834003107458,204.90618896484375,9224500
2025-02-12,201.13669497388534,203.26685281627135,199.28140828740257,202.5895233154297,7373700
2025-02-13,198.17217732245865,198.5844615982573,195.57083953999808,198.1230926513672,15580900
2025-02-14,196.30707335044397,202.46191990968953,193.8333675862775,200.1550750732422,23220300
2025-02-18,200.99929230304934,202.0692843201053,196.83717538888445,199.0164031982422,14988100
2025-02-19,198.29977592903938,198.87895107184727,196.34633487014077,197.25924682617188,13163100
2025-02-20,196.60158310473176,196.66047872623088,193.98062309823686,196.42489624023438,10639300
2025-02-21,197.6322734472742,198.96729560030138,192.4099760614937,194.59902954101562,13757300
2025-02-24,193.26403590020377,195.13894476953251,187.94358336707032,188.1300811767578,15114300
2025-02-25,187.14842697917265,189.975536345897,184.02683953553034,185.89193725585938,20581000
2025-02-26,187.58035172984242,192.47870854328048,187.58035172984242,191.04551696777344,14112300
2025-02-27,191.11424561319234,191.19277809764432,177.7542118835444,177.76402282714844,24219200
2025-02-28,176.01671552181463,178.81437722717504,172.2963308296179,177.2143096923828,27929400
2025-03-03,177.8229228730043,178.23522217127706,167.92806924234296,169.7931671142578,37403000
2025-03-04,171.8447736942675,180.2279329323339,170.98093134281226,176.6940460205078,29395200
2025-03-05,179.63894175809273,181.34698954741108,177.4008184361111,180.8954315185547,17334000
2025-03-06,175.30010973957846,178.21556239148566,172.56134392546525,172.62025451660156,17864300
2025-03-07,172.5613527831208,175.19213844966438,167.8789715987717,173.84730529785156,21012700
2025-03-10,169.3023426119347,171.67789404823776,164.8260959399891,167.51576232910156,18265100
2025-03-11,167.5157650830181,170.14655087642652,165.01261142717541,167.82989501953125,16561100
2025-03-12,172.3748587282097,174.85839043097488,171.55027515602941,173.916015625,14737600
2025-03-13,170.69625190923483,170.69625190923483,167.36851488112123,168.43849182128906,14381600
2025-03-14,169.4790537063946,171.16746488255362,168.77227623830285,170.89260864257812,11449400
2025-03-17,170.75516343842025,173.90621391660974,170.62756125454655,173.00311279296875,9678100
2025-03-18,171.84420371703155,172.04129234734563,167.9516318430601,170.6123809814453,9986000
2025-03-19,170.4842573041488,173.17455380156494,169.24258546770236,171.2332000732422,10678500
2025-03-20,172.3073863437074,176.0718291556694,172.01174585220568,174.8892822265625,12209700
2025-03-21,172.36649286299152,174.62318546573724,171.26276948276578,174.16001892089844,9993200
2025-03-24,177.3726503233462,180.26988518407452,177.06714560988874,178.525634765625,11440000
2025-03-25,179.8165706128999,179.85598232721915,177.18539885277173,178.26939392089844,8718800
2025-03-26,176.62367652180157,176.9390303769863,168.97652597636554,170.9770050048828,14612400
2025-03-27,168.89769030683823,169.11449232663966,165.11353420341266,165.7935028076172,17559100
2025-03-28,165.5963758845333,166.17780760343155,161.6742567768864,162.84695434570312,16332000
2025-03-31,158.02807597915856,163.7141739468438,157.40723250753592,163.5860595703125,19408300
2025-04-01,163.97038692869847,166.41431901907504,162.6597257371973,166.1876678466797,9180000
2025-04-02,164.42371583931916,169.2524552734076,163.93098671188565,167.9122314453125,10072700
2025-04-03,157.7324516664803,159.44715450626663,154.92390455900468,155.0914306640625,28370500
2025-04-04,148.69578840627142,149.10967904921085,142.73376324038628,144.66526794433594,36085100
2025-04-07,132.5539865509284,151.51420908852614,132.2977728138838,144.04443359375,46388300
2025-04-08,149.7699529998641,150.39079656047105,136.95899469131987,139.31423950195312,30479700
2025-04-09,138.16123071017083,158.28428448714374,135.89467393994977,156.4414825439453,45612500
2025-04-10,153.23875980669712,153.73148893790835,144.77367694134387,148.93231201171875,24503500
2025-04-11,153.73149485715285,155.7122606276051,151.02148453114535,154.79579162597656,19632200
2025-04-14,155.9980251220496,156.28380136376313,151.79011469295864,153.57379150390625,17509400
2025-04-15,154.2143634729415,155.9487645404872,153.78075944683025,155.04214477539062,14306600
2025-04-16,148.41001454104955,151.30724908845593,146.3306970870472,149.46444702148438,23806100
2025-04-17,153.78073873157808,155.20964996194354,149.24762547983548,149.53341674804688,27239900
2025-04-21,147.80886948385046,148.09464572367565,143.71920924567843,145.7098388671875,15170500
2025-04-22,145.84782733580928,150.38094149749315,145.29597309774,149.19837951660156,12668600
2025-04-23,157.05249514177993,158.0478177160972,153.7315052566969,155.5151824951172,17667900
2025-04-24,155.4855995387044,162.15715601815154,155.10127142748394,161.7925262451172,18761100
2025-04-25,161.54615836796253,163.49737646506995,158.81644993220866,162.69915771484375,14654800
2025-04-28,162.60061929768105,162.91597317100084,158.16605695319885,161.0238800048828,11415600
2025-04-29,161.9896284824502,163.58606600150046,161.1224204291887,162.08816528320312,9830100
2025-04-30,161.16181952822436,164.49267289309688,159.3978560527475,164.26602172851562,10073000
2025-05-01,170.28718196721312,172.23838501579615,168.46407826104326,170.20834350585938,22670600
2025-05-02,177.18540088745686,178.02303139923274,174.56407826658196,176.67295837402344,21691200
2025-05-05,176.3970364731782,177.4613332462712,173.68702613629975,173.8348388671875,14618900
2025-05-06,170.09010362034877,172.198983719197,168.10932287166196,169.77474975585938,14565600
2025-05-07,171.56828783080934,173.42093912102015,168.87797597404165,172.0018768310547,9682500
2025-05-08,172.79024724939654,174.86956477405556,171.1346845946214,172.6719970703125,10343000
2025-05-09,177.18538079681753,177.83578679355426,173.90380330808037,173.9530792236328,11582800
2025-05-12,184.55661153839023,186.4191269454637,181.92543993391493,184.26097106933594,22064900
2025-05-13,184.99022466055303,191.45482840147343,184.99022466055303,191.16905212402344,19996000
2025-05-14,192.4402683815313,193.36660145831485,190.4200761451052,191.92782592773438,12359000
2025-05-15,190.29198255666944,191.66176883967435,188.84335781401475,191.39569091796875,10241800
2025-05-16,191.7011805510499,192.24318556308035,189.7696909187761,191.39569091796875,9146700
2025-05-19,186.25158052666242,190.68614196777344,186.06434108213418,190.68614196777344,10144400
2025-05-20,189.01088657449586,190.91281369090606,188.03527753904623,190.6368865966797,7054100
2025-05-21,190.29199152973158,192.4304340990348,187.7593566435917,188.97146606445312,7375700
2025-05-22,188.55757298996878,193.96774405354802,188.55757298996878,193.33705139160156,11825000
2025-05-23,189.22768968851528,189.99634588933893,187.266622437394,189.18826293945312,9403100
2025-05-27,191.27744694252618,195.42621763729747,190.88325463150926,194.8053741455078,12228200
2025-05-28,193.2384895868867,195.18970759652035,192.63735949971846,193.2877655029297,17787600
2025-05-29,196.5595021621241,196.89455434633763,193.22864858392163,194.2830810546875,14609900
2025-05-30,192.9231586783342,193.06112222675617,187.78891476946802,190.5087890625,11998300
2025-06-02,190.23285547810895,192.32203720983154,189.4050741503753,192.00668334960938,7447400
2025-06-03,191.52381595314938,195.28825863030664,190.8241339828809,194.7364044189453,9548300
2025-06-04,198.45156957504062,201.06302769089294,197.46611141254567,199.45672607421875,13531100
2025-06-05,201.90068598685608,202.76787899992377,199.33848858662626,200.38307189941406,12214300
2025-06-06,200.61958023853305,203.29016351428606,200.27466385707774,202.19630432128906,8532000
2025-06-09,203.39857195455645,206.22684728997706,202.87628029741273,203.98985290527344,11472300
2025-06-10,208.5328226054736,210.1292601718448,206.90682249431035,209.37046813964844,14514000
2025-06-11,211.87352445518428,214.26818079294267,209.8533320285805,210.9866180419922,13326400
2025-06-12,210.59096277283007,213.51859131429157,209.59201613832428,213.07350158691406,9796100
2025-06-13,207.811717213781,210.9272549746671,207.10947689198082,208.7908935546875,10152500
2025-06-16,210.67010784160857,215.21979695850854,210.4030570003079,213.32078552246094,10932900
2025-06-17,211.55038703378042,213.57796635145462,211.16465360978444,211.56027221679688,8389700
2025-06-18,212.35149783897486,212.8163579443363,210.56129896559096,211.1646270751953,6932000
2025-06-20,212.84603953216853,213.14276101134945,205.87315268488268,207.21827697753906,16992000
2025-06-23,204.3698000357398,208.28647545892696,203.94449570662383,208.01943969726562,7535500
2025-06-24,212.0449082519412,217.95949218310867,211.5404922870226,217.68255615234375,14814700
2025-06-25,218.38479179951528,221.05525494829968,218.38479179951528,220.30357360839844,9168400
2025-06-26,222.5190680554059,222.75644826556345,220.26400888049588,221.55967712402344,7982200
2025-06-27,221.84651185534918,226.37641563014375,221.57946100730405,226.06980895996094,13133000
2025-06-30,224.95216344629193,225.6543887018925,222.3410415335963,224.01255798339844,9279800
2025-07-01,224.94225500455963,226.09947026769942,218.76062048380976,222.2223358154297,9990200
2025-07-02,222.02451826759608,231.26236402149354,221.5497729797945,231.04476928710938,12012500
2025-07-03,231.3118086321642,234.98123344483452,230.71838078612137,232.2316436767578,7779600
2025-07-07,229.09632120907986,230.00625598256093,224.95215108885353,226.66322326660156,13817500
2025-07-08,227.26656536489236,227.81055224441735,225.05106202459137,225.36756896972656,8854400
2025-07-09,227.92922122251156,230.71838191577604,227.72152675753793,229.30401611328125,9475300
2025-07-10,230.23373509678026,230.50078592789444,225.27854240766604,227.24676513671875,13124700
2025-07-11,228.47321897011915,229.72933136940466,226.89071444699337,227.87977600097656,8817800
2025-07-14,226.82148541214806,227.33580164011,223.83451532728643,226.168701171875,10673500
2025-07-15,231.89537025715035,235.1098201921258,231.29204212721817,234.35812377929688,14270100
2025-07-16,233.81414129393565,235.703252451527,231.58875283583902,234.96145629882812,15092800
2025-07-17,243.10143746413144,245.5642062147579,238.74957257830778,242.9135284423828,27395700
2025-07-18,242.62668147586376,243.2794657076245,236.07909897757617,237.7703857421875,16252000
2025-07-21,237.49344773010733,239.68916551534434,236.09888245452257,236.2373504638672,11971800
2025-07-22,235.22849308301156,235.39663172321676,229.22488266848907,232.03382873535156,11919500
2025-07-23,235.91097282581484,237.86931053295794,233.79438164345882,237.701171875,9885400
2025-07-24,237.58248044627922,239.3034378763647,235.42631842966208,238.957275390625,9081900
2025-07-25,238.68034611595448,243.54652724562774,238.3044978886934,242.9135284423828,11593400
2025-07-28,240.34194616284356,241.2815515759682,238.41327924287592,240.0946807861328,11892200
2025-07-29,238.8583547101592,241.30133784767156,237.1967386171479,238.69021606445312,9411500
2025-07-30,239.47159307880364,241.8948061058662,238.58144366322978,240.25296020507812,6823800
2025-07-31,243.28935981329397,244.70372570065214,237.17696657865446,238.97705078125,13490700
2025-08-01,233.042664998658,234.59549879241723,229.3040137488738,232.6371612548828,13549800
2025-08-04,235.3076381969098,236.38571166992188,233.80426040742444,236.38571166992188,6450700
2025-08-05,235.72304055746707,236.01976204025797,227.6522947033383,229.92713928222656,11868900
2025-08-06,228.50289504897336,229.66009528365544,226.3170774140901,228.83917236328125,9457200
2025-08-07,241.79586477231484,245.12899717944072,238.16601089845722,239.96609497070312,17691000
2025-08-08,240.50020707383274,240.50020707383274,236.35603681712252,239.18475341796875,10552500
2025-08-11,239.39243843795268,242.6662446749137,238.89790768874101,239.44189453125,8272900
2025-08-12,241.05407115917808,242.09258875760275,239.05616269373908,241.61782836914062,7295800
2025-08-13,243.73441846195115,243.73441846195115,237.31541897887973,238.79901123046875,7971900
2025-08-14,235.36697531476835,238.73967878010387,234.22956058325795,238.36383056640625,11040500
2025-08-15,237.70116504327265,238.16602518092384,234.66473882890776,236.26702880859375,8155500
2025-08-18,237.36489774866786,240.20349969848863,237.36489774866786,238.7693634033203,6919800
2025-08-19,237.394555025528,237.54290821975607,230.03593475418785,230.1546173095703,14594700
2025-08-20,225.6444971011653,226.52476126016785,221.2530614883864,226.09947204589844,17165200
2025-08-21,225.65439116993508,227.81055324042055,223.78506540621768,224.84336853027344,7449100
2025-08-22,225.50601461121195,231.88545805881097,223.69603031449108,230.44143676757812,10299500
2025-08-25,231.73710258931123,234.68450150793558,229.70952358237176,233.0129852294922,7655000
2025-08-26,233.78446406541104,236.21756201810857,233.15146530329247,236.1087646484375,9793100
2025-08-27,234.27900399332705,236.7813285018608,232.8646532241043,236.6725311279297,9516400
2025-08-28,233.7152287241487,238.02753734338535,233.41850726433492,235.66368103027344,8466200
2025-08-29,233.2602721161098,233.36906949018532,228.05781380095644,228.34463500976562,15526000
2025-09-02,223.6762509693863,226.83135955189434,223.161949858343,225.89175415039062,13974900
2025-09-03,228.98753058273127,229.90735056526964,226.09947271440987,228.85894775390625,7198500
2025-09-04,228.81938327434523,232.73605834941404,227.7808656845428,232.6371612548828,6241900
2025-09-05,237.61214384880353,241.87499656468773,235.29772843336622,240.74746704101562,14056600
2025-09-08,239.34299772238555,245.16856935138122,238.97703470505294,244.48611450195312,12986600
2025-09-09,244.2289474339731,251.9436301044328,244.2289474339731,248.17530822753906,13443400
2025-09-10,256.0383526818429,261.68588554992897,254.9306086009324,257.5911865234375,18822400
2025-09-11,257.5021623226766,258.7780600831707,255.40535681473955,256.0779113769531,10005000
2025-09-12,257.99667881681944,258.0955909960977,255.55369588906746,256.4932861328125,8496600
2025-09-15,257.15599481605153,259.92535499441186,255.91966791789744,258.5209045410156,8147700
2025-09-16,263.84097609726933,264.35689969082887,258.5724633115559,260.0111389160156,10381900
2025-09-17,262.2733433698033,262.7396700447274,257.6993996314724,260.7354736328125,10422000
2025-09-18,255.98287566814,268.42484252175296,255.96304293480085,266.5397033691406,16917300
2025-09-19,264.2874363784624,264.4858848314026,260.75527192480314,262.7991638183594,17640200
2025-09-22,264.45615148973303,274.19935397621805,263.37467693651274,270.49853515625,15630300
2025-09-23,280.19215138731926,283.7640121414001,277.8109209775945,280.4997253417969,17830300
2025-09-24,278.1184836694121,279.0114412520244,274.55655456745717,278.5153503417969,10231000
2025-09-25,270.9847074969126,274.97329799297,268.077621884693,274.4970397949219,11863400
2025-09-26,271.7486942723661,273.3460924748757,268.5042403297755,271.2228088378906,10451900
2025-09-29,274.32836448215124,277.68194415661844,271.0938720703125,271.0938720703125,8046200
2025-09-30,273.1675126962315,277.304894031587,271.68914115820706,277.1064758300781,8348800
2025-10-01,276.263079250509,288.2089555817036,275.00301937242045,286.21466064453125,14620100
2025-10-02,294.201735453789,294.40018392472103,284.7859398924857,285.85748291015625,10198000
2025-10-03,290.57035399568434,293.7453479391941,288.2188879210599,289.9056091308594,10572500
2025-10-06,297.6644678735823,304.8974513064171,297.59500788147363,300.0357666015625,15785000
2025-10-07,304.22276587496935,304.6990240193715,290.9870648531753,291.731201171875,13081000
2025-10-08,292.69363084331917,304.0044973014673,291.68161630829576,302.1391906738281,12821200
2025-10-09,299.9464865226407,300.46241017366395,295.0947331203456,297.5354919433594,10259900
2025-10-10,297.61482409111863,297.8529682966983,278.1382918317124,278.4657287597656,23398000
2025-10-13,295.9083028677765,302.24835937204824,290.0346033193896,300.52197265625,20318300
2025-10-14,293.31873829090944,299.39088664009864,289.06226948574704,293.6263122558594,16567900
2025-10-15,303.89536190204666,304.2128370554683,297.72399009995434,302.32769775390625,20788000
2025-10-16,308.4990811506636,308.9356435668838,294.3704219464038,297.49578857421875,26341500
2025-10-17,296.0670304388142,300.92871499569696,292.614257300604,292.7729797363281,17633300
2025-10-20,297.654564812383,301.2760226284694,294.7375476549026,295.37255859375,13391600
2025-10-21,296.66237587176795,297.029478314998,291.3641283776369,292.2074890136719,11190500
2025-10-22,290.7092747532754,292.8920868800823,282.1765050016482,286.6214904785156,15409100
2025-10-23,287.5342487259885,291.7907167589458,287.36559479076834,288.4570007324219,10379900
2025-10-24,293.2591772976509,295.6205747892861,292.0884100589532,292.6539306640625,8747000
2025-10-27,296.3151101013185,298.13081988382834,291.3938964929148,295.9182434082031,13615000
2025-10-28,295.9876818048232,299.7678920400173,293.7651739833993,299.1725769042969,11804200
2025-10-29,303.4091830331609,305.5522993596172,300.0159382255111,302.7047424316406,16177300
2025-10-30,300.71041474560946,304.90735421516405,298.468104705007,300.8493347167969,14507100
2025-10-31,303.59770525177265,305.2744949490037,294.3604949347826,298.0811767578125,12667900
2025-11-03,300.22429017475446,307.69541799091246,299.75796351301875,302.4765319824219,12466600
2025-11-04,294.5589597765923,299.6289946218963,291.21531170382036,291.7510681152344,16224300
2025-11-05,290.3322240172327,295.8884479721017,289.22098528205584,291.3442687988281,10502500
2025-11-06,291.8006567120239,292.3364433314327,285.1331941869922,286.9786376953125,11516900
2025-11-07,282.9801478677512,285.6392179644077,274.96333266669853,284.26007080078125,15715700
2025-11-10,292.0586282373932,294.8069912783868,289.4690482012798,292.9615173339844,10869200
2025-11-11,289.7766112533748,292.6142669187118,286.6512446697196,288.8935852050781,9666300
2025-11-12,291.40380677329665,292.5646425230715,287.3159923229249,288.3478698730469,9715900
2025-11-13,286.90925294088515,287.2366596446681,277.81093160796917,279.9937438964844,13827600
2025-11-14,273.75285805235495,284.6172295623482,271.0938183480427,282.59320068359375,11486800
2025-11-17,279.23962493544076,284.2898262429512,277.612432385179,279.80517578125,10227100
2025-11-18,275.3800729425222,277.9994476801581,270.5878477107414,275.7372741699219,11850400
2025-11-19,274.755011120154,282.32533319842275,274.15969595458324,280.1623840332031,11179200
2025-11-20,289.92542986207985,290.56044073608274,274.24896982769974,275.3304443359375,15747300
2025-11-21,270.6771366651004,276.5111709728595,264.7339768842925,272.9095458984375,20872800
2025-11-24,271.05414860241115,282.8313417341185,271.05414860241115,282.4146423339844,13570300
2025-11-25,280.51954848214416,283.16865671723804,270.94497066484485,282.45428466796875,13726800
2025-11-26,286.8397618751708,290.52074784219457,285.4804776659429,287.6930236816406,12220300
2025-11-28,290.1933134527253,290.38183039735287,286.7405102489479,289.23089599609375,5515400
2025-12-01,284.6768096049723,288.88365066237424,280.97596066559765,285.43084716796875,7713000
2025-12-02,289.7170732420839,292.19752763627986,286.9191134184747,289.8063659667969,10746400
2025-12-03,289.89568272362914,294.30097251523483,283.8334662155739,293.14013671875,9599200
2025-12-04,291.6816406868762,291.73123766940074,287.93119438258316,290.63983154296875,6753000
2025-12-05,293.7354210413758,298.4482847720855,290.95732400644687,292.41583251953125,10275300
2025-12-08,298.8451733562611,300.25405457057155,294.40018794594533,299.5099182128906,16643100
2025-12-09,297.64462753617414,302.2979628982157,296.16628624886454,301.03790283203125,11349100
2025-12-10,302.98257458725914,311.52527628350236,300.13501744817404,307.7153015136719,12429200
2025-12-11,303.7507581691417,304.26807460223984,298.0999588756921,303.2831726074219,15028400
2025-12-12,302.7161132388162,302.7161132388162,289.48448241535397,290.5390319824219,19306100
2025-12-15,293.63302726110277,294.2796804187271,286.0720825024157,286.2611083984375,12082400
2025-12-16,285.7835789370498,286.9773930782894,281.86382693382285,285.39556884765625,11418400
2025-12-17,287.04703993240423,287.614117587584,273.6661568096194,275.5364990234375,16823000
2025-12-18,283.5351899801831,285.6840919054254,280.30189395409326,283.2168273925781,11260300
2025-12-19,284.90810644792566,290.66835626538773,284.90810644792566,287.46490478515625,12735800
2025-12-22,293.1554838489765,293.493732691408,289.71324551694175,291.7726135253906,6091100
2025-12-23,291.8920250943214,296.3788550570647,290.6982108724501,295.4237976074219,6802300
2025-12-24,296.2097021978008,297.62241721204856,294.70748375869647,297.2642517089844,2753900
2025-12-26,298.35858618714826,301.82071082512005,296.98567416931934,301.2834777832031,5125900
2025-12-29,300.22894787531203,302.9349691756451,297.11503019815467,299.3733825683594,6205100
2025-12-30,300.8059324655372,302.98467885528527,297.91091583768343,298.04022216796875,6190600
2025-12-31,302.43754506486727,305.8101362096284,301.8704673812959,302.328125,8175100
2026-01-02,310.3765265882512,319.93711947544307,310.0979669193405,317.96728515625,18526900
2026-01-05,328.7018245469152,329.5474618418999,319.8475742857987,320.5937194824219,17446300
2026-01-06,328.52276956882855,331.3680554544452,322.9217012206051,325.7471008300781,15599600
2026-01-07,323.0013177821987,324.6229146225213,316.90281908114616,317.0420837402344,11744800
2026-01-08,322.7227320712232,322.83215212591426,314.51513498327625,316.3755187988281,10850800
2026-01-09,318.186156924328,323.1007692434349,316.6142910064096,321.9666442871094,12325100
2026-01-12,320.44453640525086,331.8356696086022,319.4098731027985,330.0648193359375,12714800
2026-01-13,331.1591315955093,334.69090375314994,329.07987728467845,329.5076599121094,11473600
2026-01-14,328.16460730778095,328.16460730778095,323.1505332047328,325.4287414550781,11210800
2026-01-15,341.0480638104695,349.5242628055195,336.18321263410184,339.88409423828125,42188500
2026-01-16,344.7290589359912,348.0518887589723,339.7049961073824,340.6401672363281,18246100
2026-01-20,339.03843525904966,340.39143063452354,325.2198117253413,325.4784851074219,22809900
2026-01-21,331.7162742776711,331.92521680778634,324.0061066799057,324.44384765625,16789800
2026-01-22,331.70633142130043,333.327928191825,325.2198228962958,325.6874084472656,12801000
2026-01-23,330.3632680425013,335.4171450220839,329.6668536862397,333.14886474609375,12904400
2026-01-26,331.07957531024965,333.3777002269528,328.53273531285805,330.9999694824219,8646400
2026-01-27,334.7705043193549,339.4960909330754,332.8404728314193,336.6010437011719,11298100
2026-01-28,341.2669389047847,343.72424514237343,336.91940410614177,340.5406799316406,12140100
2026-01-29,338.05352465035566,341.97327674069385,326.5131692249356,337.8048095703125,13844800
2026-01-30,333.6960598625758,338.1530146381896,327.4085353918609,328.86102294921875,12028100
2026-02-02,329.0600043192495,342.4309292522656,327.40853256904984,339.6054992675781,12459100
2026-02-03,343.2964585126223,345.2662625188203,328.32379245385806,334.02435302734375,12540000
2026-02-04,333.8751345918697,337.05866944832655,317.4300944641324,324.0657958984375,18176000
2026-02-05,321.16080290831286,332.85041119948266,318.00708246167767,329.0301513671875,14812000
2026-02-06,335.7653663679586,347.92256099576986,334.9197290027381,347.0570373535156,17025500
2026-02-09,346.96749787603636,357.7517801934697,346.01241010097175,353.58331298828125,14594900
2026-02-10,362.4574411737488,362.88525417859324,354.5582782923775,360.0498962402344,14622100
2026-02-11,368.1778977228668,377.6290708618505,366.49661169632776,372.16729736328125,18651300
2026-02-12,377.0520396411809,378.0468999040864,320.4444967540037,366.20806884765625,16835400
2026-02-13,367.2526891184118,369.20260688741604,358.9157545960688,364.4770202636719,10468200
2026-02-17,360.0101138750984,364.317876239013,354.4090451865427,362.3281555175781,10063800
2026-02-18,361.9898539972341,367.49146059968047,358.8560501260037,360.3981018066406,7310500
2026-02-19,357.87114996380035,360.9353063430657,355.6028696838767,358.5377197265625,6346500
2026-02-20,357.93085210246517,370.2870308906031,357.2543543574776,368.63555908203125,9009200
2026-02-23,365.12369699323017,371.5106832672191,364.5765055989434,368.13812255859375,9550200
2026-02-24,377.4499954626336,387.1797280779624,374.11720735268767,383.7673645019531,13269500
2026-02-25,388.2044166508074,388.2044166508074,382.8520635515886,385.7371826171875,10948400
2026-02-26,384.1951580425536,384.4836760415777,367.7998791031673,374.8733215332031,14535700
2026-02-27,368.2376028761936,374.74396732300823,366.7253958022188,372.6547546386719,9186600
2026-03-02,363.482134090646,371.1823732345651,362.77579179913977,367.2128601074219,12571600
2026-03-03,347.75341597792504,354.1503909697605,342.37124831361416,351.3150329589844,18580200
2026-03-04,355.5929164372393,359.2341088470799,352.7277138615793,355.6028747558594,12131100
2026-03-05,353.0759230038478,357.6224419722406,342.0329673325376,352.041259765625,16249800
2026-03-06,341.7345153172319,346.927687332115,334.95951905814144,337.1482238769531,13803000
2026-03-09,333.8751301072361,347.6041904053892,330.21405140915897,346.9078063964844,19182800
2026-03-10,346.67897287429116,351.68311901099446,342.5403503481588,345.3060607910156,12985600
2026-03-11,352.11090404219846,355.51333967861297,348.55924543066214,352.7376708984375,10683300
2026-03-12,344.15201374736165,345.10710148802195,334.6511100969132,334.9794006347656,17549400
2026-03-13,342.1523487531383,342.74924061144304,334.49191272382546,336.5711669921875,17299900
2026-03-16,339.4961004047393,342.85873330456,338.0734573658087,338.4813537597656,11123500
2026-03-17,339.80422636727593,345.9498377627922,337.6093542809213,345.1716613769531,11434600
2026-03-18,344.97212438439857,347.1370678303785,338.5471682530561,338.7766418457031,12632600
2026-03-19,328.45082575092425,339.10586615055837,324.43024248767375,337.99847412109375,15411600
2026-03-20,335.8933840112334,336.8112479482066,325.13857128583965,328.47076416015625,17424200
2026-03-23,330.3264373947262,342.6076743711966,330.3264373947262,337.6592712402344,15857200
2026-03-24,334.785979471341,344.0742250937163,333.23958263321845,342.4480285644531,9725000
2026-03-25,345.1916191490497,349.6312345218189,342.69746005115195,346.9375305175781,12166900
2026-03-26,339.0260424773275,340.1134921176816,324.60979167775395,325.3480529785156,14560200
2026-03-27,324.07105189915274,328.790011660255,321.55695060249406,325.9765930175781,14484500
2026-03-30,326.4355412347163,328.82992777912506,313.0668246730703,315.7605285644531,15740000
2026-03-31,321.5569573535184,337.61934764620054,320.38970797374367,337.1604309082031,18488000
2026-04-01,343.0965116413069,347.8653425105511,338.9562137218917,340.692138671875,15011600
2026-04-02,326.07638551144646,341.27081394543603,326.03647044026826,338.2478942871094,8994600
2026-04-06,338.9562037807292,343.39581892266654,337.82883905569076,340.9615173339844,5884800
2026-04-07,338.64694705989115,344.7227149499429,334.8657933542661,344.5132141113281,6823500
2026-04-08,369.4248627966387,373.4254731273044,358.40066175401483,365.04510498046875,16356900
2026-04-09,362.4511920505476,367.30983960338875,359.87723322860296,364.6360778808594,9246000
2026-04-10,374.71246240799366,377.1168353024966,368.8861107224818,369.734130859375,13168200
2026-04-13,369.3949332866031,370.5921113356213,365.1947476205656,368.70654296875,9596300
2026-04-14,378.15442125299387,381.26712682827457,372.34801176649427,379.00244140625,12859500
2026-04-15,380.51888786713016,381.08756344198474,371.34037031444194,374.2236328125,14955500
2026-04-16,367.9981737410995,369.33506973188184,359.70759182167325,362.5010681152344,26405800
2026-04-17,372.32807283213566,374.7024866580013,364.286906540967,369.6343688964844,18419400
2026-04-20,368.3573563560101,369.20537650698327,363.39896703611515,365.3843078613281,11638300
2026-04-21,367.2200012207031,369.8837764053379,364.2569391372449,367.2200012207031,9808200
2026-04-22,370.91137431172075,387.0036931518485,369.7740536326661,386.5347900390625,16317200
2026-04-23,383.35224217986075,387.8517148042079,374.93195887493795,381.7659606933594,12224900
2026-04-24,395.2144730265238,408.5332577264124,392.92981485809634,401.5196838378906,21603600
2026-04-27,412.7833122399991,413.5315599359024,399.4644971636646,404.0338134765625,16561200
2026-04-28,391.2038526301569,396.94041842795855,383.80120564186564,391.42333984375,14715800
2026-04-29,391.9920175913842,394.92515107739615,387.27305769604214,392.90985107421875,10313000
2026-04-30,396.8805548572255,397.8582761473064,384.80881919042196,395.1346435546875,12788100
2026-05-01,392.52077768207715,403.0461167104827,391.21384077360295,396.74090576171875,9926400
2026-05-04,403.5748660890813,406.74745945720974,394.27666453205956,400.6716613769531,9978500
2026-05-05,403.6547204596296,405.18114463225464,391.6827566127574,393.488525390625,14579000
2026-05-06,401.4598431080775,418.719442367678,399.71393173607123,418.5198974609375,17736400
2026-05-07,417.1131700589296,419.01871118477544,407.1564763896412,413.182373046875,13403200
2026-05-08,415.97584625622636,416.025717257243,399.9433850490627,410.7181396484375,18531200
2026-05-11,405.7896903250927,406.7773980105824,397.25967856796774,403.5948486328125,14680000
2026-05-12,396.8207097656788,401.30020973210407,385.2178768500887,396.351806640625,18121800
2026-05-13,397.33948163077406,403.73450913124304,390.5553811479706,398.86590576171875,13127800
2026-05-14,402.2679401856103,420.9841194624343,401.16054818027357,416.7440490722656,18577100
2026-05-15,405.55027471857755,408.91239635591,397.8981811079678,403.4053039550781,11868600
2026-05-18,405.9293892063572,405.9293892063572,390.1363566382977,395.0249328613281,12117200
2026-05-19,388.59995521209726,397.9480581917038,384.16034005204995,391.69268798828125,14083000
2026-05-20,396.0724699406183,402.93640073945727,395.02493528427414,400.6816711425781,10254300
2026-05-21,398.57659636269995,410.4986581682928,398.57659636269995,406.19873046875,8937900
2026-05-22,408.47342232875764,409.7105459625166,401.9187648184228,403.57489013671875,7111900
2026-05-26,412.1547776294236,415.5168990579511,409.11191585695747,411.3566589355469,10132000
2026-05-27,426.0222949648963,429.5440462174616,414.4095066168901,421.7423400878906,14695600
2026-05-28,421.23352403082976,426.6009590399201,413.7410606943367,423.8673400878906,8905800
2026-05-29,426.07220654761306,429.4343280523075,416.275142560005,417.47235107421875,11232300
2026-06-01,423.88732908446804,448.34007446195545,421.5128847675093,434.6122131347656,18040400
2026-06-02,439.550621789287,447.3324162485465,434.99132221113416,445.6463623046875,10147900
2026-06-03,448.9386530451177,449.1082692608182,433.51478164674097,435.66973876953125,10245200
2026-06-04,429.6239016262129,446.96330070052613,426.3016646283289,443.8805236816406,10974100
2026-06-05,428.7658764802955,432.88623203958207,411.8255679561694,414.20001220703125,19644200
2026-06-08,422.7799063408481,432.79645773034827,421.5428131800681,425.8028259277344,11245400
2026-06-09,429.8733028229284,437.13629271417284,404.56258181002585,426.92022705078125,21199500
2026-06-10,412.9928324745404,425.3239709144749,406.74747878276156,407.7950134277344,13139700
2026-06-11,413.260009765625,422.25,408.8599853515625,421.07000732421875,13826500
2026-06-12,420.04998779296875,426.94000244140625,417.2099914550781,423.92999267578125,10362500
2026-06-15,438.67999267578125,442.5799865722656,431.92999267578125,441.3999938964844,11184900
2026-06-16,436.0199890136719,440.3299865722656,425.20001220703125,425.8299865722656,10943500
2026-06-17,434.75,442.5,431.6400146484375,432.1499938964844,10934100
2026-06-18,438.8800048828125,465.2200012207031,438.3900146484375,462.1199951171875,25817100
